DIA,HORA,MES_REFERENCIA,PERIODO_COMERCIALIZACAO,PLD_HORA,SUBMERCADO,_dataset,_id,_resource_id
10,0,202602,217,456.5,NORDESTE,pld_horario,1,3f279d6b-1069-42f7-9b0a-217b084729c4
10,0,202602,217,456.49,NORTE,pld_horario,2,3f279d6b-1069-42f7-9b0a-217b084729c4
10,0,202602,217,456.5,SUDESTE,pld_horario,3,3f279d6b-1069-42f7-9b0a-217b084729c4
10,0,202602,217,456.51,SUL,pld_horario,4,3f279d6b-1069-42f7-9b0a-217b084729c4
10,1,202602,218,446.24,NORDESTE,pld_horario,5,3f279d6b-1069-42f7-9b0a-217b084729c4
10,1,202602,218,446.23,NORTE,pld_horario,6,3f279d6b-1069-42f7-9b0a-217b084729c4
10,1,202602,218,446.23,SUDESTE,pld_horario,7,3f279d6b-1069-42f7-9b0a-217b084729c4
10,1,202602,218,446.24,SUL,pld_horario,8,3f279d6b-1069-42f7-9b0a-217b084729c4
10,2,202602,219,440.26,NORDESTE,pld_horario,9,3f279d6b-1069-42f7-9b0a-217b084729c4
10,2,202602,219,440.25,NORTE,pld_horario,10,3f279d6b-1069-42f7-9b0a-217b084729c4
10,2,202602,219,440.25,SUDESTE,pld_horario,11,3f279d6b-1069-42f7-9b0a-217b084729c4
10,2,202602,219,440.26,SUL,pld_horario,12,3f279d6b-1069-42f7-9b0a-217b084729c4
10,3,202602,220,438.92,NORDESTE,pld_horario,13,3f279d6b-1069-42f7-9b0a-217b084729c4
10,3,202602,220,438.92,NORTE,pld_horario,14,3f279d6b-1069-42f7-9b0a-217b084729c4
10,3,202602,220,438.92,SUDESTE,pld_horario,15,3f279d6b-1069-42f7-9b0a-217b084729c4
10,3,202602,220,438.92,SUL,pld_horario,16,3f279d6b-1069-42f7-9b0a-217b084729c4
10,4,202602,221,438.97,NORDESTE,pld_horario,17,3f279d6b-1069-42f7-9b0a-217b084729c4
10,4,202602,221,438.96,NORTE,pld_horario,18,3f279d6b-1069-42f7-9b0a-217b084729c4
10,4,202602,221,438.97,SUDESTE,pld_horario,19,3f279d6b-1069-42f7-9b0a-217b084729c4
10,4,202602,221,438.98,SUL,pld_horario,20,3f279d6b-1069-42f7-9b0a-217b084729c4
10,5,202602,222,441.97,NORDESTE,pld_horario,21,3f279d6b-1069-42f7-9b0a-217b084729c4
10,5,202602,222,441.98,NORTE,pld_horario,22,3f279d6b-1069-42f7-9b0a-217b084729c4
10,5,202602,222,441.98,SUDESTE,pld_horario,23,3f279d6b-1069-42f7-9b0a-217b084729c4
10,5,202602,222,441.98,SUL,pld_horario,24,3f279d6b-1069-42f7-9b0a-217b084729c4
10,6,202602,223,439.95,NORDESTE,pld_horario,25,3f279d6b-1069-42f7-9b0a-217b084729c4
10,6,202602,223,439.96,NORTE,pld_horario,26,3f279d6b-1069-42f7-9b0a-217b084729c4
10,6,202602,223,439.96,SUDESTE,pld_horario,27,3f279d6b-1069-42f7-9b0a-217b084729c4
10,6,202602,223,439.96,SUL,pld_horario,28,3f279d6b-1069-42f7-9b0a-217b084729c4
10,7,202602,224,434.56,NORDESTE,pld_horario,29,3f279d6b-1069-42f7-9b0a-217b084729c4
10,7,202602,224,434.56,NORTE,pld_horario,30,3f279d6b-1069-42f7-9b0a-217b084729c4
10,7,202602,224,434.56,SUDESTE,pld_horario,31,3f279d6b-1069-42f7-9b0a-217b084729c4
10,7,202602,224,434.57,SUL,pld_horario,32,3f279d6b-1069-42f7-9b0a-217b084729c4
10,8,202602,225,431.0,NORDESTE,pld_horario,33,3f279d6b-1069-42f7-9b0a-217b084729c4
10,8,202602,225,431.0,NORTE,pld_horario,34,3f279d6b-1069-42f7-9b0a-217b084729c4
10,8,202602,225,431.01,SUDESTE,pld_horario,35,3f279d6b-1069-42f7-9b0a-217b084729c4
10,8,202602,225,434.8,SUL,pld_horario,36,3f279d6b-1069-42f7-9b0a-217b084729c4
10,9,202602,226,425.85,NORDESTE,pld_horario,37,3f279d6b-1069-42f7-9b0a-217b084729c4
10,9,202602,226,425.86,NORTE,pld_horario,38,3f279d6b-1069-42f7-9b0a-217b084729c4
10,9,202602,226,425.86,SUDESTE,pld_horario,39,3f279d6b-1069-42f7-9b0a-217b084729c4
10,9,202602,226,433.99,SUL,pld_horario,40,3f279d6b-1069-42f7-9b0a-217b084729c4
10,10,202602,227,428.6,NORDESTE,pld_horario,41,3f279d6b-1069-42f7-9b0a-217b084729c4
10,10,202602,227,428.6,NORTE,pld_horario,42,3f279d6b-1069-42f7-9b0a-217b084729c4
10,10,202602,227,428.6,SUDESTE,pld_horario,43,3f279d6b-1069-42f7-9b0a-217b084729c4
10,10,202602,227,433.34,SUL,pld_horario,44,3f279d6b-1069-42f7-9b0a-217b084729c4
10,11,202602,228,427.34,NORDESTE,pld_horario,45,3f279d6b-1069-42f7-9b0a-217b084729c4
10,11,202602,228,427.34,NORTE,pld_horario,46,3f279d6b-1069-42f7-9b0a-217b084729c4
10,11,202602,228,427.34,SUDESTE,pld_horario,47,3f279d6b-1069-42f7-9b0a-217b084729c4
10,11,202602,228,432.99,SUL,pld_horario,48,3f279d6b-1069-42f7-9b0a-217b084729c4
10,12,202602,229,405.62,NORDESTE,pld_horario,49,3f279d6b-1069-42f7-9b0a-217b084729c4
10,12,202602,229,405.62,NORTE,pld_horario,50,3f279d6b-1069-42f7-9b0a-217b084729c4
10,12,202602,229,405.62,SUDESTE,pld_horario,51,3f279d6b-1069-42f7-9b0a-217b084729c4
10,12,202602,229,429.86,SUL,pld_horario,52,3f279d6b-1069-42f7-9b0a-217b084729c4
10,13,202602,230,426.54,NORDESTE,pld_horario,53,3f279d6b-1069-42f7-9b0a-217b084729c4
10,13,202602,230,426.55,NORTE,pld_horario,54,3f279d6b-1069-42f7-9b0a-217b084729c4
10,13,202602,230,426.55,SUDESTE,pld_horario,55,3f279d6b-1069-42f7-9b0a-217b084729c4
10,13,202602,230,431.02,SUL,pld_horario,56,3f279d6b-1069-42f7-9b0a-217b084729c4
10,14,202602,231,411.45,NORDESTE,pld_horario,57,3f279d6b-1069-42f7-9b0a-217b084729c4
10,14,202602,231,411.45,NORTE,pld_horario,58,3f279d6b-1069-42f7-9b0a-217b084729c4
10,14,202602,231,411.45,SUDESTE,pld_horario,59,3f279d6b-1069-42f7-9b0a-217b084729c4
10,14,202602,231,454.29,SUL,pld_horario,60,3f279d6b-1069-42f7-9b0a-217b084729c4
10,15,202602,232,436.25,NORDESTE,pld_horario,61,3f279d6b-1069-42f7-9b0a-217b084729c4
10,15,202602,232,436.25,NORTE,pld_horario,62,3f279d6b-1069-42f7-9b0a-217b084729c4
10,15,202602,232,436.25,SUDESTE,pld_horario,63,3f279d6b-1069-42f7-9b0a-217b084729c4
10,15,202602,232,455.25,SUL,pld_horario,64,3f279d6b-1069-42f7-9b0a-217b084729c4
10,16,202602,233,451.89,NORDESTE,pld_horario,65,3f279d6b-1069-42f7-9b0a-217b084729c4
10,16,202602,233,451.9,NORTE,pld_horario,66,3f279d6b-1069-42f7-9b0a-217b084729c4
10,16,202602,233,451.9,SUDESTE,pld_horario,67,3f279d6b-1069-42f7-9b0a-217b084729c4
10,16,202602,233,463.87,SUL,pld_horario,68,3f279d6b-1069-42f7-9b0a-217b084729c4
10,17,202602,234,461.04,NORDESTE,pld_horario,69,3f279d6b-1069-42f7-9b0a-217b084729c4
10,17,202602,234,461.04,NORTE,pld_horario,70,3f279d6b-1069-42f7-9b0a-217b084729c4
10,17,202602,234,461.05,SUDESTE,pld_horario,71,3f279d6b-1069-42f7-9b0a-217b084729c4
10,17,202602,234,461.06,SUL,pld_horario,72,3f279d6b-1069-42f7-9b0a-217b084729c4
10,18,202602,235,466.66,NORDESTE,pld_horario,73,3f279d6b-1069-42f7-9b0a-217b084729c4
10,18,202602,235,466.66,NORTE,pld_horario,74,3f279d6b-1069-42f7-9b0a-217b084729c4
10,18,202602,235,466.67,SUDESTE,pld_horario,75,3f279d6b-1069-42f7-9b0a-217b084729c4
10,18,202602,235,466.67,SUL,pld_horario,76,3f279d6b-1069-42f7-9b0a-217b084729c4
10,19,202602,236,469.12,NORDESTE,pld_horario,77,3f279d6b-1069-42f7-9b0a-217b084729c4
10,19,202602,236,469.11,NORTE,pld_horario,78,3f279d6b-1069-42f7-9b0a-217b084729c4
10,19,202602,236,469.13,SUDESTE,pld_horario,79,3f279d6b-1069-42f7-9b0a-217b084729c4
10,19,202602,236,469.13,SUL,pld_horario,80,3f279d6b-1069-42f7-9b0a-217b084729c4
10,20,202602,237,469.09,NORDESTE,pld_horario,81,3f279d6b-1069-42f7-9b0a-217b084729c4
10,20,202602,237,469.08,NORTE,pld_horario,82,3f279d6b-1069-42f7-9b0a-217b084729c4
10,20,202602,237,469.09,SUDESTE,pld_horario,83,3f279d6b-1069-42f7-9b0a-217b084729c4
10,20,202602,237,469.1,SUL,pld_horario,84,3f279d6b-1069-42f7-9b0a-217b084729c4
10,21,202602,238,468.79,NORDESTE,pld_horario,85,3f279d6b-1069-42f7-9b0a-217b084729c4
10,21,202602,238,468.79,NORTE,pld_horario,86,3f279d6b-1069-42f7-9b0a-217b084729c4
10,21,202602,238,468.8,SUDESTE,pld_horario,87,3f279d6b-1069-42f7-9b0a-217b084729c4
10,21,202602,238,468.8,SUL,pld_horario,88,3f279d6b-1069-42f7-9b0a-217b084729c4
10,22,202602,239,465.21,NORDESTE,pld_horario,89,3f279d6b-1069-42f7-9b0a-217b084729c4
10,22,202602,239,465.2,NORTE,pld_horario,90,3f279d6b-1069-42f7-9b0a-217b084729c4
10,22,202602,239,465.21,SUDESTE,pld_horario,91,3f279d6b-1069-42f7-9b0a-217b084729c4
10,22,202602,239,465.22,SUL,pld_horario,92,3f279d6b-1069-42f7-9b0a-217b084729c4
10,23,202602,240,456.76,NORDESTE,pld_horario,93,3f279d6b-1069-42f7-9b0a-217b084729c4
10,23,202602,240,456.76,NORTE,pld_horario,94,3f279d6b-1069-42f7-9b0a-217b084729c4
10,23,202602,240,456.77,SUDESTE,pld_horario,95,3f279d6b-1069-42f7-9b0a-217b084729c4
10,23,202602,240,456.77,SUL,pld_horario,96,3f279d6b-1069-42f7-9b0a-217b084729c4
9,0,202602,193,460.71,NORDESTE,pld_horario,97,3f279d6b-1069-42f7-9b0a-217b084729c4
9,0,202602,193,460.7,NORTE,pld_horario,98,3f279d6b-1069-42f7-9b0a-217b084729c4
9,0,202602,193,460.71,SUDESTE,pld_horario,99,3f279d6b-1069-42f7-9b0a-217b084729c4
9,0,202602,193,460.7,SUL,pld_horario,100,3f279d6b-1069-42f7-9b0a-217b084729c4
9,1,202602,194,450.86,NORDESTE,pld_horario,101,3f279d6b-1069-42f7-9b0a-217b084729c4
9,1,202602,194,450.85,NORTE,pld_horario,102,3f279d6b-1069-42f7-9b0a-217b084729c4
9,1,202602,194,450.85,SUDESTE,pld_horario,103,3f279d6b-1069-42f7-9b0a-217b084729c4
9,1,202602,194,450.85,SUL,pld_horario,104,3f279d6b-1069-42f7-9b0a-217b084729c4
9,2,202602,195,445.26,NORDESTE,pld_horario,105,3f279d6b-1069-42f7-9b0a-217b084729c4
9,2,202602,195,445.25,NORTE,pld_horario,106,3f279d6b-1069-42f7-9b0a-217b084729c4
9,2,202602,195,445.25,SUDESTE,pld_horario,107,3f279d6b-1069-42f7-9b0a-217b084729c4
9,2,202602,195,445.25,SUL,pld_horario,108,3f279d6b-1069-42f7-9b0a-217b084729c4
9,3,202602,196,443.82,NORDESTE,pld_horario,109,3f279d6b-1069-42f7-9b0a-217b084729c4
9,3,202602,196,443.82,NORTE,pld_horario,110,3f279d6b-1069-42f7-9b0a-217b084729c4
9,3,202602,196,443.82,SUDESTE,pld_horario,111,3f279d6b-1069-42f7-9b0a-217b084729c4
9,3,202602,196,443.82,SUL,pld_horario,112,3f279d6b-1069-42f7-9b0a-217b084729c4
9,4,202602,197,443.54,NORDESTE,pld_horario,113,3f279d6b-1069-42f7-9b0a-217b084729c4
9,4,202602,197,443.53,NORTE,pld_horario,114,3f279d6b-1069-42f7-9b0a-217b084729c4
9,4,202602,197,443.54,SUDESTE,pld_horario,115,3f279d6b-1069-42f7-9b0a-217b084729c4
9,4,202602,197,443.54,SUL,pld_horario,116,3f279d6b-1069-42f7-9b0a-217b084729c4
9,5,202602,198,445.4,NORDESTE,pld_horario,117,3f279d6b-1069-42f7-9b0a-217b084729c4
9,5,202602,198,445.39,NORTE,pld_horario,118,3f279d6b-1069-42f7-9b0a-217b084729c4
9,5,202602,198,445.4,SUDESTE,pld_horario,119,3f279d6b-1069-42f7-9b0a-217b084729c4
9,5,202602,198,445.4,SUL,pld_horario,120,3f279d6b-1069-42f7-9b0a-217b084729c4
9,6,202602,199,446.51,NORDESTE,pld_horario,121,3f279d6b-1069-42f7-9b0a-217b084729c4
9,6,202602,199,446.5,NORTE,pld_horario,122,3f279d6b-1069-42f7-9b0a-217b084729c4
9,6,202602,199,446.51,SUDESTE,pld_horario,123,3f279d6b-1069-42f7-9b0a-217b084729c4
9,6,202602,199,446.51,SUL,pld_horario,124,3f279d6b-1069-42f7-9b0a-217b084729c4
9,7,202602,200,440.38,NORDESTE,pld_horario,125,3f279d6b-1069-42f7-9b0a-217b084729c4
9,7,202602,200,440.38,NORTE,pld_horario,126,3f279d6b-1069-42f7-9b0a-217b084729c4
9,7,202602,200,440.38,SUDESTE,pld_horario,127,3f279d6b-1069-42f7-9b0a-217b084729c4
9,7,202602,200,440.39,SUL,pld_horario,128,3f279d6b-1069-42f7-9b0a-217b084729c4
9,8,202602,201,437.81,NORDESTE,pld_horario,129,3f279d6b-1069-42f7-9b0a-217b084729c4
9,8,202602,201,437.81,NORTE,pld_horario,130,3f279d6b-1069-42f7-9b0a-217b084729c4
9,8,202602,201,437.81,SUDESTE,pld_horario,131,3f279d6b-1069-42f7-9b0a-217b084729c4
9,8,202602,201,437.82,SUL,pld_horario,132,3f279d6b-1069-42f7-9b0a-217b084729c4
9,9,202602,202,435.76,NORDESTE,pld_horario,133,3f279d6b-1069-42f7-9b0a-217b084729c4
9,9,202602,202,435.77,NORTE,pld_horario,134,3f279d6b-1069-42f7-9b0a-217b084729c4
9,9,202602,202,435.77,SUDESTE,pld_horario,135,3f279d6b-1069-42f7-9b0a-217b084729c4
9,9,202602,202,435.78,SUL,pld_horario,136,3f279d6b-1069-42f7-9b0a-217b084729c4
9,10,202602,203,436.09,NORDESTE,pld_horario,137,3f279d6b-1069-42f7-9b0a-217b084729c4
9,10,202602,203,436.1,NORTE,pld_horario,138,3f279d6b-1069-42f7-9b0a-217b084729c4
9,10,202602,203,436.1,SUDESTE,pld_horario,139,3f279d6b-1069-42f7-9b0a-217b084729c4
9,10,202602,203,436.11,SUL,pld_horario,140,3f279d6b-1069-42f7-9b0a-217b084729c4
9,11,202602,204,433.71,NORDESTE,pld_horario,141,3f279d6b-1069-42f7-9b0a-217b084729c4
9,11,202602,204,433.72,NORTE,pld_horario,142,3f279d6b-1069-42f7-9b0a-217b084729c4
9,11,202602,204,433.72,SUDESTE,pld_horario,143,3f279d6b-1069-42f7-9b0a-217b084729c4
9,11,202602,204,433.73,SUL,pld_horario,144,3f279d6b-1069-42f7-9b0a-217b084729c4
9,12,202602,205,428.0,NORDESTE,pld_horario,145,3f279d6b-1069-42f7-9b0a-217b084729c4
9,12,202602,205,428.01,NORTE,pld_horario,146,3f279d6b-1069-42f7-9b0a-217b084729c4
9,12,202602,205,428.01,SUDESTE,pld_horario,147,3f279d6b-1069-42f7-9b0a-217b084729c4
9,12,202602,205,428.02,SUL,pld_horario,148,3f279d6b-1069-42f7-9b0a-217b084729c4
9,13,202602,206,434.84,NORDESTE,pld_horario,149,3f279d6b-1069-42f7-9b0a-217b084729c4
9,13,202602,206,434.84,NORTE,pld_horario,150,3f279d6b-1069-42f7-9b0a-217b084729c4
9,13,202602,206,434.85,SUDESTE,pld_horario,151,3f279d6b-1069-42f7-9b0a-217b084729c4
9,13,202602,206,434.86,SUL,pld_horario,152,3f279d6b-1069-42f7-9b0a-217b084729c4
9,14,202602,207,441.48,NORDESTE,pld_horario,153,3f279d6b-1069-42f7-9b0a-217b084729c4
9,14,202602,207,441.49,NORTE,pld_horario,154,3f279d6b-1069-42f7-9b0a-217b084729c4
9,14,202602,207,441.49,SUDESTE,pld_horario,155,3f279d6b-1069-42f7-9b0a-217b084729c4
9,14,202602,207,446.71,SUL,pld_horario,156,3f279d6b-1069-42f7-9b0a-217b084729c4
9,15,202602,208,446.71,NORDESTE,pld_horario,157,3f279d6b-1069-42f7-9b0a-217b084729c4
9,15,202602,208,446.71,NORTE,pld_horario,158,3f279d6b-1069-42f7-9b0a-217b084729c4
9,15,202602,208,446.72,SUDESTE,pld_horario,159,3f279d6b-1069-42f7-9b0a-217b084729c4
9,15,202602,208,447.8,SUL,pld_horario,160,3f279d6b-1069-42f7-9b0a-217b084729c4
9,16,202602,209,457.61,NORDESTE,pld_horario,161,3f279d6b-1069-42f7-9b0a-217b084729c4
9,16,202602,209,457.6,NORTE,pld_horario,162,3f279d6b-1069-42f7-9b0a-217b084729c4
9,16,202602,209,457.61,SUDESTE,pld_horario,163,3f279d6b-1069-42f7-9b0a-217b084729c4
9,16,202602,209,457.61,SUL,pld_horario,164,3f279d6b-1069-42f7-9b0a-217b084729c4
9,17,202602,210,462.02,NORDESTE,pld_horario,165,3f279d6b-1069-42f7-9b0a-217b084729c4
9,17,202602,210,462.01,NORTE,pld_horario,166,3f279d6b-1069-42f7-9b0a-217b084729c4
9,17,202602,210,462.02,SUDESTE,pld_horario,167,3f279d6b-1069-42f7-9b0a-217b084729c4
9,17,202602,210,462.02,SUL,pld_horario,168,3f279d6b-1069-42f7-9b0a-217b084729c4
9,18,202602,211,477.01,NORDESTE,pld_horario,169,3f279d6b-1069-42f7-9b0a-217b084729c4
9,18,202602,211,477.0,NORTE,pld_horario,170,3f279d6b-1069-42f7-9b0a-217b084729c4
9,18,202602,211,477.02,SUDESTE,pld_horario,171,3f279d6b-1069-42f7-9b0a-217b084729c4
9,18,202602,211,477.02,SUL,pld_horario,172,3f279d6b-1069-42f7-9b0a-217b084729c4
9,19,202602,212,485.25,NORDESTE,pld_horario,173,3f279d6b-1069-42f7-9b0a-217b084729c4
9,19,202602,212,485.24,NORTE,pld_horario,174,3f279d6b-1069-42f7-9b0a-217b084729c4
9,19,202602,212,485.25,SUDESTE,pld_horario,175,3f279d6b-1069-42f7-9b0a-217b084729c4
9,19,202602,212,485.25,SUL,pld_horario,176,3f279d6b-1069-42f7-9b0a-217b084729c4
9,20,202602,213,489.36,NORDESTE,pld_horario,177,3f279d6b-1069-42f7-9b0a-217b084729c4
9,20,202602,213,489.35,NORTE,pld_horario,178,3f279d6b-1069-42f7-9b0a-217b084729c4
9,20,202602,213,489.37,SUDESTE,pld_horario,179,3f279d6b-1069-42f7-9b0a-217b084729c4
9,20,202602,213,489.37,SUL,pld_horario,180,3f279d6b-1069-42f7-9b0a-217b084729c4
9,21,202602,214,482.74,NORDESTE,pld_horario,181,3f279d6b-1069-42f7-9b0a-217b084729c4
9,21,202602,214,482.73,NORTE,pld_horario,182,3f279d6b-1069-42f7-9b0a-217b084729c4
9,21,202602,214,482.75,SUDESTE,pld_horario,183,3f279d6b-1069-42f7-9b0a-217b084729c4
9,21,202602,214,482.75,SUL,pld_horario,184,3f279d6b-1069-42f7-9b0a-217b084729c4
9,22,202602,215,477.31,NORDESTE,pld_horario,185,3f279d6b-1069-42f7-9b0a-217b084729c4
9,22,202602,215,477.3,NORTE,pld_horario,186,3f279d6b-1069-42f7-9b0a-217b084729c4
9,22,202602,215,477.31,SUDESTE,pld_horario,187,3f279d6b-1069-42f7-9b0a-217b084729c4
9,22,202602,215,477.32,SUL,pld_horario,188,3f279d6b-1069-42f7-9b0a-217b084729c4
9,23,202602,216,465.24,NORDESTE,pld_horario,189,3f279d6b-1069-42f7-9b0a-217b084729c4
9,23,202602,216,465.23,NORTE,pld_horario,190,3f279d6b-1069-42f7-9b0a-217b084729c4
9,23,202602,216,465.24,SUDESTE,pld_horario,191,3f279d6b-1069-42f7-9b0a-217b084729c4
9,23,202602,216,465.25,SUL,pld_horario,192,3f279d6b-1069-42f7-9b0a-217b084729c4
8,0,202602,169,468.46,NORDESTE,pld_horario,193,3f279d6b-1069-42f7-9b0a-217b084729c4
8,0,202602,169,468.45,NORTE,pld_horario,194,3f279d6b-1069-42f7-9b0a-217b084729c4
8,0,202602,169,468.46,SUDESTE,pld_horario,195,3f279d6b-1069-42f7-9b0a-217b084729c4
8,0,202602,169,468.45,SUL,pld_horario,196,3f279d6b-1069-42f7-9b0a-217b084729c4
8,1,202602,170,459.63,NORDESTE,pld_horario,197,3f279d6b-1069-42f7-9b0a-217b084729c4
8,1,202602,170,459.62,NORTE,pld_horario,198,3f279d6b-1069-42f7-9b0a-217b084729c4
8,1,202602,170,459.62,SUDESTE,pld_horario,199,3f279d6b-1069-42f7-9b0a-217b084729c4
8,1,202602,170,459.61,SUL,pld_horario,200,3f279d6b-1069-42f7-9b0a-217b084729c4
8,2,202602,171,456.57,NORDESTE,pld_horario,201,3f279d6b-1069-42f7-9b0a-217b084729c4
8,2,202602,171,456.56,NORTE,pld_horario,202,3f279d6b-1069-42f7-9b0a-217b084729c4
8,2,202602,171,456.56,SUDESTE,pld_horario,203,3f279d6b-1069-42f7-9b0a-217b084729c4
8,2,202602,171,456.55,SUL,pld_horario,204,3f279d6b-1069-42f7-9b0a-217b084729c4
8,3,202602,172,453.72,NORDESTE,pld_horario,205,3f279d6b-1069-42f7-9b0a-217b084729c4
8,3,202602,172,453.72,NORTE,pld_horario,206,3f279d6b-1069-42f7-9b0a-217b084729c4
8,3,202602,172,453.72,SUDESTE,pld_horario,207,3f279d6b-1069-42f7-9b0a-217b084729c4
8,3,202602,172,453.71,SUL,pld_horario,208,3f279d6b-1069-42f7-9b0a-217b084729c4
8,4,202602,173,453.96,NORDESTE,pld_horario,209,3f279d6b-1069-42f7-9b0a-217b084729c4
8,4,202602,173,453.95,NORTE,pld_horario,210,3f279d6b-1069-42f7-9b0a-217b084729c4
8,4,202602,173,453.95,SUDESTE,pld_horario,211,3f279d6b-1069-42f7-9b0a-217b084729c4
8,4,202602,173,453.94,SUL,pld_horario,212,3f279d6b-1069-42f7-9b0a-217b084729c4
8,5,202602,174,453.92,NORDESTE,pld_horario,213,3f279d6b-1069-42f7-9b0a-217b084729c4
8,5,202602,174,453.92,NORTE,pld_horario,214,3f279d6b-1069-42f7-9b0a-217b084729c4
8,5,202602,174,453.92,SUDESTE,pld_horario,215,3f279d6b-1069-42f7-9b0a-217b084729c4
8,5,202602,174,453.91,SUL,pld_horario,216,3f279d6b-1069-42f7-9b0a-217b084729c4
8,6,202602,175,442.95,NORDESTE,pld_horario,217,3f279d6b-1069-42f7-9b0a-217b084729c4
8,6,202602,175,442.94,NORTE,pld_horario,218,3f279d6b-1069-42f7-9b0a-217b084729c4
8,6,202602,175,442.94,SUDESTE,pld_horario,219,3f279d6b-1069-42f7-9b0a-217b084729c4
8,6,202602,175,442.93,SUL,pld_horario,220,3f279d6b-1069-42f7-9b0a-217b084729c4
8,7,202602,176,426.75,NORDESTE,pld_horario,221,3f279d6b-1069-42f7-9b0a-217b084729c4
8,7,202602,176,426.76,NORTE,pld_horario,222,3f279d6b-1069-42f7-9b0a-217b084729c4
8,7,202602,176,426.76,SUDESTE,pld_horario,223,3f279d6b-1069-42f7-9b0a-217b084729c4
8,7,202602,176,426.76,SUL,pld_horario,224,3f279d6b-1069-42f7-9b0a-217b084729c4
8,8,202602,177,284.72,NORDESTE,pld_horario,225,3f279d6b-1069-42f7-9b0a-217b084729c4
8,8,202602,177,284.73,NORTE,pld_horario,226,3f279d6b-1069-42f7-9b0a-217b084729c4
8,8,202602,177,284.72,SUDESTE,pld_horario,227,3f279d6b-1069-42f7-9b0a-217b084729c4
8,8,202602,177,284.73,SUL,pld_horario,228,3f279d6b-1069-42f7-9b0a-217b084729c4
8,9,202602,178,57.31,NORDESTE,pld_horario,229,3f279d6b-1069-42f7-9b0a-217b084729c4
8,9,202602,178,57.31,NORTE,pld_horario,230,3f279d6b-1069-42f7-9b0a-217b084729c4
8,9,202602,178,57.31,SUDESTE,pld_horario,231,3f279d6b-1069-42f7-9b0a-217b084729c4
8,9,202602,178,57.31,SUL,pld_horario,232,3f279d6b-1069-42f7-9b0a-217b084729c4
8,10,202602,179,57.31,NORDESTE,pld_horario,233,3f279d6b-1069-42f7-9b0a-217b084729c4
8,10,202602,179,57.31,NORTE,pld_horario,234,3f279d6b-1069-42f7-9b0a-217b084729c4
8,10,202602,179,57.31,SUDESTE,pld_horario,235,3f279d6b-1069-42f7-9b0a-217b084729c4
8,10,202602,179,57.31,SUL,pld_horario,236,3f279d6b-1069-42f7-9b0a-217b084729c4
8,11,202602,180,57.31,NORDESTE,pld_horario,237,3f279d6b-1069-42f7-9b0a-217b084729c4
8,11,202602,180,57.31,NORTE,pld_horario,238,3f279d6b-1069-42f7-9b0a-217b084729c4
8,11,202602,180,57.31,SUDESTE,pld_horario,239,3f279d6b-1069-42f7-9b0a-217b084729c4
8,11,202602,180,57.31,SUL,pld_horario,240,3f279d6b-1069-42f7-9b0a-217b084729c4
8,12,202602,181,57.31,NORDESTE,pld_horario,241,3f279d6b-1069-42f7-9b0a-217b084729c4
8,12,202602,181,57.31,NORTE,pld_horario,242,3f279d6b-1069-42f7-9b0a-217b084729c4
8,12,202602,181,57.31,SUDESTE,pld_horario,243,3f279d6b-1069-42f7-9b0a-217b084729c4
8,12,202602,181,57.31,SUL,pld_horario,244,3f279d6b-1069-42f7-9b0a-217b084729c4
8,13,202602,182,57.31,NORDESTE,pld_horario,245,3f279d6b-1069-42f7-9b0a-217b084729c4
8,13,202602,182,57.31,NORTE,pld_horario,246,3f279d6b-1069-42f7-9b0a-217b084729c4
8,13,202602,182,57.31,SUDESTE,pld_horario,247,3f279d6b-1069-42f7-9b0a-217b084729c4
8,13,202602,182,57.31,SUL,pld_horario,248,3f279d6b-1069-42f7-9b0a-217b084729c4
8,14,202602,183,257.43,NORDESTE,pld_horario,249,3f279d6b-1069-42f7-9b0a-217b084729c4
8,14,202602,183,257.44,NORTE,pld_horario,250,3f279d6b-1069-42f7-9b0a-217b084729c4
8,14,202602,183,257.43,SUDESTE,pld_horario,251,3f279d6b-1069-42f7-9b0a-217b084729c4
8,14,202602,183,257.44,SUL,pld_horario,252,3f279d6b-1069-42f7-9b0a-217b084729c4
8,15,202602,184,388.14,NORDESTE,pld_horario,253,3f279d6b-1069-42f7-9b0a-217b084729c4
8,15,202602,184,388.14,NORTE,pld_horario,254,3f279d6b-1069-42f7-9b0a-217b084729c4
8,15,202602,184,388.14,SUDESTE,pld_horario,255,3f279d6b-1069-42f7-9b0a-217b084729c4
8,15,202602,184,388.15,SUL,pld_horario,256,3f279d6b-1069-42f7-9b0a-217b084729c4
8,16,202602,185,435.41,NORDESTE,pld_horario,257,3f279d6b-1069-42f7-9b0a-217b084729c4
8,16,202602,185,435.42,NORTE,pld_horario,258,3f279d6b-1069-42f7-9b0a-217b084729c4
8,16,202602,185,435.42,SUDESTE,pld_horario,259,3f279d6b-1069-42f7-9b0a-217b084729c4
8,16,202602,185,435.42,SUL,pld_horario,260,3f279d6b-1069-42f7-9b0a-217b084729c4
8,17,202602,186,453.64,NORDESTE,pld_horario,261,3f279d6b-1069-42f7-9b0a-217b084729c4
8,17,202602,186,453.63,NORTE,pld_horario,262,3f279d6b-1069-42f7-9b0a-217b084729c4
8,17,202602,186,453.63,SUDESTE,pld_horario,263,3f279d6b-1069-42f7-9b0a-217b084729c4
8,17,202602,186,453.63,SUL,pld_horario,264,3f279d6b-1069-42f7-9b0a-217b084729c4
8,18,202602,187,469.72,NORDESTE,pld_horario,265,3f279d6b-1069-42f7-9b0a-217b084729c4
8,18,202602,187,469.72,NORTE,pld_horario,266,3f279d6b-1069-42f7-9b0a-217b084729c4
8,18,202602,187,469.72,SUDESTE,pld_horario,267,3f279d6b-1069-42f7-9b0a-217b084729c4
8,18,202602,187,469.71,SUL,pld_horario,268,3f279d6b-1069-42f7-9b0a-217b084729c4
8,19,202602,188,475.5,NORDESTE,pld_horario,269,3f279d6b-1069-42f7-9b0a-217b084729c4
8,19,202602,188,475.49,NORTE,pld_horario,270,3f279d6b-1069-42f7-9b0a-217b084729c4
8,19,202602,188,475.49,SUDESTE,pld_horario,271,3f279d6b-1069-42f7-9b0a-217b084729c4
8,19,202602,188,475.49,SUL,pld_horario,272,3f279d6b-1069-42f7-9b0a-217b084729c4
8,20,202602,189,474.81,NORDESTE,pld_horario,273,3f279d6b-1069-42f7-9b0a-217b084729c4
8,20,202602,189,474.8,NORTE,pld_horario,274,3f279d6b-1069-42f7-9b0a-217b084729c4
8,20,202602,189,474.8,SUDESTE,pld_horario,275,3f279d6b-1069-42f7-9b0a-217b084729c4
8,20,202602,189,474.8,SUL,pld_horario,276,3f279d6b-1069-42f7-9b0a-217b084729c4
8,21,202602,190,474.2,NORDESTE,pld_horario,277,3f279d6b-1069-42f7-9b0a-217b084729c4
8,21,202602,190,474.19,NORTE,pld_horario,278,3f279d6b-1069-42f7-9b0a-217b084729c4
8,21,202602,190,474.19,SUDESTE,pld_horario,279,3f279d6b-1069-42f7-9b0a-217b084729c4
8,21,202602,190,474.19,SUL,pld_horario,280,3f279d6b-1069-42f7-9b0a-217b084729c4
8,22,202602,191,473.56,NORDESTE,pld_horario,281,3f279d6b-1069-42f7-9b0a-217b084729c4
8,22,202602,191,473.55,NORTE,pld_horario,282,3f279d6b-1069-42f7-9b0a-217b084729c4
8,22,202602,191,473.56,SUDESTE,pld_horario,283,3f279d6b-1069-42f7-9b0a-217b084729c4
8,22,202602,191,473.56,SUL,pld_horario,284,3f279d6b-1069-42f7-9b0a-217b084729c4
8,23,202602,192,468.27,NORDESTE,pld_horario,285,3f279d6b-1069-42f7-9b0a-217b084729c4
8,23,202602,192,468.26,NORTE,pld_horario,286,3f279d6b-1069-42f7-9b0a-217b084729c4
8,23,202602,192,468.26,SUDESTE,pld_horario,287,3f279d6b-1069-42f7-9b0a-217b084729c4
8,23,202602,192,468.25,SUL,pld_horario,288,3f279d6b-1069-42f7-9b0a-217b084729c4
7,0,202602,145,459.61,NORDESTE,pld_horario,289,3f279d6b-1069-42f7-9b0a-217b084729c4
7,0,202602,145,459.6,NORTE,pld_horario,290,3f279d6b-1069-42f7-9b0a-217b084729c4
7,0,202602,145,459.61,SUDESTE,pld_horario,291,3f279d6b-1069-42f7-9b0a-217b084729c4
7,0,202602,145,459.61,SUL,pld_horario,292,3f279d6b-1069-42f7-9b0a-217b084729c4
7,1,202602,146,448.88,NORDESTE,pld_horario,293,3f279d6b-1069-42f7-9b0a-217b084729c4
7,1,202602,146,448.87,NORTE,pld_horario,294,3f279d6b-1069-42f7-9b0a-217b084729c4
7,1,202602,146,448.87,SUDESTE,pld_horario,295,3f279d6b-1069-42f7-9b0a-217b084729c4
7,1,202602,146,448.87,SUL,pld_horario,296,3f279d6b-1069-42f7-9b0a-217b084729c4
7,2,202602,147,446.11,NORDESTE,pld_horario,297,3f279d6b-1069-42f7-9b0a-217b084729c4
7,2,202602,147,446.1,NORTE,pld_horario,298,3f279d6b-1069-42f7-9b0a-217b084729c4
7,2,202602,147,446.11,SUDESTE,pld_horario,299,3f279d6b-1069-42f7-9b0a-217b084729c4
7,2,202602,147,446.11,SUL,pld_horario,300,3f279d6b-1069-42f7-9b0a-217b084729c4
7,3,202602,148,444.26,NORDESTE,pld_horario,301,3f279d6b-1069-42f7-9b0a-217b084729c4
7,3,202602,148,444.26,NORTE,pld_horario,302,3f279d6b-1069-42f7-9b0a-217b084729c4
7,3,202602,148,444.26,SUDESTE,pld_horario,303,3f279d6b-1069-42f7-9b0a-217b084729c4
7,3,202602,148,444.26,SUL,pld_horario,304,3f279d6b-1069-42f7-9b0a-217b084729c4
7,4,202602,149,443.47,NORDESTE,pld_horario,305,3f279d6b-1069-42f7-9b0a-217b084729c4
7,4,202602,149,443.47,NORTE,pld_horario,306,3f279d6b-1069-42f7-9b0a-217b084729c4
7,4,202602,149,443.47,SUDESTE,pld_horario,307,3f279d6b-1069-42f7-9b0a-217b084729c4
7,4,202602,149,443.47,SUL,pld_horario,308,3f279d6b-1069-42f7-9b0a-217b084729c4
7,5,202602,150,444.08,NORDESTE,pld_horario,309,3f279d6b-1069-42f7-9b0a-217b084729c4
7,5,202602,150,444.08,NORTE,pld_horario,310,3f279d6b-1069-42f7-9b0a-217b084729c4
7,5,202602,150,444.08,SUDESTE,pld_horario,311,3f279d6b-1069-42f7-9b0a-217b084729c4
7,5,202602,150,444.08,SUL,pld_horario,312,3f279d6b-1069-42f7-9b0a-217b084729c4
7,6,202602,151,440.65,NORDESTE,pld_horario,313,3f279d6b-1069-42f7-9b0a-217b084729c4
7,6,202602,151,440.65,NORTE,pld_horario,314,3f279d6b-1069-42f7-9b0a-217b084729c4
7,6,202602,151,440.65,SUDESTE,pld_horario,315,3f279d6b-1069-42f7-9b0a-217b084729c4
7,6,202602,151,440.65,SUL,pld_horario,316,3f279d6b-1069-42f7-9b0a-217b084729c4
7,7,202602,152,430.91,NORDESTE,pld_horario,317,3f279d6b-1069-42f7-9b0a-217b084729c4
7,7,202602,152,430.92,NORTE,pld_horario,318,3f279d6b-1069-42f7-9b0a-217b084729c4
7,7,202602,152,430.92,SUDESTE,pld_horario,319,3f279d6b-1069-42f7-9b0a-217b084729c4
7,7,202602,152,430.93,SUL,pld_horario,320,3f279d6b-1069-42f7-9b0a-217b084729c4
7,8,202602,153,394.02,NORDESTE,pld_horario,321,3f279d6b-1069-42f7-9b0a-217b084729c4
7,8,202602,153,394.03,NORTE,pld_horario,322,3f279d6b-1069-42f7-9b0a-217b084729c4
7,8,202602,153,394.03,SUDESTE,pld_horario,323,3f279d6b-1069-42f7-9b0a-217b084729c4
7,8,202602,153,414.13,SUL,pld_horario,324,3f279d6b-1069-42f7-9b0a-217b084729c4
7,9,202602,154,298.71,NORDESTE,pld_horario,325,3f279d6b-1069-42f7-9b0a-217b084729c4
7,9,202602,154,298.71,NORTE,pld_horario,326,3f279d6b-1069-42f7-9b0a-217b084729c4
7,9,202602,154,298.71,SUDESTE,pld_horario,327,3f279d6b-1069-42f7-9b0a-217b084729c4
7,9,202602,154,395.86,SUL,pld_horario,328,3f279d6b-1069-42f7-9b0a-217b084729c4
7,10,202602,155,228.55,NORDESTE,pld_horario,329,3f279d6b-1069-42f7-9b0a-217b084729c4
7,10,202602,155,228.55,NORTE,pld_horario,330,3f279d6b-1069-42f7-9b0a-217b084729c4
7,10,202602,155,228.55,SUDESTE,pld_horario,331,3f279d6b-1069-42f7-9b0a-217b084729c4
7,10,202602,155,393.28,SUL,pld_horario,332,3f279d6b-1069-42f7-9b0a-217b084729c4
7,11,202602,156,235.87,NORDESTE,pld_horario,333,3f279d6b-1069-42f7-9b0a-217b084729c4
7,11,202602,156,235.87,NORTE,pld_horario,334,3f279d6b-1069-42f7-9b0a-217b084729c4
7,11,202602,156,235.87,SUDESTE,pld_horario,335,3f279d6b-1069-42f7-9b0a-217b084729c4
7,11,202602,156,397.02,SUL,pld_horario,336,3f279d6b-1069-42f7-9b0a-217b084729c4
7,12,202602,157,304.42,NORDESTE,pld_horario,337,3f279d6b-1069-42f7-9b0a-217b084729c4
7,12,202602,157,304.43,NORTE,pld_horario,338,3f279d6b-1069-42f7-9b0a-217b084729c4
7,12,202602,157,304.43,SUDESTE,pld_horario,339,3f279d6b-1069-42f7-9b0a-217b084729c4
7,12,202602,157,396.44,SUL,pld_horario,340,3f279d6b-1069-42f7-9b0a-217b084729c4
7,13,202602,158,329.03,NORDESTE,pld_horario,341,3f279d6b-1069-42f7-9b0a-217b084729c4
7,13,202602,158,329.03,NORTE,pld_horario,342,3f279d6b-1069-42f7-9b0a-217b084729c4
7,13,202602,158,329.03,SUDESTE,pld_horario,343,3f279d6b-1069-42f7-9b0a-217b084729c4
7,13,202602,158,401.65,SUL,pld_horario,344,3f279d6b-1069-42f7-9b0a-217b084729c4
7,14,202602,159,375.38,NORDESTE,pld_horario,345,3f279d6b-1069-42f7-9b0a-217b084729c4
7,14,202602,159,375.39,NORTE,pld_horario,346,3f279d6b-1069-42f7-9b0a-217b084729c4
7,14,202602,159,375.39,SUDESTE,pld_horario,347,3f279d6b-1069-42f7-9b0a-217b084729c4
7,14,202602,159,403.85,SUL,pld_horario,348,3f279d6b-1069-42f7-9b0a-217b084729c4
7,15,202602,160,426.5,NORDESTE,pld_horario,349,3f279d6b-1069-42f7-9b0a-217b084729c4
7,15,202602,160,426.51,NORTE,pld_horario,350,3f279d6b-1069-42f7-9b0a-217b084729c4
7,15,202602,160,426.51,SUDESTE,pld_horario,351,3f279d6b-1069-42f7-9b0a-217b084729c4
7,15,202602,160,426.52,SUL,pld_horario,352,3f279d6b-1069-42f7-9b0a-217b084729c4
7,16,202602,161,437.05,NORDESTE,pld_horario,353,3f279d6b-1069-42f7-9b0a-217b084729c4
7,16,202602,161,437.06,NORTE,pld_horario,354,3f279d6b-1069-42f7-9b0a-217b084729c4
7,16,202602,161,437.06,SUDESTE,pld_horario,355,3f279d6b-1069-42f7-9b0a-217b084729c4
7,16,202602,161,437.06,SUL,pld_horario,356,3f279d6b-1069-42f7-9b0a-217b084729c4
7,17,202602,162,447.22,NORDESTE,pld_horario,357,3f279d6b-1069-42f7-9b0a-217b084729c4
7,17,202602,162,447.22,NORTE,pld_horario,358,3f279d6b-1069-42f7-9b0a-217b084729c4
7,17,202602,162,447.22,SUDESTE,pld_horario,359,3f279d6b-1069-42f7-9b0a-217b084729c4
7,17,202602,162,447.22,SUL,pld_horario,360,3f279d6b-1069-42f7-9b0a-217b084729c4
7,18,202602,163,459.28,NORDESTE,pld_horario,361,3f279d6b-1069-42f7-9b0a-217b084729c4
7,18,202602,163,459.27,NORTE,pld_horario,362,3f279d6b-1069-42f7-9b0a-217b084729c4
7,18,202602,163,459.27,SUDESTE,pld_horario,363,3f279d6b-1069-42f7-9b0a-217b084729c4
7,18,202602,163,459.27,SUL,pld_horario,364,3f279d6b-1069-42f7-9b0a-217b084729c4
7,19,202602,164,464.08,NORDESTE,pld_horario,365,3f279d6b-1069-42f7-9b0a-217b084729c4
7,19,202602,164,464.07,NORTE,pld_horario,366,3f279d6b-1069-42f7-9b0a-217b084729c4
7,19,202602,164,464.08,SUDESTE,pld_horario,367,3f279d6b-1069-42f7-9b0a-217b084729c4
7,19,202602,164,464.08,SUL,pld_horario,368,3f279d6b-1069-42f7-9b0a-217b084729c4
7,20,202602,165,460.51,NORDESTE,pld_horario,369,3f279d6b-1069-42f7-9b0a-217b084729c4
7,20,202602,165,460.5,NORTE,pld_horario,370,3f279d6b-1069-42f7-9b0a-217b084729c4
7,20,202602,165,460.52,SUDESTE,pld_horario,371,3f279d6b-1069-42f7-9b0a-217b084729c4
7,20,202602,165,460.52,SUL,pld_horario,372,3f279d6b-1069-42f7-9b0a-217b084729c4
7,21,202602,166,456.31,NORDESTE,pld_horario,373,3f279d6b-1069-42f7-9b0a-217b084729c4
7,21,202602,166,456.3,NORTE,pld_horario,374,3f279d6b-1069-42f7-9b0a-217b084729c4
7,21,202602,166,456.32,SUDESTE,pld_horario,375,3f279d6b-1069-42f7-9b0a-217b084729c4
7,21,202602,166,456.32,SUL,pld_horario,376,3f279d6b-1069-42f7-9b0a-217b084729c4
7,22,202602,167,454.71,NORDESTE,pld_horario,377,3f279d6b-1069-42f7-9b0a-217b084729c4
7,22,202602,167,454.7,NORTE,pld_horario,378,3f279d6b-1069-42f7-9b0a-217b084729c4
7,22,202602,167,454.7,SUDESTE,pld_horario,379,3f279d6b-1069-42f7-9b0a-217b084729c4
7,22,202602,167,454.7,SUL,pld_horario,380,3f279d6b-1069-42f7-9b0a-217b084729c4
7,23,202602,168,454.02,NORDESTE,pld_horario,381,3f279d6b-1069-42f7-9b0a-217b084729c4
7,23,202602,168,454.01,NORTE,pld_horario,382,3f279d6b-1069-42f7-9b0a-217b084729c4
7,23,202602,168,454.02,SUDESTE,pld_horario,383,3f279d6b-1069-42f7-9b0a-217b084729c4
7,23,202602,168,454.02,SUL,pld_horario,384,3f279d6b-1069-42f7-9b0a-217b084729c4
6,0,202602,121,388.69,NORDESTE,pld_horario,385,3f279d6b-1069-42f7-9b0a-217b084729c4
6,0,202602,121,388.68,NORTE,pld_horario,386,3f279d6b-1069-42f7-9b0a-217b084729c4
6,0,202602,121,388.68,SUDESTE,pld_horario,387,3f279d6b-1069-42f7-9b0a-217b084729c4
6,0,202602,121,388.68,SUL,pld_horario,388,3f279d6b-1069-42f7-9b0a-217b084729c4
6,1,202602,122,377.42,NORDESTE,pld_horario,389,3f279d6b-1069-42f7-9b0a-217b084729c4
6,1,202602,122,377.41,NORTE,pld_horario,390,3f279d6b-1069-42f7-9b0a-217b084729c4
6,1,202602,122,377.41,SUDESTE,pld_horario,391,3f279d6b-1069-42f7-9b0a-217b084729c4
6,1,202602,122,377.41,SUL,pld_horario,392,3f279d6b-1069-42f7-9b0a-217b084729c4
6,2,202602,123,368.2,NORDESTE,pld_horario,393,3f279d6b-1069-42f7-9b0a-217b084729c4
6,2,202602,123,368.19,NORTE,pld_horario,394,3f279d6b-1069-42f7-9b0a-217b084729c4
6,2,202602,123,368.19,SUDESTE,pld_horario,395,3f279d6b-1069-42f7-9b0a-217b084729c4
6,2,202602,123,368.19,SUL,pld_horario,396,3f279d6b-1069-42f7-9b0a-217b084729c4
6,3,202602,124,364.53,NORDESTE,pld_horario,397,3f279d6b-1069-42f7-9b0a-217b084729c4
6,3,202602,124,364.52,NORTE,pld_horario,398,3f279d6b-1069-42f7-9b0a-217b084729c4
6,3,202602,124,364.53,SUDESTE,pld_horario,399,3f279d6b-1069-42f7-9b0a-217b084729c4
6,3,202602,124,364.53,SUL,pld_horario,400,3f279d6b-1069-42f7-9b0a-217b084729c4
6,4,202602,125,364.4,NORDESTE,pld_horario,401,3f279d6b-1069-42f7-9b0a-217b084729c4
6,4,202602,125,364.39,NORTE,pld_horario,402,3f279d6b-1069-42f7-9b0a-217b084729c4
6,4,202602,125,364.4,SUDESTE,pld_horario,403,3f279d6b-1069-42f7-9b0a-217b084729c4
6,4,202602,125,364.4,SUL,pld_horario,404,3f279d6b-1069-42f7-9b0a-217b084729c4
6,5,202602,126,365.1,NORDESTE,pld_horario,405,3f279d6b-1069-42f7-9b0a-217b084729c4
6,5,202602,126,365.09,NORTE,pld_horario,406,3f279d6b-1069-42f7-9b0a-217b084729c4
6,5,202602,126,365.09,SUDESTE,pld_horario,407,3f279d6b-1069-42f7-9b0a-217b084729c4
6,5,202602,126,365.09,SUL,pld_horario,408,3f279d6b-1069-42f7-9b0a-217b084729c4
6,6,202602,127,362.81,NORDESTE,pld_horario,409,3f279d6b-1069-42f7-9b0a-217b084729c4
6,6,202602,127,362.8,NORTE,pld_horario,410,3f279d6b-1069-42f7-9b0a-217b084729c4
6,6,202602,127,362.81,SUDESTE,pld_horario,411,3f279d6b-1069-42f7-9b0a-217b084729c4
6,6,202602,127,362.82,SUL,pld_horario,412,3f279d6b-1069-42f7-9b0a-217b084729c4
6,7,202602,128,357.14,NORDESTE,pld_horario,413,3f279d6b-1069-42f7-9b0a-217b084729c4
6,7,202602,128,357.13,NORTE,pld_horario,414,3f279d6b-1069-42f7-9b0a-217b084729c4
6,7,202602,128,357.14,SUDESTE,pld_horario,415,3f279d6b-1069-42f7-9b0a-217b084729c4
6,7,202602,128,357.15,SUL,pld_horario,416,3f279d6b-1069-42f7-9b0a-217b084729c4
6,8,202602,129,355.1,NORDESTE,pld_horario,417,3f279d6b-1069-42f7-9b0a-217b084729c4
6,8,202602,129,355.11,NORTE,pld_horario,418,3f279d6b-1069-42f7-9b0a-217b084729c4
6,8,202602,129,355.11,SUDESTE,pld_horario,419,3f279d6b-1069-42f7-9b0a-217b084729c4
6,8,202602,129,355.37,SUL,pld_horario,420,3f279d6b-1069-42f7-9b0a-217b084729c4
6,9,202602,130,354.6,NORDESTE,pld_horario,421,3f279d6b-1069-42f7-9b0a-217b084729c4
6,9,202602,130,354.6,NORTE,pld_horario,422,3f279d6b-1069-42f7-9b0a-217b084729c4
6,9,202602,130,354.6,SUDESTE,pld_horario,423,3f279d6b-1069-42f7-9b0a-217b084729c4
6,9,202602,130,354.61,SUL,pld_horario,424,3f279d6b-1069-42f7-9b0a-217b084729c4
6,10,202602,131,353.29,NORDESTE,pld_horario,425,3f279d6b-1069-42f7-9b0a-217b084729c4
6,10,202602,131,353.3,NORTE,pld_horario,426,3f279d6b-1069-42f7-9b0a-217b084729c4
6,10,202602,131,353.3,SUDESTE,pld_horario,427,3f279d6b-1069-42f7-9b0a-217b084729c4
6,10,202602,131,353.31,SUL,pld_horario,428,3f279d6b-1069-42f7-9b0a-217b084729c4
6,11,202602,132,353.16,NORDESTE,pld_horario,429,3f279d6b-1069-42f7-9b0a-217b084729c4
6,11,202602,132,353.16,NORTE,pld_horario,430,3f279d6b-1069-42f7-9b0a-217b084729c4
6,11,202602,132,353.16,SUDESTE,pld_horario,431,3f279d6b-1069-42f7-9b0a-217b084729c4
6,11,202602,132,353.17,SUL,pld_horario,432,3f279d6b-1069-42f7-9b0a-217b084729c4
6,12,202602,133,348.81,NORDESTE,pld_horario,433,3f279d6b-1069-42f7-9b0a-217b084729c4
6,12,202602,133,348.82,NORTE,pld_horario,434,3f279d6b-1069-42f7-9b0a-217b084729c4
6,12,202602,133,348.82,SUDESTE,pld_horario,435,3f279d6b-1069-42f7-9b0a-217b084729c4
6,12,202602,133,348.83,SUL,pld_horario,436,3f279d6b-1069-42f7-9b0a-217b084729c4
6,13,202602,134,331.71,NORDESTE,pld_horario,437,3f279d6b-1069-42f7-9b0a-217b084729c4
6,13,202602,134,331.71,NORTE,pld_horario,438,3f279d6b-1069-42f7-9b0a-217b084729c4
6,13,202602,134,331.71,SUDESTE,pld_horario,439,3f279d6b-1069-42f7-9b0a-217b084729c4
6,13,202602,134,361.9,SUL,pld_horario,440,3f279d6b-1069-42f7-9b0a-217b084729c4
6,14,202602,135,355.71,NORDESTE,pld_horario,441,3f279d6b-1069-42f7-9b0a-217b084729c4
6,14,202602,135,355.71,NORTE,pld_horario,442,3f279d6b-1069-42f7-9b0a-217b084729c4
6,14,202602,135,355.71,SUDESTE,pld_horario,443,3f279d6b-1069-42f7-9b0a-217b084729c4
6,14,202602,135,365.49,SUL,pld_horario,444,3f279d6b-1069-42f7-9b0a-217b084729c4
6,15,202602,136,363.96,NORDESTE,pld_horario,445,3f279d6b-1069-42f7-9b0a-217b084729c4
6,15,202602,136,363.96,NORTE,pld_horario,446,3f279d6b-1069-42f7-9b0a-217b084729c4
6,15,202602,136,363.96,SUDESTE,pld_horario,447,3f279d6b-1069-42f7-9b0a-217b084729c4
6,15,202602,136,365.85,SUL,pld_horario,448,3f279d6b-1069-42f7-9b0a-217b084729c4
6,16,202602,137,374.09,NORDESTE,pld_horario,449,3f279d6b-1069-42f7-9b0a-217b084729c4
6,16,202602,137,374.08,NORTE,pld_horario,450,3f279d6b-1069-42f7-9b0a-217b084729c4
6,16,202602,137,374.09,SUDESTE,pld_horario,451,3f279d6b-1069-42f7-9b0a-217b084729c4
6,16,202602,137,374.1,SUL,pld_horario,452,3f279d6b-1069-42f7-9b0a-217b084729c4
6,17,202602,138,380.73,NORDESTE,pld_horario,453,3f279d6b-1069-42f7-9b0a-217b084729c4
6,17,202602,138,380.72,NORTE,pld_horario,454,3f279d6b-1069-42f7-9b0a-217b084729c4
6,17,202602,138,380.73,SUDESTE,pld_horario,455,3f279d6b-1069-42f7-9b0a-217b084729c4
6,17,202602,138,380.73,SUL,pld_horario,456,3f279d6b-1069-42f7-9b0a-217b084729c4
6,18,202602,139,397.1,NORDESTE,pld_horario,457,3f279d6b-1069-42f7-9b0a-217b084729c4
6,18,202602,139,397.09,NORTE,pld_horario,458,3f279d6b-1069-42f7-9b0a-217b084729c4
6,18,202602,139,397.1,SUDESTE,pld_horario,459,3f279d6b-1069-42f7-9b0a-217b084729c4
6,18,202602,139,397.1,SUL,pld_horario,460,3f279d6b-1069-42f7-9b0a-217b084729c4
6,19,202602,140,430.03,NORDESTE,pld_horario,461,3f279d6b-1069-42f7-9b0a-217b084729c4
6,19,202602,140,430.02,NORTE,pld_horario,462,3f279d6b-1069-42f7-9b0a-217b084729c4
6,19,202602,140,430.03,SUDESTE,pld_horario,463,3f279d6b-1069-42f7-9b0a-217b084729c4
6,19,202602,140,430.03,SUL,pld_horario,464,3f279d6b-1069-42f7-9b0a-217b084729c4
6,20,202602,141,419.84,NORDESTE,pld_horario,465,3f279d6b-1069-42f7-9b0a-217b084729c4
6,20,202602,141,419.83,NORTE,pld_horario,466,3f279d6b-1069-42f7-9b0a-217b084729c4
6,20,202602,141,419.84,SUDESTE,pld_horario,467,3f279d6b-1069-42f7-9b0a-217b084729c4
6,20,202602,141,419.85,SUL,pld_horario,468,3f279d6b-1069-42f7-9b0a-217b084729c4
6,21,202602,142,415.36,NORDESTE,pld_horario,469,3f279d6b-1069-42f7-9b0a-217b084729c4
6,21,202602,142,415.35,NORTE,pld_horario,470,3f279d6b-1069-42f7-9b0a-217b084729c4
6,21,202602,142,415.37,SUDESTE,pld_horario,471,3f279d6b-1069-42f7-9b0a-217b084729c4
6,21,202602,142,415.37,SUL,pld_horario,472,3f279d6b-1069-42f7-9b0a-217b084729c4
6,22,202602,143,410.25,NORDESTE,pld_horario,473,3f279d6b-1069-42f7-9b0a-217b084729c4
6,22,202602,143,410.24,NORTE,pld_horario,474,3f279d6b-1069-42f7-9b0a-217b084729c4
6,22,202602,143,410.25,SUDESTE,pld_horario,475,3f279d6b-1069-42f7-9b0a-217b084729c4
6,22,202602,143,410.26,SUL,pld_horario,476,3f279d6b-1069-42f7-9b0a-217b084729c4
6,23,202602,144,386.73,NORDESTE,pld_horario,477,3f279d6b-1069-42f7-9b0a-217b084729c4
6,23,202602,144,386.72,NORTE,pld_horario,478,3f279d6b-1069-42f7-9b0a-217b084729c4
6,23,202602,144,386.73,SUDESTE,pld_horario,479,3f279d6b-1069-42f7-9b0a-217b084729c4
6,23,202602,144,386.73,SUL,pld_horario,480,3f279d6b-1069-42f7-9b0a-217b084729c4
5,0,202602,97,543.01,NORDESTE,pld_horario,481,3f279d6b-1069-42f7-9b0a-217b084729c4
5,0,202602,97,543.0,NORTE,pld_horario,482,3f279d6b-1069-42f7-9b0a-217b084729c4
5,0,202602,97,543.0,SUDESTE,pld_horario,483,3f279d6b-1069-42f7-9b0a-217b084729c4
5,0,202602,97,543.0,SUL,pld_horario,484,3f279d6b-1069-42f7-9b0a-217b084729c4
5,1,202602,98,415.57,NORDESTE,pld_horario,485,3f279d6b-1069-42f7-9b0a-217b084729c4
5,1,202602,98,415.56,NORTE,pld_horario,486,3f279d6b-1069-42f7-9b0a-217b084729c4
5,1,202602,98,415.56,SUDESTE,pld_horario,487,3f279d6b-1069-42f7-9b0a-217b084729c4
5,1,202602,98,415.56,SUL,pld_horario,488,3f279d6b-1069-42f7-9b0a-217b084729c4
5,2,202602,99,400.13,NORDESTE,pld_horario,489,3f279d6b-1069-42f7-9b0a-217b084729c4
5,2,202602,99,400.12,NORTE,pld_horario,490,3f279d6b-1069-42f7-9b0a-217b084729c4
5,2,202602,99,400.13,SUDESTE,pld_horario,491,3f279d6b-1069-42f7-9b0a-217b084729c4
5,2,202602,99,400.12,SUL,pld_horario,492,3f279d6b-1069-42f7-9b0a-217b084729c4
5,3,202602,100,395.82,NORDESTE,pld_horario,493,3f279d6b-1069-42f7-9b0a-217b084729c4
5,3,202602,100,395.81,NORTE,pld_horario,494,3f279d6b-1069-42f7-9b0a-217b084729c4
5,3,202602,100,395.81,SUDESTE,pld_horario,495,3f279d6b-1069-42f7-9b0a-217b084729c4
5,3,202602,100,395.81,SUL,pld_horario,496,3f279d6b-1069-42f7-9b0a-217b084729c4
5,4,202602,101,398.72,NORDESTE,pld_horario,497,3f279d6b-1069-42f7-9b0a-217b084729c4
5,4,202602,101,398.71,NORTE,pld_horario,498,3f279d6b-1069-42f7-9b0a-217b084729c4
5,4,202602,101,398.72,SUDESTE,pld_horario,499,3f279d6b-1069-42f7-9b0a-217b084729c4
5,4,202602,101,398.71,SUL,pld_horario,500,3f279d6b-1069-42f7-9b0a-217b084729c4
5,5,202602,102,406.66,NORDESTE,pld_horario,501,3f279d6b-1069-42f7-9b0a-217b084729c4
5,5,202602,102,406.65,NORTE,pld_horario,502,3f279d6b-1069-42f7-9b0a-217b084729c4
5,5,202602,102,406.65,SUDESTE,pld_horario,503,3f279d6b-1069-42f7-9b0a-217b084729c4
5,5,202602,102,406.64,SUL,pld_horario,504,3f279d6b-1069-42f7-9b0a-217b084729c4
5,6,202602,103,398.31,NORDESTE,pld_horario,505,3f279d6b-1069-42f7-9b0a-217b084729c4
5,6,202602,103,398.31,NORTE,pld_horario,506,3f279d6b-1069-42f7-9b0a-217b084729c4
5,6,202602,103,398.31,SUDESTE,pld_horario,507,3f279d6b-1069-42f7-9b0a-217b084729c4
5,6,202602,103,398.31,SUL,pld_horario,508,3f279d6b-1069-42f7-9b0a-217b084729c4
5,7,202602,104,381.32,NORDESTE,pld_horario,509,3f279d6b-1069-42f7-9b0a-217b084729c4
5,7,202602,104,381.32,NORTE,pld_horario,510,3f279d6b-1069-42f7-9b0a-217b084729c4
5,7,202602,104,381.32,SUDESTE,pld_horario,511,3f279d6b-1069-42f7-9b0a-217b084729c4
5,7,202602,104,381.32,SUL,pld_horario,512,3f279d6b-1069-42f7-9b0a-217b084729c4
5,8,202602,105,379.79,NORDESTE,pld_horario,513,3f279d6b-1069-42f7-9b0a-217b084729c4
5,8,202602,105,379.8,NORTE,pld_horario,514,3f279d6b-1069-42f7-9b0a-217b084729c4
5,8,202602,105,379.8,SUDESTE,pld_horario,515,3f279d6b-1069-42f7-9b0a-217b084729c4
5,8,202602,105,379.8,SUL,pld_horario,516,3f279d6b-1069-42f7-9b0a-217b084729c4
5,9,202602,106,373.25,NORDESTE,pld_horario,517,3f279d6b-1069-42f7-9b0a-217b084729c4
5,9,202602,106,373.25,NORTE,pld_horario,518,3f279d6b-1069-42f7-9b0a-217b084729c4
5,9,202602,106,373.25,SUDESTE,pld_horario,519,3f279d6b-1069-42f7-9b0a-217b084729c4
5,9,202602,106,373.26,SUL,pld_horario,520,3f279d6b-1069-42f7-9b0a-217b084729c4
5,10,202602,107,369.54,NORDESTE,pld_horario,521,3f279d6b-1069-42f7-9b0a-217b084729c4
5,10,202602,107,369.54,NORTE,pld_horario,522,3f279d6b-1069-42f7-9b0a-217b084729c4
5,10,202602,107,369.54,SUDESTE,pld_horario,523,3f279d6b-1069-42f7-9b0a-217b084729c4
5,10,202602,107,369.55,SUL,pld_horario,524,3f279d6b-1069-42f7-9b0a-217b084729c4
5,11,202602,108,335.14,NORDESTE,pld_horario,525,3f279d6b-1069-42f7-9b0a-217b084729c4
5,11,202602,108,335.15,NORTE,pld_horario,526,3f279d6b-1069-42f7-9b0a-217b084729c4
5,11,202602,108,335.15,SUDESTE,pld_horario,527,3f279d6b-1069-42f7-9b0a-217b084729c4
5,11,202602,108,368.45,SUL,pld_horario,528,3f279d6b-1069-42f7-9b0a-217b084729c4
5,12,202602,109,350.92,NORDESTE,pld_horario,529,3f279d6b-1069-42f7-9b0a-217b084729c4
5,12,202602,109,350.92,NORTE,pld_horario,530,3f279d6b-1069-42f7-9b0a-217b084729c4
5,12,202602,109,350.92,SUDESTE,pld_horario,531,3f279d6b-1069-42f7-9b0a-217b084729c4
5,12,202602,109,350.93,SUL,pld_horario,532,3f279d6b-1069-42f7-9b0a-217b084729c4
5,13,202602,110,342.58,NORDESTE,pld_horario,533,3f279d6b-1069-42f7-9b0a-217b084729c4
5,13,202602,110,342.59,NORTE,pld_horario,534,3f279d6b-1069-42f7-9b0a-217b084729c4
5,13,202602,110,342.59,SUDESTE,pld_horario,535,3f279d6b-1069-42f7-9b0a-217b084729c4
5,13,202602,110,372.22,SUL,pld_horario,536,3f279d6b-1069-42f7-9b0a-217b084729c4
5,14,202602,111,363.81,NORDESTE,pld_horario,537,3f279d6b-1069-42f7-9b0a-217b084729c4
5,14,202602,111,363.82,NORTE,pld_horario,538,3f279d6b-1069-42f7-9b0a-217b084729c4
5,14,202602,111,363.82,SUDESTE,pld_horario,539,3f279d6b-1069-42f7-9b0a-217b084729c4
5,14,202602,111,372.58,SUL,pld_horario,540,3f279d6b-1069-42f7-9b0a-217b084729c4
5,15,202602,112,381.59,NORDESTE,pld_horario,541,3f279d6b-1069-42f7-9b0a-217b084729c4
5,15,202602,112,381.59,NORTE,pld_horario,542,3f279d6b-1069-42f7-9b0a-217b084729c4
5,15,202602,112,381.59,SUDESTE,pld_horario,543,3f279d6b-1069-42f7-9b0a-217b084729c4
5,15,202602,112,381.59,SUL,pld_horario,544,3f279d6b-1069-42f7-9b0a-217b084729c4
5,16,202602,113,479.69,NORDESTE,pld_horario,545,3f279d6b-1069-42f7-9b0a-217b084729c4
5,16,202602,113,479.68,NORTE,pld_horario,546,3f279d6b-1069-42f7-9b0a-217b084729c4
5,16,202602,113,479.68,SUDESTE,pld_horario,547,3f279d6b-1069-42f7-9b0a-217b084729c4
5,16,202602,113,479.68,SUL,pld_horario,548,3f279d6b-1069-42f7-9b0a-217b084729c4
5,17,202602,114,530.73,NORDESTE,pld_horario,549,3f279d6b-1069-42f7-9b0a-217b084729c4
5,17,202602,114,530.72,NORTE,pld_horario,550,3f279d6b-1069-42f7-9b0a-217b084729c4
5,17,202602,114,530.73,SUDESTE,pld_horario,551,3f279d6b-1069-42f7-9b0a-217b084729c4
5,17,202602,114,530.73,SUL,pld_horario,552,3f279d6b-1069-42f7-9b0a-217b084729c4
5,18,202602,115,588.81,NORDESTE,pld_horario,553,3f279d6b-1069-42f7-9b0a-217b084729c4
5,18,202602,115,588.8,NORTE,pld_horario,554,3f279d6b-1069-42f7-9b0a-217b084729c4
5,18,202602,115,588.81,SUDESTE,pld_horario,555,3f279d6b-1069-42f7-9b0a-217b084729c4
5,18,202602,115,588.81,SUL,pld_horario,556,3f279d6b-1069-42f7-9b0a-217b084729c4
5,19,202602,116,635.8,NORDESTE,pld_horario,557,3f279d6b-1069-42f7-9b0a-217b084729c4
5,19,202602,116,635.79,NORTE,pld_horario,558,3f279d6b-1069-42f7-9b0a-217b084729c4
5,19,202602,116,635.8,SUDESTE,pld_horario,559,3f279d6b-1069-42f7-9b0a-217b084729c4
5,19,202602,116,635.8,SUL,pld_horario,560,3f279d6b-1069-42f7-9b0a-217b084729c4
5,20,202602,117,637.87,NORDESTE,pld_horario,561,3f279d6b-1069-42f7-9b0a-217b084729c4
5,20,202602,117,637.86,NORTE,pld_horario,562,3f279d6b-1069-42f7-9b0a-217b084729c4
5,20,202602,117,637.87,SUDESTE,pld_horario,563,3f279d6b-1069-42f7-9b0a-217b084729c4
5,20,202602,117,637.87,SUL,pld_horario,564,3f279d6b-1069-42f7-9b0a-217b084729c4
5,21,202602,118,633.33,NORDESTE,pld_horario,565,3f279d6b-1069-42f7-9b0a-217b084729c4
5,21,202602,118,633.32,NORTE,pld_horario,566,3f279d6b-1069-42f7-9b0a-217b084729c4
5,21,202602,118,633.33,SUDESTE,pld_horario,567,3f279d6b-1069-42f7-9b0a-217b084729c4
5,21,202602,118,633.33,SUL,pld_horario,568,3f279d6b-1069-42f7-9b0a-217b084729c4
5,22,202602,119,603.32,NORDESTE,pld_horario,569,3f279d6b-1069-42f7-9b0a-217b084729c4
5,22,202602,119,603.31,NORTE,pld_horario,570,3f279d6b-1069-42f7-9b0a-217b084729c4
5,22,202602,119,603.31,SUDESTE,pld_horario,571,3f279d6b-1069-42f7-9b0a-217b084729c4
5,22,202602,119,603.31,SUL,pld_horario,572,3f279d6b-1069-42f7-9b0a-217b084729c4
5,23,202602,120,517.57,NORDESTE,pld_horario,573,3f279d6b-1069-42f7-9b0a-217b084729c4
5,23,202602,120,517.56,NORTE,pld_horario,574,3f279d6b-1069-42f7-9b0a-217b084729c4
5,23,202602,120,517.56,SUDESTE,pld_horario,575,3f279d6b-1069-42f7-9b0a-217b084729c4
5,23,202602,120,517.56,SUL,pld_horario,576,3f279d6b-1069-42f7-9b0a-217b084729c4
4,0,202602,73,445.78,NORDESTE,pld_horario,577,3f279d6b-1069-42f7-9b0a-217b084729c4
4,0,202602,73,445.77,NORTE,pld_horario,578,3f279d6b-1069-42f7-9b0a-217b084729c4
4,0,202602,73,445.78,SUDESTE,pld_horario,579,3f279d6b-1069-42f7-9b0a-217b084729c4
4,0,202602,73,445.78,SUL,pld_horario,580,3f279d6b-1069-42f7-9b0a-217b084729c4
4,1,202602,74,384.09,NORDESTE,pld_horario,581,3f279d6b-1069-42f7-9b0a-217b084729c4
4,1,202602,74,384.08,NORTE,pld_horario,582,3f279d6b-1069-42f7-9b0a-217b084729c4
4,1,202602,74,384.08,SUDESTE,pld_horario,583,3f279d6b-1069-42f7-9b0a-217b084729c4
4,1,202602,74,384.08,SUL,pld_horario,584,3f279d6b-1069-42f7-9b0a-217b084729c4
4,2,202602,75,372.66,NORDESTE,pld_horario,585,3f279d6b-1069-42f7-9b0a-217b084729c4
4,2,202602,75,372.65,NORTE,pld_horario,586,3f279d6b-1069-42f7-9b0a-217b084729c4
4,2,202602,75,372.66,SUDESTE,pld_horario,587,3f279d6b-1069-42f7-9b0a-217b084729c4
4,2,202602,75,372.66,SUL,pld_horario,588,3f279d6b-1069-42f7-9b0a-217b084729c4
4,3,202602,76,370.51,NORDESTE,pld_horario,589,3f279d6b-1069-42f7-9b0a-217b084729c4
4,3,202602,76,370.5,NORTE,pld_horario,590,3f279d6b-1069-42f7-9b0a-217b084729c4
4,3,202602,76,370.5,SUDESTE,pld_horario,591,3f279d6b-1069-42f7-9b0a-217b084729c4
4,3,202602,76,370.5,SUL,pld_horario,592,3f279d6b-1069-42f7-9b0a-217b084729c4
4,4,202602,77,370.23,NORDESTE,pld_horario,593,3f279d6b-1069-42f7-9b0a-217b084729c4
4,4,202602,77,370.22,NORTE,pld_horario,594,3f279d6b-1069-42f7-9b0a-217b084729c4
4,4,202602,77,370.22,SUDESTE,pld_horario,595,3f279d6b-1069-42f7-9b0a-217b084729c4
4,4,202602,77,370.22,SUL,pld_horario,596,3f279d6b-1069-42f7-9b0a-217b084729c4
4,5,202602,78,372.96,NORDESTE,pld_horario,597,3f279d6b-1069-42f7-9b0a-217b084729c4
4,5,202602,78,372.95,NORTE,pld_horario,598,3f279d6b-1069-42f7-9b0a-217b084729c4
4,5,202602,78,372.95,SUDESTE,pld_horario,599,3f279d6b-1069-42f7-9b0a-217b084729c4
4,5,202602,78,372.95,SUL,pld_horario,600,3f279d6b-1069-42f7-9b0a-217b084729c4
4,6,202602,79,368.07,NORDESTE,pld_horario,601,3f279d6b-1069-42f7-9b0a-217b084729c4
4,6,202602,79,368.06,NORTE,pld_horario,602,3f279d6b-1069-42f7-9b0a-217b084729c4
4,6,202602,79,368.08,SUDESTE,pld_horario,603,3f279d6b-1069-42f7-9b0a-217b084729c4
4,6,202602,79,368.08,SUL,pld_horario,604,3f279d6b-1069-42f7-9b0a-217b084729c4
4,7,202602,80,360.69,NORDESTE,pld_horario,605,3f279d6b-1069-42f7-9b0a-217b084729c4
4,7,202602,80,360.68,NORTE,pld_horario,606,3f279d6b-1069-42f7-9b0a-217b084729c4
4,7,202602,80,360.69,SUDESTE,pld_horario,607,3f279d6b-1069-42f7-9b0a-217b084729c4
4,7,202602,80,360.7,SUL,pld_horario,608,3f279d6b-1069-42f7-9b0a-217b084729c4
4,8,202602,81,360.99,NORDESTE,pld_horario,609,3f279d6b-1069-42f7-9b0a-217b084729c4
4,8,202602,81,360.98,NORTE,pld_horario,610,3f279d6b-1069-42f7-9b0a-217b084729c4
4,8,202602,81,360.99,SUDESTE,pld_horario,611,3f279d6b-1069-42f7-9b0a-217b084729c4
4,8,202602,81,361.0,SUL,pld_horario,612,3f279d6b-1069-42f7-9b0a-217b084729c4
4,9,202602,82,356.49,NORDESTE,pld_horario,613,3f279d6b-1069-42f7-9b0a-217b084729c4
4,9,202602,82,356.49,NORTE,pld_horario,614,3f279d6b-1069-42f7-9b0a-217b084729c4
4,9,202602,82,356.5,SUDESTE,pld_horario,615,3f279d6b-1069-42f7-9b0a-217b084729c4
4,9,202602,82,356.51,SUL,pld_horario,616,3f279d6b-1069-42f7-9b0a-217b084729c4
4,10,202602,83,354.9,NORDESTE,pld_horario,617,3f279d6b-1069-42f7-9b0a-217b084729c4
4,10,202602,83,354.9,NORTE,pld_horario,618,3f279d6b-1069-42f7-9b0a-217b084729c4
4,10,202602,83,354.9,SUDESTE,pld_horario,619,3f279d6b-1069-42f7-9b0a-217b084729c4
4,10,202602,83,354.91,SUL,pld_horario,620,3f279d6b-1069-42f7-9b0a-217b084729c4
4,11,202602,84,354.84,NORDESTE,pld_horario,621,3f279d6b-1069-42f7-9b0a-217b084729c4
4,11,202602,84,354.84,NORTE,pld_horario,622,3f279d6b-1069-42f7-9b0a-217b084729c4
4,11,202602,84,354.84,SUDESTE,pld_horario,623,3f279d6b-1069-42f7-9b0a-217b084729c4
4,11,202602,84,354.85,SUL,pld_horario,624,3f279d6b-1069-42f7-9b0a-217b084729c4
4,12,202602,85,350.18,NORDESTE,pld_horario,625,3f279d6b-1069-42f7-9b0a-217b084729c4
4,12,202602,85,350.19,NORTE,pld_horario,626,3f279d6b-1069-42f7-9b0a-217b084729c4
4,12,202602,85,350.19,SUDESTE,pld_horario,627,3f279d6b-1069-42f7-9b0a-217b084729c4
4,12,202602,85,350.19,SUL,pld_horario,628,3f279d6b-1069-42f7-9b0a-217b084729c4
4,13,202602,86,319.66,NORDESTE,pld_horario,629,3f279d6b-1069-42f7-9b0a-217b084729c4
4,13,202602,86,319.66,NORTE,pld_horario,630,3f279d6b-1069-42f7-9b0a-217b084729c4
4,13,202602,86,319.66,SUDESTE,pld_horario,631,3f279d6b-1069-42f7-9b0a-217b084729c4
4,13,202602,86,365.24,SUL,pld_horario,632,3f279d6b-1069-42f7-9b0a-217b084729c4
4,14,202602,87,363.83,NORDESTE,pld_horario,633,3f279d6b-1069-42f7-9b0a-217b084729c4
4,14,202602,87,363.83,NORTE,pld_horario,634,3f279d6b-1069-42f7-9b0a-217b084729c4
4,14,202602,87,363.84,SUDESTE,pld_horario,635,3f279d6b-1069-42f7-9b0a-217b084729c4
4,14,202602,87,367.76,SUL,pld_horario,636,3f279d6b-1069-42f7-9b0a-217b084729c4
4,15,202602,88,372.98,NORDESTE,pld_horario,637,3f279d6b-1069-42f7-9b0a-217b084729c4
4,15,202602,88,372.97,NORTE,pld_horario,638,3f279d6b-1069-42f7-9b0a-217b084729c4
4,15,202602,88,372.98,SUDESTE,pld_horario,639,3f279d6b-1069-42f7-9b0a-217b084729c4
4,15,202602,88,372.99,SUL,pld_horario,640,3f279d6b-1069-42f7-9b0a-217b084729c4
4,16,202602,89,392.22,NORDESTE,pld_horario,641,3f279d6b-1069-42f7-9b0a-217b084729c4
4,16,202602,89,392.21,NORTE,pld_horario,642,3f279d6b-1069-42f7-9b0a-217b084729c4
4,16,202602,89,392.23,SUDESTE,pld_horario,643,3f279d6b-1069-42f7-9b0a-217b084729c4
4,16,202602,89,392.23,SUL,pld_horario,644,3f279d6b-1069-42f7-9b0a-217b084729c4
4,17,202602,90,435.37,NORDESTE,pld_horario,645,3f279d6b-1069-42f7-9b0a-217b084729c4
4,17,202602,90,435.36,NORTE,pld_horario,646,3f279d6b-1069-42f7-9b0a-217b084729c4
4,17,202602,90,435.37,SUDESTE,pld_horario,647,3f279d6b-1069-42f7-9b0a-217b084729c4
4,17,202602,90,435.37,SUL,pld_horario,648,3f279d6b-1069-42f7-9b0a-217b084729c4
4,18,202602,91,582.86,NORDESTE,pld_horario,649,3f279d6b-1069-42f7-9b0a-217b084729c4
4,18,202602,91,582.86,NORTE,pld_horario,650,3f279d6b-1069-42f7-9b0a-217b084729c4
4,18,202602,91,582.86,SUDESTE,pld_horario,651,3f279d6b-1069-42f7-9b0a-217b084729c4
4,18,202602,91,582.87,SUL,pld_horario,652,3f279d6b-1069-42f7-9b0a-217b084729c4
4,19,202602,92,1199.88,NORDESTE,pld_horario,653,3f279d6b-1069-42f7-9b0a-217b084729c4
4,19,202602,92,1199.87,NORTE,pld_horario,654,3f279d6b-1069-42f7-9b0a-217b084729c4
4,19,202602,92,1199.88,SUDESTE,pld_horario,655,3f279d6b-1069-42f7-9b0a-217b084729c4
4,19,202602,92,1199.89,SUL,pld_horario,656,3f279d6b-1069-42f7-9b0a-217b084729c4
4,20,202602,93,1557.91,NORDESTE,pld_horario,657,3f279d6b-1069-42f7-9b0a-217b084729c4
4,20,202602,93,1557.9,NORTE,pld_horario,658,3f279d6b-1069-42f7-9b0a-217b084729c4
4,20,202602,93,1557.92,SUDESTE,pld_horario,659,3f279d6b-1069-42f7-9b0a-217b084729c4
4,20,202602,93,1557.93,SUL,pld_horario,660,3f279d6b-1069-42f7-9b0a-217b084729c4
4,21,202602,94,1521.4,NORDESTE,pld_horario,661,3f279d6b-1069-42f7-9b0a-217b084729c4
4,21,202602,94,1521.39,NORTE,pld_horario,662,3f279d6b-1069-42f7-9b0a-217b084729c4
4,21,202602,94,1521.4,SUDESTE,pld_horario,663,3f279d6b-1069-42f7-9b0a-217b084729c4
4,21,202602,94,1521.4,SUL,pld_horario,664,3f279d6b-1069-42f7-9b0a-217b084729c4
4,22,202602,95,879.49,NORDESTE,pld_horario,665,3f279d6b-1069-42f7-9b0a-217b084729c4
4,22,202602,95,879.48,NORTE,pld_horario,666,3f279d6b-1069-42f7-9b0a-217b084729c4
4,22,202602,95,879.49,SUDESTE,pld_horario,667,3f279d6b-1069-42f7-9b0a-217b084729c4
4,22,202602,95,879.49,SUL,pld_horario,668,3f279d6b-1069-42f7-9b0a-217b084729c4
4,23,202602,96,519.47,NORDESTE,pld_horario,669,3f279d6b-1069-42f7-9b0a-217b084729c4
4,23,202602,96,519.46,NORTE,pld_horario,670,3f279d6b-1069-42f7-9b0a-217b084729c4
4,23,202602,96,519.46,SUDESTE,pld_horario,671,3f279d6b-1069-42f7-9b0a-217b084729c4
4,23,202602,96,519.46,SUL,pld_horario,672,3f279d6b-1069-42f7-9b0a-217b084729c4
3,0,202602,49,495.56,NORDESTE,pld_horario,673,3f279d6b-1069-42f7-9b0a-217b084729c4
3,0,202602,49,495.55,NORTE,pld_horario,674,3f279d6b-1069-42f7-9b0a-217b084729c4
3,0,202602,49,495.56,SUDESTE,pld_horario,675,3f279d6b-1069-42f7-9b0a-217b084729c4
3,0,202602,49,495.55,SUL,pld_horario,676,3f279d6b-1069-42f7-9b0a-217b084729c4
3,1,202602,50,388.14,NORDESTE,pld_horario,677,3f279d6b-1069-42f7-9b0a-217b084729c4
3,1,202602,50,388.13,NORTE,pld_horario,678,3f279d6b-1069-42f7-9b0a-217b084729c4
3,1,202602,50,388.13,SUDESTE,pld_horario,679,3f279d6b-1069-42f7-9b0a-217b084729c4
3,1,202602,50,388.12,SUL,pld_horario,680,3f279d6b-1069-42f7-9b0a-217b084729c4
3,2,202602,51,377.17,NORDESTE,pld_horario,681,3f279d6b-1069-42f7-9b0a-217b084729c4
3,2,202602,51,377.16,NORTE,pld_horario,682,3f279d6b-1069-42f7-9b0a-217b084729c4
3,2,202602,51,377.17,SUDESTE,pld_horario,683,3f279d6b-1069-42f7-9b0a-217b084729c4
3,2,202602,51,377.17,SUL,pld_horario,684,3f279d6b-1069-42f7-9b0a-217b084729c4
3,3,202602,52,376.74,NORDESTE,pld_horario,685,3f279d6b-1069-42f7-9b0a-217b084729c4
3,3,202602,52,376.73,NORTE,pld_horario,686,3f279d6b-1069-42f7-9b0a-217b084729c4
3,3,202602,52,376.74,SUDESTE,pld_horario,687,3f279d6b-1069-42f7-9b0a-217b084729c4
3,3,202602,52,376.74,SUL,pld_horario,688,3f279d6b-1069-42f7-9b0a-217b084729c4
3,4,202602,53,376.7,NORDESTE,pld_horario,689,3f279d6b-1069-42f7-9b0a-217b084729c4
3,4,202602,53,376.69,NORTE,pld_horario,690,3f279d6b-1069-42f7-9b0a-217b084729c4
3,4,202602,53,376.69,SUDESTE,pld_horario,691,3f279d6b-1069-42f7-9b0a-217b084729c4
3,4,202602,53,376.69,SUL,pld_horario,692,3f279d6b-1069-42f7-9b0a-217b084729c4
3,5,202602,54,379.26,NORDESTE,pld_horario,693,3f279d6b-1069-42f7-9b0a-217b084729c4
3,5,202602,54,379.25,NORTE,pld_horario,694,3f279d6b-1069-42f7-9b0a-217b084729c4
3,5,202602,54,379.25,SUDESTE,pld_horario,695,3f279d6b-1069-42f7-9b0a-217b084729c4
3,5,202602,54,379.24,SUL,pld_horario,696,3f279d6b-1069-42f7-9b0a-217b084729c4
3,6,202602,55,376.86,NORDESTE,pld_horario,697,3f279d6b-1069-42f7-9b0a-217b084729c4
3,6,202602,55,376.85,NORTE,pld_horario,698,3f279d6b-1069-42f7-9b0a-217b084729c4
3,6,202602,55,376.86,SUDESTE,pld_horario,699,3f279d6b-1069-42f7-9b0a-217b084729c4
3,6,202602,55,376.86,SUL,pld_horario,700,3f279d6b-1069-42f7-9b0a-217b084729c4
3,7,202602,56,370.3,NORDESTE,pld_horario,701,3f279d6b-1069-42f7-9b0a-217b084729c4
3,7,202602,56,370.29,NORTE,pld_horario,702,3f279d6b-1069-42f7-9b0a-217b084729c4
3,7,202602,56,370.3,SUDESTE,pld_horario,703,3f279d6b-1069-42f7-9b0a-217b084729c4
3,7,202602,56,370.31,SUL,pld_horario,704,3f279d6b-1069-42f7-9b0a-217b084729c4
3,8,202602,57,369.2,NORDESTE,pld_horario,705,3f279d6b-1069-42f7-9b0a-217b084729c4
3,8,202602,57,369.2,NORTE,pld_horario,706,3f279d6b-1069-42f7-9b0a-217b084729c4
3,8,202602,57,369.21,SUDESTE,pld_horario,707,3f279d6b-1069-42f7-9b0a-217b084729c4
3,8,202602,57,369.22,SUL,pld_horario,708,3f279d6b-1069-42f7-9b0a-217b084729c4
3,9,202602,58,362.85,NORDESTE,pld_horario,709,3f279d6b-1069-42f7-9b0a-217b084729c4
3,9,202602,58,362.86,NORTE,pld_horario,710,3f279d6b-1069-42f7-9b0a-217b084729c4
3,9,202602,58,362.86,SUDESTE,pld_horario,711,3f279d6b-1069-42f7-9b0a-217b084729c4
3,9,202602,58,362.87,SUL,pld_horario,712,3f279d6b-1069-42f7-9b0a-217b084729c4
3,10,202602,59,362.08,NORDESTE,pld_horario,713,3f279d6b-1069-42f7-9b0a-217b084729c4
3,10,202602,59,362.09,NORTE,pld_horario,714,3f279d6b-1069-42f7-9b0a-217b084729c4
3,10,202602,59,362.09,SUDESTE,pld_horario,715,3f279d6b-1069-42f7-9b0a-217b084729c4
3,10,202602,59,362.1,SUL,pld_horario,716,3f279d6b-1069-42f7-9b0a-217b084729c4
3,11,202602,60,362.48,NORDESTE,pld_horario,717,3f279d6b-1069-42f7-9b0a-217b084729c4
3,11,202602,60,362.48,NORTE,pld_horario,718,3f279d6b-1069-42f7-9b0a-217b084729c4
3,11,202602,60,362.48,SUDESTE,pld_horario,719,3f279d6b-1069-42f7-9b0a-217b084729c4
3,11,202602,60,362.49,SUL,pld_horario,720,3f279d6b-1069-42f7-9b0a-217b084729c4
3,12,202602,61,355.35,NORDESTE,pld_horario,721,3f279d6b-1069-42f7-9b0a-217b084729c4
3,12,202602,61,355.36,NORTE,pld_horario,722,3f279d6b-1069-42f7-9b0a-217b084729c4
3,12,202602,61,355.36,SUDESTE,pld_horario,723,3f279d6b-1069-42f7-9b0a-217b084729c4
3,12,202602,61,355.37,SUL,pld_horario,724,3f279d6b-1069-42f7-9b0a-217b084729c4
3,13,202602,62,339.79,NORDESTE,pld_horario,725,3f279d6b-1069-42f7-9b0a-217b084729c4
3,13,202602,62,339.8,NORTE,pld_horario,726,3f279d6b-1069-42f7-9b0a-217b084729c4
3,13,202602,62,339.8,SUDESTE,pld_horario,727,3f279d6b-1069-42f7-9b0a-217b084729c4
3,13,202602,62,370.81,SUL,pld_horario,728,3f279d6b-1069-42f7-9b0a-217b084729c4
3,14,202602,63,359.5,NORDESTE,pld_horario,729,3f279d6b-1069-42f7-9b0a-217b084729c4
3,14,202602,63,359.5,NORTE,pld_horario,730,3f279d6b-1069-42f7-9b0a-217b084729c4
3,14,202602,63,359.51,SUDESTE,pld_horario,731,3f279d6b-1069-42f7-9b0a-217b084729c4
3,14,202602,63,374.87,SUL,pld_horario,732,3f279d6b-1069-42f7-9b0a-217b084729c4
3,15,202602,64,374.81,NORDESTE,pld_horario,733,3f279d6b-1069-42f7-9b0a-217b084729c4
3,15,202602,64,374.81,NORTE,pld_horario,734,3f279d6b-1069-42f7-9b0a-217b084729c4
3,15,202602,64,374.82,SUDESTE,pld_horario,735,3f279d6b-1069-42f7-9b0a-217b084729c4
3,15,202602,64,375.93,SUL,pld_horario,736,3f279d6b-1069-42f7-9b0a-217b084729c4
3,16,202602,65,392.79,NORDESTE,pld_horario,737,3f279d6b-1069-42f7-9b0a-217b084729c4
3,16,202602,65,392.78,NORTE,pld_horario,738,3f279d6b-1069-42f7-9b0a-217b084729c4
3,16,202602,65,392.8,SUDESTE,pld_horario,739,3f279d6b-1069-42f7-9b0a-217b084729c4
3,16,202602,65,392.8,SUL,pld_horario,740,3f279d6b-1069-42f7-9b0a-217b084729c4
3,17,202602,66,422.89,NORDESTE,pld_horario,741,3f279d6b-1069-42f7-9b0a-217b084729c4
3,17,202602,66,422.88,NORTE,pld_horario,742,3f279d6b-1069-42f7-9b0a-217b084729c4
3,17,202602,66,422.9,SUDESTE,pld_horario,743,3f279d6b-1069-42f7-9b0a-217b084729c4
3,17,202602,66,422.9,SUL,pld_horario,744,3f279d6b-1069-42f7-9b0a-217b084729c4
3,18,202602,67,582.83,NORDESTE,pld_horario,745,3f279d6b-1069-42f7-9b0a-217b084729c4
3,18,202602,67,582.82,NORTE,pld_horario,746,3f279d6b-1069-42f7-9b0a-217b084729c4
3,18,202602,67,582.84,SUDESTE,pld_horario,747,3f279d6b-1069-42f7-9b0a-217b084729c4
3,18,202602,67,582.84,SUL,pld_horario,748,3f279d6b-1069-42f7-9b0a-217b084729c4
3,19,202602,68,694.33,NORDESTE,pld_horario,749,3f279d6b-1069-42f7-9b0a-217b084729c4
3,19,202602,68,694.32,NORTE,pld_horario,750,3f279d6b-1069-42f7-9b0a-217b084729c4
3,19,202602,68,694.33,SUDESTE,pld_horario,751,3f279d6b-1069-42f7-9b0a-217b084729c4
3,19,202602,68,694.33,SUL,pld_horario,752,3f279d6b-1069-42f7-9b0a-217b084729c4
3,20,202602,69,781.41,NORDESTE,pld_horario,753,3f279d6b-1069-42f7-9b0a-217b084729c4
3,20,202602,69,781.4,NORTE,pld_horario,754,3f279d6b-1069-42f7-9b0a-217b084729c4
3,20,202602,69,781.42,SUDESTE,pld_horario,755,3f279d6b-1069-42f7-9b0a-217b084729c4
3,20,202602,69,781.43,SUL,pld_horario,756,3f279d6b-1069-42f7-9b0a-217b084729c4
3,21,202602,70,786.79,NORDESTE,pld_horario,757,3f279d6b-1069-42f7-9b0a-217b084729c4
3,21,202602,70,786.78,NORTE,pld_horario,758,3f279d6b-1069-42f7-9b0a-217b084729c4
3,21,202602,70,786.8,SUDESTE,pld_horario,759,3f279d6b-1069-42f7-9b0a-217b084729c4
3,21,202602,70,786.8,SUL,pld_horario,760,3f279d6b-1069-42f7-9b0a-217b084729c4
3,22,202602,71,712.53,NORDESTE,pld_horario,761,3f279d6b-1069-42f7-9b0a-217b084729c4
3,22,202602,71,712.52,NORTE,pld_horario,762,3f279d6b-1069-42f7-9b0a-217b084729c4
3,22,202602,71,712.53,SUDESTE,pld_horario,763,3f279d6b-1069-42f7-9b0a-217b084729c4
3,22,202602,71,712.54,SUL,pld_horario,764,3f279d6b-1069-42f7-9b0a-217b084729c4
3,23,202602,72,573.32,NORDESTE,pld_horario,765,3f279d6b-1069-42f7-9b0a-217b084729c4
3,23,202602,72,573.31,NORTE,pld_horario,766,3f279d6b-1069-42f7-9b0a-217b084729c4
3,23,202602,72,573.32,SUDESTE,pld_horario,767,3f279d6b-1069-42f7-9b0a-217b084729c4
3,23,202602,72,573.32,SUL,pld_horario,768,3f279d6b-1069-42f7-9b0a-217b084729c4
2,0,202602,25,385.36,NORDESTE,pld_horario,769,3f279d6b-1069-42f7-9b0a-217b084729c4
2,0,202602,25,385.35,NORTE,pld_horario,770,3f279d6b-1069-42f7-9b0a-217b084729c4
2,0,202602,25,385.36,SUDESTE,pld_horario,771,3f279d6b-1069-42f7-9b0a-217b084729c4
2,0,202602,25,385.36,SUL,pld_horario,772,3f279d6b-1069-42f7-9b0a-217b084729c4
2,1,202602,26,377.6,NORDESTE,pld_horario,773,3f279d6b-1069-42f7-9b0a-217b084729c4
2,1,202602,26,377.6,NORTE,pld_horario,774,3f279d6b-1069-42f7-9b0a-217b084729c4
2,1,202602,26,377.6,SUDESTE,pld_horario,775,3f279d6b-1069-42f7-9b0a-217b084729c4
2,1,202602,26,377.6,SUL,pld_horario,776,3f279d6b-1069-42f7-9b0a-217b084729c4
2,2,202602,27,375.08,NORDESTE,pld_horario,777,3f279d6b-1069-42f7-9b0a-217b084729c4
2,2,202602,27,375.09,NORTE,pld_horario,778,3f279d6b-1069-42f7-9b0a-217b084729c4
2,2,202602,27,375.09,SUDESTE,pld_horario,779,3f279d6b-1069-42f7-9b0a-217b084729c4
2,2,202602,27,375.09,SUL,pld_horario,780,3f279d6b-1069-42f7-9b0a-217b084729c4
2,3,202602,28,374.24,NORDESTE,pld_horario,781,3f279d6b-1069-42f7-9b0a-217b084729c4
2,3,202602,28,374.24,NORTE,pld_horario,782,3f279d6b-1069-42f7-9b0a-217b084729c4
2,3,202602,28,374.24,SUDESTE,pld_horario,783,3f279d6b-1069-42f7-9b0a-217b084729c4
2,3,202602,28,374.25,SUL,pld_horario,784,3f279d6b-1069-42f7-9b0a-217b084729c4
2,4,202602,29,374.93,NORDESTE,pld_horario,785,3f279d6b-1069-42f7-9b0a-217b084729c4
2,4,202602,29,374.93,NORTE,pld_horario,786,3f279d6b-1069-42f7-9b0a-217b084729c4
2,4,202602,29,374.93,SUDESTE,pld_horario,787,3f279d6b-1069-42f7-9b0a-217b084729c4
2,4,202602,29,374.93,SUL,pld_horario,788,3f279d6b-1069-42f7-9b0a-217b084729c4
2,5,202602,30,376.99,NORDESTE,pld_horario,789,3f279d6b-1069-42f7-9b0a-217b084729c4
2,5,202602,30,376.99,NORTE,pld_horario,790,3f279d6b-1069-42f7-9b0a-217b084729c4
2,5,202602,30,376.99,SUDESTE,pld_horario,791,3f279d6b-1069-42f7-9b0a-217b084729c4
2,5,202602,30,376.99,SUL,pld_horario,792,3f279d6b-1069-42f7-9b0a-217b084729c4
2,6,202602,31,376.22,NORDESTE,pld_horario,793,3f279d6b-1069-42f7-9b0a-217b084729c4
2,6,202602,31,376.22,NORTE,pld_horario,794,3f279d6b-1069-42f7-9b0a-217b084729c4
2,6,202602,31,376.23,SUDESTE,pld_horario,795,3f279d6b-1069-42f7-9b0a-217b084729c4
2,6,202602,31,376.23,SUL,pld_horario,796,3f279d6b-1069-42f7-9b0a-217b084729c4
2,7,202602,32,372.71,NORDESTE,pld_horario,797,3f279d6b-1069-42f7-9b0a-217b084729c4
2,7,202602,32,372.71,NORTE,pld_horario,798,3f279d6b-1069-42f7-9b0a-217b084729c4
2,7,202602,32,372.71,SUDESTE,pld_horario,799,3f279d6b-1069-42f7-9b0a-217b084729c4
2,7,202602,32,372.72,SUL,pld_horario,800,3f279d6b-1069-42f7-9b0a-217b084729c4
2,8,202602,33,373.66,NORDESTE,pld_horario,801,3f279d6b-1069-42f7-9b0a-217b084729c4
2,8,202602,33,373.66,NORTE,pld_horario,802,3f279d6b-1069-42f7-9b0a-217b084729c4
2,8,202602,33,373.66,SUDESTE,pld_horario,803,3f279d6b-1069-42f7-9b0a-217b084729c4
2,8,202602,33,373.67,SUL,pld_horario,804,3f279d6b-1069-42f7-9b0a-217b084729c4
2,9,202602,34,371.43,NORDESTE,pld_horario,805,3f279d6b-1069-42f7-9b0a-217b084729c4
2,9,202602,34,371.43,NORTE,pld_horario,806,3f279d6b-1069-42f7-9b0a-217b084729c4
2,9,202602,34,371.43,SUDESTE,pld_horario,807,3f279d6b-1069-42f7-9b0a-217b084729c4
2,9,202602,34,371.44,SUL,pld_horario,808,3f279d6b-1069-42f7-9b0a-217b084729c4
2,10,202602,35,370.67,NORDESTE,pld_horario,809,3f279d6b-1069-42f7-9b0a-217b084729c4
2,10,202602,35,370.67,NORTE,pld_horario,810,3f279d6b-1069-42f7-9b0a-217b084729c4
2,10,202602,35,370.67,SUDESTE,pld_horario,811,3f279d6b-1069-42f7-9b0a-217b084729c4
2,10,202602,35,370.68,SUL,pld_horario,812,3f279d6b-1069-42f7-9b0a-217b084729c4
2,11,202602,36,367.6,NORDESTE,pld_horario,813,3f279d6b-1069-42f7-9b0a-217b084729c4
2,11,202602,36,367.6,NORTE,pld_horario,814,3f279d6b-1069-42f7-9b0a-217b084729c4
2,11,202602,36,367.6,SUDESTE,pld_horario,815,3f279d6b-1069-42f7-9b0a-217b084729c4
2,11,202602,36,367.61,SUL,pld_horario,816,3f279d6b-1069-42f7-9b0a-217b084729c4
2,12,202602,37,359.03,NORDESTE,pld_horario,817,3f279d6b-1069-42f7-9b0a-217b084729c4
2,12,202602,37,359.04,NORTE,pld_horario,818,3f279d6b-1069-42f7-9b0a-217b084729c4
2,12,202602,37,359.04,SUDESTE,pld_horario,819,3f279d6b-1069-42f7-9b0a-217b084729c4
2,12,202602,37,359.05,SUL,pld_horario,820,3f279d6b-1069-42f7-9b0a-217b084729c4
2,13,202602,38,358.5,NORDESTE,pld_horario,821,3f279d6b-1069-42f7-9b0a-217b084729c4
2,13,202602,38,358.51,NORTE,pld_horario,822,3f279d6b-1069-42f7-9b0a-217b084729c4
2,13,202602,38,358.51,SUDESTE,pld_horario,823,3f279d6b-1069-42f7-9b0a-217b084729c4
2,13,202602,38,374.77,SUL,pld_horario,824,3f279d6b-1069-42f7-9b0a-217b084729c4
2,14,202602,39,375.85,NORDESTE,pld_horario,825,3f279d6b-1069-42f7-9b0a-217b084729c4
2,14,202602,39,375.85,NORTE,pld_horario,826,3f279d6b-1069-42f7-9b0a-217b084729c4
2,14,202602,39,375.85,SUDESTE,pld_horario,827,3f279d6b-1069-42f7-9b0a-217b084729c4
2,14,202602,39,377.4,SUL,pld_horario,828,3f279d6b-1069-42f7-9b0a-217b084729c4
2,15,202602,40,381.5,NORDESTE,pld_horario,829,3f279d6b-1069-42f7-9b0a-217b084729c4
2,15,202602,40,381.5,NORTE,pld_horario,830,3f279d6b-1069-42f7-9b0a-217b084729c4
2,15,202602,40,381.51,SUDESTE,pld_horario,831,3f279d6b-1069-42f7-9b0a-217b084729c4
2,15,202602,40,381.52,SUL,pld_horario,832,3f279d6b-1069-42f7-9b0a-217b084729c4
2,16,202602,41,393.87,NORDESTE,pld_horario,833,3f279d6b-1069-42f7-9b0a-217b084729c4
2,16,202602,41,393.86,NORTE,pld_horario,834,3f279d6b-1069-42f7-9b0a-217b084729c4
2,16,202602,41,393.88,SUDESTE,pld_horario,835,3f279d6b-1069-42f7-9b0a-217b084729c4
2,16,202602,41,393.88,SUL,pld_horario,836,3f279d6b-1069-42f7-9b0a-217b084729c4
2,17,202602,42,404.19,NORDESTE,pld_horario,837,3f279d6b-1069-42f7-9b0a-217b084729c4
2,17,202602,42,404.18,NORTE,pld_horario,838,3f279d6b-1069-42f7-9b0a-217b084729c4
2,17,202602,42,404.19,SUDESTE,pld_horario,839,3f279d6b-1069-42f7-9b0a-217b084729c4
2,17,202602,42,404.19,SUL,pld_horario,840,3f279d6b-1069-42f7-9b0a-217b084729c4
2,18,202602,43,425.39,NORDESTE,pld_horario,841,3f279d6b-1069-42f7-9b0a-217b084729c4
2,18,202602,43,425.38,NORTE,pld_horario,842,3f279d6b-1069-42f7-9b0a-217b084729c4
2,18,202602,43,425.39,SUDESTE,pld_horario,843,3f279d6b-1069-42f7-9b0a-217b084729c4
2,18,202602,43,425.39,SUL,pld_horario,844,3f279d6b-1069-42f7-9b0a-217b084729c4
2,19,202602,44,458.29,NORDESTE,pld_horario,845,3f279d6b-1069-42f7-9b0a-217b084729c4
2,19,202602,44,458.28,NORTE,pld_horario,846,3f279d6b-1069-42f7-9b0a-217b084729c4
2,19,202602,44,458.29,SUDESTE,pld_horario,847,3f279d6b-1069-42f7-9b0a-217b084729c4
2,19,202602,44,458.3,SUL,pld_horario,848,3f279d6b-1069-42f7-9b0a-217b084729c4
2,20,202602,45,460.14,NORDESTE,pld_horario,849,3f279d6b-1069-42f7-9b0a-217b084729c4
2,20,202602,45,460.13,NORTE,pld_horario,850,3f279d6b-1069-42f7-9b0a-217b084729c4
2,20,202602,45,460.14,SUDESTE,pld_horario,851,3f279d6b-1069-42f7-9b0a-217b084729c4
2,20,202602,45,460.15,SUL,pld_horario,852,3f279d6b-1069-42f7-9b0a-217b084729c4
2,21,202602,46,465.08,NORDESTE,pld_horario,853,3f279d6b-1069-42f7-9b0a-217b084729c4
2,21,202602,46,465.07,NORTE,pld_horario,854,3f279d6b-1069-42f7-9b0a-217b084729c4
2,21,202602,46,465.08,SUDESTE,pld_horario,855,3f279d6b-1069-42f7-9b0a-217b084729c4
2,21,202602,46,465.09,SUL,pld_horario,856,3f279d6b-1069-42f7-9b0a-217b084729c4
2,22,202602,47,458.47,NORDESTE,pld_horario,857,3f279d6b-1069-42f7-9b0a-217b084729c4
2,22,202602,47,458.46,NORTE,pld_horario,858,3f279d6b-1069-42f7-9b0a-217b084729c4
2,22,202602,47,458.48,SUDESTE,pld_horario,859,3f279d6b-1069-42f7-9b0a-217b084729c4
2,22,202602,47,458.48,SUL,pld_horario,860,3f279d6b-1069-42f7-9b0a-217b084729c4
2,23,202602,48,412.9,NORDESTE,pld_horario,861,3f279d6b-1069-42f7-9b0a-217b084729c4
2,23,202602,48,412.89,NORTE,pld_horario,862,3f279d6b-1069-42f7-9b0a-217b084729c4
2,23,202602,48,412.9,SUDESTE,pld_horario,863,3f279d6b-1069-42f7-9b0a-217b084729c4
2,23,202602,48,412.9,SUL,pld_horario,864,3f279d6b-1069-42f7-9b0a-217b084729c4
1,0,202602,1,381.4,NORDESTE,pld_horario,865,3f279d6b-1069-42f7-9b0a-217b084729c4
1,0,202602,1,381.39,NORTE,pld_horario,866,3f279d6b-1069-42f7-9b0a-217b084729c4
1,0,202602,1,381.4,SUDESTE,pld_horario,867,3f279d6b-1069-42f7-9b0a-217b084729c4
1,0,202602,1,381.4,SUL,pld_horario,868,3f279d6b-1069-42f7-9b0a-217b084729c4
1,1,202602,2,373.98,NORDESTE,pld_horario,869,3f279d6b-1069-42f7-9b0a-217b084729c4
1,1,202602,2,373.97,NORTE,pld_horario,870,3f279d6b-1069-42f7-9b0a-217b084729c4
1,1,202602,2,373.97,SUDESTE,pld_horario,871,3f279d6b-1069-42f7-9b0a-217b084729c4
1,1,202602,2,373.97,SUL,pld_horario,872,3f279d6b-1069-42f7-9b0a-217b084729c4
1,2,202602,3,372.09,NORDESTE,pld_horario,873,3f279d6b-1069-42f7-9b0a-217b084729c4
1,2,202602,3,372.08,NORTE,pld_horario,874,3f279d6b-1069-42f7-9b0a-217b084729c4
1,2,202602,3,372.09,SUDESTE,pld_horario,875,3f279d6b-1069-42f7-9b0a-217b084729c4
1,2,202602,3,372.09,SUL,pld_horario,876,3f279d6b-1069-42f7-9b0a-217b084729c4
1,3,202602,4,371.85,NORDESTE,pld_horario,877,3f279d6b-1069-42f7-9b0a-217b084729c4
1,3,202602,4,371.85,NORTE,pld_horario,878,3f279d6b-1069-42f7-9b0a-217b084729c4
1,3,202602,4,371.85,SUDESTE,pld_horario,879,3f279d6b-1069-42f7-9b0a-217b084729c4
1,3,202602,4,371.84,SUL,pld_horario,880,3f279d6b-1069-42f7-9b0a-217b084729c4
1,4,202602,5,370.58,NORDESTE,pld_horario,881,3f279d6b-1069-42f7-9b0a-217b084729c4
1,4,202602,5,370.57,NORTE,pld_horario,882,3f279d6b-1069-42f7-9b0a-217b084729c4
1,4,202602,5,370.57,SUDESTE,pld_horario,883,3f279d6b-1069-42f7-9b0a-217b084729c4
1,4,202602,5,370.57,SUL,pld_horario,884,3f279d6b-1069-42f7-9b0a-217b084729c4
1,5,202602,6,370.07,NORDESTE,pld_horario,885,3f279d6b-1069-42f7-9b0a-217b084729c4
1,5,202602,6,370.06,NORTE,pld_horario,886,3f279d6b-1069-42f7-9b0a-217b084729c4
1,5,202602,6,370.06,SUDESTE,pld_horario,887,3f279d6b-1069-42f7-9b0a-217b084729c4
1,5,202602,6,370.06,SUL,pld_horario,888,3f279d6b-1069-42f7-9b0a-217b084729c4
1,6,202602,7,362.38,NORDESTE,pld_horario,889,3f279d6b-1069-42f7-9b0a-217b084729c4
1,6,202602,7,362.38,NORTE,pld_horario,890,3f279d6b-1069-42f7-9b0a-217b084729c4
1,6,202602,7,362.38,SUDESTE,pld_horario,891,3f279d6b-1069-42f7-9b0a-217b084729c4
1,6,202602,7,362.38,SUL,pld_horario,892,3f279d6b-1069-42f7-9b0a-217b084729c4
1,7,202602,8,321.68,NORDESTE,pld_horario,893,3f279d6b-1069-42f7-9b0a-217b084729c4
1,7,202602,8,321.69,NORTE,pld_horario,894,3f279d6b-1069-42f7-9b0a-217b084729c4
1,7,202602,8,321.69,SUDESTE,pld_horario,895,3f279d6b-1069-42f7-9b0a-217b084729c4
1,7,202602,8,321.7,SUL,pld_horario,896,3f279d6b-1069-42f7-9b0a-217b084729c4
1,8,202602,9,57.31,NORDESTE,pld_horario,897,3f279d6b-1069-42f7-9b0a-217b084729c4
1,8,202602,9,57.31,NORTE,pld_horario,898,3f279d6b-1069-42f7-9b0a-217b084729c4
1,8,202602,9,57.31,SUDESTE,pld_horario,899,3f279d6b-1069-42f7-9b0a-217b084729c4
1,8,202602,9,57.31,SUL,pld_horario,900,3f279d6b-1069-42f7-9b0a-217b084729c4
1,9,202602,10,57.31,NORDESTE,pld_horario,901,3f279d6b-1069-42f7-9b0a-217b084729c4
1,9,202602,10,57.31,NORTE,pld_horario,902,3f279d6b-1069-42f7-9b0a-217b084729c4
1,9,202602,10,57.31,SUDESTE,pld_horario,903,3f279d6b-1069-42f7-9b0a-217b084729c4
1,9,202602,10,57.31,SUL,pld_horario,904,3f279d6b-1069-42f7-9b0a-217b084729c4
1,10,202602,11,57.31,NORDESTE,pld_horario,905,3f279d6b-1069-42f7-9b0a-217b084729c4
1,10,202602,11,57.31,NORTE,pld_horario,906,3f279d6b-1069-42f7-9b0a-217b084729c4
1,10,202602,11,57.31,SUDESTE,pld_horario,907,3f279d6b-1069-42f7-9b0a-217b084729c4
1,10,202602,11,57.31,SUL,pld_horario,908,3f279d6b-1069-42f7-9b0a-217b084729c4
1,11,202602,12,57.31,NORDESTE,pld_horario,909,3f279d6b-1069-42f7-9b0a-217b084729c4
1,11,202602,12,57.31,NORTE,pld_horario,910,3f279d6b-1069-42f7-9b0a-217b084729c4
1,11,202602,12,57.31,SUDESTE,pld_horario,911,3f279d6b-1069-42f7-9b0a-217b084729c4
1,11,202602,12,57.31,SUL,pld_horario,912,3f279d6b-1069-42f7-9b0a-217b084729c4
1,12,202602,13,57.31,NORDESTE,pld_horario,913,3f279d6b-1069-42f7-9b0a-217b084729c4
1,12,202602,13,57.31,NORTE,pld_horario,914,3f279d6b-1069-42f7-9b0a-217b084729c4
1,12,202602,13,57.31,SUDESTE,pld_horario,915,3f279d6b-1069-42f7-9b0a-217b084729c4
1,12,202602,13,57.31,SUL,pld_horario,916,3f279d6b-1069-42f7-9b0a-217b084729c4
1,13,202602,14,57.31,NORDESTE,pld_horario,917,3f279d6b-1069-42f7-9b0a-217b084729c4
1,13,202602,14,57.31,NORTE,pld_horario,918,3f279d6b-1069-42f7-9b0a-217b084729c4
1,13,202602,14,57.31,SUDESTE,pld_horario,919,3f279d6b-1069-42f7-9b0a-217b084729c4
1,13,202602,14,57.31,SUL,pld_horario,920,3f279d6b-1069-42f7-9b0a-217b084729c4
1,14,202602,15,57.31,NORDESTE,pld_horario,921,3f279d6b-1069-42f7-9b0a-217b084729c4
1,14,202602,15,57.31,NORTE,pld_horario,922,3f279d6b-1069-42f7-9b0a-217b084729c4
1,14,202602,15,57.31,SUDESTE,pld_horario,923,3f279d6b-1069-42f7-9b0a-217b084729c4
1,14,202602,15,57.31,SUL,pld_horario,924,3f279d6b-1069-42f7-9b0a-217b084729c4
1,15,202602,16,87.1,NORDESTE,pld_horario,925,3f279d6b-1069-42f7-9b0a-217b084729c4
1,15,202602,16,87.1,NORTE,pld_horario,926,3f279d6b-1069-42f7-9b0a-217b084729c4
1,15,202602,16,87.1,SUDESTE,pld_horario,927,3f279d6b-1069-42f7-9b0a-217b084729c4
1,15,202602,16,87.11,SUL,pld_horario,928,3f279d6b-1069-42f7-9b0a-217b084729c4
1,16,202602,17,347.81,NORDESTE,pld_horario,929,3f279d6b-1069-42f7-9b0a-217b084729c4
1,16,202602,17,347.82,NORTE,pld_horario,930,3f279d6b-1069-42f7-9b0a-217b084729c4
1,16,202602,17,347.82,SUDESTE,pld_horario,931,3f279d6b-1069-42f7-9b0a-217b084729c4
1,16,202602,17,347.83,SUL,pld_horario,932,3f279d6b-1069-42f7-9b0a-217b084729c4
1,17,202602,18,368.6,NORDESTE,pld_horario,933,3f279d6b-1069-42f7-9b0a-217b084729c4
1,17,202602,18,368.6,NORTE,pld_horario,934,3f279d6b-1069-42f7-9b0a-217b084729c4
1,17,202602,18,368.6,SUDESTE,pld_horario,935,3f279d6b-1069-42f7-9b0a-217b084729c4
1,17,202602,18,368.6,SUL,pld_horario,936,3f279d6b-1069-42f7-9b0a-217b084729c4
1,18,202602,19,385.32,NORDESTE,pld_horario,937,3f279d6b-1069-42f7-9b0a-217b084729c4
1,18,202602,19,385.32,NORTE,pld_horario,938,3f279d6b-1069-42f7-9b0a-217b084729c4
1,18,202602,19,385.32,SUDESTE,pld_horario,939,3f279d6b-1069-42f7-9b0a-217b084729c4
1,18,202602,19,385.31,SUL,pld_horario,940,3f279d6b-1069-42f7-9b0a-217b084729c4
1,19,202602,20,391.37,NORDESTE,pld_horario,941,3f279d6b-1069-42f7-9b0a-217b084729c4
1,19,202602,20,391.38,NORTE,pld_horario,942,3f279d6b-1069-42f7-9b0a-217b084729c4
1,19,202602,20,391.38,SUDESTE,pld_horario,943,3f279d6b-1069-42f7-9b0a-217b084729c4
1,19,202602,20,391.38,SUL,pld_horario,944,3f279d6b-1069-42f7-9b0a-217b084729c4
1,20,202602,21,386.38,NORDESTE,pld_horario,945,3f279d6b-1069-42f7-9b0a-217b084729c4
1,20,202602,21,386.38,NORTE,pld_horario,946,3f279d6b-1069-42f7-9b0a-217b084729c4
1,20,202602,21,386.38,SUDESTE,pld_horario,947,3f279d6b-1069-42f7-9b0a-217b084729c4
1,20,202602,21,386.38,SUL,pld_horario,948,3f279d6b-1069-42f7-9b0a-217b084729c4
1,21,202602,22,384.58,NORDESTE,pld_horario,949,3f279d6b-1069-42f7-9b0a-217b084729c4
1,21,202602,22,384.58,NORTE,pld_horario,950,3f279d6b-1069-42f7-9b0a-217b084729c4
1,21,202602,22,384.59,SUDESTE,pld_horario,951,3f279d6b-1069-42f7-9b0a-217b084729c4
1,21,202602,22,384.59,SUL,pld_horario,952,3f279d6b-1069-42f7-9b0a-217b084729c4
1,22,202602,23,379.01,NORDESTE,pld_horario,953,3f279d6b-1069-42f7-9b0a-217b084729c4
1,22,202602,23,379.0,NORTE,pld_horario,954,3f279d6b-1069-42f7-9b0a-217b084729c4
1,22,202602,23,379.01,SUDESTE,pld_horario,955,3f279d6b-1069-42f7-9b0a-217b084729c4
1,22,202602,23,379.01,SUL,pld_horario,956,3f279d6b-1069-42f7-9b0a-217b084729c4
1,23,202602,24,378.46,NORDESTE,pld_horario,957,3f279d6b-1069-42f7-9b0a-217b084729c4
1,23,202602,24,378.45,NORTE,pld_horario,958,3f279d6b-1069-42f7-9b0a-217b084729c4
1,23,202602,24,378.46,SUDESTE,pld_horario,959,3f279d6b-1069-42f7-9b0a-217b084729c4
1,23,202602,24,378.46,SUL,pld_horario,960,3f279d6b-1069-42f7-9b0a-217b084729c4
31,0,202601,721,392.43,NORDESTE,pld_horario,961,3f279d6b-1069-42f7-9b0a-217b084729c4
31,0,202601,721,392.42,NORTE,pld_horario,962,3f279d6b-1069-42f7-9b0a-217b084729c4
31,0,202601,721,392.43,SUDESTE,pld_horario,963,3f279d6b-1069-42f7-9b0a-217b084729c4
31,0,202601,721,392.43,SUL,pld_horario,964,3f279d6b-1069-42f7-9b0a-217b084729c4
31,1,202601,722,379.61,NORDESTE,pld_horario,965,3f279d6b-1069-42f7-9b0a-217b084729c4
31,1,202601,722,379.6,NORTE,pld_horario,966,3f279d6b-1069-42f7-9b0a-217b084729c4
31,1,202601,722,379.61,SUDESTE,pld_horario,967,3f279d6b-1069-42f7-9b0a-217b084729c4
31,1,202601,722,379.61,SUL,pld_horario,968,3f279d6b-1069-42f7-9b0a-217b084729c4
31,2,202601,723,374.3,NORDESTE,pld_horario,969,3f279d6b-1069-42f7-9b0a-217b084729c4
31,2,202601,723,374.29,NORTE,pld_horario,970,3f279d6b-1069-42f7-9b0a-217b084729c4
31,2,202601,723,374.3,SUDESTE,pld_horario,971,3f279d6b-1069-42f7-9b0a-217b084729c4
31,2,202601,723,374.3,SUL,pld_horario,972,3f279d6b-1069-42f7-9b0a-217b084729c4
31,3,202601,724,373.58,NORDESTE,pld_horario,973,3f279d6b-1069-42f7-9b0a-217b084729c4
31,3,202601,724,373.57,NORTE,pld_horario,974,3f279d6b-1069-42f7-9b0a-217b084729c4
31,3,202601,724,373.58,SUDESTE,pld_horario,975,3f279d6b-1069-42f7-9b0a-217b084729c4
31,3,202601,724,373.58,SUL,pld_horario,976,3f279d6b-1069-42f7-9b0a-217b084729c4
31,4,202601,725,375.02,NORDESTE,pld_horario,977,3f279d6b-1069-42f7-9b0a-217b084729c4
31,4,202601,725,375.02,NORTE,pld_horario,978,3f279d6b-1069-42f7-9b0a-217b084729c4
31,4,202601,725,375.02,SUDESTE,pld_horario,979,3f279d6b-1069-42f7-9b0a-217b084729c4
31,4,202601,725,375.02,SUL,pld_horario,980,3f279d6b-1069-42f7-9b0a-217b084729c4
31,5,202601,726,375.9,NORDESTE,pld_horario,981,3f279d6b-1069-42f7-9b0a-217b084729c4
31,5,202601,726,375.89,NORTE,pld_horario,982,3f279d6b-1069-42f7-9b0a-217b084729c4
31,5,202601,726,375.89,SUDESTE,pld_horario,983,3f279d6b-1069-42f7-9b0a-217b084729c4
31,5,202601,726,375.89,SUL,pld_horario,984,3f279d6b-1069-42f7-9b0a-217b084729c4
31,6,202601,727,370.7,NORDESTE,pld_horario,985,3f279d6b-1069-42f7-9b0a-217b084729c4
31,6,202601,727,370.71,NORTE,pld_horario,986,3f279d6b-1069-42f7-9b0a-217b084729c4
31,6,202601,727,370.71,SUDESTE,pld_horario,987,3f279d6b-1069-42f7-9b0a-217b084729c4
31,6,202601,727,370.71,SUL,pld_horario,988,3f279d6b-1069-42f7-9b0a-217b084729c4
31,7,202601,728,356.31,NORDESTE,pld_horario,989,3f279d6b-1069-42f7-9b0a-217b084729c4
31,7,202601,728,356.32,NORTE,pld_horario,990,3f279d6b-1069-42f7-9b0a-217b084729c4
31,7,202601,728,356.32,SUDESTE,pld_horario,991,3f279d6b-1069-42f7-9b0a-217b084729c4
31,7,202601,728,356.32,SUL,pld_horario,992,3f279d6b-1069-42f7-9b0a-217b084729c4
31,8,202601,729,335.13,NORDESTE,pld_horario,993,3f279d6b-1069-42f7-9b0a-217b084729c4
31,8,202601,729,335.14,NORTE,pld_horario,994,3f279d6b-1069-42f7-9b0a-217b084729c4
31,8,202601,729,335.14,SUDESTE,pld_horario,995,3f279d6b-1069-42f7-9b0a-217b084729c4
31,8,202601,729,345.92,SUL,pld_horario,996,3f279d6b-1069-42f7-9b0a-217b084729c4
31,9,202601,730,122.01,NORDESTE,pld_horario,997,3f279d6b-1069-42f7-9b0a-217b084729c4
31,9,202601,730,122.02,NORTE,pld_horario,998,3f279d6b-1069-42f7-9b0a-217b084729c4
31,9,202601,730,122.02,SUDESTE,pld_horario,999,3f279d6b-1069-42f7-9b0a-217b084729c4
31,9,202601,730,324.53,SUL,pld_horario,1000,3f279d6b-1069-42f7-9b0a-217b084729c4
31,10,202601,731,57.31,NORDESTE,pld_horario,1001,3f279d6b-1069-42f7-9b0a-217b084729c4
31,10,202601,731,57.31,NORTE,pld_horario,1002,3f279d6b-1069-42f7-9b0a-217b084729c4
31,10,202601,731,57.31,SUDESTE,pld_horario,1003,3f279d6b-1069-42f7-9b0a-217b084729c4
31,10,202601,731,293.93,SUL,pld_horario,1004,3f279d6b-1069-42f7-9b0a-217b084729c4
31,11,202601,732,57.31,NORDESTE,pld_horario,1005,3f279d6b-1069-42f7-9b0a-217b084729c4
31,11,202601,732,57.31,NORTE,pld_horario,1006,3f279d6b-1069-42f7-9b0a-217b084729c4
31,11,202601,732,57.31,SUDESTE,pld_horario,1007,3f279d6b-1069-42f7-9b0a-217b084729c4
31,11,202601,732,292.43,SUL,pld_horario,1008,3f279d6b-1069-42f7-9b0a-217b084729c4
31,12,202601,733,57.31,NORDESTE,pld_horario,1009,3f279d6b-1069-42f7-9b0a-217b084729c4
31,12,202601,733,57.31,NORTE,pld_horario,1010,3f279d6b-1069-42f7-9b0a-217b084729c4
31,12,202601,733,57.31,SUDESTE,pld_horario,1011,3f279d6b-1069-42f7-9b0a-217b084729c4
31,12,202601,733,290.15,SUL,pld_horario,1012,3f279d6b-1069-42f7-9b0a-217b084729c4
31,13,202601,734,57.31,NORDESTE,pld_horario,1013,3f279d6b-1069-42f7-9b0a-217b084729c4
31,13,202601,734,57.31,NORTE,pld_horario,1014,3f279d6b-1069-42f7-9b0a-217b084729c4
31,13,202601,734,57.31,SUDESTE,pld_horario,1015,3f279d6b-1069-42f7-9b0a-217b084729c4
31,13,202601,734,303.14,SUL,pld_horario,1016,3f279d6b-1069-42f7-9b0a-217b084729c4
31,14,202601,735,177.99,NORDESTE,pld_horario,1017,3f279d6b-1069-42f7-9b0a-217b084729c4
31,14,202601,735,177.99,NORTE,pld_horario,1018,3f279d6b-1069-42f7-9b0a-217b084729c4
31,14,202601,735,177.99,SUDESTE,pld_horario,1019,3f279d6b-1069-42f7-9b0a-217b084729c4
31,14,202601,735,325.65,SUL,pld_horario,1020,3f279d6b-1069-42f7-9b0a-217b084729c4
31,15,202601,736,318.7,NORDESTE,pld_horario,1021,3f279d6b-1069-42f7-9b0a-217b084729c4
31,15,202601,736,318.7,NORTE,pld_horario,1022,3f279d6b-1069-42f7-9b0a-217b084729c4
31,15,202601,736,318.7,SUDESTE,pld_horario,1023,3f279d6b-1069-42f7-9b0a-217b084729c4
31,15,202601,736,336.68,SUL,pld_horario,1024,3f279d6b-1069-42f7-9b0a-217b084729c4
31,16,202601,737,357.48,NORDESTE,pld_horario,1025,3f279d6b-1069-42f7-9b0a-217b084729c4
31,16,202601,737,357.48,NORTE,pld_horario,1026,3f279d6b-1069-42f7-9b0a-217b084729c4
31,16,202601,737,357.48,SUDESTE,pld_horario,1027,3f279d6b-1069-42f7-9b0a-217b084729c4
31,16,202601,737,357.49,SUL,pld_horario,1028,3f279d6b-1069-42f7-9b0a-217b084729c4
31,17,202601,738,373.72,NORDESTE,pld_horario,1029,3f279d6b-1069-42f7-9b0a-217b084729c4
31,17,202601,738,373.72,NORTE,pld_horario,1030,3f279d6b-1069-42f7-9b0a-217b084729c4
31,17,202601,738,373.72,SUDESTE,pld_horario,1031,3f279d6b-1069-42f7-9b0a-217b084729c4
31,17,202601,738,373.73,SUL,pld_horario,1032,3f279d6b-1069-42f7-9b0a-217b084729c4
31,18,202601,739,394.76,NORDESTE,pld_horario,1033,3f279d6b-1069-42f7-9b0a-217b084729c4
31,18,202601,739,394.76,NORTE,pld_horario,1034,3f279d6b-1069-42f7-9b0a-217b084729c4
31,18,202601,739,394.76,SUDESTE,pld_horario,1035,3f279d6b-1069-42f7-9b0a-217b084729c4
31,18,202601,739,394.76,SUL,pld_horario,1036,3f279d6b-1069-42f7-9b0a-217b084729c4
31,19,202601,740,397.6,NORDESTE,pld_horario,1037,3f279d6b-1069-42f7-9b0a-217b084729c4
31,19,202601,740,397.59,NORTE,pld_horario,1038,3f279d6b-1069-42f7-9b0a-217b084729c4
31,19,202601,740,397.6,SUDESTE,pld_horario,1039,3f279d6b-1069-42f7-9b0a-217b084729c4
31,19,202601,740,397.6,SUL,pld_horario,1040,3f279d6b-1069-42f7-9b0a-217b084729c4
31,20,202601,741,391.47,NORDESTE,pld_horario,1041,3f279d6b-1069-42f7-9b0a-217b084729c4
31,20,202601,741,391.46,NORTE,pld_horario,1042,3f279d6b-1069-42f7-9b0a-217b084729c4
31,20,202601,741,391.48,SUDESTE,pld_horario,1043,3f279d6b-1069-42f7-9b0a-217b084729c4
31,20,202601,741,391.48,SUL,pld_horario,1044,3f279d6b-1069-42f7-9b0a-217b084729c4
31,21,202601,742,383.53,NORDESTE,pld_horario,1045,3f279d6b-1069-42f7-9b0a-217b084729c4
31,21,202601,742,383.52,NORTE,pld_horario,1046,3f279d6b-1069-42f7-9b0a-217b084729c4
31,21,202601,742,383.53,SUDESTE,pld_horario,1047,3f279d6b-1069-42f7-9b0a-217b084729c4
31,21,202601,742,383.53,SUL,pld_horario,1048,3f279d6b-1069-42f7-9b0a-217b084729c4
31,22,202601,743,383.05,NORDESTE,pld_horario,1049,3f279d6b-1069-42f7-9b0a-217b084729c4
31,22,202601,743,383.04,NORTE,pld_horario,1050,3f279d6b-1069-42f7-9b0a-217b084729c4
31,22,202601,743,383.05,SUDESTE,pld_horario,1051,3f279d6b-1069-42f7-9b0a-217b084729c4
31,22,202601,743,383.05,SUL,pld_horario,1052,3f279d6b-1069-42f7-9b0a-217b084729c4
31,23,202601,744,382.91,NORDESTE,pld_horario,1053,3f279d6b-1069-42f7-9b0a-217b084729c4
31,23,202601,744,382.9,NORTE,pld_horario,1054,3f279d6b-1069-42f7-9b0a-217b084729c4
31,23,202601,744,382.92,SUDESTE,pld_horario,1055,3f279d6b-1069-42f7-9b0a-217b084729c4
31,23,202601,744,382.92,SUL,pld_horario,1056,3f279d6b-1069-42f7-9b0a-217b084729c4
30,0,202601,697,299.9,NORDESTE,pld_horario,1057,3f279d6b-1069-42f7-9b0a-217b084729c4
30,0,202601,697,299.89,NORTE,pld_horario,1058,3f279d6b-1069-42f7-9b0a-217b084729c4
30,0,202601,697,299.91,SUDESTE,pld_horario,1059,3f279d6b-1069-42f7-9b0a-217b084729c4
30,0,202601,697,299.91,SUL,pld_horario,1060,3f279d6b-1069-42f7-9b0a-217b084729c4
30,1,202601,698,292.08,NORDESTE,pld_horario,1061,3f279d6b-1069-42f7-9b0a-217b084729c4
30,1,202601,698,292.07,NORTE,pld_horario,1062,3f279d6b-1069-42f7-9b0a-217b084729c4
30,1,202601,698,292.09,SUDESTE,pld_horario,1063,3f279d6b-1069-42f7-9b0a-217b084729c4
30,1,202601,698,292.09,SUL,pld_horario,1064,3f279d6b-1069-42f7-9b0a-217b084729c4
30,2,202601,699,286.9,NORDESTE,pld_horario,1065,3f279d6b-1069-42f7-9b0a-217b084729c4
30,2,202601,699,286.89,NORTE,pld_horario,1066,3f279d6b-1069-42f7-9b0a-217b084729c4
30,2,202601,699,286.9,SUDESTE,pld_horario,1067,3f279d6b-1069-42f7-9b0a-217b084729c4
30,2,202601,699,286.9,SUL,pld_horario,1068,3f279d6b-1069-42f7-9b0a-217b084729c4
30,3,202601,700,285.23,NORDESTE,pld_horario,1069,3f279d6b-1069-42f7-9b0a-217b084729c4
30,3,202601,700,285.22,NORTE,pld_horario,1070,3f279d6b-1069-42f7-9b0a-217b084729c4
30,3,202601,700,285.23,SUDESTE,pld_horario,1071,3f279d6b-1069-42f7-9b0a-217b084729c4
30,3,202601,700,285.23,SUL,pld_horario,1072,3f279d6b-1069-42f7-9b0a-217b084729c4
30,4,202601,701,285.85,NORDESTE,pld_horario,1073,3f279d6b-1069-42f7-9b0a-217b084729c4
30,4,202601,701,285.84,NORTE,pld_horario,1074,3f279d6b-1069-42f7-9b0a-217b084729c4
30,4,202601,701,285.85,SUDESTE,pld_horario,1075,3f279d6b-1069-42f7-9b0a-217b084729c4
30,4,202601,701,285.85,SUL,pld_horario,1076,3f279d6b-1069-42f7-9b0a-217b084729c4
30,5,202601,702,287.53,NORDESTE,pld_horario,1077,3f279d6b-1069-42f7-9b0a-217b084729c4
30,5,202601,702,287.52,NORTE,pld_horario,1078,3f279d6b-1069-42f7-9b0a-217b084729c4
30,5,202601,702,287.53,SUDESTE,pld_horario,1079,3f279d6b-1069-42f7-9b0a-217b084729c4
30,5,202601,702,287.53,SUL,pld_horario,1080,3f279d6b-1069-42f7-9b0a-217b084729c4
30,6,202601,703,285.23,NORDESTE,pld_horario,1081,3f279d6b-1069-42f7-9b0a-217b084729c4
30,6,202601,703,285.22,NORTE,pld_horario,1082,3f279d6b-1069-42f7-9b0a-217b084729c4
30,6,202601,703,285.24,SUDESTE,pld_horario,1083,3f279d6b-1069-42f7-9b0a-217b084729c4
30,6,202601,703,285.24,SUL,pld_horario,1084,3f279d6b-1069-42f7-9b0a-217b084729c4
30,7,202601,704,279.1,NORDESTE,pld_horario,1085,3f279d6b-1069-42f7-9b0a-217b084729c4
30,7,202601,704,279.09,NORTE,pld_horario,1086,3f279d6b-1069-42f7-9b0a-217b084729c4
30,7,202601,704,283.82,SUDESTE,pld_horario,1087,3f279d6b-1069-42f7-9b0a-217b084729c4
30,7,202601,704,283.83,SUL,pld_horario,1088,3f279d6b-1069-42f7-9b0a-217b084729c4
30,8,202601,705,276.11,NORDESTE,pld_horario,1089,3f279d6b-1069-42f7-9b0a-217b084729c4
30,8,202601,705,276.11,NORTE,pld_horario,1090,3f279d6b-1069-42f7-9b0a-217b084729c4
30,8,202601,705,284.56,SUDESTE,pld_horario,1091,3f279d6b-1069-42f7-9b0a-217b084729c4
30,8,202601,705,284.57,SUL,pld_horario,1092,3f279d6b-1069-42f7-9b0a-217b084729c4
30,9,202601,706,277.05,NORDESTE,pld_horario,1093,3f279d6b-1069-42f7-9b0a-217b084729c4
30,9,202601,706,277.06,NORTE,pld_horario,1094,3f279d6b-1069-42f7-9b0a-217b084729c4
30,9,202601,706,282.03,SUDESTE,pld_horario,1095,3f279d6b-1069-42f7-9b0a-217b084729c4
30,9,202601,706,282.04,SUL,pld_horario,1096,3f279d6b-1069-42f7-9b0a-217b084729c4
30,10,202601,707,277.02,NORDESTE,pld_horario,1097,3f279d6b-1069-42f7-9b0a-217b084729c4
30,10,202601,707,277.03,NORTE,pld_horario,1098,3f279d6b-1069-42f7-9b0a-217b084729c4
30,10,202601,707,278.78,SUDESTE,pld_horario,1099,3f279d6b-1069-42f7-9b0a-217b084729c4
30,10,202601,707,278.79,SUL,pld_horario,1100,3f279d6b-1069-42f7-9b0a-217b084729c4
30,11,202601,708,277.08,NORDESTE,pld_horario,1101,3f279d6b-1069-42f7-9b0a-217b084729c4
30,11,202601,708,277.09,NORTE,pld_horario,1102,3f279d6b-1069-42f7-9b0a-217b084729c4
30,11,202601,708,277.09,SUDESTE,pld_horario,1103,3f279d6b-1069-42f7-9b0a-217b084729c4
30,11,202601,708,277.1,SUL,pld_horario,1104,3f279d6b-1069-42f7-9b0a-217b084729c4
30,12,202601,709,274.35,NORDESTE,pld_horario,1105,3f279d6b-1069-42f7-9b0a-217b084729c4
30,12,202601,709,274.36,NORTE,pld_horario,1106,3f279d6b-1069-42f7-9b0a-217b084729c4
30,12,202601,709,274.36,SUDESTE,pld_horario,1107,3f279d6b-1069-42f7-9b0a-217b084729c4
30,12,202601,709,274.37,SUL,pld_horario,1108,3f279d6b-1069-42f7-9b0a-217b084729c4
30,13,202601,710,275.45,NORDESTE,pld_horario,1109,3f279d6b-1069-42f7-9b0a-217b084729c4
30,13,202601,710,275.45,NORTE,pld_horario,1110,3f279d6b-1069-42f7-9b0a-217b084729c4
30,13,202601,710,278.13,SUDESTE,pld_horario,1111,3f279d6b-1069-42f7-9b0a-217b084729c4
30,13,202601,710,281.69,SUL,pld_horario,1112,3f279d6b-1069-42f7-9b0a-217b084729c4
30,14,202601,711,275.4,NORDESTE,pld_horario,1113,3f279d6b-1069-42f7-9b0a-217b084729c4
30,14,202601,711,275.41,NORTE,pld_horario,1114,3f279d6b-1069-42f7-9b0a-217b084729c4
30,14,202601,711,284.35,SUDESTE,pld_horario,1115,3f279d6b-1069-42f7-9b0a-217b084729c4
30,14,202601,711,284.35,SUL,pld_horario,1116,3f279d6b-1069-42f7-9b0a-217b084729c4
30,15,202601,712,274.11,NORDESTE,pld_horario,1117,3f279d6b-1069-42f7-9b0a-217b084729c4
30,15,202601,712,274.11,NORTE,pld_horario,1118,3f279d6b-1069-42f7-9b0a-217b084729c4
30,15,202601,712,289.63,SUDESTE,pld_horario,1119,3f279d6b-1069-42f7-9b0a-217b084729c4
30,15,202601,712,289.63,SUL,pld_horario,1120,3f279d6b-1069-42f7-9b0a-217b084729c4
30,16,202601,713,284.67,NORDESTE,pld_horario,1121,3f279d6b-1069-42f7-9b0a-217b084729c4
30,16,202601,713,284.67,NORTE,pld_horario,1122,3f279d6b-1069-42f7-9b0a-217b084729c4
30,16,202601,713,294.96,SUDESTE,pld_horario,1123,3f279d6b-1069-42f7-9b0a-217b084729c4
30,16,202601,713,294.96,SUL,pld_horario,1124,3f279d6b-1069-42f7-9b0a-217b084729c4
30,17,202601,714,301.1,NORDESTE,pld_horario,1125,3f279d6b-1069-42f7-9b0a-217b084729c4
30,17,202601,714,301.09,NORTE,pld_horario,1126,3f279d6b-1069-42f7-9b0a-217b084729c4
30,17,202601,714,301.99,SUDESTE,pld_horario,1127,3f279d6b-1069-42f7-9b0a-217b084729c4
30,17,202601,714,301.99,SUL,pld_horario,1128,3f279d6b-1069-42f7-9b0a-217b084729c4
30,18,202601,715,330.31,NORDESTE,pld_horario,1129,3f279d6b-1069-42f7-9b0a-217b084729c4
30,18,202601,715,330.3,NORTE,pld_horario,1130,3f279d6b-1069-42f7-9b0a-217b084729c4
30,18,202601,715,330.32,SUDESTE,pld_horario,1131,3f279d6b-1069-42f7-9b0a-217b084729c4
30,18,202601,715,330.32,SUL,pld_horario,1132,3f279d6b-1069-42f7-9b0a-217b084729c4
30,19,202601,716,385.5,NORDESTE,pld_horario,1133,3f279d6b-1069-42f7-9b0a-217b084729c4
30,19,202601,716,385.49,NORTE,pld_horario,1134,3f279d6b-1069-42f7-9b0a-217b084729c4
30,19,202601,716,385.51,SUDESTE,pld_horario,1135,3f279d6b-1069-42f7-9b0a-217b084729c4
30,19,202601,716,385.51,SUL,pld_horario,1136,3f279d6b-1069-42f7-9b0a-217b084729c4
30,20,202601,717,385.43,NORDESTE,pld_horario,1137,3f279d6b-1069-42f7-9b0a-217b084729c4
30,20,202601,717,385.42,NORTE,pld_horario,1138,3f279d6b-1069-42f7-9b0a-217b084729c4
30,20,202601,717,385.44,SUDESTE,pld_horario,1139,3f279d6b-1069-42f7-9b0a-217b084729c4
30,20,202601,717,385.44,SUL,pld_horario,1140,3f279d6b-1069-42f7-9b0a-217b084729c4
30,21,202601,718,376.48,NORDESTE,pld_horario,1141,3f279d6b-1069-42f7-9b0a-217b084729c4
30,21,202601,718,376.47,NORTE,pld_horario,1142,3f279d6b-1069-42f7-9b0a-217b084729c4
30,21,202601,718,376.49,SUDESTE,pld_horario,1143,3f279d6b-1069-42f7-9b0a-217b084729c4
30,21,202601,718,376.49,SUL,pld_horario,1144,3f279d6b-1069-42f7-9b0a-217b084729c4
30,22,202601,719,334.5,NORDESTE,pld_horario,1145,3f279d6b-1069-42f7-9b0a-217b084729c4
30,22,202601,719,334.49,NORTE,pld_horario,1146,3f279d6b-1069-42f7-9b0a-217b084729c4
30,22,202601,719,334.51,SUDESTE,pld_horario,1147,3f279d6b-1069-42f7-9b0a-217b084729c4
30,22,202601,719,334.51,SUL,pld_horario,1148,3f279d6b-1069-42f7-9b0a-217b084729c4
30,23,202601,720,303.68,NORDESTE,pld_horario,1149,3f279d6b-1069-42f7-9b0a-217b084729c4
30,23,202601,720,303.67,NORTE,pld_horario,1150,3f279d6b-1069-42f7-9b0a-217b084729c4
30,23,202601,720,303.68,SUDESTE,pld_horario,1151,3f279d6b-1069-42f7-9b0a-217b084729c4
30,23,202601,720,303.68,SUL,pld_horario,1152,3f279d6b-1069-42f7-9b0a-217b084729c4
29,0,202601,673,301.28,NORDESTE,pld_horario,1153,3f279d6b-1069-42f7-9b0a-217b084729c4
29,0,202601,673,301.28,NORTE,pld_horario,1154,3f279d6b-1069-42f7-9b0a-217b084729c4
29,0,202601,673,301.29,SUDESTE,pld_horario,1155,3f279d6b-1069-42f7-9b0a-217b084729c4
29,0,202601,673,301.29,SUL,pld_horario,1156,3f279d6b-1069-42f7-9b0a-217b084729c4
29,1,202601,674,293.5,NORDESTE,pld_horario,1157,3f279d6b-1069-42f7-9b0a-217b084729c4
29,1,202601,674,293.49,NORTE,pld_horario,1158,3f279d6b-1069-42f7-9b0a-217b084729c4
29,1,202601,674,293.5,SUDESTE,pld_horario,1159,3f279d6b-1069-42f7-9b0a-217b084729c4
29,1,202601,674,293.51,SUL,pld_horario,1160,3f279d6b-1069-42f7-9b0a-217b084729c4
29,2,202601,675,290.15,NORDESTE,pld_horario,1161,3f279d6b-1069-42f7-9b0a-217b084729c4
29,2,202601,675,290.14,NORTE,pld_horario,1162,3f279d6b-1069-42f7-9b0a-217b084729c4
29,2,202601,675,290.15,SUDESTE,pld_horario,1163,3f279d6b-1069-42f7-9b0a-217b084729c4
29,2,202601,675,290.16,SUL,pld_horario,1164,3f279d6b-1069-42f7-9b0a-217b084729c4
29,3,202601,676,289.74,NORDESTE,pld_horario,1165,3f279d6b-1069-42f7-9b0a-217b084729c4
29,3,202601,676,289.75,NORTE,pld_horario,1166,3f279d6b-1069-42f7-9b0a-217b084729c4
29,3,202601,676,289.75,SUDESTE,pld_horario,1167,3f279d6b-1069-42f7-9b0a-217b084729c4
29,3,202601,676,289.75,SUL,pld_horario,1168,3f279d6b-1069-42f7-9b0a-217b084729c4
29,4,202601,677,290.67,NORDESTE,pld_horario,1169,3f279d6b-1069-42f7-9b0a-217b084729c4
29,4,202601,677,290.67,NORTE,pld_horario,1170,3f279d6b-1069-42f7-9b0a-217b084729c4
29,4,202601,677,290.68,SUDESTE,pld_horario,1171,3f279d6b-1069-42f7-9b0a-217b084729c4
29,4,202601,677,290.68,SUL,pld_horario,1172,3f279d6b-1069-42f7-9b0a-217b084729c4
29,5,202601,678,292.9,NORDESTE,pld_horario,1173,3f279d6b-1069-42f7-9b0a-217b084729c4
29,5,202601,678,292.9,NORTE,pld_horario,1174,3f279d6b-1069-42f7-9b0a-217b084729c4
29,5,202601,678,292.9,SUDESTE,pld_horario,1175,3f279d6b-1069-42f7-9b0a-217b084729c4
29,5,202601,678,292.9,SUL,pld_horario,1176,3f279d6b-1069-42f7-9b0a-217b084729c4
29,6,202601,679,290.02,NORDESTE,pld_horario,1177,3f279d6b-1069-42f7-9b0a-217b084729c4
29,6,202601,679,290.03,NORTE,pld_horario,1178,3f279d6b-1069-42f7-9b0a-217b084729c4
29,6,202601,679,290.03,SUDESTE,pld_horario,1179,3f279d6b-1069-42f7-9b0a-217b084729c4
29,6,202601,679,290.03,SUL,pld_horario,1180,3f279d6b-1069-42f7-9b0a-217b084729c4
29,7,202601,680,282.73,NORDESTE,pld_horario,1181,3f279d6b-1069-42f7-9b0a-217b084729c4
29,7,202601,680,282.74,NORTE,pld_horario,1182,3f279d6b-1069-42f7-9b0a-217b084729c4
29,7,202601,680,282.74,SUDESTE,pld_horario,1183,3f279d6b-1069-42f7-9b0a-217b084729c4
29,7,202601,680,282.75,SUL,pld_horario,1184,3f279d6b-1069-42f7-9b0a-217b084729c4
29,8,202601,681,281.45,NORDESTE,pld_horario,1185,3f279d6b-1069-42f7-9b0a-217b084729c4
29,8,202601,681,281.45,NORTE,pld_horario,1186,3f279d6b-1069-42f7-9b0a-217b084729c4
29,8,202601,681,281.45,SUDESTE,pld_horario,1187,3f279d6b-1069-42f7-9b0a-217b084729c4
29,8,202601,681,281.46,SUL,pld_horario,1188,3f279d6b-1069-42f7-9b0a-217b084729c4
29,9,202601,682,280.59,NORDESTE,pld_horario,1189,3f279d6b-1069-42f7-9b0a-217b084729c4
29,9,202601,682,280.59,NORTE,pld_horario,1190,3f279d6b-1069-42f7-9b0a-217b084729c4
29,9,202601,682,280.59,SUDESTE,pld_horario,1191,3f279d6b-1069-42f7-9b0a-217b084729c4
29,9,202601,682,280.6,SUL,pld_horario,1192,3f279d6b-1069-42f7-9b0a-217b084729c4
29,10,202601,683,279.63,NORDESTE,pld_horario,1193,3f279d6b-1069-42f7-9b0a-217b084729c4
29,10,202601,683,279.63,NORTE,pld_horario,1194,3f279d6b-1069-42f7-9b0a-217b084729c4
29,10,202601,683,279.63,SUDESTE,pld_horario,1195,3f279d6b-1069-42f7-9b0a-217b084729c4
29,10,202601,683,279.64,SUL,pld_horario,1196,3f279d6b-1069-42f7-9b0a-217b084729c4
29,11,202601,684,277.63,NORDESTE,pld_horario,1197,3f279d6b-1069-42f7-9b0a-217b084729c4
29,11,202601,684,277.63,NORTE,pld_horario,1198,3f279d6b-1069-42f7-9b0a-217b084729c4
29,11,202601,684,277.63,SUDESTE,pld_horario,1199,3f279d6b-1069-42f7-9b0a-217b084729c4
29,11,202601,684,278.47,SUL,pld_horario,1200,3f279d6b-1069-42f7-9b0a-217b084729c4
29,12,202601,685,272.76,NORDESTE,pld_horario,1201,3f279d6b-1069-42f7-9b0a-217b084729c4
29,12,202601,685,272.77,NORTE,pld_horario,1202,3f279d6b-1069-42f7-9b0a-217b084729c4
29,12,202601,685,272.77,SUDESTE,pld_horario,1203,3f279d6b-1069-42f7-9b0a-217b084729c4
29,12,202601,685,273.07,SUL,pld_horario,1204,3f279d6b-1069-42f7-9b0a-217b084729c4
29,13,202601,686,255.93,NORDESTE,pld_horario,1205,3f279d6b-1069-42f7-9b0a-217b084729c4
29,13,202601,686,255.94,NORTE,pld_horario,1206,3f279d6b-1069-42f7-9b0a-217b084729c4
29,13,202601,686,255.94,SUDESTE,pld_horario,1207,3f279d6b-1069-42f7-9b0a-217b084729c4
29,13,202601,686,298.4,SUL,pld_horario,1208,3f279d6b-1069-42f7-9b0a-217b084729c4
29,14,202601,687,285.38,NORDESTE,pld_horario,1209,3f279d6b-1069-42f7-9b0a-217b084729c4
29,14,202601,687,285.38,NORTE,pld_horario,1210,3f279d6b-1069-42f7-9b0a-217b084729c4
29,14,202601,687,285.38,SUDESTE,pld_horario,1211,3f279d6b-1069-42f7-9b0a-217b084729c4
29,14,202601,687,298.5,SUL,pld_horario,1212,3f279d6b-1069-42f7-9b0a-217b084729c4
29,15,202601,688,295.32,NORDESTE,pld_horario,1213,3f279d6b-1069-42f7-9b0a-217b084729c4
29,15,202601,688,295.32,NORTE,pld_horario,1214,3f279d6b-1069-42f7-9b0a-217b084729c4
29,15,202601,688,295.33,SUDESTE,pld_horario,1215,3f279d6b-1069-42f7-9b0a-217b084729c4
29,15,202601,688,299.52,SUL,pld_horario,1216,3f279d6b-1069-42f7-9b0a-217b084729c4
29,16,202601,689,309.17,NORDESTE,pld_horario,1217,3f279d6b-1069-42f7-9b0a-217b084729c4
29,16,202601,689,309.17,NORTE,pld_horario,1218,3f279d6b-1069-42f7-9b0a-217b084729c4
29,16,202601,689,312.31,SUDESTE,pld_horario,1219,3f279d6b-1069-42f7-9b0a-217b084729c4
29,16,202601,689,330.3,SUL,pld_horario,1220,3f279d6b-1069-42f7-9b0a-217b084729c4
29,17,202601,690,310.63,NORDESTE,pld_horario,1221,3f279d6b-1069-42f7-9b0a-217b084729c4
29,17,202601,690,310.62,NORTE,pld_horario,1222,3f279d6b-1069-42f7-9b0a-217b084729c4
29,17,202601,690,317.39,SUDESTE,pld_horario,1223,3f279d6b-1069-42f7-9b0a-217b084729c4
29,17,202601,690,317.39,SUL,pld_horario,1224,3f279d6b-1069-42f7-9b0a-217b084729c4
29,18,202601,691,313.03,NORDESTE,pld_horario,1225,3f279d6b-1069-42f7-9b0a-217b084729c4
29,18,202601,691,313.02,NORTE,pld_horario,1226,3f279d6b-1069-42f7-9b0a-217b084729c4
29,18,202601,691,358.77,SUDESTE,pld_horario,1227,3f279d6b-1069-42f7-9b0a-217b084729c4
29,18,202601,691,358.77,SUL,pld_horario,1228,3f279d6b-1069-42f7-9b0a-217b084729c4
29,19,202601,692,307.36,NORDESTE,pld_horario,1229,3f279d6b-1069-42f7-9b0a-217b084729c4
29,19,202601,692,307.35,NORTE,pld_horario,1230,3f279d6b-1069-42f7-9b0a-217b084729c4
29,19,202601,692,455.17,SUDESTE,pld_horario,1231,3f279d6b-1069-42f7-9b0a-217b084729c4
29,19,202601,692,455.18,SUL,pld_horario,1232,3f279d6b-1069-42f7-9b0a-217b084729c4
29,20,202601,693,306.3,NORDESTE,pld_horario,1233,3f279d6b-1069-42f7-9b0a-217b084729c4
29,20,202601,693,306.29,NORTE,pld_horario,1234,3f279d6b-1069-42f7-9b0a-217b084729c4
29,20,202601,693,455.36,SUDESTE,pld_horario,1235,3f279d6b-1069-42f7-9b0a-217b084729c4
29,20,202601,693,455.36,SUL,pld_horario,1236,3f279d6b-1069-42f7-9b0a-217b084729c4
29,21,202601,694,325.16,NORDESTE,pld_horario,1237,3f279d6b-1069-42f7-9b0a-217b084729c4
29,21,202601,694,325.15,NORTE,pld_horario,1238,3f279d6b-1069-42f7-9b0a-217b084729c4
29,21,202601,694,455.04,SUDESTE,pld_horario,1239,3f279d6b-1069-42f7-9b0a-217b084729c4
29,21,202601,694,455.05,SUL,pld_horario,1240,3f279d6b-1069-42f7-9b0a-217b084729c4
29,22,202601,695,325.43,NORDESTE,pld_horario,1241,3f279d6b-1069-42f7-9b0a-217b084729c4
29,22,202601,695,325.42,NORTE,pld_horario,1242,3f279d6b-1069-42f7-9b0a-217b084729c4
29,22,202601,695,349.23,SUDESTE,pld_horario,1243,3f279d6b-1069-42f7-9b0a-217b084729c4
29,22,202601,695,349.24,SUL,pld_horario,1244,3f279d6b-1069-42f7-9b0a-217b084729c4
29,23,202601,696,312.43,NORDESTE,pld_horario,1245,3f279d6b-1069-42f7-9b0a-217b084729c4
29,23,202601,696,312.42,NORTE,pld_horario,1246,3f279d6b-1069-42f7-9b0a-217b084729c4
29,23,202601,696,325.37,SUDESTE,pld_horario,1247,3f279d6b-1069-42f7-9b0a-217b084729c4
29,23,202601,696,325.38,SUL,pld_horario,1248,3f279d6b-1069-42f7-9b0a-217b084729c4
28,0,202601,649,338.04,NORDESTE,pld_horario,1249,3f279d6b-1069-42f7-9b0a-217b084729c4
28,0,202601,649,338.03,NORTE,pld_horario,1250,3f279d6b-1069-42f7-9b0a-217b084729c4
28,0,202601,649,338.04,SUDESTE,pld_horario,1251,3f279d6b-1069-42f7-9b0a-217b084729c4
28,0,202601,649,338.05,SUL,pld_horario,1252,3f279d6b-1069-42f7-9b0a-217b084729c4
28,1,202601,650,306.44,NORDESTE,pld_horario,1253,3f279d6b-1069-42f7-9b0a-217b084729c4
28,1,202601,650,306.43,NORTE,pld_horario,1254,3f279d6b-1069-42f7-9b0a-217b084729c4
28,1,202601,650,306.44,SUDESTE,pld_horario,1255,3f279d6b-1069-42f7-9b0a-217b084729c4
28,1,202601,650,306.44,SUL,pld_horario,1256,3f279d6b-1069-42f7-9b0a-217b084729c4
28,2,202601,651,296.92,NORDESTE,pld_horario,1257,3f279d6b-1069-42f7-9b0a-217b084729c4
28,2,202601,651,296.91,NORTE,pld_horario,1258,3f279d6b-1069-42f7-9b0a-217b084729c4
28,2,202601,651,296.92,SUDESTE,pld_horario,1259,3f279d6b-1069-42f7-9b0a-217b084729c4
28,2,202601,651,296.93,SUL,pld_horario,1260,3f279d6b-1069-42f7-9b0a-217b084729c4
28,3,202601,652,293.52,NORDESTE,pld_horario,1261,3f279d6b-1069-42f7-9b0a-217b084729c4
28,3,202601,652,293.51,NORTE,pld_horario,1262,3f279d6b-1069-42f7-9b0a-217b084729c4
28,3,202601,652,293.52,SUDESTE,pld_horario,1263,3f279d6b-1069-42f7-9b0a-217b084729c4
28,3,202601,652,293.53,SUL,pld_horario,1264,3f279d6b-1069-42f7-9b0a-217b084729c4
28,4,202601,653,294.13,NORDESTE,pld_horario,1265,3f279d6b-1069-42f7-9b0a-217b084729c4
28,4,202601,653,294.12,NORTE,pld_horario,1266,3f279d6b-1069-42f7-9b0a-217b084729c4
28,4,202601,653,294.13,SUDESTE,pld_horario,1267,3f279d6b-1069-42f7-9b0a-217b084729c4
28,4,202601,653,294.14,SUL,pld_horario,1268,3f279d6b-1069-42f7-9b0a-217b084729c4
28,5,202601,654,295.84,NORDESTE,pld_horario,1269,3f279d6b-1069-42f7-9b0a-217b084729c4
28,5,202601,654,295.83,NORTE,pld_horario,1270,3f279d6b-1069-42f7-9b0a-217b084729c4
28,5,202601,654,295.85,SUDESTE,pld_horario,1271,3f279d6b-1069-42f7-9b0a-217b084729c4
28,5,202601,654,295.85,SUL,pld_horario,1272,3f279d6b-1069-42f7-9b0a-217b084729c4
28,6,202601,655,293.43,NORDESTE,pld_horario,1273,3f279d6b-1069-42f7-9b0a-217b084729c4
28,6,202601,655,293.42,NORTE,pld_horario,1274,3f279d6b-1069-42f7-9b0a-217b084729c4
28,6,202601,655,293.43,SUDESTE,pld_horario,1275,3f279d6b-1069-42f7-9b0a-217b084729c4
28,6,202601,655,293.44,SUL,pld_horario,1276,3f279d6b-1069-42f7-9b0a-217b084729c4
28,7,202601,656,289.21,NORDESTE,pld_horario,1277,3f279d6b-1069-42f7-9b0a-217b084729c4
28,7,202601,656,289.21,NORTE,pld_horario,1278,3f279d6b-1069-42f7-9b0a-217b084729c4
28,7,202601,656,289.21,SUDESTE,pld_horario,1279,3f279d6b-1069-42f7-9b0a-217b084729c4
28,7,202601,656,289.22,SUL,pld_horario,1280,3f279d6b-1069-42f7-9b0a-217b084729c4
28,8,202601,657,285.84,NORDESTE,pld_horario,1281,3f279d6b-1069-42f7-9b0a-217b084729c4
28,8,202601,657,285.84,NORTE,pld_horario,1282,3f279d6b-1069-42f7-9b0a-217b084729c4
28,8,202601,657,285.84,SUDESTE,pld_horario,1283,3f279d6b-1069-42f7-9b0a-217b084729c4
28,8,202601,657,285.85,SUL,pld_horario,1284,3f279d6b-1069-42f7-9b0a-217b084729c4
28,9,202601,658,282.17,NORDESTE,pld_horario,1285,3f279d6b-1069-42f7-9b0a-217b084729c4
28,9,202601,658,282.18,NORTE,pld_horario,1286,3f279d6b-1069-42f7-9b0a-217b084729c4
28,9,202601,658,282.18,SUDESTE,pld_horario,1287,3f279d6b-1069-42f7-9b0a-217b084729c4
28,9,202601,658,282.18,SUL,pld_horario,1288,3f279d6b-1069-42f7-9b0a-217b084729c4
28,10,202601,659,276.23,NORDESTE,pld_horario,1289,3f279d6b-1069-42f7-9b0a-217b084729c4
28,10,202601,659,276.23,NORTE,pld_horario,1290,3f279d6b-1069-42f7-9b0a-217b084729c4
28,10,202601,659,276.23,SUDESTE,pld_horario,1291,3f279d6b-1069-42f7-9b0a-217b084729c4
28,10,202601,659,286.01,SUL,pld_horario,1292,3f279d6b-1069-42f7-9b0a-217b084729c4
28,11,202601,660,270.04,NORDESTE,pld_horario,1293,3f279d6b-1069-42f7-9b0a-217b084729c4
28,11,202601,660,270.04,NORTE,pld_horario,1294,3f279d6b-1069-42f7-9b0a-217b084729c4
28,11,202601,660,270.04,SUDESTE,pld_horario,1295,3f279d6b-1069-42f7-9b0a-217b084729c4
28,11,202601,660,287.58,SUL,pld_horario,1296,3f279d6b-1069-42f7-9b0a-217b084729c4
28,12,202601,661,270.46,NORDESTE,pld_horario,1297,3f279d6b-1069-42f7-9b0a-217b084729c4
28,12,202601,661,270.46,NORTE,pld_horario,1298,3f279d6b-1069-42f7-9b0a-217b084729c4
28,12,202601,661,270.46,SUDESTE,pld_horario,1299,3f279d6b-1069-42f7-9b0a-217b084729c4
28,12,202601,661,279.55,SUL,pld_horario,1300,3f279d6b-1069-42f7-9b0a-217b084729c4
28,13,202601,662,281.57,NORDESTE,pld_horario,1301,3f279d6b-1069-42f7-9b0a-217b084729c4
28,13,202601,662,281.58,NORTE,pld_horario,1302,3f279d6b-1069-42f7-9b0a-217b084729c4
28,13,202601,662,281.58,SUDESTE,pld_horario,1303,3f279d6b-1069-42f7-9b0a-217b084729c4
28,13,202601,662,290.16,SUL,pld_horario,1304,3f279d6b-1069-42f7-9b0a-217b084729c4
28,14,202601,663,294.11,NORDESTE,pld_horario,1305,3f279d6b-1069-42f7-9b0a-217b084729c4
28,14,202601,663,294.12,NORTE,pld_horario,1306,3f279d6b-1069-42f7-9b0a-217b084729c4
28,14,202601,663,294.12,SUDESTE,pld_horario,1307,3f279d6b-1069-42f7-9b0a-217b084729c4
28,14,202601,663,296.8,SUL,pld_horario,1308,3f279d6b-1069-42f7-9b0a-217b084729c4
28,15,202601,664,301.08,NORDESTE,pld_horario,1309,3f279d6b-1069-42f7-9b0a-217b084729c4
28,15,202601,664,301.08,NORTE,pld_horario,1310,3f279d6b-1069-42f7-9b0a-217b084729c4
28,15,202601,664,301.09,SUDESTE,pld_horario,1311,3f279d6b-1069-42f7-9b0a-217b084729c4
28,15,202601,664,301.09,SUL,pld_horario,1312,3f279d6b-1069-42f7-9b0a-217b084729c4
28,16,202601,665,302.29,NORDESTE,pld_horario,1313,3f279d6b-1069-42f7-9b0a-217b084729c4
28,16,202601,665,302.28,NORTE,pld_horario,1314,3f279d6b-1069-42f7-9b0a-217b084729c4
28,16,202601,665,327.52,SUDESTE,pld_horario,1315,3f279d6b-1069-42f7-9b0a-217b084729c4
28,16,202601,665,327.53,SUL,pld_horario,1316,3f279d6b-1069-42f7-9b0a-217b084729c4
28,17,202601,666,306.57,NORDESTE,pld_horario,1317,3f279d6b-1069-42f7-9b0a-217b084729c4
28,17,202601,666,306.56,NORTE,pld_horario,1318,3f279d6b-1069-42f7-9b0a-217b084729c4
28,17,202601,666,348.44,SUDESTE,pld_horario,1319,3f279d6b-1069-42f7-9b0a-217b084729c4
28,17,202601,666,348.45,SUL,pld_horario,1320,3f279d6b-1069-42f7-9b0a-217b084729c4
28,18,202601,667,313.64,NORDESTE,pld_horario,1321,3f279d6b-1069-42f7-9b0a-217b084729c4
28,18,202601,667,313.63,NORTE,pld_horario,1322,3f279d6b-1069-42f7-9b0a-217b084729c4
28,18,202601,667,414.04,SUDESTE,pld_horario,1323,3f279d6b-1069-42f7-9b0a-217b084729c4
28,18,202601,667,414.05,SUL,pld_horario,1324,3f279d6b-1069-42f7-9b0a-217b084729c4
28,19,202601,668,311.63,NORDESTE,pld_horario,1325,3f279d6b-1069-42f7-9b0a-217b084729c4
28,19,202601,668,311.62,NORTE,pld_horario,1326,3f279d6b-1069-42f7-9b0a-217b084729c4
28,19,202601,668,519.66,SUDESTE,pld_horario,1327,3f279d6b-1069-42f7-9b0a-217b084729c4
28,19,202601,668,519.67,SUL,pld_horario,1328,3f279d6b-1069-42f7-9b0a-217b084729c4
28,20,202601,669,307.64,NORDESTE,pld_horario,1329,3f279d6b-1069-42f7-9b0a-217b084729c4
28,20,202601,669,307.63,NORTE,pld_horario,1330,3f279d6b-1069-42f7-9b0a-217b084729c4
28,20,202601,669,512.84,SUDESTE,pld_horario,1331,3f279d6b-1069-42f7-9b0a-217b084729c4
28,20,202601,669,512.85,SUL,pld_horario,1332,3f279d6b-1069-42f7-9b0a-217b084729c4
28,21,202601,670,306.7,NORDESTE,pld_horario,1333,3f279d6b-1069-42f7-9b0a-217b084729c4
28,21,202601,670,306.69,NORTE,pld_horario,1334,3f279d6b-1069-42f7-9b0a-217b084729c4
28,21,202601,670,489.52,SUDESTE,pld_horario,1335,3f279d6b-1069-42f7-9b0a-217b084729c4
28,21,202601,670,489.52,SUL,pld_horario,1336,3f279d6b-1069-42f7-9b0a-217b084729c4
28,22,202601,671,306.62,NORDESTE,pld_horario,1337,3f279d6b-1069-42f7-9b0a-217b084729c4
28,22,202601,671,306.61,NORTE,pld_horario,1338,3f279d6b-1069-42f7-9b0a-217b084729c4
28,22,202601,671,415.36,SUDESTE,pld_horario,1339,3f279d6b-1069-42f7-9b0a-217b084729c4
28,22,202601,671,415.36,SUL,pld_horario,1340,3f279d6b-1069-42f7-9b0a-217b084729c4
28,23,202601,672,308.39,NORDESTE,pld_horario,1341,3f279d6b-1069-42f7-9b0a-217b084729c4
28,23,202601,672,308.38,NORTE,pld_horario,1342,3f279d6b-1069-42f7-9b0a-217b084729c4
28,23,202601,672,343.98,SUDESTE,pld_horario,1343,3f279d6b-1069-42f7-9b0a-217b084729c4
28,23,202601,672,343.99,SUL,pld_horario,1344,3f279d6b-1069-42f7-9b0a-217b084729c4
27,0,202601,625,202.84,NORDESTE,pld_horario,1345,3f279d6b-1069-42f7-9b0a-217b084729c4
27,0,202601,625,202.85,NORTE,pld_horario,1346,3f279d6b-1069-42f7-9b0a-217b084729c4
27,0,202601,625,286.9,SUDESTE,pld_horario,1347,3f279d6b-1069-42f7-9b0a-217b084729c4
27,0,202601,625,286.91,SUL,pld_horario,1348,3f279d6b-1069-42f7-9b0a-217b084729c4
27,1,202601,626,264.01,NORDESTE,pld_horario,1349,3f279d6b-1069-42f7-9b0a-217b084729c4
27,1,202601,626,264.02,NORTE,pld_horario,1350,3f279d6b-1069-42f7-9b0a-217b084729c4
27,1,202601,626,279.22,SUDESTE,pld_horario,1351,3f279d6b-1069-42f7-9b0a-217b084729c4
27,1,202601,626,279.23,SUL,pld_horario,1352,3f279d6b-1069-42f7-9b0a-217b084729c4
27,2,202601,627,260.16,NORDESTE,pld_horario,1353,3f279d6b-1069-42f7-9b0a-217b084729c4
27,2,202601,627,260.17,NORTE,pld_horario,1354,3f279d6b-1069-42f7-9b0a-217b084729c4
27,2,202601,627,276.31,SUDESTE,pld_horario,1355,3f279d6b-1069-42f7-9b0a-217b084729c4
27,2,202601,627,276.32,SUL,pld_horario,1356,3f279d6b-1069-42f7-9b0a-217b084729c4
27,3,202601,628,267.8,NORDESTE,pld_horario,1357,3f279d6b-1069-42f7-9b0a-217b084729c4
27,3,202601,628,267.8,NORTE,pld_horario,1358,3f279d6b-1069-42f7-9b0a-217b084729c4
27,3,202601,628,274.45,SUDESTE,pld_horario,1359,3f279d6b-1069-42f7-9b0a-217b084729c4
27,3,202601,628,274.46,SUL,pld_horario,1360,3f279d6b-1069-42f7-9b0a-217b084729c4
27,4,202601,629,275.66,NORDESTE,pld_horario,1361,3f279d6b-1069-42f7-9b0a-217b084729c4
27,4,202601,629,275.66,NORTE,pld_horario,1362,3f279d6b-1069-42f7-9b0a-217b084729c4
27,4,202601,629,275.67,SUDESTE,pld_horario,1363,3f279d6b-1069-42f7-9b0a-217b084729c4
27,4,202601,629,275.68,SUL,pld_horario,1364,3f279d6b-1069-42f7-9b0a-217b084729c4
27,5,202601,630,278.72,NORDESTE,pld_horario,1365,3f279d6b-1069-42f7-9b0a-217b084729c4
27,5,202601,630,278.72,NORTE,pld_horario,1366,3f279d6b-1069-42f7-9b0a-217b084729c4
27,5,202601,630,278.73,SUDESTE,pld_horario,1367,3f279d6b-1069-42f7-9b0a-217b084729c4
27,5,202601,630,278.74,SUL,pld_horario,1368,3f279d6b-1069-42f7-9b0a-217b084729c4
27,6,202601,631,276.25,NORDESTE,pld_horario,1369,3f279d6b-1069-42f7-9b0a-217b084729c4
27,6,202601,631,276.26,NORTE,pld_horario,1370,3f279d6b-1069-42f7-9b0a-217b084729c4
27,6,202601,631,276.96,SUDESTE,pld_horario,1371,3f279d6b-1069-42f7-9b0a-217b084729c4
27,6,202601,631,276.97,SUL,pld_horario,1372,3f279d6b-1069-42f7-9b0a-217b084729c4
27,7,202601,632,228.54,NORDESTE,pld_horario,1373,3f279d6b-1069-42f7-9b0a-217b084729c4
27,7,202601,632,237.92,NORTE,pld_horario,1374,3f279d6b-1069-42f7-9b0a-217b084729c4
27,7,202601,632,275.87,SUDESTE,pld_horario,1375,3f279d6b-1069-42f7-9b0a-217b084729c4
27,7,202601,632,275.88,SUL,pld_horario,1376,3f279d6b-1069-42f7-9b0a-217b084729c4
27,8,202601,633,223.8,NORDESTE,pld_horario,1377,3f279d6b-1069-42f7-9b0a-217b084729c4
27,8,202601,633,233.95,NORTE,pld_horario,1378,3f279d6b-1069-42f7-9b0a-217b084729c4
27,8,202601,633,274.92,SUDESTE,pld_horario,1379,3f279d6b-1069-42f7-9b0a-217b084729c4
27,8,202601,633,274.93,SUL,pld_horario,1380,3f279d6b-1069-42f7-9b0a-217b084729c4
27,9,202601,634,257.9,NORDESTE,pld_horario,1381,3f279d6b-1069-42f7-9b0a-217b084729c4
27,9,202601,634,257.91,NORTE,pld_horario,1382,3f279d6b-1069-42f7-9b0a-217b084729c4
27,9,202601,634,257.91,SUDESTE,pld_horario,1383,3f279d6b-1069-42f7-9b0a-217b084729c4
27,9,202601,634,272.13,SUL,pld_horario,1384,3f279d6b-1069-42f7-9b0a-217b084729c4
27,10,202601,635,257.87,NORDESTE,pld_horario,1385,3f279d6b-1069-42f7-9b0a-217b084729c4
27,10,202601,635,257.88,NORTE,pld_horario,1386,3f279d6b-1069-42f7-9b0a-217b084729c4
27,10,202601,635,257.88,SUDESTE,pld_horario,1387,3f279d6b-1069-42f7-9b0a-217b084729c4
27,10,202601,635,272.06,SUL,pld_horario,1388,3f279d6b-1069-42f7-9b0a-217b084729c4
27,11,202601,636,245.95,NORDESTE,pld_horario,1389,3f279d6b-1069-42f7-9b0a-217b084729c4
27,11,202601,636,245.96,NORTE,pld_horario,1390,3f279d6b-1069-42f7-9b0a-217b084729c4
27,11,202601,636,245.96,SUDESTE,pld_horario,1391,3f279d6b-1069-42f7-9b0a-217b084729c4
27,11,202601,636,271.45,SUL,pld_horario,1392,3f279d6b-1069-42f7-9b0a-217b084729c4
27,12,202601,637,253.08,NORDESTE,pld_horario,1393,3f279d6b-1069-42f7-9b0a-217b084729c4
27,12,202601,637,253.09,NORTE,pld_horario,1394,3f279d6b-1069-42f7-9b0a-217b084729c4
27,12,202601,637,253.09,SUDESTE,pld_horario,1395,3f279d6b-1069-42f7-9b0a-217b084729c4
27,12,202601,637,266.15,SUL,pld_horario,1396,3f279d6b-1069-42f7-9b0a-217b084729c4
27,13,202601,638,264.3,NORDESTE,pld_horario,1397,3f279d6b-1069-42f7-9b0a-217b084729c4
27,13,202601,638,264.3,NORTE,pld_horario,1398,3f279d6b-1069-42f7-9b0a-217b084729c4
27,13,202601,638,264.3,SUDESTE,pld_horario,1399,3f279d6b-1069-42f7-9b0a-217b084729c4
27,13,202601,638,280.58,SUL,pld_horario,1400,3f279d6b-1069-42f7-9b0a-217b084729c4
27,14,202601,639,274.74,NORDESTE,pld_horario,1401,3f279d6b-1069-42f7-9b0a-217b084729c4
27,14,202601,639,274.74,NORTE,pld_horario,1402,3f279d6b-1069-42f7-9b0a-217b084729c4
27,14,202601,639,274.74,SUDESTE,pld_horario,1403,3f279d6b-1069-42f7-9b0a-217b084729c4
27,14,202601,639,289.19,SUL,pld_horario,1404,3f279d6b-1069-42f7-9b0a-217b084729c4
27,15,202601,640,282.95,NORDESTE,pld_horario,1405,3f279d6b-1069-42f7-9b0a-217b084729c4
27,15,202601,640,282.96,NORTE,pld_horario,1406,3f279d6b-1069-42f7-9b0a-217b084729c4
27,15,202601,640,282.96,SUDESTE,pld_horario,1407,3f279d6b-1069-42f7-9b0a-217b084729c4
27,15,202601,640,289.64,SUL,pld_horario,1408,3f279d6b-1069-42f7-9b0a-217b084729c4
27,16,202601,641,291.98,NORDESTE,pld_horario,1409,3f279d6b-1069-42f7-9b0a-217b084729c4
27,16,202601,641,291.98,NORTE,pld_horario,1410,3f279d6b-1069-42f7-9b0a-217b084729c4
27,16,202601,641,291.99,SUDESTE,pld_horario,1411,3f279d6b-1069-42f7-9b0a-217b084729c4
27,16,202601,641,293.98,SUL,pld_horario,1412,3f279d6b-1069-42f7-9b0a-217b084729c4
27,17,202601,642,290.59,NORDESTE,pld_horario,1413,3f279d6b-1069-42f7-9b0a-217b084729c4
27,17,202601,642,290.58,NORTE,pld_horario,1414,3f279d6b-1069-42f7-9b0a-217b084729c4
27,17,202601,642,294.54,SUDESTE,pld_horario,1415,3f279d6b-1069-42f7-9b0a-217b084729c4
27,17,202601,642,294.55,SUL,pld_horario,1416,3f279d6b-1069-42f7-9b0a-217b084729c4
27,18,202601,643,289.33,NORDESTE,pld_horario,1417,3f279d6b-1069-42f7-9b0a-217b084729c4
27,18,202601,643,289.32,NORTE,pld_horario,1418,3f279d6b-1069-42f7-9b0a-217b084729c4
27,18,202601,643,303.52,SUDESTE,pld_horario,1419,3f279d6b-1069-42f7-9b0a-217b084729c4
27,18,202601,643,303.52,SUL,pld_horario,1420,3f279d6b-1069-42f7-9b0a-217b084729c4
27,19,202601,644,287.85,NORDESTE,pld_horario,1421,3f279d6b-1069-42f7-9b0a-217b084729c4
27,19,202601,644,287.85,NORTE,pld_horario,1422,3f279d6b-1069-42f7-9b0a-217b084729c4
27,19,202601,644,318.57,SUDESTE,pld_horario,1423,3f279d6b-1069-42f7-9b0a-217b084729c4
27,19,202601,644,318.58,SUL,pld_horario,1424,3f279d6b-1069-42f7-9b0a-217b084729c4
27,20,202601,645,286.39,NORDESTE,pld_horario,1425,3f279d6b-1069-42f7-9b0a-217b084729c4
27,20,202601,645,286.39,NORTE,pld_horario,1426,3f279d6b-1069-42f7-9b0a-217b084729c4
27,20,202601,645,318.5,SUDESTE,pld_horario,1427,3f279d6b-1069-42f7-9b0a-217b084729c4
27,20,202601,645,318.5,SUL,pld_horario,1428,3f279d6b-1069-42f7-9b0a-217b084729c4
27,21,202601,646,288.03,NORDESTE,pld_horario,1429,3f279d6b-1069-42f7-9b0a-217b084729c4
27,21,202601,646,288.03,NORTE,pld_horario,1430,3f279d6b-1069-42f7-9b0a-217b084729c4
27,21,202601,646,318.42,SUDESTE,pld_horario,1431,3f279d6b-1069-42f7-9b0a-217b084729c4
27,21,202601,646,318.42,SUL,pld_horario,1432,3f279d6b-1069-42f7-9b0a-217b084729c4
27,22,202601,647,287.96,NORDESTE,pld_horario,1433,3f279d6b-1069-42f7-9b0a-217b084729c4
27,22,202601,647,287.96,NORTE,pld_horario,1434,3f279d6b-1069-42f7-9b0a-217b084729c4
27,22,202601,647,309.69,SUDESTE,pld_horario,1435,3f279d6b-1069-42f7-9b0a-217b084729c4
27,22,202601,647,309.69,SUL,pld_horario,1436,3f279d6b-1069-42f7-9b0a-217b084729c4
27,23,202601,648,288.2,NORDESTE,pld_horario,1437,3f279d6b-1069-42f7-9b0a-217b084729c4
27,23,202601,648,288.2,NORTE,pld_horario,1438,3f279d6b-1069-42f7-9b0a-217b084729c4
27,23,202601,648,296.66,SUDESTE,pld_horario,1439,3f279d6b-1069-42f7-9b0a-217b084729c4
27,23,202601,648,296.67,SUL,pld_horario,1440,3f279d6b-1069-42f7-9b0a-217b084729c4
26,0,202601,601,270.18,NORDESTE,pld_horario,1441,3f279d6b-1069-42f7-9b0a-217b084729c4
26,0,202601,601,270.19,NORTE,pld_horario,1442,3f279d6b-1069-42f7-9b0a-217b084729c4
26,0,202601,601,282.47,SUDESTE,pld_horario,1443,3f279d6b-1069-42f7-9b0a-217b084729c4
26,0,202601,601,282.47,SUL,pld_horario,1444,3f279d6b-1069-42f7-9b0a-217b084729c4
26,1,202601,602,274.55,NORDESTE,pld_horario,1445,3f279d6b-1069-42f7-9b0a-217b084729c4
26,1,202601,602,274.56,NORTE,pld_horario,1446,3f279d6b-1069-42f7-9b0a-217b084729c4
26,1,202601,602,276.99,SUDESTE,pld_horario,1447,3f279d6b-1069-42f7-9b0a-217b084729c4
26,1,202601,602,277.0,SUL,pld_horario,1448,3f279d6b-1069-42f7-9b0a-217b084729c4
26,2,202601,603,271.07,NORDESTE,pld_horario,1449,3f279d6b-1069-42f7-9b0a-217b084729c4
26,2,202601,603,271.08,NORTE,pld_horario,1450,3f279d6b-1069-42f7-9b0a-217b084729c4
26,2,202601,603,272.64,SUDESTE,pld_horario,1451,3f279d6b-1069-42f7-9b0a-217b084729c4
26,2,202601,603,272.65,SUL,pld_horario,1452,3f279d6b-1069-42f7-9b0a-217b084729c4
26,3,202601,604,273.18,NORDESTE,pld_horario,1453,3f279d6b-1069-42f7-9b0a-217b084729c4
26,3,202601,604,273.18,NORTE,pld_horario,1454,3f279d6b-1069-42f7-9b0a-217b084729c4
26,3,202601,604,273.19,SUDESTE,pld_horario,1455,3f279d6b-1069-42f7-9b0a-217b084729c4
26,3,202601,604,273.2,SUL,pld_horario,1456,3f279d6b-1069-42f7-9b0a-217b084729c4
26,4,202601,605,273.78,NORDESTE,pld_horario,1457,3f279d6b-1069-42f7-9b0a-217b084729c4
26,4,202601,605,273.78,NORTE,pld_horario,1458,3f279d6b-1069-42f7-9b0a-217b084729c4
26,4,202601,605,273.79,SUDESTE,pld_horario,1459,3f279d6b-1069-42f7-9b0a-217b084729c4
26,4,202601,605,273.8,SUL,pld_horario,1460,3f279d6b-1069-42f7-9b0a-217b084729c4
26,5,202601,606,277.62,NORDESTE,pld_horario,1461,3f279d6b-1069-42f7-9b0a-217b084729c4
26,5,202601,606,277.63,NORTE,pld_horario,1462,3f279d6b-1069-42f7-9b0a-217b084729c4
26,5,202601,606,277.63,SUDESTE,pld_horario,1463,3f279d6b-1069-42f7-9b0a-217b084729c4
26,5,202601,606,277.64,SUL,pld_horario,1464,3f279d6b-1069-42f7-9b0a-217b084729c4
26,6,202601,607,275.22,NORDESTE,pld_horario,1465,3f279d6b-1069-42f7-9b0a-217b084729c4
26,6,202601,607,275.82,NORTE,pld_horario,1466,3f279d6b-1069-42f7-9b0a-217b084729c4
26,6,202601,607,277.44,SUDESTE,pld_horario,1467,3f279d6b-1069-42f7-9b0a-217b084729c4
26,6,202601,607,277.45,SUL,pld_horario,1468,3f279d6b-1069-42f7-9b0a-217b084729c4
26,7,202601,608,257.56,NORDESTE,pld_horario,1469,3f279d6b-1069-42f7-9b0a-217b084729c4
26,7,202601,608,260.83,NORTE,pld_horario,1470,3f279d6b-1069-42f7-9b0a-217b084729c4
26,7,202601,608,274.07,SUDESTE,pld_horario,1471,3f279d6b-1069-42f7-9b0a-217b084729c4
26,7,202601,608,274.08,SUL,pld_horario,1472,3f279d6b-1069-42f7-9b0a-217b084729c4
26,8,202601,609,264.49,NORDESTE,pld_horario,1473,3f279d6b-1069-42f7-9b0a-217b084729c4
26,8,202601,609,265.88,NORTE,pld_horario,1474,3f279d6b-1069-42f7-9b0a-217b084729c4
26,8,202601,609,271.44,SUDESTE,pld_horario,1475,3f279d6b-1069-42f7-9b0a-217b084729c4
26,8,202601,609,274.07,SUL,pld_horario,1476,3f279d6b-1069-42f7-9b0a-217b084729c4
26,9,202601,610,257.02,NORDESTE,pld_horario,1477,3f279d6b-1069-42f7-9b0a-217b084729c4
26,9,202601,610,257.03,NORTE,pld_horario,1478,3f279d6b-1069-42f7-9b0a-217b084729c4
26,9,202601,610,257.03,SUDESTE,pld_horario,1479,3f279d6b-1069-42f7-9b0a-217b084729c4
26,9,202601,610,272.25,SUL,pld_horario,1480,3f279d6b-1069-42f7-9b0a-217b084729c4
26,10,202601,611,260.8,NORDESTE,pld_horario,1481,3f279d6b-1069-42f7-9b0a-217b084729c4
26,10,202601,611,260.81,NORTE,pld_horario,1482,3f279d6b-1069-42f7-9b0a-217b084729c4
26,10,202601,611,260.81,SUDESTE,pld_horario,1483,3f279d6b-1069-42f7-9b0a-217b084729c4
26,10,202601,611,271.88,SUL,pld_horario,1484,3f279d6b-1069-42f7-9b0a-217b084729c4
26,11,202601,612,268.69,NORDESTE,pld_horario,1485,3f279d6b-1069-42f7-9b0a-217b084729c4
26,11,202601,612,268.69,NORTE,pld_horario,1486,3f279d6b-1069-42f7-9b0a-217b084729c4
26,11,202601,612,268.69,SUDESTE,pld_horario,1487,3f279d6b-1069-42f7-9b0a-217b084729c4
26,11,202601,612,271.58,SUL,pld_horario,1488,3f279d6b-1069-42f7-9b0a-217b084729c4
26,12,202601,613,269.02,NORDESTE,pld_horario,1489,3f279d6b-1069-42f7-9b0a-217b084729c4
26,12,202601,613,269.02,NORTE,pld_horario,1490,3f279d6b-1069-42f7-9b0a-217b084729c4
26,12,202601,613,269.02,SUDESTE,pld_horario,1491,3f279d6b-1069-42f7-9b0a-217b084729c4
26,12,202601,613,269.53,SUL,pld_horario,1492,3f279d6b-1069-42f7-9b0a-217b084729c4
26,13,202601,614,271.08,NORDESTE,pld_horario,1493,3f279d6b-1069-42f7-9b0a-217b084729c4
26,13,202601,614,271.09,NORTE,pld_horario,1494,3f279d6b-1069-42f7-9b0a-217b084729c4
26,13,202601,614,271.09,SUDESTE,pld_horario,1495,3f279d6b-1069-42f7-9b0a-217b084729c4
26,13,202601,614,277.53,SUL,pld_horario,1496,3f279d6b-1069-42f7-9b0a-217b084729c4
26,14,202601,615,276.88,NORDESTE,pld_horario,1497,3f279d6b-1069-42f7-9b0a-217b084729c4
26,14,202601,615,276.89,NORTE,pld_horario,1498,3f279d6b-1069-42f7-9b0a-217b084729c4
26,14,202601,615,276.89,SUDESTE,pld_horario,1499,3f279d6b-1069-42f7-9b0a-217b084729c4
26,14,202601,615,284.15,SUL,pld_horario,1500,3f279d6b-1069-42f7-9b0a-217b084729c4
26,15,202601,616,286.75,NORDESTE,pld_horario,1501,3f279d6b-1069-42f7-9b0a-217b084729c4
26,15,202601,616,286.76,NORTE,pld_horario,1502,3f279d6b-1069-42f7-9b0a-217b084729c4
26,15,202601,616,286.85,SUDESTE,pld_horario,1503,3f279d6b-1069-42f7-9b0a-217b084729c4
26,15,202601,616,287.08,SUL,pld_horario,1504,3f279d6b-1069-42f7-9b0a-217b084729c4
26,16,202601,617,291.63,NORDESTE,pld_horario,1505,3f279d6b-1069-42f7-9b0a-217b084729c4
26,16,202601,617,291.64,NORTE,pld_horario,1506,3f279d6b-1069-42f7-9b0a-217b084729c4
26,16,202601,617,294.08,SUDESTE,pld_horario,1507,3f279d6b-1069-42f7-9b0a-217b084729c4
26,16,202601,617,294.08,SUL,pld_horario,1508,3f279d6b-1069-42f7-9b0a-217b084729c4
26,17,202601,618,290.15,NORDESTE,pld_horario,1509,3f279d6b-1069-42f7-9b0a-217b084729c4
26,17,202601,618,290.15,NORTE,pld_horario,1510,3f279d6b-1069-42f7-9b0a-217b084729c4
26,17,202601,618,299.55,SUDESTE,pld_horario,1511,3f279d6b-1069-42f7-9b0a-217b084729c4
26,17,202601,618,299.55,SUL,pld_horario,1512,3f279d6b-1069-42f7-9b0a-217b084729c4
26,18,202601,619,289.81,NORDESTE,pld_horario,1513,3f279d6b-1069-42f7-9b0a-217b084729c4
26,18,202601,619,289.81,NORTE,pld_horario,1514,3f279d6b-1069-42f7-9b0a-217b084729c4
26,18,202601,619,311.36,SUDESTE,pld_horario,1515,3f279d6b-1069-42f7-9b0a-217b084729c4
26,18,202601,619,311.36,SUL,pld_horario,1516,3f279d6b-1069-42f7-9b0a-217b084729c4
26,19,202601,620,287.66,NORDESTE,pld_horario,1517,3f279d6b-1069-42f7-9b0a-217b084729c4
26,19,202601,620,287.66,NORTE,pld_horario,1518,3f279d6b-1069-42f7-9b0a-217b084729c4
26,19,202601,620,358.46,SUDESTE,pld_horario,1519,3f279d6b-1069-42f7-9b0a-217b084729c4
26,19,202601,620,358.46,SUL,pld_horario,1520,3f279d6b-1069-42f7-9b0a-217b084729c4
26,20,202601,621,287.09,NORDESTE,pld_horario,1521,3f279d6b-1069-42f7-9b0a-217b084729c4
26,20,202601,621,287.1,NORTE,pld_horario,1522,3f279d6b-1069-42f7-9b0a-217b084729c4
26,20,202601,621,365.46,SUDESTE,pld_horario,1523,3f279d6b-1069-42f7-9b0a-217b084729c4
26,20,202601,621,365.46,SUL,pld_horario,1524,3f279d6b-1069-42f7-9b0a-217b084729c4
26,21,202601,622,287.07,NORDESTE,pld_horario,1525,3f279d6b-1069-42f7-9b0a-217b084729c4
26,21,202601,622,287.08,NORTE,pld_horario,1526,3f279d6b-1069-42f7-9b0a-217b084729c4
26,21,202601,622,360.49,SUDESTE,pld_horario,1527,3f279d6b-1069-42f7-9b0a-217b084729c4
26,21,202601,622,360.49,SUL,pld_horario,1528,3f279d6b-1069-42f7-9b0a-217b084729c4
26,22,202601,623,287.05,NORDESTE,pld_horario,1529,3f279d6b-1069-42f7-9b0a-217b084729c4
26,22,202601,623,287.06,NORTE,pld_horario,1530,3f279d6b-1069-42f7-9b0a-217b084729c4
26,22,202601,623,317.34,SUDESTE,pld_horario,1531,3f279d6b-1069-42f7-9b0a-217b084729c4
26,22,202601,623,317.34,SUL,pld_horario,1532,3f279d6b-1069-42f7-9b0a-217b084729c4
26,23,202601,624,287.03,NORDESTE,pld_horario,1533,3f279d6b-1069-42f7-9b0a-217b084729c4
26,23,202601,624,287.03,NORTE,pld_horario,1534,3f279d6b-1069-42f7-9b0a-217b084729c4
26,23,202601,624,298.99,SUDESTE,pld_horario,1535,3f279d6b-1069-42f7-9b0a-217b084729c4
26,23,202601,624,298.99,SUL,pld_horario,1536,3f279d6b-1069-42f7-9b0a-217b084729c4
25,0,202601,577,265.94,NORDESTE,pld_horario,1537,3f279d6b-1069-42f7-9b0a-217b084729c4
25,0,202601,577,265.95,NORTE,pld_horario,1538,3f279d6b-1069-42f7-9b0a-217b084729c4
25,0,202601,577,279.74,SUDESTE,pld_horario,1539,3f279d6b-1069-42f7-9b0a-217b084729c4
25,0,202601,577,279.75,SUL,pld_horario,1540,3f279d6b-1069-42f7-9b0a-217b084729c4
25,1,202601,578,264.23,NORDESTE,pld_horario,1541,3f279d6b-1069-42f7-9b0a-217b084729c4
25,1,202601,578,264.24,NORTE,pld_horario,1542,3f279d6b-1069-42f7-9b0a-217b084729c4
25,1,202601,578,274.03,SUDESTE,pld_horario,1543,3f279d6b-1069-42f7-9b0a-217b084729c4
25,1,202601,578,274.04,SUL,pld_horario,1544,3f279d6b-1069-42f7-9b0a-217b084729c4
25,2,202601,579,267.81,NORDESTE,pld_horario,1545,3f279d6b-1069-42f7-9b0a-217b084729c4
25,2,202601,579,267.82,NORTE,pld_horario,1546,3f279d6b-1069-42f7-9b0a-217b084729c4
25,2,202601,579,272.83,SUDESTE,pld_horario,1547,3f279d6b-1069-42f7-9b0a-217b084729c4
25,2,202601,579,272.84,SUL,pld_horario,1548,3f279d6b-1069-42f7-9b0a-217b084729c4
25,3,202601,580,273.29,NORDESTE,pld_horario,1549,3f279d6b-1069-42f7-9b0a-217b084729c4
25,3,202601,580,273.3,NORTE,pld_horario,1550,3f279d6b-1069-42f7-9b0a-217b084729c4
25,3,202601,580,273.3,SUDESTE,pld_horario,1551,3f279d6b-1069-42f7-9b0a-217b084729c4
25,3,202601,580,273.31,SUL,pld_horario,1552,3f279d6b-1069-42f7-9b0a-217b084729c4
25,4,202601,581,274.46,NORDESTE,pld_horario,1553,3f279d6b-1069-42f7-9b0a-217b084729c4
25,4,202601,581,274.46,NORTE,pld_horario,1554,3f279d6b-1069-42f7-9b0a-217b084729c4
25,4,202601,581,274.46,SUDESTE,pld_horario,1555,3f279d6b-1069-42f7-9b0a-217b084729c4
25,4,202601,581,274.47,SUL,pld_horario,1556,3f279d6b-1069-42f7-9b0a-217b084729c4
25,5,202601,582,274.37,NORDESTE,pld_horario,1557,3f279d6b-1069-42f7-9b0a-217b084729c4
25,5,202601,582,274.38,NORTE,pld_horario,1558,3f279d6b-1069-42f7-9b0a-217b084729c4
25,5,202601,582,274.38,SUDESTE,pld_horario,1559,3f279d6b-1069-42f7-9b0a-217b084729c4
25,5,202601,582,274.39,SUL,pld_horario,1560,3f279d6b-1069-42f7-9b0a-217b084729c4
25,6,202601,583,271.0,NORDESTE,pld_horario,1561,3f279d6b-1069-42f7-9b0a-217b084729c4
25,6,202601,583,271.01,NORTE,pld_horario,1562,3f279d6b-1069-42f7-9b0a-217b084729c4
25,6,202601,583,271.01,SUDESTE,pld_horario,1563,3f279d6b-1069-42f7-9b0a-217b084729c4
25,6,202601,583,271.02,SUL,pld_horario,1564,3f279d6b-1069-42f7-9b0a-217b084729c4
25,7,202601,584,66.04,NORDESTE,pld_horario,1565,3f279d6b-1069-42f7-9b0a-217b084729c4
25,7,202601,584,66.05,NORTE,pld_horario,1566,3f279d6b-1069-42f7-9b0a-217b084729c4
25,7,202601,584,66.04,SUDESTE,pld_horario,1567,3f279d6b-1069-42f7-9b0a-217b084729c4
25,7,202601,584,91.71,SUL,pld_horario,1568,3f279d6b-1069-42f7-9b0a-217b084729c4
25,8,202601,585,57.31,NORDESTE,pld_horario,1569,3f279d6b-1069-42f7-9b0a-217b084729c4
25,8,202601,585,57.31,NORTE,pld_horario,1570,3f279d6b-1069-42f7-9b0a-217b084729c4
25,8,202601,585,57.31,SUDESTE,pld_horario,1571,3f279d6b-1069-42f7-9b0a-217b084729c4
25,8,202601,585,57.31,SUL,pld_horario,1572,3f279d6b-1069-42f7-9b0a-217b084729c4
25,9,202601,586,57.31,NORDESTE,pld_horario,1573,3f279d6b-1069-42f7-9b0a-217b084729c4
25,9,202601,586,57.31,NORTE,pld_horario,1574,3f279d6b-1069-42f7-9b0a-217b084729c4
25,9,202601,586,57.31,SUDESTE,pld_horario,1575,3f279d6b-1069-42f7-9b0a-217b084729c4
25,9,202601,586,57.31,SUL,pld_horario,1576,3f279d6b-1069-42f7-9b0a-217b084729c4
25,10,202601,587,57.31,NORDESTE,pld_horario,1577,3f279d6b-1069-42f7-9b0a-217b084729c4
25,10,202601,587,57.31,NORTE,pld_horario,1578,3f279d6b-1069-42f7-9b0a-217b084729c4
25,10,202601,587,57.31,SUDESTE,pld_horario,1579,3f279d6b-1069-42f7-9b0a-217b084729c4
25,10,202601,587,57.31,SUL,pld_horario,1580,3f279d6b-1069-42f7-9b0a-217b084729c4
25,11,202601,588,57.31,NORDESTE,pld_horario,1581,3f279d6b-1069-42f7-9b0a-217b084729c4
25,11,202601,588,57.31,NORTE,pld_horario,1582,3f279d6b-1069-42f7-9b0a-217b084729c4
25,11,202601,588,57.31,SUDESTE,pld_horario,1583,3f279d6b-1069-42f7-9b0a-217b084729c4
25,11,202601,588,57.31,SUL,pld_horario,1584,3f279d6b-1069-42f7-9b0a-217b084729c4
25,12,202601,589,57.31,NORDESTE,pld_horario,1585,3f279d6b-1069-42f7-9b0a-217b084729c4
25,12,202601,589,57.31,NORTE,pld_horario,1586,3f279d6b-1069-42f7-9b0a-217b084729c4
25,12,202601,589,57.31,SUDESTE,pld_horario,1587,3f279d6b-1069-42f7-9b0a-217b084729c4
25,12,202601,589,57.31,SUL,pld_horario,1588,3f279d6b-1069-42f7-9b0a-217b084729c4
25,13,202601,590,57.31,NORDESTE,pld_horario,1589,3f279d6b-1069-42f7-9b0a-217b084729c4
25,13,202601,590,57.31,NORTE,pld_horario,1590,3f279d6b-1069-42f7-9b0a-217b084729c4
25,13,202601,590,57.31,SUDESTE,pld_horario,1591,3f279d6b-1069-42f7-9b0a-217b084729c4
25,13,202601,590,57.31,SUL,pld_horario,1592,3f279d6b-1069-42f7-9b0a-217b084729c4
25,14,202601,591,57.31,NORDESTE,pld_horario,1593,3f279d6b-1069-42f7-9b0a-217b084729c4
25,14,202601,591,57.31,NORTE,pld_horario,1594,3f279d6b-1069-42f7-9b0a-217b084729c4
25,14,202601,591,57.31,SUDESTE,pld_horario,1595,3f279d6b-1069-42f7-9b0a-217b084729c4
25,14,202601,591,57.31,SUL,pld_horario,1596,3f279d6b-1069-42f7-9b0a-217b084729c4
25,15,202601,592,57.31,NORDESTE,pld_horario,1597,3f279d6b-1069-42f7-9b0a-217b084729c4
25,15,202601,592,57.31,NORTE,pld_horario,1598,3f279d6b-1069-42f7-9b0a-217b084729c4
25,15,202601,592,57.31,SUDESTE,pld_horario,1599,3f279d6b-1069-42f7-9b0a-217b084729c4
25,15,202601,592,57.31,SUL,pld_horario,1600,3f279d6b-1069-42f7-9b0a-217b084729c4
25,16,202601,593,242.9,NORDESTE,pld_horario,1601,3f279d6b-1069-42f7-9b0a-217b084729c4
25,16,202601,593,242.91,NORTE,pld_horario,1602,3f279d6b-1069-42f7-9b0a-217b084729c4
25,16,202601,593,242.91,SUDESTE,pld_horario,1603,3f279d6b-1069-42f7-9b0a-217b084729c4
25,16,202601,593,242.92,SUL,pld_horario,1604,3f279d6b-1069-42f7-9b0a-217b084729c4
25,17,202601,594,285.64,NORDESTE,pld_horario,1605,3f279d6b-1069-42f7-9b0a-217b084729c4
25,17,202601,594,285.64,NORTE,pld_horario,1606,3f279d6b-1069-42f7-9b0a-217b084729c4
25,17,202601,594,285.64,SUDESTE,pld_horario,1607,3f279d6b-1069-42f7-9b0a-217b084729c4
25,17,202601,594,285.64,SUL,pld_horario,1608,3f279d6b-1069-42f7-9b0a-217b084729c4
25,18,202601,595,298.52,NORDESTE,pld_horario,1609,3f279d6b-1069-42f7-9b0a-217b084729c4
25,18,202601,595,298.52,NORTE,pld_horario,1610,3f279d6b-1069-42f7-9b0a-217b084729c4
25,18,202601,595,298.52,SUDESTE,pld_horario,1611,3f279d6b-1069-42f7-9b0a-217b084729c4
25,18,202601,595,298.52,SUL,pld_horario,1612,3f279d6b-1069-42f7-9b0a-217b084729c4
25,19,202601,596,289.29,NORDESTE,pld_horario,1613,3f279d6b-1069-42f7-9b0a-217b084729c4
25,19,202601,596,289.3,NORTE,pld_horario,1614,3f279d6b-1069-42f7-9b0a-217b084729c4
25,19,202601,596,299.06,SUDESTE,pld_horario,1615,3f279d6b-1069-42f7-9b0a-217b084729c4
25,19,202601,596,299.06,SUL,pld_horario,1616,3f279d6b-1069-42f7-9b0a-217b084729c4
25,20,202601,597,269.41,NORDESTE,pld_horario,1617,3f279d6b-1069-42f7-9b0a-217b084729c4
25,20,202601,597,269.42,NORTE,pld_horario,1618,3f279d6b-1069-42f7-9b0a-217b084729c4
25,20,202601,597,300.15,SUDESTE,pld_horario,1619,3f279d6b-1069-42f7-9b0a-217b084729c4
25,20,202601,597,300.15,SUL,pld_horario,1620,3f279d6b-1069-42f7-9b0a-217b084729c4
25,21,202601,598,264.92,NORDESTE,pld_horario,1621,3f279d6b-1069-42f7-9b0a-217b084729c4
25,21,202601,598,264.93,NORTE,pld_horario,1622,3f279d6b-1069-42f7-9b0a-217b084729c4
25,21,202601,598,299.39,SUDESTE,pld_horario,1623,3f279d6b-1069-42f7-9b0a-217b084729c4
25,21,202601,598,299.39,SUL,pld_horario,1624,3f279d6b-1069-42f7-9b0a-217b084729c4
25,22,202601,599,265.53,NORDESTE,pld_horario,1625,3f279d6b-1069-42f7-9b0a-217b084729c4
25,22,202601,599,265.54,NORTE,pld_horario,1626,3f279d6b-1069-42f7-9b0a-217b084729c4
25,22,202601,599,294.35,SUDESTE,pld_horario,1627,3f279d6b-1069-42f7-9b0a-217b084729c4
25,22,202601,599,294.35,SUL,pld_horario,1628,3f279d6b-1069-42f7-9b0a-217b084729c4
25,23,202601,600,266.54,NORDESTE,pld_horario,1629,3f279d6b-1069-42f7-9b0a-217b084729c4
25,23,202601,600,266.55,NORTE,pld_horario,1630,3f279d6b-1069-42f7-9b0a-217b084729c4
25,23,202601,600,287.67,SUDESTE,pld_horario,1631,3f279d6b-1069-42f7-9b0a-217b084729c4
25,23,202601,600,287.67,SUL,pld_horario,1632,3f279d6b-1069-42f7-9b0a-217b084729c4
24,0,202601,553,187.42,NORDESTE,pld_horario,1633,3f279d6b-1069-42f7-9b0a-217b084729c4
24,0,202601,553,187.43,NORTE,pld_horario,1634,3f279d6b-1069-42f7-9b0a-217b084729c4
24,0,202601,553,285.13,SUDESTE,pld_horario,1635,3f279d6b-1069-42f7-9b0a-217b084729c4
24,0,202601,553,285.13,SUL,pld_horario,1636,3f279d6b-1069-42f7-9b0a-217b084729c4
24,1,202601,554,187.39,NORDESTE,pld_horario,1637,3f279d6b-1069-42f7-9b0a-217b084729c4
24,1,202601,554,187.4,NORTE,pld_horario,1638,3f279d6b-1069-42f7-9b0a-217b084729c4
24,1,202601,554,277.3,SUDESTE,pld_horario,1639,3f279d6b-1069-42f7-9b0a-217b084729c4
24,1,202601,554,277.31,SUL,pld_horario,1640,3f279d6b-1069-42f7-9b0a-217b084729c4
24,2,202601,555,187.29,NORDESTE,pld_horario,1641,3f279d6b-1069-42f7-9b0a-217b084729c4
24,2,202601,555,187.3,NORTE,pld_horario,1642,3f279d6b-1069-42f7-9b0a-217b084729c4
24,2,202601,555,274.27,SUDESTE,pld_horario,1643,3f279d6b-1069-42f7-9b0a-217b084729c4
24,2,202601,555,274.28,SUL,pld_horario,1644,3f279d6b-1069-42f7-9b0a-217b084729c4
24,3,202601,556,187.4,NORDESTE,pld_horario,1645,3f279d6b-1069-42f7-9b0a-217b084729c4
24,3,202601,556,187.41,NORTE,pld_horario,1646,3f279d6b-1069-42f7-9b0a-217b084729c4
24,3,202601,556,273.12,SUDESTE,pld_horario,1647,3f279d6b-1069-42f7-9b0a-217b084729c4
24,3,202601,556,273.13,SUL,pld_horario,1648,3f279d6b-1069-42f7-9b0a-217b084729c4
24,4,202601,557,194.91,NORDESTE,pld_horario,1649,3f279d6b-1069-42f7-9b0a-217b084729c4
24,4,202601,557,194.92,NORTE,pld_horario,1650,3f279d6b-1069-42f7-9b0a-217b084729c4
24,4,202601,557,272.73,SUDESTE,pld_horario,1651,3f279d6b-1069-42f7-9b0a-217b084729c4
24,4,202601,557,272.74,SUL,pld_horario,1652,3f279d6b-1069-42f7-9b0a-217b084729c4
24,5,202601,558,216.95,NORDESTE,pld_horario,1653,3f279d6b-1069-42f7-9b0a-217b084729c4
24,5,202601,558,216.96,NORTE,pld_horario,1654,3f279d6b-1069-42f7-9b0a-217b084729c4
24,5,202601,558,272.52,SUDESTE,pld_horario,1655,3f279d6b-1069-42f7-9b0a-217b084729c4
24,5,202601,558,272.53,SUL,pld_horario,1656,3f279d6b-1069-42f7-9b0a-217b084729c4
24,6,202601,559,210.24,NORDESTE,pld_horario,1657,3f279d6b-1069-42f7-9b0a-217b084729c4
24,6,202601,559,218.47,NORTE,pld_horario,1658,3f279d6b-1069-42f7-9b0a-217b084729c4
24,6,202601,559,266.76,SUDESTE,pld_horario,1659,3f279d6b-1069-42f7-9b0a-217b084729c4
24,6,202601,559,266.77,SUL,pld_horario,1660,3f279d6b-1069-42f7-9b0a-217b084729c4
24,7,202601,560,190.73,NORDESTE,pld_horario,1661,3f279d6b-1069-42f7-9b0a-217b084729c4
24,7,202601,560,197.19,NORTE,pld_horario,1662,3f279d6b-1069-42f7-9b0a-217b084729c4
24,7,202601,560,214.59,SUDESTE,pld_horario,1663,3f279d6b-1069-42f7-9b0a-217b084729c4
24,7,202601,560,251.63,SUL,pld_horario,1664,3f279d6b-1069-42f7-9b0a-217b084729c4
24,8,202601,561,126.9,NORDESTE,pld_horario,1665,3f279d6b-1069-42f7-9b0a-217b084729c4
24,8,202601,561,126.91,NORTE,pld_horario,1666,3f279d6b-1069-42f7-9b0a-217b084729c4
24,8,202601,561,126.91,SUDESTE,pld_horario,1667,3f279d6b-1069-42f7-9b0a-217b084729c4
24,8,202601,561,227.38,SUL,pld_horario,1668,3f279d6b-1069-42f7-9b0a-217b084729c4
24,9,202601,562,152.45,NORDESTE,pld_horario,1669,3f279d6b-1069-42f7-9b0a-217b084729c4
24,9,202601,562,152.46,NORTE,pld_horario,1670,3f279d6b-1069-42f7-9b0a-217b084729c4
24,9,202601,562,152.46,SUDESTE,pld_horario,1671,3f279d6b-1069-42f7-9b0a-217b084729c4
24,9,202601,562,179.55,SUL,pld_horario,1672,3f279d6b-1069-42f7-9b0a-217b084729c4
24,10,202601,563,57.31,NORDESTE,pld_horario,1673,3f279d6b-1069-42f7-9b0a-217b084729c4
24,10,202601,563,57.31,NORTE,pld_horario,1674,3f279d6b-1069-42f7-9b0a-217b084729c4
24,10,202601,563,57.31,SUDESTE,pld_horario,1675,3f279d6b-1069-42f7-9b0a-217b084729c4
24,10,202601,563,57.31,SUL,pld_horario,1676,3f279d6b-1069-42f7-9b0a-217b084729c4
24,11,202601,564,57.31,NORDESTE,pld_horario,1677,3f279d6b-1069-42f7-9b0a-217b084729c4
24,11,202601,564,57.31,NORTE,pld_horario,1678,3f279d6b-1069-42f7-9b0a-217b084729c4
24,11,202601,564,57.31,SUDESTE,pld_horario,1679,3f279d6b-1069-42f7-9b0a-217b084729c4
24,11,202601,564,57.31,SUL,pld_horario,1680,3f279d6b-1069-42f7-9b0a-217b084729c4
24,12,202601,565,57.31,NORDESTE,pld_horario,1681,3f279d6b-1069-42f7-9b0a-217b084729c4
24,12,202601,565,57.31,NORTE,pld_horario,1682,3f279d6b-1069-42f7-9b0a-217b084729c4
24,12,202601,565,57.31,SUDESTE,pld_horario,1683,3f279d6b-1069-42f7-9b0a-217b084729c4
24,12,202601,565,57.31,SUL,pld_horario,1684,3f279d6b-1069-42f7-9b0a-217b084729c4
24,13,202601,566,57.31,NORDESTE,pld_horario,1685,3f279d6b-1069-42f7-9b0a-217b084729c4
24,13,202601,566,57.31,NORTE,pld_horario,1686,3f279d6b-1069-42f7-9b0a-217b084729c4
24,13,202601,566,57.31,SUDESTE,pld_horario,1687,3f279d6b-1069-42f7-9b0a-217b084729c4
24,13,202601,566,57.31,SUL,pld_horario,1688,3f279d6b-1069-42f7-9b0a-217b084729c4
24,14,202601,567,71.04,NORDESTE,pld_horario,1689,3f279d6b-1069-42f7-9b0a-217b084729c4
24,14,202601,567,71.05,NORTE,pld_horario,1690,3f279d6b-1069-42f7-9b0a-217b084729c4
24,14,202601,567,71.05,SUDESTE,pld_horario,1691,3f279d6b-1069-42f7-9b0a-217b084729c4
24,14,202601,567,71.06,SUL,pld_horario,1692,3f279d6b-1069-42f7-9b0a-217b084729c4
24,15,202601,568,196.94,NORDESTE,pld_horario,1693,3f279d6b-1069-42f7-9b0a-217b084729c4
24,15,202601,568,196.95,NORTE,pld_horario,1694,3f279d6b-1069-42f7-9b0a-217b084729c4
24,15,202601,568,196.95,SUDESTE,pld_horario,1695,3f279d6b-1069-42f7-9b0a-217b084729c4
24,15,202601,568,196.96,SUL,pld_horario,1696,3f279d6b-1069-42f7-9b0a-217b084729c4
24,16,202601,569,261.02,NORDESTE,pld_horario,1697,3f279d6b-1069-42f7-9b0a-217b084729c4
24,16,202601,569,261.03,NORTE,pld_horario,1698,3f279d6b-1069-42f7-9b0a-217b084729c4
24,16,202601,569,261.05,SUDESTE,pld_horario,1699,3f279d6b-1069-42f7-9b0a-217b084729c4
24,16,202601,569,261.06,SUL,pld_horario,1700,3f279d6b-1069-42f7-9b0a-217b084729c4
24,17,202601,570,262.33,NORDESTE,pld_horario,1701,3f279d6b-1069-42f7-9b0a-217b084729c4
24,17,202601,570,262.34,NORTE,pld_horario,1702,3f279d6b-1069-42f7-9b0a-217b084729c4
24,17,202601,570,276.21,SUDESTE,pld_horario,1703,3f279d6b-1069-42f7-9b0a-217b084729c4
24,17,202601,570,276.22,SUL,pld_horario,1704,3f279d6b-1069-42f7-9b0a-217b084729c4
24,18,202601,571,253.79,NORDESTE,pld_horario,1705,3f279d6b-1069-42f7-9b0a-217b084729c4
24,18,202601,571,253.8,NORTE,pld_horario,1706,3f279d6b-1069-42f7-9b0a-217b084729c4
24,18,202601,571,289.0,SUDESTE,pld_horario,1707,3f279d6b-1069-42f7-9b0a-217b084729c4
24,18,202601,571,289.0,SUL,pld_horario,1708,3f279d6b-1069-42f7-9b0a-217b084729c4
24,19,202601,572,197.02,NORDESTE,pld_horario,1709,3f279d6b-1069-42f7-9b0a-217b084729c4
24,19,202601,572,197.03,NORTE,pld_horario,1710,3f279d6b-1069-42f7-9b0a-217b084729c4
24,19,202601,572,295.01,SUDESTE,pld_horario,1711,3f279d6b-1069-42f7-9b0a-217b084729c4
24,19,202601,572,295.01,SUL,pld_horario,1712,3f279d6b-1069-42f7-9b0a-217b084729c4
24,20,202601,573,189.76,NORDESTE,pld_horario,1713,3f279d6b-1069-42f7-9b0a-217b084729c4
24,20,202601,573,189.77,NORTE,pld_horario,1714,3f279d6b-1069-42f7-9b0a-217b084729c4
24,20,202601,573,295.2,SUDESTE,pld_horario,1715,3f279d6b-1069-42f7-9b0a-217b084729c4
24,20,202601,573,295.2,SUL,pld_horario,1716,3f279d6b-1069-42f7-9b0a-217b084729c4
24,21,202601,574,189.47,NORDESTE,pld_horario,1717,3f279d6b-1069-42f7-9b0a-217b084729c4
24,21,202601,574,189.48,NORTE,pld_horario,1718,3f279d6b-1069-42f7-9b0a-217b084729c4
24,21,202601,574,291.1,SUDESTE,pld_horario,1719,3f279d6b-1069-42f7-9b0a-217b084729c4
24,21,202601,574,291.1,SUL,pld_horario,1720,3f279d6b-1069-42f7-9b0a-217b084729c4
24,22,202601,575,207.73,NORDESTE,pld_horario,1721,3f279d6b-1069-42f7-9b0a-217b084729c4
24,22,202601,575,207.74,NORTE,pld_horario,1722,3f279d6b-1069-42f7-9b0a-217b084729c4
24,22,202601,575,286.58,SUDESTE,pld_horario,1723,3f279d6b-1069-42f7-9b0a-217b084729c4
24,22,202601,575,286.58,SUL,pld_horario,1724,3f279d6b-1069-42f7-9b0a-217b084729c4
24,23,202601,576,208.14,NORDESTE,pld_horario,1725,3f279d6b-1069-42f7-9b0a-217b084729c4
24,23,202601,576,208.15,NORTE,pld_horario,1726,3f279d6b-1069-42f7-9b0a-217b084729c4
24,23,202601,576,282.05,SUDESTE,pld_horario,1727,3f279d6b-1069-42f7-9b0a-217b084729c4
24,23,202601,576,282.05,SUL,pld_horario,1728,3f279d6b-1069-42f7-9b0a-217b084729c4
23,0,202601,529,293.14,NORDESTE,pld_horario,1729,3f279d6b-1069-42f7-9b0a-217b084729c4
23,0,202601,529,293.15,NORTE,pld_horario,1730,3f279d6b-1069-42f7-9b0a-217b084729c4
23,0,202601,529,294.42,SUDESTE,pld_horario,1731,3f279d6b-1069-42f7-9b0a-217b084729c4
23,0,202601,529,294.43,SUL,pld_horario,1732,3f279d6b-1069-42f7-9b0a-217b084729c4
23,1,202601,530,291.68,NORDESTE,pld_horario,1733,3f279d6b-1069-42f7-9b0a-217b084729c4
23,1,202601,530,291.69,NORTE,pld_horario,1734,3f279d6b-1069-42f7-9b0a-217b084729c4
23,1,202601,530,291.71,SUDESTE,pld_horario,1735,3f279d6b-1069-42f7-9b0a-217b084729c4
23,1,202601,530,291.71,SUL,pld_horario,1736,3f279d6b-1069-42f7-9b0a-217b084729c4
23,2,202601,531,289.76,NORDESTE,pld_horario,1737,3f279d6b-1069-42f7-9b0a-217b084729c4
23,2,202601,531,289.77,NORTE,pld_horario,1738,3f279d6b-1069-42f7-9b0a-217b084729c4
23,2,202601,531,289.77,SUDESTE,pld_horario,1739,3f279d6b-1069-42f7-9b0a-217b084729c4
23,2,202601,531,289.78,SUL,pld_horario,1740,3f279d6b-1069-42f7-9b0a-217b084729c4
23,3,202601,532,288.8,NORDESTE,pld_horario,1741,3f279d6b-1069-42f7-9b0a-217b084729c4
23,3,202601,532,288.8,NORTE,pld_horario,1742,3f279d6b-1069-42f7-9b0a-217b084729c4
23,3,202601,532,288.81,SUDESTE,pld_horario,1743,3f279d6b-1069-42f7-9b0a-217b084729c4
23,3,202601,532,288.82,SUL,pld_horario,1744,3f279d6b-1069-42f7-9b0a-217b084729c4
23,4,202601,533,289.26,NORDESTE,pld_horario,1745,3f279d6b-1069-42f7-9b0a-217b084729c4
23,4,202601,533,289.26,NORTE,pld_horario,1746,3f279d6b-1069-42f7-9b0a-217b084729c4
23,4,202601,533,289.27,SUDESTE,pld_horario,1747,3f279d6b-1069-42f7-9b0a-217b084729c4
23,4,202601,533,289.27,SUL,pld_horario,1748,3f279d6b-1069-42f7-9b0a-217b084729c4
23,5,202601,534,290.18,NORDESTE,pld_horario,1749,3f279d6b-1069-42f7-9b0a-217b084729c4
23,5,202601,534,290.19,NORTE,pld_horario,1750,3f279d6b-1069-42f7-9b0a-217b084729c4
23,5,202601,534,290.84,SUDESTE,pld_horario,1751,3f279d6b-1069-42f7-9b0a-217b084729c4
23,5,202601,534,290.85,SUL,pld_horario,1752,3f279d6b-1069-42f7-9b0a-217b084729c4
23,6,202601,535,288.96,NORDESTE,pld_horario,1753,3f279d6b-1069-42f7-9b0a-217b084729c4
23,6,202601,535,289.58,NORTE,pld_horario,1754,3f279d6b-1069-42f7-9b0a-217b084729c4
23,6,202601,535,291.56,SUDESTE,pld_horario,1755,3f279d6b-1069-42f7-9b0a-217b084729c4
23,6,202601,535,291.56,SUL,pld_horario,1756,3f279d6b-1069-42f7-9b0a-217b084729c4
23,7,202601,536,286.99,NORDESTE,pld_horario,1757,3f279d6b-1069-42f7-9b0a-217b084729c4
23,7,202601,536,287.89,NORTE,pld_horario,1758,3f279d6b-1069-42f7-9b0a-217b084729c4
23,7,202601,536,291.52,SUDESTE,pld_horario,1759,3f279d6b-1069-42f7-9b0a-217b084729c4
23,7,202601,536,291.52,SUL,pld_horario,1760,3f279d6b-1069-42f7-9b0a-217b084729c4
23,8,202601,537,280.57,NORDESTE,pld_horario,1761,3f279d6b-1069-42f7-9b0a-217b084729c4
23,8,202601,537,285.1,NORTE,pld_horario,1762,3f279d6b-1069-42f7-9b0a-217b084729c4
23,8,202601,537,290.82,SUDESTE,pld_horario,1763,3f279d6b-1069-42f7-9b0a-217b084729c4
23,8,202601,537,290.83,SUL,pld_horario,1764,3f279d6b-1069-42f7-9b0a-217b084729c4
23,9,202601,538,285.76,NORDESTE,pld_horario,1765,3f279d6b-1069-42f7-9b0a-217b084729c4
23,9,202601,538,286.52,NORTE,pld_horario,1766,3f279d6b-1069-42f7-9b0a-217b084729c4
23,9,202601,538,286.54,SUDESTE,pld_horario,1767,3f279d6b-1069-42f7-9b0a-217b084729c4
23,9,202601,538,286.55,SUL,pld_horario,1768,3f279d6b-1069-42f7-9b0a-217b084729c4
23,10,202601,539,286.09,NORDESTE,pld_horario,1769,3f279d6b-1069-42f7-9b0a-217b084729c4
23,10,202601,539,286.11,NORTE,pld_horario,1770,3f279d6b-1069-42f7-9b0a-217b084729c4
23,10,202601,539,286.11,SUDESTE,pld_horario,1771,3f279d6b-1069-42f7-9b0a-217b084729c4
23,10,202601,539,286.12,SUL,pld_horario,1772,3f279d6b-1069-42f7-9b0a-217b084729c4
23,11,202601,540,283.28,NORDESTE,pld_horario,1773,3f279d6b-1069-42f7-9b0a-217b084729c4
23,11,202601,540,283.29,NORTE,pld_horario,1774,3f279d6b-1069-42f7-9b0a-217b084729c4
23,11,202601,540,283.29,SUDESTE,pld_horario,1775,3f279d6b-1069-42f7-9b0a-217b084729c4
23,11,202601,540,283.3,SUL,pld_horario,1776,3f279d6b-1069-42f7-9b0a-217b084729c4
23,12,202601,541,278.69,NORDESTE,pld_horario,1777,3f279d6b-1069-42f7-9b0a-217b084729c4
23,12,202601,541,278.69,NORTE,pld_horario,1778,3f279d6b-1069-42f7-9b0a-217b084729c4
23,12,202601,541,278.69,SUDESTE,pld_horario,1779,3f279d6b-1069-42f7-9b0a-217b084729c4
23,12,202601,541,278.7,SUL,pld_horario,1780,3f279d6b-1069-42f7-9b0a-217b084729c4
23,13,202601,542,283.15,NORDESTE,pld_horario,1781,3f279d6b-1069-42f7-9b0a-217b084729c4
23,13,202601,542,283.15,NORTE,pld_horario,1782,3f279d6b-1069-42f7-9b0a-217b084729c4
23,13,202601,542,283.15,SUDESTE,pld_horario,1783,3f279d6b-1069-42f7-9b0a-217b084729c4
23,13,202601,542,283.16,SUL,pld_horario,1784,3f279d6b-1069-42f7-9b0a-217b084729c4
23,14,202601,543,289.21,NORDESTE,pld_horario,1785,3f279d6b-1069-42f7-9b0a-217b084729c4
23,14,202601,543,289.21,NORTE,pld_horario,1786,3f279d6b-1069-42f7-9b0a-217b084729c4
23,14,202601,543,289.22,SUDESTE,pld_horario,1787,3f279d6b-1069-42f7-9b0a-217b084729c4
23,14,202601,543,289.23,SUL,pld_horario,1788,3f279d6b-1069-42f7-9b0a-217b084729c4
23,15,202601,544,292.0,NORDESTE,pld_horario,1789,3f279d6b-1069-42f7-9b0a-217b084729c4
23,15,202601,544,292.01,NORTE,pld_horario,1790,3f279d6b-1069-42f7-9b0a-217b084729c4
23,15,202601,544,292.01,SUDESTE,pld_horario,1791,3f279d6b-1069-42f7-9b0a-217b084729c4
23,15,202601,544,292.02,SUL,pld_horario,1792,3f279d6b-1069-42f7-9b0a-217b084729c4
23,16,202601,545,291.85,NORDESTE,pld_horario,1793,3f279d6b-1069-42f7-9b0a-217b084729c4
23,16,202601,545,291.86,NORTE,pld_horario,1794,3f279d6b-1069-42f7-9b0a-217b084729c4
23,16,202601,545,295.18,SUDESTE,pld_horario,1795,3f279d6b-1069-42f7-9b0a-217b084729c4
23,16,202601,545,295.18,SUL,pld_horario,1796,3f279d6b-1069-42f7-9b0a-217b084729c4
23,17,202601,546,292.73,NORDESTE,pld_horario,1797,3f279d6b-1069-42f7-9b0a-217b084729c4
23,17,202601,546,292.74,NORTE,pld_horario,1798,3f279d6b-1069-42f7-9b0a-217b084729c4
23,17,202601,546,299.92,SUDESTE,pld_horario,1799,3f279d6b-1069-42f7-9b0a-217b084729c4
23,17,202601,546,299.92,SUL,pld_horario,1800,3f279d6b-1069-42f7-9b0a-217b084729c4
23,18,202601,547,292.7,NORDESTE,pld_horario,1801,3f279d6b-1069-42f7-9b0a-217b084729c4
23,18,202601,547,292.71,NORTE,pld_horario,1802,3f279d6b-1069-42f7-9b0a-217b084729c4
23,18,202601,547,308.54,SUDESTE,pld_horario,1803,3f279d6b-1069-42f7-9b0a-217b084729c4
23,18,202601,547,308.54,SUL,pld_horario,1804,3f279d6b-1069-42f7-9b0a-217b084729c4
23,19,202601,548,292.7,NORDESTE,pld_horario,1805,3f279d6b-1069-42f7-9b0a-217b084729c4
23,19,202601,548,292.71,NORTE,pld_horario,1806,3f279d6b-1069-42f7-9b0a-217b084729c4
23,19,202601,548,312.7,SUDESTE,pld_horario,1807,3f279d6b-1069-42f7-9b0a-217b084729c4
23,19,202601,548,312.7,SUL,pld_horario,1808,3f279d6b-1069-42f7-9b0a-217b084729c4
23,20,202601,549,292.15,NORDESTE,pld_horario,1809,3f279d6b-1069-42f7-9b0a-217b084729c4
23,20,202601,549,292.16,NORTE,pld_horario,1810,3f279d6b-1069-42f7-9b0a-217b084729c4
23,20,202601,549,312.76,SUDESTE,pld_horario,1811,3f279d6b-1069-42f7-9b0a-217b084729c4
23,20,202601,549,312.76,SUL,pld_horario,1812,3f279d6b-1069-42f7-9b0a-217b084729c4
23,21,202601,550,293.06,NORDESTE,pld_horario,1813,3f279d6b-1069-42f7-9b0a-217b084729c4
23,21,202601,550,293.07,NORTE,pld_horario,1814,3f279d6b-1069-42f7-9b0a-217b084729c4
23,21,202601,550,312.03,SUDESTE,pld_horario,1815,3f279d6b-1069-42f7-9b0a-217b084729c4
23,21,202601,550,312.03,SUL,pld_horario,1816,3f279d6b-1069-42f7-9b0a-217b084729c4
23,22,202601,551,292.57,NORDESTE,pld_horario,1817,3f279d6b-1069-42f7-9b0a-217b084729c4
23,22,202601,551,292.58,NORTE,pld_horario,1818,3f279d6b-1069-42f7-9b0a-217b084729c4
23,22,202601,551,306.48,SUDESTE,pld_horario,1819,3f279d6b-1069-42f7-9b0a-217b084729c4
23,22,202601,551,306.48,SUL,pld_horario,1820,3f279d6b-1069-42f7-9b0a-217b084729c4
23,23,202601,552,292.54,NORDESTE,pld_horario,1821,3f279d6b-1069-42f7-9b0a-217b084729c4
23,23,202601,552,292.55,NORTE,pld_horario,1822,3f279d6b-1069-42f7-9b0a-217b084729c4
23,23,202601,552,298.15,SUDESTE,pld_horario,1823,3f279d6b-1069-42f7-9b0a-217b084729c4
23,23,202601,552,298.15,SUL,pld_horario,1824,3f279d6b-1069-42f7-9b0a-217b084729c4
22,0,202601,505,297.31,NORDESTE,pld_horario,1825,3f279d6b-1069-42f7-9b0a-217b084729c4
22,0,202601,505,297.32,NORTE,pld_horario,1826,3f279d6b-1069-42f7-9b0a-217b084729c4
22,0,202601,505,297.32,SUDESTE,pld_horario,1827,3f279d6b-1069-42f7-9b0a-217b084729c4
22,0,202601,505,297.31,SUL,pld_horario,1828,3f279d6b-1069-42f7-9b0a-217b084729c4
22,1,202601,506,294.23,NORDESTE,pld_horario,1829,3f279d6b-1069-42f7-9b0a-217b084729c4
22,1,202601,506,294.24,NORTE,pld_horario,1830,3f279d6b-1069-42f7-9b0a-217b084729c4
22,1,202601,506,294.24,SUDESTE,pld_horario,1831,3f279d6b-1069-42f7-9b0a-217b084729c4
22,1,202601,506,294.23,SUL,pld_horario,1832,3f279d6b-1069-42f7-9b0a-217b084729c4
22,2,202601,507,291.72,NORDESTE,pld_horario,1833,3f279d6b-1069-42f7-9b0a-217b084729c4
22,2,202601,507,291.72,NORTE,pld_horario,1834,3f279d6b-1069-42f7-9b0a-217b084729c4
22,2,202601,507,291.72,SUDESTE,pld_horario,1835,3f279d6b-1069-42f7-9b0a-217b084729c4
22,2,202601,507,291.72,SUL,pld_horario,1836,3f279d6b-1069-42f7-9b0a-217b084729c4
22,3,202601,508,290.08,NORDESTE,pld_horario,1837,3f279d6b-1069-42f7-9b0a-217b084729c4
22,3,202601,508,290.08,NORTE,pld_horario,1838,3f279d6b-1069-42f7-9b0a-217b084729c4
22,3,202601,508,290.08,SUDESTE,pld_horario,1839,3f279d6b-1069-42f7-9b0a-217b084729c4
22,3,202601,508,290.09,SUL,pld_horario,1840,3f279d6b-1069-42f7-9b0a-217b084729c4
22,4,202601,509,290.44,NORDESTE,pld_horario,1841,3f279d6b-1069-42f7-9b0a-217b084729c4
22,4,202601,509,290.44,NORTE,pld_horario,1842,3f279d6b-1069-42f7-9b0a-217b084729c4
22,4,202601,509,290.44,SUDESTE,pld_horario,1843,3f279d6b-1069-42f7-9b0a-217b084729c4
22,4,202601,509,290.44,SUL,pld_horario,1844,3f279d6b-1069-42f7-9b0a-217b084729c4
22,5,202601,510,291.02,NORDESTE,pld_horario,1845,3f279d6b-1069-42f7-9b0a-217b084729c4
22,5,202601,510,291.02,NORTE,pld_horario,1846,3f279d6b-1069-42f7-9b0a-217b084729c4
22,5,202601,510,291.02,SUDESTE,pld_horario,1847,3f279d6b-1069-42f7-9b0a-217b084729c4
22,5,202601,510,291.02,SUL,pld_horario,1848,3f279d6b-1069-42f7-9b0a-217b084729c4
22,6,202601,511,290.72,NORDESTE,pld_horario,1849,3f279d6b-1069-42f7-9b0a-217b084729c4
22,6,202601,511,290.72,NORTE,pld_horario,1850,3f279d6b-1069-42f7-9b0a-217b084729c4
22,6,202601,511,290.73,SUDESTE,pld_horario,1851,3f279d6b-1069-42f7-9b0a-217b084729c4
22,6,202601,511,290.73,SUL,pld_horario,1852,3f279d6b-1069-42f7-9b0a-217b084729c4
22,7,202601,512,288.43,NORDESTE,pld_horario,1853,3f279d6b-1069-42f7-9b0a-217b084729c4
22,7,202601,512,288.44,NORTE,pld_horario,1854,3f279d6b-1069-42f7-9b0a-217b084729c4
22,7,202601,512,288.44,SUDESTE,pld_horario,1855,3f279d6b-1069-42f7-9b0a-217b084729c4
22,7,202601,512,288.44,SUL,pld_horario,1856,3f279d6b-1069-42f7-9b0a-217b084729c4
22,8,202601,513,287.87,NORDESTE,pld_horario,1857,3f279d6b-1069-42f7-9b0a-217b084729c4
22,8,202601,513,287.88,NORTE,pld_horario,1858,3f279d6b-1069-42f7-9b0a-217b084729c4
22,8,202601,513,287.88,SUDESTE,pld_horario,1859,3f279d6b-1069-42f7-9b0a-217b084729c4
22,8,202601,513,287.89,SUL,pld_horario,1860,3f279d6b-1069-42f7-9b0a-217b084729c4
22,9,202601,514,285.99,NORDESTE,pld_horario,1861,3f279d6b-1069-42f7-9b0a-217b084729c4
22,9,202601,514,286.0,NORTE,pld_horario,1862,3f279d6b-1069-42f7-9b0a-217b084729c4
22,9,202601,514,286.0,SUDESTE,pld_horario,1863,3f279d6b-1069-42f7-9b0a-217b084729c4
22,9,202601,514,286.0,SUL,pld_horario,1864,3f279d6b-1069-42f7-9b0a-217b084729c4
22,10,202601,515,286.55,NORDESTE,pld_horario,1865,3f279d6b-1069-42f7-9b0a-217b084729c4
22,10,202601,515,286.56,NORTE,pld_horario,1866,3f279d6b-1069-42f7-9b0a-217b084729c4
22,10,202601,515,286.56,SUDESTE,pld_horario,1867,3f279d6b-1069-42f7-9b0a-217b084729c4
22,10,202601,515,286.56,SUL,pld_horario,1868,3f279d6b-1069-42f7-9b0a-217b084729c4
22,11,202601,516,285.08,NORDESTE,pld_horario,1869,3f279d6b-1069-42f7-9b0a-217b084729c4
22,11,202601,516,285.09,NORTE,pld_horario,1870,3f279d6b-1069-42f7-9b0a-217b084729c4
22,11,202601,516,285.09,SUDESTE,pld_horario,1871,3f279d6b-1069-42f7-9b0a-217b084729c4
22,11,202601,516,285.09,SUL,pld_horario,1872,3f279d6b-1069-42f7-9b0a-217b084729c4
22,12,202601,517,282.02,NORDESTE,pld_horario,1873,3f279d6b-1069-42f7-9b0a-217b084729c4
22,12,202601,517,282.02,NORTE,pld_horario,1874,3f279d6b-1069-42f7-9b0a-217b084729c4
22,12,202601,517,282.02,SUDESTE,pld_horario,1875,3f279d6b-1069-42f7-9b0a-217b084729c4
22,12,202601,517,282.03,SUL,pld_horario,1876,3f279d6b-1069-42f7-9b0a-217b084729c4
22,13,202601,518,285.43,NORDESTE,pld_horario,1877,3f279d6b-1069-42f7-9b0a-217b084729c4
22,13,202601,518,285.44,NORTE,pld_horario,1878,3f279d6b-1069-42f7-9b0a-217b084729c4
22,13,202601,518,285.44,SUDESTE,pld_horario,1879,3f279d6b-1069-42f7-9b0a-217b084729c4
22,13,202601,518,285.45,SUL,pld_horario,1880,3f279d6b-1069-42f7-9b0a-217b084729c4
22,14,202601,519,288.14,NORDESTE,pld_horario,1881,3f279d6b-1069-42f7-9b0a-217b084729c4
22,14,202601,519,288.15,NORTE,pld_horario,1882,3f279d6b-1069-42f7-9b0a-217b084729c4
22,14,202601,519,288.15,SUDESTE,pld_horario,1883,3f279d6b-1069-42f7-9b0a-217b084729c4
22,14,202601,519,288.16,SUL,pld_horario,1884,3f279d6b-1069-42f7-9b0a-217b084729c4
22,15,202601,520,290.79,NORDESTE,pld_horario,1885,3f279d6b-1069-42f7-9b0a-217b084729c4
22,15,202601,520,290.79,NORTE,pld_horario,1886,3f279d6b-1069-42f7-9b0a-217b084729c4
22,15,202601,520,290.8,SUDESTE,pld_horario,1887,3f279d6b-1069-42f7-9b0a-217b084729c4
22,15,202601,520,290.8,SUL,pld_horario,1888,3f279d6b-1069-42f7-9b0a-217b084729c4
22,16,202601,521,295.23,NORDESTE,pld_horario,1889,3f279d6b-1069-42f7-9b0a-217b084729c4
22,16,202601,521,295.24,NORTE,pld_horario,1890,3f279d6b-1069-42f7-9b0a-217b084729c4
22,16,202601,521,296.37,SUDESTE,pld_horario,1891,3f279d6b-1069-42f7-9b0a-217b084729c4
22,16,202601,521,296.37,SUL,pld_horario,1892,3f279d6b-1069-42f7-9b0a-217b084729c4
22,17,202601,522,296.24,NORDESTE,pld_horario,1893,3f279d6b-1069-42f7-9b0a-217b084729c4
22,17,202601,522,296.25,NORTE,pld_horario,1894,3f279d6b-1069-42f7-9b0a-217b084729c4
22,17,202601,522,298.92,SUDESTE,pld_horario,1895,3f279d6b-1069-42f7-9b0a-217b084729c4
22,17,202601,522,298.91,SUL,pld_horario,1896,3f279d6b-1069-42f7-9b0a-217b084729c4
22,18,202601,523,295.24,NORDESTE,pld_horario,1897,3f279d6b-1069-42f7-9b0a-217b084729c4
22,18,202601,523,295.24,NORTE,pld_horario,1898,3f279d6b-1069-42f7-9b0a-217b084729c4
22,18,202601,523,305.45,SUDESTE,pld_horario,1899,3f279d6b-1069-42f7-9b0a-217b084729c4
22,18,202601,523,305.44,SUL,pld_horario,1900,3f279d6b-1069-42f7-9b0a-217b084729c4
22,19,202601,524,293.91,NORDESTE,pld_horario,1901,3f279d6b-1069-42f7-9b0a-217b084729c4
22,19,202601,524,293.91,NORTE,pld_horario,1902,3f279d6b-1069-42f7-9b0a-217b084729c4
22,19,202601,524,319.09,SUDESTE,pld_horario,1903,3f279d6b-1069-42f7-9b0a-217b084729c4
22,19,202601,524,319.09,SUL,pld_horario,1904,3f279d6b-1069-42f7-9b0a-217b084729c4
22,20,202601,525,293.86,NORDESTE,pld_horario,1905,3f279d6b-1069-42f7-9b0a-217b084729c4
22,20,202601,525,293.86,NORTE,pld_horario,1906,3f279d6b-1069-42f7-9b0a-217b084729c4
22,20,202601,525,319.58,SUDESTE,pld_horario,1907,3f279d6b-1069-42f7-9b0a-217b084729c4
22,20,202601,525,319.58,SUL,pld_horario,1908,3f279d6b-1069-42f7-9b0a-217b084729c4
22,21,202601,526,293.82,NORDESTE,pld_horario,1909,3f279d6b-1069-42f7-9b0a-217b084729c4
22,21,202601,526,293.82,NORTE,pld_horario,1910,3f279d6b-1069-42f7-9b0a-217b084729c4
22,21,202601,526,312.2,SUDESTE,pld_horario,1911,3f279d6b-1069-42f7-9b0a-217b084729c4
22,21,202601,526,312.2,SUL,pld_horario,1912,3f279d6b-1069-42f7-9b0a-217b084729c4
22,22,202601,527,293.75,NORDESTE,pld_horario,1913,3f279d6b-1069-42f7-9b0a-217b084729c4
22,22,202601,527,293.76,NORTE,pld_horario,1914,3f279d6b-1069-42f7-9b0a-217b084729c4
22,22,202601,527,305.32,SUDESTE,pld_horario,1915,3f279d6b-1069-42f7-9b0a-217b084729c4
22,22,202601,527,305.31,SUL,pld_horario,1916,3f279d6b-1069-42f7-9b0a-217b084729c4
22,23,202601,528,293.71,NORDESTE,pld_horario,1917,3f279d6b-1069-42f7-9b0a-217b084729c4
22,23,202601,528,293.72,NORTE,pld_horario,1918,3f279d6b-1069-42f7-9b0a-217b084729c4
22,23,202601,528,298.97,SUDESTE,pld_horario,1919,3f279d6b-1069-42f7-9b0a-217b084729c4
22,23,202601,528,298.97,SUL,pld_horario,1920,3f279d6b-1069-42f7-9b0a-217b084729c4
21,0,202601,481,328.74,NORDESTE,pld_horario,1921,3f279d6b-1069-42f7-9b0a-217b084729c4
21,0,202601,481,328.73,NORTE,pld_horario,1922,3f279d6b-1069-42f7-9b0a-217b084729c4
21,0,202601,481,328.74,SUDESTE,pld_horario,1923,3f279d6b-1069-42f7-9b0a-217b084729c4
21,0,202601,481,328.73,SUL,pld_horario,1924,3f279d6b-1069-42f7-9b0a-217b084729c4
21,1,202601,482,319.58,NORDESTE,pld_horario,1925,3f279d6b-1069-42f7-9b0a-217b084729c4
21,1,202601,482,319.57,NORTE,pld_horario,1926,3f279d6b-1069-42f7-9b0a-217b084729c4
21,1,202601,482,319.58,SUDESTE,pld_horario,1927,3f279d6b-1069-42f7-9b0a-217b084729c4
21,1,202601,482,319.57,SUL,pld_horario,1928,3f279d6b-1069-42f7-9b0a-217b084729c4
21,2,202601,483,314.12,NORDESTE,pld_horario,1929,3f279d6b-1069-42f7-9b0a-217b084729c4
21,2,202601,483,314.11,NORTE,pld_horario,1930,3f279d6b-1069-42f7-9b0a-217b084729c4
21,2,202601,483,314.11,SUDESTE,pld_horario,1931,3f279d6b-1069-42f7-9b0a-217b084729c4
21,2,202601,483,314.1,SUL,pld_horario,1932,3f279d6b-1069-42f7-9b0a-217b084729c4
21,3,202601,484,313.6,NORDESTE,pld_horario,1933,3f279d6b-1069-42f7-9b0a-217b084729c4
21,3,202601,484,313.59,NORTE,pld_horario,1934,3f279d6b-1069-42f7-9b0a-217b084729c4
21,3,202601,484,313.6,SUDESTE,pld_horario,1935,3f279d6b-1069-42f7-9b0a-217b084729c4
21,3,202601,484,313.59,SUL,pld_horario,1936,3f279d6b-1069-42f7-9b0a-217b084729c4
21,4,202601,485,313.85,NORDESTE,pld_horario,1937,3f279d6b-1069-42f7-9b0a-217b084729c4
21,4,202601,485,313.84,NORTE,pld_horario,1938,3f279d6b-1069-42f7-9b0a-217b084729c4
21,4,202601,485,313.85,SUDESTE,pld_horario,1939,3f279d6b-1069-42f7-9b0a-217b084729c4
21,4,202601,485,313.84,SUL,pld_horario,1940,3f279d6b-1069-42f7-9b0a-217b084729c4
21,5,202601,486,316.61,NORDESTE,pld_horario,1941,3f279d6b-1069-42f7-9b0a-217b084729c4
21,5,202601,486,316.6,NORTE,pld_horario,1942,3f279d6b-1069-42f7-9b0a-217b084729c4
21,5,202601,486,316.61,SUDESTE,pld_horario,1943,3f279d6b-1069-42f7-9b0a-217b084729c4
21,5,202601,486,316.6,SUL,pld_horario,1944,3f279d6b-1069-42f7-9b0a-217b084729c4
21,6,202601,487,314.09,NORDESTE,pld_horario,1945,3f279d6b-1069-42f7-9b0a-217b084729c4
21,6,202601,487,314.1,NORTE,pld_horario,1946,3f279d6b-1069-42f7-9b0a-217b084729c4
21,6,202601,487,314.1,SUDESTE,pld_horario,1947,3f279d6b-1069-42f7-9b0a-217b084729c4
21,6,202601,487,314.09,SUL,pld_horario,1948,3f279d6b-1069-42f7-9b0a-217b084729c4
21,7,202601,488,309.36,NORDESTE,pld_horario,1949,3f279d6b-1069-42f7-9b0a-217b084729c4
21,7,202601,488,309.37,NORTE,pld_horario,1950,3f279d6b-1069-42f7-9b0a-217b084729c4
21,7,202601,488,309.37,SUDESTE,pld_horario,1951,3f279d6b-1069-42f7-9b0a-217b084729c4
21,7,202601,488,309.36,SUL,pld_horario,1952,3f279d6b-1069-42f7-9b0a-217b084729c4
21,8,202601,489,307.36,NORDESTE,pld_horario,1953,3f279d6b-1069-42f7-9b0a-217b084729c4
21,8,202601,489,307.37,NORTE,pld_horario,1954,3f279d6b-1069-42f7-9b0a-217b084729c4
21,8,202601,489,307.37,SUDESTE,pld_horario,1955,3f279d6b-1069-42f7-9b0a-217b084729c4
21,8,202601,489,307.36,SUL,pld_horario,1956,3f279d6b-1069-42f7-9b0a-217b084729c4
21,9,202601,490,304.0,NORDESTE,pld_horario,1957,3f279d6b-1069-42f7-9b0a-217b084729c4
21,9,202601,490,304.0,NORTE,pld_horario,1958,3f279d6b-1069-42f7-9b0a-217b084729c4
21,9,202601,490,304.0,SUDESTE,pld_horario,1959,3f279d6b-1069-42f7-9b0a-217b084729c4
21,9,202601,490,303.99,SUL,pld_horario,1960,3f279d6b-1069-42f7-9b0a-217b084729c4
21,10,202601,491,304.47,NORDESTE,pld_horario,1961,3f279d6b-1069-42f7-9b0a-217b084729c4
21,10,202601,491,304.47,NORTE,pld_horario,1962,3f279d6b-1069-42f7-9b0a-217b084729c4
21,10,202601,491,304.47,SUDESTE,pld_horario,1963,3f279d6b-1069-42f7-9b0a-217b084729c4
21,10,202601,491,304.46,SUL,pld_horario,1964,3f279d6b-1069-42f7-9b0a-217b084729c4
21,11,202601,492,302.69,NORDESTE,pld_horario,1965,3f279d6b-1069-42f7-9b0a-217b084729c4
21,11,202601,492,302.7,NORTE,pld_horario,1966,3f279d6b-1069-42f7-9b0a-217b084729c4
21,11,202601,492,302.7,SUDESTE,pld_horario,1967,3f279d6b-1069-42f7-9b0a-217b084729c4
21,11,202601,492,302.69,SUL,pld_horario,1968,3f279d6b-1069-42f7-9b0a-217b084729c4
21,12,202601,493,296.14,NORDESTE,pld_horario,1969,3f279d6b-1069-42f7-9b0a-217b084729c4
21,12,202601,493,296.15,NORTE,pld_horario,1970,3f279d6b-1069-42f7-9b0a-217b084729c4
21,12,202601,493,296.15,SUDESTE,pld_horario,1971,3f279d6b-1069-42f7-9b0a-217b084729c4
21,12,202601,493,296.14,SUL,pld_horario,1972,3f279d6b-1069-42f7-9b0a-217b084729c4
21,13,202601,494,300.7,NORDESTE,pld_horario,1973,3f279d6b-1069-42f7-9b0a-217b084729c4
21,13,202601,494,300.71,NORTE,pld_horario,1974,3f279d6b-1069-42f7-9b0a-217b084729c4
21,13,202601,494,300.71,SUDESTE,pld_horario,1975,3f279d6b-1069-42f7-9b0a-217b084729c4
21,13,202601,494,300.7,SUL,pld_horario,1976,3f279d6b-1069-42f7-9b0a-217b084729c4
21,14,202601,495,304.65,NORDESTE,pld_horario,1977,3f279d6b-1069-42f7-9b0a-217b084729c4
21,14,202601,495,304.65,NORTE,pld_horario,1978,3f279d6b-1069-42f7-9b0a-217b084729c4
21,14,202601,495,304.65,SUDESTE,pld_horario,1979,3f279d6b-1069-42f7-9b0a-217b084729c4
21,14,202601,495,304.64,SUL,pld_horario,1980,3f279d6b-1069-42f7-9b0a-217b084729c4
21,15,202601,496,309.49,NORDESTE,pld_horario,1981,3f279d6b-1069-42f7-9b0a-217b084729c4
21,15,202601,496,309.49,NORTE,pld_horario,1982,3f279d6b-1069-42f7-9b0a-217b084729c4
21,15,202601,496,309.5,SUDESTE,pld_horario,1983,3f279d6b-1069-42f7-9b0a-217b084729c4
21,15,202601,496,309.49,SUL,pld_horario,1984,3f279d6b-1069-42f7-9b0a-217b084729c4
21,16,202601,497,320.44,NORDESTE,pld_horario,1985,3f279d6b-1069-42f7-9b0a-217b084729c4
21,16,202601,497,320.44,NORTE,pld_horario,1986,3f279d6b-1069-42f7-9b0a-217b084729c4
21,16,202601,497,320.45,SUDESTE,pld_horario,1987,3f279d6b-1069-42f7-9b0a-217b084729c4
21,16,202601,497,320.44,SUL,pld_horario,1988,3f279d6b-1069-42f7-9b0a-217b084729c4
21,17,202601,498,325.02,NORDESTE,pld_horario,1989,3f279d6b-1069-42f7-9b0a-217b084729c4
21,17,202601,498,325.01,NORTE,pld_horario,1990,3f279d6b-1069-42f7-9b0a-217b084729c4
21,17,202601,498,325.03,SUDESTE,pld_horario,1991,3f279d6b-1069-42f7-9b0a-217b084729c4
21,17,202601,498,325.02,SUL,pld_horario,1992,3f279d6b-1069-42f7-9b0a-217b084729c4
21,18,202601,499,343.86,NORDESTE,pld_horario,1993,3f279d6b-1069-42f7-9b0a-217b084729c4
21,18,202601,499,343.85,NORTE,pld_horario,1994,3f279d6b-1069-42f7-9b0a-217b084729c4
21,18,202601,499,343.87,SUDESTE,pld_horario,1995,3f279d6b-1069-42f7-9b0a-217b084729c4
21,18,202601,499,343.86,SUL,pld_horario,1996,3f279d6b-1069-42f7-9b0a-217b084729c4
21,19,202601,500,399.8,NORDESTE,pld_horario,1997,3f279d6b-1069-42f7-9b0a-217b084729c4
21,19,202601,500,399.79,NORTE,pld_horario,1998,3f279d6b-1069-42f7-9b0a-217b084729c4
21,19,202601,500,399.8,SUDESTE,pld_horario,1999,3f279d6b-1069-42f7-9b0a-217b084729c4
21,19,202601,500,399.79,SUL,pld_horario,2000,3f279d6b-1069-42f7-9b0a-217b084729c4
21,20,202601,501,397.32,NORDESTE,pld_horario,2001,3f279d6b-1069-42f7-9b0a-217b084729c4
21,20,202601,501,397.31,NORTE,pld_horario,2002,3f279d6b-1069-42f7-9b0a-217b084729c4
21,20,202601,501,397.32,SUDESTE,pld_horario,2003,3f279d6b-1069-42f7-9b0a-217b084729c4
21,20,202601,501,397.32,SUL,pld_horario,2004,3f279d6b-1069-42f7-9b0a-217b084729c4
21,21,202601,502,381.41,NORDESTE,pld_horario,2005,3f279d6b-1069-42f7-9b0a-217b084729c4
21,21,202601,502,381.4,NORTE,pld_horario,2006,3f279d6b-1069-42f7-9b0a-217b084729c4
21,21,202601,502,381.42,SUDESTE,pld_horario,2007,3f279d6b-1069-42f7-9b0a-217b084729c4
21,21,202601,502,381.41,SUL,pld_horario,2008,3f279d6b-1069-42f7-9b0a-217b084729c4
21,22,202601,503,337.57,NORDESTE,pld_horario,2009,3f279d6b-1069-42f7-9b0a-217b084729c4
21,22,202601,503,337.56,NORTE,pld_horario,2010,3f279d6b-1069-42f7-9b0a-217b084729c4
21,22,202601,503,337.58,SUDESTE,pld_horario,2011,3f279d6b-1069-42f7-9b0a-217b084729c4
21,22,202601,503,337.57,SUL,pld_horario,2012,3f279d6b-1069-42f7-9b0a-217b084729c4
21,23,202601,504,318.36,NORDESTE,pld_horario,2013,3f279d6b-1069-42f7-9b0a-217b084729c4
21,23,202601,504,318.35,NORTE,pld_horario,2014,3f279d6b-1069-42f7-9b0a-217b084729c4
21,23,202601,504,318.36,SUDESTE,pld_horario,2015,3f279d6b-1069-42f7-9b0a-217b084729c4
21,23,202601,504,318.35,SUL,pld_horario,2016,3f279d6b-1069-42f7-9b0a-217b084729c4
20,0,202601,457,328.74,NORDESTE,pld_horario,2017,3f279d6b-1069-42f7-9b0a-217b084729c4
20,0,202601,457,328.73,NORTE,pld_horario,2018,3f279d6b-1069-42f7-9b0a-217b084729c4
20,0,202601,457,328.74,SUDESTE,pld_horario,2019,3f279d6b-1069-42f7-9b0a-217b084729c4
20,0,202601,457,328.73,SUL,pld_horario,2020,3f279d6b-1069-42f7-9b0a-217b084729c4
20,1,202601,458,319.58,NORDESTE,pld_horario,2021,3f279d6b-1069-42f7-9b0a-217b084729c4
20,1,202601,458,319.57,NORTE,pld_horario,2022,3f279d6b-1069-42f7-9b0a-217b084729c4
20,1,202601,458,319.58,SUDESTE,pld_horario,2023,3f279d6b-1069-42f7-9b0a-217b084729c4
20,1,202601,458,319.57,SUL,pld_horario,2024,3f279d6b-1069-42f7-9b0a-217b084729c4
20,2,202601,459,314.12,NORDESTE,pld_horario,2025,3f279d6b-1069-42f7-9b0a-217b084729c4
20,2,202601,459,314.11,NORTE,pld_horario,2026,3f279d6b-1069-42f7-9b0a-217b084729c4
20,2,202601,459,314.11,SUDESTE,pld_horario,2027,3f279d6b-1069-42f7-9b0a-217b084729c4
20,2,202601,459,314.1,SUL,pld_horario,2028,3f279d6b-1069-42f7-9b0a-217b084729c4
20,3,202601,460,313.6,NORDESTE,pld_horario,2029,3f279d6b-1069-42f7-9b0a-217b084729c4
20,3,202601,460,313.59,NORTE,pld_horario,2030,3f279d6b-1069-42f7-9b0a-217b084729c4
20,3,202601,460,313.6,SUDESTE,pld_horario,2031,3f279d6b-1069-42f7-9b0a-217b084729c4
20,3,202601,460,313.59,SUL,pld_horario,2032,3f279d6b-1069-42f7-9b0a-217b084729c4
20,4,202601,461,313.85,NORDESTE,pld_horario,2033,3f279d6b-1069-42f7-9b0a-217b084729c4
20,4,202601,461,313.84,NORTE,pld_horario,2034,3f279d6b-1069-42f7-9b0a-217b084729c4
20,4,202601,461,313.85,SUDESTE,pld_horario,2035,3f279d6b-1069-42f7-9b0a-217b084729c4
20,4,202601,461,313.84,SUL,pld_horario,2036,3f279d6b-1069-42f7-9b0a-217b084729c4
20,5,202601,462,316.61,NORDESTE,pld_horario,2037,3f279d6b-1069-42f7-9b0a-217b084729c4
20,5,202601,462,316.6,NORTE,pld_horario,2038,3f279d6b-1069-42f7-9b0a-217b084729c4
20,5,202601,462,316.61,SUDESTE,pld_horario,2039,3f279d6b-1069-42f7-9b0a-217b084729c4
20,5,202601,462,316.6,SUL,pld_horario,2040,3f279d6b-1069-42f7-9b0a-217b084729c4
20,6,202601,463,314.09,NORDESTE,pld_horario,2041,3f279d6b-1069-42f7-9b0a-217b084729c4
20,6,202601,463,314.1,NORTE,pld_horario,2042,3f279d6b-1069-42f7-9b0a-217b084729c4
20,6,202601,463,314.1,SUDESTE,pld_horario,2043,3f279d6b-1069-42f7-9b0a-217b084729c4
20,6,202601,463,314.09,SUL,pld_horario,2044,3f279d6b-1069-42f7-9b0a-217b084729c4
20,7,202601,464,309.36,NORDESTE,pld_horario,2045,3f279d6b-1069-42f7-9b0a-217b084729c4
20,7,202601,464,309.37,NORTE,pld_horario,2046,3f279d6b-1069-42f7-9b0a-217b084729c4
20,7,202601,464,309.37,SUDESTE,pld_horario,2047,3f279d6b-1069-42f7-9b0a-217b084729c4
20,7,202601,464,309.36,SUL,pld_horario,2048,3f279d6b-1069-42f7-9b0a-217b084729c4
20,8,202601,465,307.36,NORDESTE,pld_horario,2049,3f279d6b-1069-42f7-9b0a-217b084729c4
20,8,202601,465,307.37,NORTE,pld_horario,2050,3f279d6b-1069-42f7-9b0a-217b084729c4
20,8,202601,465,307.37,SUDESTE,pld_horario,2051,3f279d6b-1069-42f7-9b0a-217b084729c4
20,8,202601,465,307.36,SUL,pld_horario,2052,3f279d6b-1069-42f7-9b0a-217b084729c4
20,9,202601,466,304.0,NORDESTE,pld_horario,2053,3f279d6b-1069-42f7-9b0a-217b084729c4
20,9,202601,466,304.0,NORTE,pld_horario,2054,3f279d6b-1069-42f7-9b0a-217b084729c4
20,9,202601,466,304.0,SUDESTE,pld_horario,2055,3f279d6b-1069-42f7-9b0a-217b084729c4
20,9,202601,466,303.99,SUL,pld_horario,2056,3f279d6b-1069-42f7-9b0a-217b084729c4
20,10,202601,467,304.47,NORDESTE,pld_horario,2057,3f279d6b-1069-42f7-9b0a-217b084729c4
20,10,202601,467,304.47,NORTE,pld_horario,2058,3f279d6b-1069-42f7-9b0a-217b084729c4
20,10,202601,467,304.47,SUDESTE,pld_horario,2059,3f279d6b-1069-42f7-9b0a-217b084729c4
20,10,202601,467,304.46,SUL,pld_horario,2060,3f279d6b-1069-42f7-9b0a-217b084729c4
20,11,202601,468,302.69,NORDESTE,pld_horario,2061,3f279d6b-1069-42f7-9b0a-217b084729c4
20,11,202601,468,302.7,NORTE,pld_horario,2062,3f279d6b-1069-42f7-9b0a-217b084729c4
20,11,202601,468,302.7,SUDESTE,pld_horario,2063,3f279d6b-1069-42f7-9b0a-217b084729c4
20,11,202601,468,302.69,SUL,pld_horario,2064,3f279d6b-1069-42f7-9b0a-217b084729c4
20,12,202601,469,296.14,NORDESTE,pld_horario,2065,3f279d6b-1069-42f7-9b0a-217b084729c4
20,12,202601,469,296.15,NORTE,pld_horario,2066,3f279d6b-1069-42f7-9b0a-217b084729c4
20,12,202601,469,296.15,SUDESTE,pld_horario,2067,3f279d6b-1069-42f7-9b0a-217b084729c4
20,12,202601,469,296.14,SUL,pld_horario,2068,3f279d6b-1069-42f7-9b0a-217b084729c4
20,13,202601,470,300.7,NORDESTE,pld_horario,2069,3f279d6b-1069-42f7-9b0a-217b084729c4
20,13,202601,470,300.71,NORTE,pld_horario,2070,3f279d6b-1069-42f7-9b0a-217b084729c4
20,13,202601,470,300.71,SUDESTE,pld_horario,2071,3f279d6b-1069-42f7-9b0a-217b084729c4
20,13,202601,470,300.7,SUL,pld_horario,2072,3f279d6b-1069-42f7-9b0a-217b084729c4
20,14,202601,471,304.65,NORDESTE,pld_horario,2073,3f279d6b-1069-42f7-9b0a-217b084729c4
20,14,202601,471,304.65,NORTE,pld_horario,2074,3f279d6b-1069-42f7-9b0a-217b084729c4
20,14,202601,471,304.65,SUDESTE,pld_horario,2075,3f279d6b-1069-42f7-9b0a-217b084729c4
20,14,202601,471,304.64,SUL,pld_horario,2076,3f279d6b-1069-42f7-9b0a-217b084729c4
20,15,202601,472,309.49,NORDESTE,pld_horario,2077,3f279d6b-1069-42f7-9b0a-217b084729c4
20,15,202601,472,309.49,NORTE,pld_horario,2078,3f279d6b-1069-42f7-9b0a-217b084729c4
20,15,202601,472,309.5,SUDESTE,pld_horario,2079,3f279d6b-1069-42f7-9b0a-217b084729c4
20,15,202601,472,309.49,SUL,pld_horario,2080,3f279d6b-1069-42f7-9b0a-217b084729c4
20,16,202601,473,320.44,NORDESTE,pld_horario,2081,3f279d6b-1069-42f7-9b0a-217b084729c4
20,16,202601,473,320.44,NORTE,pld_horario,2082,3f279d6b-1069-42f7-9b0a-217b084729c4
20,16,202601,473,320.45,SUDESTE,pld_horario,2083,3f279d6b-1069-42f7-9b0a-217b084729c4
20,16,202601,473,320.44,SUL,pld_horario,2084,3f279d6b-1069-42f7-9b0a-217b084729c4
20,17,202601,474,325.02,NORDESTE,pld_horario,2085,3f279d6b-1069-42f7-9b0a-217b084729c4
20,17,202601,474,325.01,NORTE,pld_horario,2086,3f279d6b-1069-42f7-9b0a-217b084729c4
20,17,202601,474,325.03,SUDESTE,pld_horario,2087,3f279d6b-1069-42f7-9b0a-217b084729c4
20,17,202601,474,325.02,SUL,pld_horario,2088,3f279d6b-1069-42f7-9b0a-217b084729c4
20,18,202601,475,343.86,NORDESTE,pld_horario,2089,3f279d6b-1069-42f7-9b0a-217b084729c4
20,18,202601,475,343.85,NORTE,pld_horario,2090,3f279d6b-1069-42f7-9b0a-217b084729c4
20,18,202601,475,343.87,SUDESTE,pld_horario,2091,3f279d6b-1069-42f7-9b0a-217b084729c4
20,18,202601,475,343.86,SUL,pld_horario,2092,3f279d6b-1069-42f7-9b0a-217b084729c4
20,19,202601,476,399.8,NORDESTE,pld_horario,2093,3f279d6b-1069-42f7-9b0a-217b084729c4
20,19,202601,476,399.79,NORTE,pld_horario,2094,3f279d6b-1069-42f7-9b0a-217b084729c4
20,19,202601,476,399.8,SUDESTE,pld_horario,2095,3f279d6b-1069-42f7-9b0a-217b084729c4
20,19,202601,476,399.79,SUL,pld_horario,2096,3f279d6b-1069-42f7-9b0a-217b084729c4
20,20,202601,477,397.32,NORDESTE,pld_horario,2097,3f279d6b-1069-42f7-9b0a-217b084729c4
20,20,202601,477,397.31,NORTE,pld_horario,2098,3f279d6b-1069-42f7-9b0a-217b084729c4
20,20,202601,477,397.32,SUDESTE,pld_horario,2099,3f279d6b-1069-42f7-9b0a-217b084729c4
20,20,202601,477,397.32,SUL,pld_horario,2100,3f279d6b-1069-42f7-9b0a-217b084729c4
20,21,202601,478,381.41,NORDESTE,pld_horario,2101,3f279d6b-1069-42f7-9b0a-217b084729c4
20,21,202601,478,381.4,NORTE,pld_horario,2102,3f279d6b-1069-42f7-9b0a-217b084729c4
20,21,202601,478,381.42,SUDESTE,pld_horario,2103,3f279d6b-1069-42f7-9b0a-217b084729c4
20,21,202601,478,381.41,SUL,pld_horario,2104,3f279d6b-1069-42f7-9b0a-217b084729c4
20,22,202601,479,337.57,NORDESTE,pld_horario,2105,3f279d6b-1069-42f7-9b0a-217b084729c4
20,22,202601,479,337.56,NORTE,pld_horario,2106,3f279d6b-1069-42f7-9b0a-217b084729c4
20,22,202601,479,337.58,SUDESTE,pld_horario,2107,3f279d6b-1069-42f7-9b0a-217b084729c4
20,22,202601,479,337.57,SUL,pld_horario,2108,3f279d6b-1069-42f7-9b0a-217b084729c4
20,23,202601,480,318.36,NORDESTE,pld_horario,2109,3f279d6b-1069-42f7-9b0a-217b084729c4
20,23,202601,480,318.35,NORTE,pld_horario,2110,3f279d6b-1069-42f7-9b0a-217b084729c4
20,23,202601,480,318.36,SUDESTE,pld_horario,2111,3f279d6b-1069-42f7-9b0a-217b084729c4
20,23,202601,480,318.35,SUL,pld_horario,2112,3f279d6b-1069-42f7-9b0a-217b084729c4
19,0,202601,433,332.6,NORDESTE,pld_horario,2113,3f279d6b-1069-42f7-9b0a-217b084729c4
19,0,202601,433,332.59,NORTE,pld_horario,2114,3f279d6b-1069-42f7-9b0a-217b084729c4
19,0,202601,433,332.6,SUDESTE,pld_horario,2115,3f279d6b-1069-42f7-9b0a-217b084729c4
19,0,202601,433,332.59,SUL,pld_horario,2116,3f279d6b-1069-42f7-9b0a-217b084729c4
19,1,202601,434,318.66,NORDESTE,pld_horario,2117,3f279d6b-1069-42f7-9b0a-217b084729c4
19,1,202601,434,318.65,NORTE,pld_horario,2118,3f279d6b-1069-42f7-9b0a-217b084729c4
19,1,202601,434,318.65,SUDESTE,pld_horario,2119,3f279d6b-1069-42f7-9b0a-217b084729c4
19,1,202601,434,318.64,SUL,pld_horario,2120,3f279d6b-1069-42f7-9b0a-217b084729c4
19,2,202601,435,313.37,NORDESTE,pld_horario,2121,3f279d6b-1069-42f7-9b0a-217b084729c4
19,2,202601,435,313.36,NORTE,pld_horario,2122,3f279d6b-1069-42f7-9b0a-217b084729c4
19,2,202601,435,313.37,SUDESTE,pld_horario,2123,3f279d6b-1069-42f7-9b0a-217b084729c4
19,2,202601,435,313.36,SUL,pld_horario,2124,3f279d6b-1069-42f7-9b0a-217b084729c4
19,3,202601,436,311.2,NORDESTE,pld_horario,2125,3f279d6b-1069-42f7-9b0a-217b084729c4
19,3,202601,436,311.19,NORTE,pld_horario,2126,3f279d6b-1069-42f7-9b0a-217b084729c4
19,3,202601,436,311.2,SUDESTE,pld_horario,2127,3f279d6b-1069-42f7-9b0a-217b084729c4
19,3,202601,436,311.19,SUL,pld_horario,2128,3f279d6b-1069-42f7-9b0a-217b084729c4
19,4,202601,437,312.41,NORDESTE,pld_horario,2129,3f279d6b-1069-42f7-9b0a-217b084729c4
19,4,202601,437,312.4,NORTE,pld_horario,2130,3f279d6b-1069-42f7-9b0a-217b084729c4
19,4,202601,437,312.41,SUDESTE,pld_horario,2131,3f279d6b-1069-42f7-9b0a-217b084729c4
19,4,202601,437,312.4,SUL,pld_horario,2132,3f279d6b-1069-42f7-9b0a-217b084729c4
19,5,202601,438,314.79,NORDESTE,pld_horario,2133,3f279d6b-1069-42f7-9b0a-217b084729c4
19,5,202601,438,314.78,NORTE,pld_horario,2134,3f279d6b-1069-42f7-9b0a-217b084729c4
19,5,202601,438,314.78,SUDESTE,pld_horario,2135,3f279d6b-1069-42f7-9b0a-217b084729c4
19,5,202601,438,314.77,SUL,pld_horario,2136,3f279d6b-1069-42f7-9b0a-217b084729c4
19,6,202601,439,312.43,NORDESTE,pld_horario,2137,3f279d6b-1069-42f7-9b0a-217b084729c4
19,6,202601,439,312.42,NORTE,pld_horario,2138,3f279d6b-1069-42f7-9b0a-217b084729c4
19,6,202601,439,312.43,SUDESTE,pld_horario,2139,3f279d6b-1069-42f7-9b0a-217b084729c4
19,6,202601,439,312.42,SUL,pld_horario,2140,3f279d6b-1069-42f7-9b0a-217b084729c4
19,7,202601,440,308.68,NORDESTE,pld_horario,2141,3f279d6b-1069-42f7-9b0a-217b084729c4
19,7,202601,440,308.67,NORTE,pld_horario,2142,3f279d6b-1069-42f7-9b0a-217b084729c4
19,7,202601,440,308.68,SUDESTE,pld_horario,2143,3f279d6b-1069-42f7-9b0a-217b084729c4
19,7,202601,440,308.67,SUL,pld_horario,2144,3f279d6b-1069-42f7-9b0a-217b084729c4
19,8,202601,441,308.89,NORDESTE,pld_horario,2145,3f279d6b-1069-42f7-9b0a-217b084729c4
19,8,202601,441,308.9,NORTE,pld_horario,2146,3f279d6b-1069-42f7-9b0a-217b084729c4
19,8,202601,441,308.9,SUDESTE,pld_horario,2147,3f279d6b-1069-42f7-9b0a-217b084729c4
19,8,202601,441,308.89,SUL,pld_horario,2148,3f279d6b-1069-42f7-9b0a-217b084729c4
19,9,202601,442,304.6,NORDESTE,pld_horario,2149,3f279d6b-1069-42f7-9b0a-217b084729c4
19,9,202601,442,304.61,NORTE,pld_horario,2150,3f279d6b-1069-42f7-9b0a-217b084729c4
19,9,202601,442,304.61,SUDESTE,pld_horario,2151,3f279d6b-1069-42f7-9b0a-217b084729c4
19,9,202601,442,304.61,SUL,pld_horario,2152,3f279d6b-1069-42f7-9b0a-217b084729c4
19,10,202601,443,303.57,NORDESTE,pld_horario,2153,3f279d6b-1069-42f7-9b0a-217b084729c4
19,10,202601,443,303.57,NORTE,pld_horario,2154,3f279d6b-1069-42f7-9b0a-217b084729c4
19,10,202601,443,303.57,SUDESTE,pld_horario,2155,3f279d6b-1069-42f7-9b0a-217b084729c4
19,10,202601,443,303.57,SUL,pld_horario,2156,3f279d6b-1069-42f7-9b0a-217b084729c4
19,11,202601,444,301.52,NORDESTE,pld_horario,2157,3f279d6b-1069-42f7-9b0a-217b084729c4
19,11,202601,444,301.52,NORTE,pld_horario,2158,3f279d6b-1069-42f7-9b0a-217b084729c4
19,11,202601,444,301.52,SUDESTE,pld_horario,2159,3f279d6b-1069-42f7-9b0a-217b084729c4
19,11,202601,444,301.52,SUL,pld_horario,2160,3f279d6b-1069-42f7-9b0a-217b084729c4
19,12,202601,445,294.83,NORDESTE,pld_horario,2161,3f279d6b-1069-42f7-9b0a-217b084729c4
19,12,202601,445,294.83,NORTE,pld_horario,2162,3f279d6b-1069-42f7-9b0a-217b084729c4
19,12,202601,445,294.83,SUDESTE,pld_horario,2163,3f279d6b-1069-42f7-9b0a-217b084729c4
19,12,202601,445,294.83,SUL,pld_horario,2164,3f279d6b-1069-42f7-9b0a-217b084729c4
19,13,202601,446,302.19,NORDESTE,pld_horario,2165,3f279d6b-1069-42f7-9b0a-217b084729c4
19,13,202601,446,302.2,NORTE,pld_horario,2166,3f279d6b-1069-42f7-9b0a-217b084729c4
19,13,202601,446,302.2,SUDESTE,pld_horario,2167,3f279d6b-1069-42f7-9b0a-217b084729c4
19,13,202601,446,302.2,SUL,pld_horario,2168,3f279d6b-1069-42f7-9b0a-217b084729c4
19,14,202601,447,309.11,NORDESTE,pld_horario,2169,3f279d6b-1069-42f7-9b0a-217b084729c4
19,14,202601,447,309.11,NORTE,pld_horario,2170,3f279d6b-1069-42f7-9b0a-217b084729c4
19,14,202601,447,309.11,SUDESTE,pld_horario,2171,3f279d6b-1069-42f7-9b0a-217b084729c4
19,14,202601,447,309.1,SUL,pld_horario,2172,3f279d6b-1069-42f7-9b0a-217b084729c4
19,15,202601,448,312.66,NORDESTE,pld_horario,2173,3f279d6b-1069-42f7-9b0a-217b084729c4
19,15,202601,448,312.66,NORTE,pld_horario,2174,3f279d6b-1069-42f7-9b0a-217b084729c4
19,15,202601,448,312.67,SUDESTE,pld_horario,2175,3f279d6b-1069-42f7-9b0a-217b084729c4
19,15,202601,448,312.66,SUL,pld_horario,2176,3f279d6b-1069-42f7-9b0a-217b084729c4
19,16,202601,449,324.75,NORDESTE,pld_horario,2177,3f279d6b-1069-42f7-9b0a-217b084729c4
19,16,202601,449,324.74,NORTE,pld_horario,2178,3f279d6b-1069-42f7-9b0a-217b084729c4
19,16,202601,449,324.75,SUDESTE,pld_horario,2179,3f279d6b-1069-42f7-9b0a-217b084729c4
19,16,202601,449,324.74,SUL,pld_horario,2180,3f279d6b-1069-42f7-9b0a-217b084729c4
19,17,202601,450,335.31,NORDESTE,pld_horario,2181,3f279d6b-1069-42f7-9b0a-217b084729c4
19,17,202601,450,335.3,NORTE,pld_horario,2182,3f279d6b-1069-42f7-9b0a-217b084729c4
19,17,202601,450,335.31,SUDESTE,pld_horario,2183,3f279d6b-1069-42f7-9b0a-217b084729c4
19,17,202601,450,335.3,SUL,pld_horario,2184,3f279d6b-1069-42f7-9b0a-217b084729c4
19,18,202601,451,362.24,NORDESTE,pld_horario,2185,3f279d6b-1069-42f7-9b0a-217b084729c4
19,18,202601,451,362.23,NORTE,pld_horario,2186,3f279d6b-1069-42f7-9b0a-217b084729c4
19,18,202601,451,362.24,SUDESTE,pld_horario,2187,3f279d6b-1069-42f7-9b0a-217b084729c4
19,18,202601,451,362.23,SUL,pld_horario,2188,3f279d6b-1069-42f7-9b0a-217b084729c4
19,19,202601,452,397.39,NORDESTE,pld_horario,2189,3f279d6b-1069-42f7-9b0a-217b084729c4
19,19,202601,452,397.38,NORTE,pld_horario,2190,3f279d6b-1069-42f7-9b0a-217b084729c4
19,19,202601,452,397.39,SUDESTE,pld_horario,2191,3f279d6b-1069-42f7-9b0a-217b084729c4
19,19,202601,452,397.39,SUL,pld_horario,2192,3f279d6b-1069-42f7-9b0a-217b084729c4
19,20,202601,453,397.01,NORDESTE,pld_horario,2193,3f279d6b-1069-42f7-9b0a-217b084729c4
19,20,202601,453,397.0,NORTE,pld_horario,2194,3f279d6b-1069-42f7-9b0a-217b084729c4
19,20,202601,453,397.02,SUDESTE,pld_horario,2195,3f279d6b-1069-42f7-9b0a-217b084729c4
19,20,202601,453,397.02,SUL,pld_horario,2196,3f279d6b-1069-42f7-9b0a-217b084729c4
19,21,202601,454,396.91,NORDESTE,pld_horario,2197,3f279d6b-1069-42f7-9b0a-217b084729c4
19,21,202601,454,396.9,NORTE,pld_horario,2198,3f279d6b-1069-42f7-9b0a-217b084729c4
19,21,202601,454,396.91,SUDESTE,pld_horario,2199,3f279d6b-1069-42f7-9b0a-217b084729c4
19,21,202601,454,396.91,SUL,pld_horario,2200,3f279d6b-1069-42f7-9b0a-217b084729c4
19,22,202601,455,374.73,NORDESTE,pld_horario,2201,3f279d6b-1069-42f7-9b0a-217b084729c4
19,22,202601,455,374.72,NORTE,pld_horario,2202,3f279d6b-1069-42f7-9b0a-217b084729c4
19,22,202601,455,374.73,SUDESTE,pld_horario,2203,3f279d6b-1069-42f7-9b0a-217b084729c4
19,22,202601,455,374.72,SUL,pld_horario,2204,3f279d6b-1069-42f7-9b0a-217b084729c4
19,23,202601,456,347.85,NORDESTE,pld_horario,2205,3f279d6b-1069-42f7-9b0a-217b084729c4
19,23,202601,456,347.84,NORTE,pld_horario,2206,3f279d6b-1069-42f7-9b0a-217b084729c4
19,23,202601,456,347.86,SUDESTE,pld_horario,2207,3f279d6b-1069-42f7-9b0a-217b084729c4
19,23,202601,456,347.85,SUL,pld_horario,2208,3f279d6b-1069-42f7-9b0a-217b084729c4
18,0,202601,409,324.37,NORDESTE,pld_horario,2209,3f279d6b-1069-42f7-9b0a-217b084729c4
18,0,202601,409,324.37,NORTE,pld_horario,2210,3f279d6b-1069-42f7-9b0a-217b084729c4
18,0,202601,409,324.37,SUDESTE,pld_horario,2211,3f279d6b-1069-42f7-9b0a-217b084729c4
18,0,202601,409,324.36,SUL,pld_horario,2212,3f279d6b-1069-42f7-9b0a-217b084729c4
18,1,202601,410,313.85,NORDESTE,pld_horario,2213,3f279d6b-1069-42f7-9b0a-217b084729c4
18,1,202601,410,313.86,NORTE,pld_horario,2214,3f279d6b-1069-42f7-9b0a-217b084729c4
18,1,202601,410,313.86,SUDESTE,pld_horario,2215,3f279d6b-1069-42f7-9b0a-217b084729c4
18,1,202601,410,313.85,SUL,pld_horario,2216,3f279d6b-1069-42f7-9b0a-217b084729c4
18,2,202601,411,311.07,NORDESTE,pld_horario,2217,3f279d6b-1069-42f7-9b0a-217b084729c4
18,2,202601,411,311.07,NORTE,pld_horario,2218,3f279d6b-1069-42f7-9b0a-217b084729c4
18,2,202601,411,311.07,SUDESTE,pld_horario,2219,3f279d6b-1069-42f7-9b0a-217b084729c4
18,2,202601,411,311.06,SUL,pld_horario,2220,3f279d6b-1069-42f7-9b0a-217b084729c4
18,3,202601,412,311.97,NORDESTE,pld_horario,2221,3f279d6b-1069-42f7-9b0a-217b084729c4
18,3,202601,412,311.97,NORTE,pld_horario,2222,3f279d6b-1069-42f7-9b0a-217b084729c4
18,3,202601,412,311.97,SUDESTE,pld_horario,2223,3f279d6b-1069-42f7-9b0a-217b084729c4
18,3,202601,412,311.96,SUL,pld_horario,2224,3f279d6b-1069-42f7-9b0a-217b084729c4
18,4,202601,413,310.81,NORDESTE,pld_horario,2225,3f279d6b-1069-42f7-9b0a-217b084729c4
18,4,202601,413,310.81,NORTE,pld_horario,2226,3f279d6b-1069-42f7-9b0a-217b084729c4
18,4,202601,413,310.81,SUDESTE,pld_horario,2227,3f279d6b-1069-42f7-9b0a-217b084729c4
18,4,202601,413,310.8,SUL,pld_horario,2228,3f279d6b-1069-42f7-9b0a-217b084729c4
18,5,202601,414,310.18,NORDESTE,pld_horario,2229,3f279d6b-1069-42f7-9b0a-217b084729c4
18,5,202601,414,310.18,NORTE,pld_horario,2230,3f279d6b-1069-42f7-9b0a-217b084729c4
18,5,202601,414,310.18,SUDESTE,pld_horario,2231,3f279d6b-1069-42f7-9b0a-217b084729c4
18,5,202601,414,310.17,SUL,pld_horario,2232,3f279d6b-1069-42f7-9b0a-217b084729c4
18,6,202601,415,301.59,NORDESTE,pld_horario,2233,3f279d6b-1069-42f7-9b0a-217b084729c4
18,6,202601,415,301.59,NORTE,pld_horario,2234,3f279d6b-1069-42f7-9b0a-217b084729c4
18,6,202601,415,301.59,SUDESTE,pld_horario,2235,3f279d6b-1069-42f7-9b0a-217b084729c4
18,6,202601,415,301.58,SUL,pld_horario,2236,3f279d6b-1069-42f7-9b0a-217b084729c4
18,7,202601,416,290.38,NORDESTE,pld_horario,2237,3f279d6b-1069-42f7-9b0a-217b084729c4
18,7,202601,416,290.39,NORTE,pld_horario,2238,3f279d6b-1069-42f7-9b0a-217b084729c4
18,7,202601,416,290.39,SUDESTE,pld_horario,2239,3f279d6b-1069-42f7-9b0a-217b084729c4
18,7,202601,416,290.39,SUL,pld_horario,2240,3f279d6b-1069-42f7-9b0a-217b084729c4
18,8,202601,417,258.65,NORDESTE,pld_horario,2241,3f279d6b-1069-42f7-9b0a-217b084729c4
18,8,202601,417,258.66,NORTE,pld_horario,2242,3f279d6b-1069-42f7-9b0a-217b084729c4
18,8,202601,417,258.66,SUDESTE,pld_horario,2243,3f279d6b-1069-42f7-9b0a-217b084729c4
18,8,202601,417,258.67,SUL,pld_horario,2244,3f279d6b-1069-42f7-9b0a-217b084729c4
18,9,202601,418,57.31,NORDESTE,pld_horario,2245,3f279d6b-1069-42f7-9b0a-217b084729c4
18,9,202601,418,57.31,NORTE,pld_horario,2246,3f279d6b-1069-42f7-9b0a-217b084729c4
18,9,202601,418,57.31,SUDESTE,pld_horario,2247,3f279d6b-1069-42f7-9b0a-217b084729c4
18,9,202601,418,57.31,SUL,pld_horario,2248,3f279d6b-1069-42f7-9b0a-217b084729c4
18,10,202601,419,57.31,NORDESTE,pld_horario,2249,3f279d6b-1069-42f7-9b0a-217b084729c4
18,10,202601,419,57.31,NORTE,pld_horario,2250,3f279d6b-1069-42f7-9b0a-217b084729c4
18,10,202601,419,57.31,SUDESTE,pld_horario,2251,3f279d6b-1069-42f7-9b0a-217b084729c4
18,10,202601,419,57.31,SUL,pld_horario,2252,3f279d6b-1069-42f7-9b0a-217b084729c4
18,11,202601,420,57.31,NORDESTE,pld_horario,2253,3f279d6b-1069-42f7-9b0a-217b084729c4
18,11,202601,420,57.31,NORTE,pld_horario,2254,3f279d6b-1069-42f7-9b0a-217b084729c4
18,11,202601,420,57.31,SUDESTE,pld_horario,2255,3f279d6b-1069-42f7-9b0a-217b084729c4
18,11,202601,420,57.31,SUL,pld_horario,2256,3f279d6b-1069-42f7-9b0a-217b084729c4
18,12,202601,421,64.09,NORDESTE,pld_horario,2257,3f279d6b-1069-42f7-9b0a-217b084729c4
18,12,202601,421,64.09,NORTE,pld_horario,2258,3f279d6b-1069-42f7-9b0a-217b084729c4
18,12,202601,421,64.09,SUDESTE,pld_horario,2259,3f279d6b-1069-42f7-9b0a-217b084729c4
18,12,202601,421,64.1,SUL,pld_horario,2260,3f279d6b-1069-42f7-9b0a-217b084729c4
18,13,202601,422,197.96,NORDESTE,pld_horario,2261,3f279d6b-1069-42f7-9b0a-217b084729c4
18,13,202601,422,197.96,NORTE,pld_horario,2262,3f279d6b-1069-42f7-9b0a-217b084729c4
18,13,202601,422,197.96,SUDESTE,pld_horario,2263,3f279d6b-1069-42f7-9b0a-217b084729c4
18,13,202601,422,197.97,SUL,pld_horario,2264,3f279d6b-1069-42f7-9b0a-217b084729c4
18,14,202601,423,257.8,NORDESTE,pld_horario,2265,3f279d6b-1069-42f7-9b0a-217b084729c4
18,14,202601,423,257.81,NORTE,pld_horario,2266,3f279d6b-1069-42f7-9b0a-217b084729c4
18,14,202601,423,257.81,SUDESTE,pld_horario,2267,3f279d6b-1069-42f7-9b0a-217b084729c4
18,14,202601,423,257.82,SUL,pld_horario,2268,3f279d6b-1069-42f7-9b0a-217b084729c4
18,15,202601,424,282.35,NORDESTE,pld_horario,2269,3f279d6b-1069-42f7-9b0a-217b084729c4
18,15,202601,424,282.36,NORTE,pld_horario,2270,3f279d6b-1069-42f7-9b0a-217b084729c4
18,15,202601,424,282.36,SUDESTE,pld_horario,2271,3f279d6b-1069-42f7-9b0a-217b084729c4
18,15,202601,424,282.36,SUL,pld_horario,2272,3f279d6b-1069-42f7-9b0a-217b084729c4
18,16,202601,425,295.43,NORDESTE,pld_horario,2273,3f279d6b-1069-42f7-9b0a-217b084729c4
18,16,202601,425,295.44,NORTE,pld_horario,2274,3f279d6b-1069-42f7-9b0a-217b084729c4
18,16,202601,425,295.44,SUDESTE,pld_horario,2275,3f279d6b-1069-42f7-9b0a-217b084729c4
18,16,202601,425,295.44,SUL,pld_horario,2276,3f279d6b-1069-42f7-9b0a-217b084729c4
18,17,202601,426,307.27,NORDESTE,pld_horario,2277,3f279d6b-1069-42f7-9b0a-217b084729c4
18,17,202601,426,307.27,NORTE,pld_horario,2278,3f279d6b-1069-42f7-9b0a-217b084729c4
18,17,202601,426,307.27,SUDESTE,pld_horario,2279,3f279d6b-1069-42f7-9b0a-217b084729c4
18,17,202601,426,307.26,SUL,pld_horario,2280,3f279d6b-1069-42f7-9b0a-217b084729c4
18,18,202601,427,322.73,NORDESTE,pld_horario,2281,3f279d6b-1069-42f7-9b0a-217b084729c4
18,18,202601,427,322.73,NORTE,pld_horario,2282,3f279d6b-1069-42f7-9b0a-217b084729c4
18,18,202601,427,322.73,SUDESTE,pld_horario,2283,3f279d6b-1069-42f7-9b0a-217b084729c4
18,18,202601,427,322.72,SUL,pld_horario,2284,3f279d6b-1069-42f7-9b0a-217b084729c4
18,19,202601,428,328.48,NORDESTE,pld_horario,2285,3f279d6b-1069-42f7-9b0a-217b084729c4
18,19,202601,428,328.48,NORTE,pld_horario,2286,3f279d6b-1069-42f7-9b0a-217b084729c4
18,19,202601,428,328.48,SUDESTE,pld_horario,2287,3f279d6b-1069-42f7-9b0a-217b084729c4
18,19,202601,428,328.47,SUL,pld_horario,2288,3f279d6b-1069-42f7-9b0a-217b084729c4
18,20,202601,429,325.47,NORDESTE,pld_horario,2289,3f279d6b-1069-42f7-9b0a-217b084729c4
18,20,202601,429,325.46,NORTE,pld_horario,2290,3f279d6b-1069-42f7-9b0a-217b084729c4
18,20,202601,429,325.47,SUDESTE,pld_horario,2291,3f279d6b-1069-42f7-9b0a-217b084729c4
18,20,202601,429,325.46,SUL,pld_horario,2292,3f279d6b-1069-42f7-9b0a-217b084729c4
18,21,202601,430,323.1,NORDESTE,pld_horario,2293,3f279d6b-1069-42f7-9b0a-217b084729c4
18,21,202601,430,323.09,NORTE,pld_horario,2294,3f279d6b-1069-42f7-9b0a-217b084729c4
18,21,202601,430,323.1,SUDESTE,pld_horario,2295,3f279d6b-1069-42f7-9b0a-217b084729c4
18,21,202601,430,323.09,SUL,pld_horario,2296,3f279d6b-1069-42f7-9b0a-217b084729c4
18,22,202601,431,323.11,NORDESTE,pld_horario,2297,3f279d6b-1069-42f7-9b0a-217b084729c4
18,22,202601,431,323.1,NORTE,pld_horario,2298,3f279d6b-1069-42f7-9b0a-217b084729c4
18,22,202601,431,323.11,SUDESTE,pld_horario,2299,3f279d6b-1069-42f7-9b0a-217b084729c4
18,22,202601,431,323.1,SUL,pld_horario,2300,3f279d6b-1069-42f7-9b0a-217b084729c4
18,23,202601,432,318.47,NORDESTE,pld_horario,2301,3f279d6b-1069-42f7-9b0a-217b084729c4
18,23,202601,432,318.46,NORTE,pld_horario,2302,3f279d6b-1069-42f7-9b0a-217b084729c4
18,23,202601,432,318.47,SUDESTE,pld_horario,2303,3f279d6b-1069-42f7-9b0a-217b084729c4
18,23,202601,432,318.46,SUL,pld_horario,2304,3f279d6b-1069-42f7-9b0a-217b084729c4
17,0,202601,385,301.96,NORDESTE,pld_horario,2305,3f279d6b-1069-42f7-9b0a-217b084729c4
17,0,202601,385,301.97,NORTE,pld_horario,2306,3f279d6b-1069-42f7-9b0a-217b084729c4
17,0,202601,385,312.56,SUDESTE,pld_horario,2307,3f279d6b-1069-42f7-9b0a-217b084729c4
17,0,202601,385,312.55,SUL,pld_horario,2308,3f279d6b-1069-42f7-9b0a-217b084729c4
17,1,202601,386,302.12,NORDESTE,pld_horario,2309,3f279d6b-1069-42f7-9b0a-217b084729c4
17,1,202601,386,302.13,NORTE,pld_horario,2310,3f279d6b-1069-42f7-9b0a-217b084729c4
17,1,202601,386,304.64,SUDESTE,pld_horario,2311,3f279d6b-1069-42f7-9b0a-217b084729c4
17,1,202601,386,304.64,SUL,pld_horario,2312,3f279d6b-1069-42f7-9b0a-217b084729c4
17,2,202601,387,302.02,NORDESTE,pld_horario,2313,3f279d6b-1069-42f7-9b0a-217b084729c4
17,2,202601,387,302.03,NORTE,pld_horario,2314,3f279d6b-1069-42f7-9b0a-217b084729c4
17,2,202601,387,302.03,SUDESTE,pld_horario,2315,3f279d6b-1069-42f7-9b0a-217b084729c4
17,2,202601,387,302.03,SUL,pld_horario,2316,3f279d6b-1069-42f7-9b0a-217b084729c4
17,3,202601,388,301.09,NORDESTE,pld_horario,2317,3f279d6b-1069-42f7-9b0a-217b084729c4
17,3,202601,388,301.1,NORTE,pld_horario,2318,3f279d6b-1069-42f7-9b0a-217b084729c4
17,3,202601,388,301.1,SUDESTE,pld_horario,2319,3f279d6b-1069-42f7-9b0a-217b084729c4
17,3,202601,388,301.1,SUL,pld_horario,2320,3f279d6b-1069-42f7-9b0a-217b084729c4
17,4,202601,389,298.94,NORDESTE,pld_horario,2321,3f279d6b-1069-42f7-9b0a-217b084729c4
17,4,202601,389,298.95,NORTE,pld_horario,2322,3f279d6b-1069-42f7-9b0a-217b084729c4
17,4,202601,389,298.95,SUDESTE,pld_horario,2323,3f279d6b-1069-42f7-9b0a-217b084729c4
17,4,202601,389,298.95,SUL,pld_horario,2324,3f279d6b-1069-42f7-9b0a-217b084729c4
17,5,202601,390,299.3,NORDESTE,pld_horario,2325,3f279d6b-1069-42f7-9b0a-217b084729c4
17,5,202601,390,299.3,NORTE,pld_horario,2326,3f279d6b-1069-42f7-9b0a-217b084729c4
17,5,202601,390,299.3,SUDESTE,pld_horario,2327,3f279d6b-1069-42f7-9b0a-217b084729c4
17,5,202601,390,299.3,SUL,pld_horario,2328,3f279d6b-1069-42f7-9b0a-217b084729c4
17,6,202601,391,293.15,NORDESTE,pld_horario,2329,3f279d6b-1069-42f7-9b0a-217b084729c4
17,6,202601,391,293.16,NORTE,pld_horario,2330,3f279d6b-1069-42f7-9b0a-217b084729c4
17,6,202601,391,293.16,SUDESTE,pld_horario,2331,3f279d6b-1069-42f7-9b0a-217b084729c4
17,6,202601,391,293.16,SUL,pld_horario,2332,3f279d6b-1069-42f7-9b0a-217b084729c4
17,7,202601,392,286.57,NORDESTE,pld_horario,2333,3f279d6b-1069-42f7-9b0a-217b084729c4
17,7,202601,392,286.58,NORTE,pld_horario,2334,3f279d6b-1069-42f7-9b0a-217b084729c4
17,7,202601,392,286.58,SUDESTE,pld_horario,2335,3f279d6b-1069-42f7-9b0a-217b084729c4
17,7,202601,392,286.59,SUL,pld_horario,2336,3f279d6b-1069-42f7-9b0a-217b084729c4
17,8,202601,393,271.91,NORDESTE,pld_horario,2337,3f279d6b-1069-42f7-9b0a-217b084729c4
17,8,202601,393,271.92,NORTE,pld_horario,2338,3f279d6b-1069-42f7-9b0a-217b084729c4
17,8,202601,393,271.92,SUDESTE,pld_horario,2339,3f279d6b-1069-42f7-9b0a-217b084729c4
17,8,202601,393,271.93,SUL,pld_horario,2340,3f279d6b-1069-42f7-9b0a-217b084729c4
17,9,202601,394,251.7,NORDESTE,pld_horario,2341,3f279d6b-1069-42f7-9b0a-217b084729c4
17,9,202601,394,251.71,NORTE,pld_horario,2342,3f279d6b-1069-42f7-9b0a-217b084729c4
17,9,202601,394,251.71,SUDESTE,pld_horario,2343,3f279d6b-1069-42f7-9b0a-217b084729c4
17,9,202601,394,251.72,SUL,pld_horario,2344,3f279d6b-1069-42f7-9b0a-217b084729c4
17,10,202601,395,249.23,NORDESTE,pld_horario,2345,3f279d6b-1069-42f7-9b0a-217b084729c4
17,10,202601,395,249.23,NORTE,pld_horario,2346,3f279d6b-1069-42f7-9b0a-217b084729c4
17,10,202601,395,249.23,SUDESTE,pld_horario,2347,3f279d6b-1069-42f7-9b0a-217b084729c4
17,10,202601,395,249.24,SUL,pld_horario,2348,3f279d6b-1069-42f7-9b0a-217b084729c4
17,11,202601,396,248.52,NORDESTE,pld_horario,2349,3f279d6b-1069-42f7-9b0a-217b084729c4
17,11,202601,396,248.53,NORTE,pld_horario,2350,3f279d6b-1069-42f7-9b0a-217b084729c4
17,11,202601,396,248.53,SUDESTE,pld_horario,2351,3f279d6b-1069-42f7-9b0a-217b084729c4
17,11,202601,396,248.54,SUL,pld_horario,2352,3f279d6b-1069-42f7-9b0a-217b084729c4
17,12,202601,397,244.08,NORDESTE,pld_horario,2353,3f279d6b-1069-42f7-9b0a-217b084729c4
17,12,202601,397,244.09,NORTE,pld_horario,2354,3f279d6b-1069-42f7-9b0a-217b084729c4
17,12,202601,397,244.09,SUDESTE,pld_horario,2355,3f279d6b-1069-42f7-9b0a-217b084729c4
17,12,202601,397,244.1,SUL,pld_horario,2356,3f279d6b-1069-42f7-9b0a-217b084729c4
17,13,202601,398,262.98,NORDESTE,pld_horario,2357,3f279d6b-1069-42f7-9b0a-217b084729c4
17,13,202601,398,262.98,NORTE,pld_horario,2358,3f279d6b-1069-42f7-9b0a-217b084729c4
17,13,202601,398,262.98,SUDESTE,pld_horario,2359,3f279d6b-1069-42f7-9b0a-217b084729c4
17,13,202601,398,262.99,SUL,pld_horario,2360,3f279d6b-1069-42f7-9b0a-217b084729c4
17,14,202601,399,275.71,NORDESTE,pld_horario,2361,3f279d6b-1069-42f7-9b0a-217b084729c4
17,14,202601,399,275.72,NORTE,pld_horario,2362,3f279d6b-1069-42f7-9b0a-217b084729c4
17,14,202601,399,275.72,SUDESTE,pld_horario,2363,3f279d6b-1069-42f7-9b0a-217b084729c4
17,14,202601,399,275.73,SUL,pld_horario,2364,3f279d6b-1069-42f7-9b0a-217b084729c4
17,15,202601,400,287.66,NORDESTE,pld_horario,2365,3f279d6b-1069-42f7-9b0a-217b084729c4
17,15,202601,400,287.67,NORTE,pld_horario,2366,3f279d6b-1069-42f7-9b0a-217b084729c4
17,15,202601,400,287.67,SUDESTE,pld_horario,2367,3f279d6b-1069-42f7-9b0a-217b084729c4
17,15,202601,400,287.68,SUL,pld_horario,2368,3f279d6b-1069-42f7-9b0a-217b084729c4
17,16,202601,401,295.61,NORDESTE,pld_horario,2369,3f279d6b-1069-42f7-9b0a-217b084729c4
17,16,202601,401,295.61,NORTE,pld_horario,2370,3f279d6b-1069-42f7-9b0a-217b084729c4
17,16,202601,401,295.61,SUDESTE,pld_horario,2371,3f279d6b-1069-42f7-9b0a-217b084729c4
17,16,202601,401,295.62,SUL,pld_horario,2372,3f279d6b-1069-42f7-9b0a-217b084729c4
17,17,202601,402,305.18,NORDESTE,pld_horario,2373,3f279d6b-1069-42f7-9b0a-217b084729c4
17,17,202601,402,305.19,NORTE,pld_horario,2374,3f279d6b-1069-42f7-9b0a-217b084729c4
17,17,202601,402,305.19,SUDESTE,pld_horario,2375,3f279d6b-1069-42f7-9b0a-217b084729c4
17,17,202601,402,305.19,SUL,pld_horario,2376,3f279d6b-1069-42f7-9b0a-217b084729c4
17,18,202601,403,315.59,NORDESTE,pld_horario,2377,3f279d6b-1069-42f7-9b0a-217b084729c4
17,18,202601,403,315.59,NORTE,pld_horario,2378,3f279d6b-1069-42f7-9b0a-217b084729c4
17,18,202601,403,315.6,SUDESTE,pld_horario,2379,3f279d6b-1069-42f7-9b0a-217b084729c4
17,18,202601,403,315.59,SUL,pld_horario,2380,3f279d6b-1069-42f7-9b0a-217b084729c4
17,19,202601,404,310.11,NORDESTE,pld_horario,2381,3f279d6b-1069-42f7-9b0a-217b084729c4
17,19,202601,404,310.11,NORTE,pld_horario,2382,3f279d6b-1069-42f7-9b0a-217b084729c4
17,19,202601,404,326.46,SUDESTE,pld_horario,2383,3f279d6b-1069-42f7-9b0a-217b084729c4
17,19,202601,404,326.46,SUL,pld_horario,2384,3f279d6b-1069-42f7-9b0a-217b084729c4
17,20,202601,405,302.3,NORDESTE,pld_horario,2385,3f279d6b-1069-42f7-9b0a-217b084729c4
17,20,202601,405,302.3,NORTE,pld_horario,2386,3f279d6b-1069-42f7-9b0a-217b084729c4
17,20,202601,405,325.07,SUDESTE,pld_horario,2387,3f279d6b-1069-42f7-9b0a-217b084729c4
17,20,202601,405,325.07,SUL,pld_horario,2388,3f279d6b-1069-42f7-9b0a-217b084729c4
17,21,202601,406,298.76,NORDESTE,pld_horario,2389,3f279d6b-1069-42f7-9b0a-217b084729c4
17,21,202601,406,298.76,NORTE,pld_horario,2390,3f279d6b-1069-42f7-9b0a-217b084729c4
17,21,202601,406,318.37,SUDESTE,pld_horario,2391,3f279d6b-1069-42f7-9b0a-217b084729c4
17,21,202601,406,318.37,SUL,pld_horario,2392,3f279d6b-1069-42f7-9b0a-217b084729c4
17,22,202601,407,302.88,NORDESTE,pld_horario,2393,3f279d6b-1069-42f7-9b0a-217b084729c4
17,22,202601,407,302.88,NORTE,pld_horario,2394,3f279d6b-1069-42f7-9b0a-217b084729c4
17,22,202601,407,312.21,SUDESTE,pld_horario,2395,3f279d6b-1069-42f7-9b0a-217b084729c4
17,22,202601,407,312.2,SUL,pld_horario,2396,3f279d6b-1069-42f7-9b0a-217b084729c4
17,23,202601,408,305.48,NORDESTE,pld_horario,2397,3f279d6b-1069-42f7-9b0a-217b084729c4
17,23,202601,408,305.48,NORTE,pld_horario,2398,3f279d6b-1069-42f7-9b0a-217b084729c4
17,23,202601,408,305.64,SUDESTE,pld_horario,2399,3f279d6b-1069-42f7-9b0a-217b084729c4
17,23,202601,408,305.64,SUL,pld_horario,2400,3f279d6b-1069-42f7-9b0a-217b084729c4
16,0,202601,361,293.46,NORDESTE,pld_horario,2401,3f279d6b-1069-42f7-9b0a-217b084729c4
16,0,202601,361,293.47,NORTE,pld_horario,2402,3f279d6b-1069-42f7-9b0a-217b084729c4
16,0,202601,361,302.53,SUDESTE,pld_horario,2403,3f279d6b-1069-42f7-9b0a-217b084729c4
16,0,202601,361,302.53,SUL,pld_horario,2404,3f279d6b-1069-42f7-9b0a-217b084729c4
16,1,202601,362,293.98,NORDESTE,pld_horario,2405,3f279d6b-1069-42f7-9b0a-217b084729c4
16,1,202601,362,293.99,NORTE,pld_horario,2406,3f279d6b-1069-42f7-9b0a-217b084729c4
16,1,202601,362,294.78,SUDESTE,pld_horario,2407,3f279d6b-1069-42f7-9b0a-217b084729c4
16,1,202601,362,294.78,SUL,pld_horario,2408,3f279d6b-1069-42f7-9b0a-217b084729c4
16,2,202601,363,293.73,NORDESTE,pld_horario,2409,3f279d6b-1069-42f7-9b0a-217b084729c4
16,2,202601,363,293.74,NORTE,pld_horario,2410,3f279d6b-1069-42f7-9b0a-217b084729c4
16,2,202601,363,293.74,SUDESTE,pld_horario,2411,3f279d6b-1069-42f7-9b0a-217b084729c4
16,2,202601,363,293.75,SUL,pld_horario,2412,3f279d6b-1069-42f7-9b0a-217b084729c4
16,3,202601,364,293.74,NORDESTE,pld_horario,2413,3f279d6b-1069-42f7-9b0a-217b084729c4
16,3,202601,364,293.75,NORTE,pld_horario,2414,3f279d6b-1069-42f7-9b0a-217b084729c4
16,3,202601,364,293.75,SUDESTE,pld_horario,2415,3f279d6b-1069-42f7-9b0a-217b084729c4
16,3,202601,364,293.75,SUL,pld_horario,2416,3f279d6b-1069-42f7-9b0a-217b084729c4
16,4,202601,365,293.91,NORDESTE,pld_horario,2417,3f279d6b-1069-42f7-9b0a-217b084729c4
16,4,202601,365,293.91,NORTE,pld_horario,2418,3f279d6b-1069-42f7-9b0a-217b084729c4
16,4,202601,365,293.92,SUDESTE,pld_horario,2419,3f279d6b-1069-42f7-9b0a-217b084729c4
16,4,202601,365,293.92,SUL,pld_horario,2420,3f279d6b-1069-42f7-9b0a-217b084729c4
16,5,202601,366,293.86,NORDESTE,pld_horario,2421,3f279d6b-1069-42f7-9b0a-217b084729c4
16,5,202601,366,293.87,NORTE,pld_horario,2422,3f279d6b-1069-42f7-9b0a-217b084729c4
16,5,202601,366,293.87,SUDESTE,pld_horario,2423,3f279d6b-1069-42f7-9b0a-217b084729c4
16,5,202601,366,293.87,SUL,pld_horario,2424,3f279d6b-1069-42f7-9b0a-217b084729c4
16,6,202601,367,292.73,NORDESTE,pld_horario,2425,3f279d6b-1069-42f7-9b0a-217b084729c4
16,6,202601,367,293.43,NORTE,pld_horario,2426,3f279d6b-1069-42f7-9b0a-217b084729c4
16,6,202601,367,293.43,SUDESTE,pld_horario,2427,3f279d6b-1069-42f7-9b0a-217b084729c4
16,6,202601,367,293.44,SUL,pld_horario,2428,3f279d6b-1069-42f7-9b0a-217b084729c4
16,7,202601,368,259.06,NORDESTE,pld_horario,2429,3f279d6b-1069-42f7-9b0a-217b084729c4
16,7,202601,368,292.36,NORTE,pld_horario,2430,3f279d6b-1069-42f7-9b0a-217b084729c4
16,7,202601,368,292.36,SUDESTE,pld_horario,2431,3f279d6b-1069-42f7-9b0a-217b084729c4
16,7,202601,368,292.37,SUL,pld_horario,2432,3f279d6b-1069-42f7-9b0a-217b084729c4
16,8,202601,369,256.48,NORDESTE,pld_horario,2433,3f279d6b-1069-42f7-9b0a-217b084729c4
16,8,202601,369,290.76,NORTE,pld_horario,2434,3f279d6b-1069-42f7-9b0a-217b084729c4
16,8,202601,369,290.76,SUDESTE,pld_horario,2435,3f279d6b-1069-42f7-9b0a-217b084729c4
16,8,202601,369,290.77,SUL,pld_horario,2436,3f279d6b-1069-42f7-9b0a-217b084729c4
16,9,202601,370,280.48,NORDESTE,pld_horario,2437,3f279d6b-1069-42f7-9b0a-217b084729c4
16,9,202601,370,287.65,NORTE,pld_horario,2438,3f279d6b-1069-42f7-9b0a-217b084729c4
16,9,202601,370,287.65,SUDESTE,pld_horario,2439,3f279d6b-1069-42f7-9b0a-217b084729c4
16,9,202601,370,287.66,SUL,pld_horario,2440,3f279d6b-1069-42f7-9b0a-217b084729c4
16,10,202601,371,279.05,NORDESTE,pld_horario,2441,3f279d6b-1069-42f7-9b0a-217b084729c4
16,10,202601,371,279.06,NORTE,pld_horario,2442,3f279d6b-1069-42f7-9b0a-217b084729c4
16,10,202601,371,279.06,SUDESTE,pld_horario,2443,3f279d6b-1069-42f7-9b0a-217b084729c4
16,10,202601,371,290.01,SUL,pld_horario,2444,3f279d6b-1069-42f7-9b0a-217b084729c4
16,11,202601,372,269.35,NORDESTE,pld_horario,2445,3f279d6b-1069-42f7-9b0a-217b084729c4
16,11,202601,372,269.35,NORTE,pld_horario,2446,3f279d6b-1069-42f7-9b0a-217b084729c4
16,11,202601,372,269.35,SUDESTE,pld_horario,2447,3f279d6b-1069-42f7-9b0a-217b084729c4
16,11,202601,372,292.34,SUL,pld_horario,2448,3f279d6b-1069-42f7-9b0a-217b084729c4
16,12,202601,373,282.98,NORDESTE,pld_horario,2449,3f279d6b-1069-42f7-9b0a-217b084729c4
16,12,202601,373,282.99,NORTE,pld_horario,2450,3f279d6b-1069-42f7-9b0a-217b084729c4
16,12,202601,373,282.99,SUDESTE,pld_horario,2451,3f279d6b-1069-42f7-9b0a-217b084729c4
16,12,202601,373,289.85,SUL,pld_horario,2452,3f279d6b-1069-42f7-9b0a-217b084729c4
16,13,202601,374,289.24,NORDESTE,pld_horario,2453,3f279d6b-1069-42f7-9b0a-217b084729c4
16,13,202601,374,289.24,NORTE,pld_horario,2454,3f279d6b-1069-42f7-9b0a-217b084729c4
16,13,202601,374,289.24,SUDESTE,pld_horario,2455,3f279d6b-1069-42f7-9b0a-217b084729c4
16,13,202601,374,293.3,SUL,pld_horario,2456,3f279d6b-1069-42f7-9b0a-217b084729c4
16,14,202601,375,294.32,NORDESTE,pld_horario,2457,3f279d6b-1069-42f7-9b0a-217b084729c4
16,14,202601,375,294.32,NORTE,pld_horario,2458,3f279d6b-1069-42f7-9b0a-217b084729c4
16,14,202601,375,294.32,SUDESTE,pld_horario,2459,3f279d6b-1069-42f7-9b0a-217b084729c4
16,14,202601,375,294.33,SUL,pld_horario,2460,3f279d6b-1069-42f7-9b0a-217b084729c4
16,15,202601,376,297.15,NORDESTE,pld_horario,2461,3f279d6b-1069-42f7-9b0a-217b084729c4
16,15,202601,376,297.15,NORTE,pld_horario,2462,3f279d6b-1069-42f7-9b0a-217b084729c4
16,15,202601,376,297.16,SUDESTE,pld_horario,2463,3f279d6b-1069-42f7-9b0a-217b084729c4
16,15,202601,376,297.16,SUL,pld_horario,2464,3f279d6b-1069-42f7-9b0a-217b084729c4
16,16,202601,377,297.51,NORDESTE,pld_horario,2465,3f279d6b-1069-42f7-9b0a-217b084729c4
16,16,202601,377,297.52,NORTE,pld_horario,2466,3f279d6b-1069-42f7-9b0a-217b084729c4
16,16,202601,377,302.21,SUDESTE,pld_horario,2467,3f279d6b-1069-42f7-9b0a-217b084729c4
16,16,202601,377,302.21,SUL,pld_horario,2468,3f279d6b-1069-42f7-9b0a-217b084729c4
16,17,202601,378,298.79,NORDESTE,pld_horario,2469,3f279d6b-1069-42f7-9b0a-217b084729c4
16,17,202601,378,298.8,NORTE,pld_horario,2470,3f279d6b-1069-42f7-9b0a-217b084729c4
16,17,202601,378,307.72,SUDESTE,pld_horario,2471,3f279d6b-1069-42f7-9b0a-217b084729c4
16,17,202601,378,307.72,SUL,pld_horario,2472,3f279d6b-1069-42f7-9b0a-217b084729c4
16,18,202601,379,299.59,NORDESTE,pld_horario,2473,3f279d6b-1069-42f7-9b0a-217b084729c4
16,18,202601,379,299.6,NORTE,pld_horario,2474,3f279d6b-1069-42f7-9b0a-217b084729c4
16,18,202601,379,311.9,SUDESTE,pld_horario,2475,3f279d6b-1069-42f7-9b0a-217b084729c4
16,18,202601,379,311.9,SUL,pld_horario,2476,3f279d6b-1069-42f7-9b0a-217b084729c4
16,19,202601,380,298.27,NORDESTE,pld_horario,2477,3f279d6b-1069-42f7-9b0a-217b084729c4
16,19,202601,380,298.28,NORTE,pld_horario,2478,3f279d6b-1069-42f7-9b0a-217b084729c4
16,19,202601,380,356.64,SUDESTE,pld_horario,2479,3f279d6b-1069-42f7-9b0a-217b084729c4
16,19,202601,380,356.64,SUL,pld_horario,2480,3f279d6b-1069-42f7-9b0a-217b084729c4
16,20,202601,381,296.19,NORDESTE,pld_horario,2481,3f279d6b-1069-42f7-9b0a-217b084729c4
16,20,202601,381,296.2,NORTE,pld_horario,2482,3f279d6b-1069-42f7-9b0a-217b084729c4
16,20,202601,381,377.89,SUDESTE,pld_horario,2483,3f279d6b-1069-42f7-9b0a-217b084729c4
16,20,202601,381,377.89,SUL,pld_horario,2484,3f279d6b-1069-42f7-9b0a-217b084729c4
16,21,202601,382,295.98,NORDESTE,pld_horario,2485,3f279d6b-1069-42f7-9b0a-217b084729c4
16,21,202601,382,295.98,NORTE,pld_horario,2486,3f279d6b-1069-42f7-9b0a-217b084729c4
16,21,202601,382,333.59,SUDESTE,pld_horario,2487,3f279d6b-1069-42f7-9b0a-217b084729c4
16,21,202601,382,333.59,SUL,pld_horario,2488,3f279d6b-1069-42f7-9b0a-217b084729c4
16,22,202601,383,296.32,NORDESTE,pld_horario,2489,3f279d6b-1069-42f7-9b0a-217b084729c4
16,22,202601,383,296.33,NORTE,pld_horario,2490,3f279d6b-1069-42f7-9b0a-217b084729c4
16,22,202601,383,317.41,SUDESTE,pld_horario,2491,3f279d6b-1069-42f7-9b0a-217b084729c4
16,22,202601,383,317.41,SUL,pld_horario,2492,3f279d6b-1069-42f7-9b0a-217b084729c4
16,23,202601,384,296.45,NORDESTE,pld_horario,2493,3f279d6b-1069-42f7-9b0a-217b084729c4
16,23,202601,384,296.46,NORTE,pld_horario,2494,3f279d6b-1069-42f7-9b0a-217b084729c4
16,23,202601,384,308.59,SUDESTE,pld_horario,2495,3f279d6b-1069-42f7-9b0a-217b084729c4
16,23,202601,384,308.59,SUL,pld_horario,2496,3f279d6b-1069-42f7-9b0a-217b084729c4
15,0,202601,337,285.12,NORDESTE,pld_horario,2497,3f279d6b-1069-42f7-9b0a-217b084729c4
15,0,202601,337,285.13,NORTE,pld_horario,2498,3f279d6b-1069-42f7-9b0a-217b084729c4
15,0,202601,337,297.25,SUDESTE,pld_horario,2499,3f279d6b-1069-42f7-9b0a-217b084729c4
15,0,202601,337,297.25,SUL,pld_horario,2500,3f279d6b-1069-42f7-9b0a-217b084729c4
15,1,202601,338,289.75,NORDESTE,pld_horario,2501,3f279d6b-1069-42f7-9b0a-217b084729c4
15,1,202601,338,289.76,NORTE,pld_horario,2502,3f279d6b-1069-42f7-9b0a-217b084729c4
15,1,202601,338,292.24,SUDESTE,pld_horario,2503,3f279d6b-1069-42f7-9b0a-217b084729c4
15,1,202601,338,292.25,SUL,pld_horario,2504,3f279d6b-1069-42f7-9b0a-217b084729c4
15,2,202601,339,290.99,NORDESTE,pld_horario,2505,3f279d6b-1069-42f7-9b0a-217b084729c4
15,2,202601,339,291.0,NORTE,pld_horario,2506,3f279d6b-1069-42f7-9b0a-217b084729c4
15,2,202601,339,291.82,SUDESTE,pld_horario,2507,3f279d6b-1069-42f7-9b0a-217b084729c4
15,2,202601,339,291.82,SUL,pld_horario,2508,3f279d6b-1069-42f7-9b0a-217b084729c4
15,3,202601,340,290.96,NORDESTE,pld_horario,2509,3f279d6b-1069-42f7-9b0a-217b084729c4
15,3,202601,340,290.97,NORTE,pld_horario,2510,3f279d6b-1069-42f7-9b0a-217b084729c4
15,3,202601,340,291.07,SUDESTE,pld_horario,2511,3f279d6b-1069-42f7-9b0a-217b084729c4
15,3,202601,340,291.08,SUL,pld_horario,2512,3f279d6b-1069-42f7-9b0a-217b084729c4
15,4,202601,341,291.47,NORDESTE,pld_horario,2513,3f279d6b-1069-42f7-9b0a-217b084729c4
15,4,202601,341,291.47,NORTE,pld_horario,2514,3f279d6b-1069-42f7-9b0a-217b084729c4
15,4,202601,341,291.49,SUDESTE,pld_horario,2515,3f279d6b-1069-42f7-9b0a-217b084729c4
15,4,202601,341,291.49,SUL,pld_horario,2516,3f279d6b-1069-42f7-9b0a-217b084729c4
15,5,202601,342,291.67,NORDESTE,pld_horario,2517,3f279d6b-1069-42f7-9b0a-217b084729c4
15,5,202601,342,291.68,NORTE,pld_horario,2518,3f279d6b-1069-42f7-9b0a-217b084729c4
15,5,202601,342,291.69,SUDESTE,pld_horario,2519,3f279d6b-1069-42f7-9b0a-217b084729c4
15,5,202601,342,291.69,SUL,pld_horario,2520,3f279d6b-1069-42f7-9b0a-217b084729c4
15,6,202601,343,289.39,NORDESTE,pld_horario,2521,3f279d6b-1069-42f7-9b0a-217b084729c4
15,6,202601,343,289.78,NORTE,pld_horario,2522,3f279d6b-1069-42f7-9b0a-217b084729c4
15,6,202601,343,291.33,SUDESTE,pld_horario,2523,3f279d6b-1069-42f7-9b0a-217b084729c4
15,6,202601,343,291.34,SUL,pld_horario,2524,3f279d6b-1069-42f7-9b0a-217b084729c4
15,7,202601,344,273.03,NORDESTE,pld_horario,2525,3f279d6b-1069-42f7-9b0a-217b084729c4
15,7,202601,344,286.92,NORTE,pld_horario,2526,3f279d6b-1069-42f7-9b0a-217b084729c4
15,7,202601,344,290.79,SUDESTE,pld_horario,2527,3f279d6b-1069-42f7-9b0a-217b084729c4
15,7,202601,344,290.8,SUL,pld_horario,2528,3f279d6b-1069-42f7-9b0a-217b084729c4
15,8,202601,345,193.13,NORDESTE,pld_horario,2529,3f279d6b-1069-42f7-9b0a-217b084729c4
15,8,202601,345,288.35,NORTE,pld_horario,2530,3f279d6b-1069-42f7-9b0a-217b084729c4
15,8,202601,345,290.26,SUDESTE,pld_horario,2531,3f279d6b-1069-42f7-9b0a-217b084729c4
15,8,202601,345,290.27,SUL,pld_horario,2532,3f279d6b-1069-42f7-9b0a-217b084729c4
15,9,202601,346,262.55,NORDESTE,pld_horario,2533,3f279d6b-1069-42f7-9b0a-217b084729c4
15,9,202601,346,287.62,NORTE,pld_horario,2534,3f279d6b-1069-42f7-9b0a-217b084729c4
15,9,202601,346,287.62,SUDESTE,pld_horario,2535,3f279d6b-1069-42f7-9b0a-217b084729c4
15,9,202601,346,287.63,SUL,pld_horario,2536,3f279d6b-1069-42f7-9b0a-217b084729c4
15,10,202601,347,274.16,NORDESTE,pld_horario,2537,3f279d6b-1069-42f7-9b0a-217b084729c4
15,10,202601,347,274.18,NORTE,pld_horario,2538,3f279d6b-1069-42f7-9b0a-217b084729c4
15,10,202601,347,274.18,SUDESTE,pld_horario,2539,3f279d6b-1069-42f7-9b0a-217b084729c4
15,10,202601,347,288.06,SUL,pld_horario,2540,3f279d6b-1069-42f7-9b0a-217b084729c4
15,11,202601,348,259.17,NORDESTE,pld_horario,2541,3f279d6b-1069-42f7-9b0a-217b084729c4
15,11,202601,348,259.18,NORTE,pld_horario,2542,3f279d6b-1069-42f7-9b0a-217b084729c4
15,11,202601,348,259.18,SUDESTE,pld_horario,2543,3f279d6b-1069-42f7-9b0a-217b084729c4
15,11,202601,348,289.38,SUL,pld_horario,2544,3f279d6b-1069-42f7-9b0a-217b084729c4
15,12,202601,349,285.05,NORDESTE,pld_horario,2545,3f279d6b-1069-42f7-9b0a-217b084729c4
15,12,202601,349,285.05,NORTE,pld_horario,2546,3f279d6b-1069-42f7-9b0a-217b084729c4
15,12,202601,349,285.05,SUDESTE,pld_horario,2547,3f279d6b-1069-42f7-9b0a-217b084729c4
15,12,202601,349,285.06,SUL,pld_horario,2548,3f279d6b-1069-42f7-9b0a-217b084729c4
15,13,202601,350,288.33,NORDESTE,pld_horario,2549,3f279d6b-1069-42f7-9b0a-217b084729c4
15,13,202601,350,288.34,NORTE,pld_horario,2550,3f279d6b-1069-42f7-9b0a-217b084729c4
15,13,202601,350,288.34,SUDESTE,pld_horario,2551,3f279d6b-1069-42f7-9b0a-217b084729c4
15,13,202601,350,290.72,SUL,pld_horario,2552,3f279d6b-1069-42f7-9b0a-217b084729c4
15,14,202601,351,291.74,NORDESTE,pld_horario,2553,3f279d6b-1069-42f7-9b0a-217b084729c4
15,14,202601,351,291.75,NORTE,pld_horario,2554,3f279d6b-1069-42f7-9b0a-217b084729c4
15,14,202601,351,291.78,SUDESTE,pld_horario,2555,3f279d6b-1069-42f7-9b0a-217b084729c4
15,14,202601,351,291.78,SUL,pld_horario,2556,3f279d6b-1069-42f7-9b0a-217b084729c4
15,15,202601,352,289.62,NORDESTE,pld_horario,2557,3f279d6b-1069-42f7-9b0a-217b084729c4
15,15,202601,352,289.92,NORTE,pld_horario,2558,3f279d6b-1069-42f7-9b0a-217b084729c4
15,15,202601,352,293.9,SUDESTE,pld_horario,2559,3f279d6b-1069-42f7-9b0a-217b084729c4
15,15,202601,352,293.91,SUL,pld_horario,2560,3f279d6b-1069-42f7-9b0a-217b084729c4
15,16,202601,353,291.31,NORDESTE,pld_horario,2561,3f279d6b-1069-42f7-9b0a-217b084729c4
15,16,202601,353,291.32,NORTE,pld_horario,2562,3f279d6b-1069-42f7-9b0a-217b084729c4
15,16,202601,353,303.96,SUDESTE,pld_horario,2563,3f279d6b-1069-42f7-9b0a-217b084729c4
15,16,202601,353,303.96,SUL,pld_horario,2564,3f279d6b-1069-42f7-9b0a-217b084729c4
15,17,202601,354,292.98,NORDESTE,pld_horario,2565,3f279d6b-1069-42f7-9b0a-217b084729c4
15,17,202601,354,292.99,NORTE,pld_horario,2566,3f279d6b-1069-42f7-9b0a-217b084729c4
15,17,202601,354,306.83,SUDESTE,pld_horario,2567,3f279d6b-1069-42f7-9b0a-217b084729c4
15,17,202601,354,306.83,SUL,pld_horario,2568,3f279d6b-1069-42f7-9b0a-217b084729c4
15,18,202601,355,294.27,NORDESTE,pld_horario,2569,3f279d6b-1069-42f7-9b0a-217b084729c4
15,18,202601,355,294.28,NORTE,pld_horario,2570,3f279d6b-1069-42f7-9b0a-217b084729c4
15,18,202601,355,310.32,SUDESTE,pld_horario,2571,3f279d6b-1069-42f7-9b0a-217b084729c4
15,18,202601,355,310.32,SUL,pld_horario,2572,3f279d6b-1069-42f7-9b0a-217b084729c4
15,19,202601,356,292.07,NORDESTE,pld_horario,2573,3f279d6b-1069-42f7-9b0a-217b084729c4
15,19,202601,356,292.08,NORTE,pld_horario,2574,3f279d6b-1069-42f7-9b0a-217b084729c4
15,19,202601,356,334.93,SUDESTE,pld_horario,2575,3f279d6b-1069-42f7-9b0a-217b084729c4
15,19,202601,356,334.93,SUL,pld_horario,2576,3f279d6b-1069-42f7-9b0a-217b084729c4
15,20,202601,357,290.75,NORDESTE,pld_horario,2577,3f279d6b-1069-42f7-9b0a-217b084729c4
15,20,202601,357,290.76,NORTE,pld_horario,2578,3f279d6b-1069-42f7-9b0a-217b084729c4
15,20,202601,357,356.03,SUDESTE,pld_horario,2579,3f279d6b-1069-42f7-9b0a-217b084729c4
15,20,202601,357,356.03,SUL,pld_horario,2580,3f279d6b-1069-42f7-9b0a-217b084729c4
15,21,202601,358,290.56,NORDESTE,pld_horario,2581,3f279d6b-1069-42f7-9b0a-217b084729c4
15,21,202601,358,290.57,NORTE,pld_horario,2582,3f279d6b-1069-42f7-9b0a-217b084729c4
15,21,202601,358,336.15,SUDESTE,pld_horario,2583,3f279d6b-1069-42f7-9b0a-217b084729c4
15,21,202601,358,336.15,SUL,pld_horario,2584,3f279d6b-1069-42f7-9b0a-217b084729c4
15,22,202601,359,291.14,NORDESTE,pld_horario,2585,3f279d6b-1069-42f7-9b0a-217b084729c4
15,22,202601,359,291.15,NORTE,pld_horario,2586,3f279d6b-1069-42f7-9b0a-217b084729c4
15,22,202601,359,316.88,SUDESTE,pld_horario,2587,3f279d6b-1069-42f7-9b0a-217b084729c4
15,22,202601,359,316.88,SUL,pld_horario,2588,3f279d6b-1069-42f7-9b0a-217b084729c4
15,23,202601,360,290.42,NORDESTE,pld_horario,2589,3f279d6b-1069-42f7-9b0a-217b084729c4
15,23,202601,360,290.43,NORTE,pld_horario,2590,3f279d6b-1069-42f7-9b0a-217b084729c4
15,23,202601,360,305.8,SUDESTE,pld_horario,2591,3f279d6b-1069-42f7-9b0a-217b084729c4
15,23,202601,360,305.8,SUL,pld_horario,2592,3f279d6b-1069-42f7-9b0a-217b084729c4
14,0,202601,313,283.33,NORDESTE,pld_horario,2593,3f279d6b-1069-42f7-9b0a-217b084729c4
14,0,202601,313,283.34,NORTE,pld_horario,2594,3f279d6b-1069-42f7-9b0a-217b084729c4
14,0,202601,313,299.12,SUDESTE,pld_horario,2595,3f279d6b-1069-42f7-9b0a-217b084729c4
14,0,202601,313,299.11,SUL,pld_horario,2596,3f279d6b-1069-42f7-9b0a-217b084729c4
14,1,202601,314,286.39,NORDESTE,pld_horario,2597,3f279d6b-1069-42f7-9b0a-217b084729c4
14,1,202601,314,286.4,NORTE,pld_horario,2598,3f279d6b-1069-42f7-9b0a-217b084729c4
14,1,202601,314,288.16,SUDESTE,pld_horario,2599,3f279d6b-1069-42f7-9b0a-217b084729c4
14,1,202601,314,288.16,SUL,pld_horario,2600,3f279d6b-1069-42f7-9b0a-217b084729c4
14,2,202601,315,285.33,NORDESTE,pld_horario,2601,3f279d6b-1069-42f7-9b0a-217b084729c4
14,2,202601,315,285.34,NORTE,pld_horario,2602,3f279d6b-1069-42f7-9b0a-217b084729c4
14,2,202601,315,285.34,SUDESTE,pld_horario,2603,3f279d6b-1069-42f7-9b0a-217b084729c4
14,2,202601,315,285.34,SUL,pld_horario,2604,3f279d6b-1069-42f7-9b0a-217b084729c4
14,3,202601,316,284.58,NORDESTE,pld_horario,2605,3f279d6b-1069-42f7-9b0a-217b084729c4
14,3,202601,316,284.59,NORTE,pld_horario,2606,3f279d6b-1069-42f7-9b0a-217b084729c4
14,3,202601,316,284.59,SUDESTE,pld_horario,2607,3f279d6b-1069-42f7-9b0a-217b084729c4
14,3,202601,316,284.59,SUL,pld_horario,2608,3f279d6b-1069-42f7-9b0a-217b084729c4
14,4,202601,317,285.31,NORDESTE,pld_horario,2609,3f279d6b-1069-42f7-9b0a-217b084729c4
14,4,202601,317,285.32,NORTE,pld_horario,2610,3f279d6b-1069-42f7-9b0a-217b084729c4
14,4,202601,317,285.32,SUDESTE,pld_horario,2611,3f279d6b-1069-42f7-9b0a-217b084729c4
14,4,202601,317,285.32,SUL,pld_horario,2612,3f279d6b-1069-42f7-9b0a-217b084729c4
14,5,202601,318,286.29,NORDESTE,pld_horario,2613,3f279d6b-1069-42f7-9b0a-217b084729c4
14,5,202601,318,286.3,NORTE,pld_horario,2614,3f279d6b-1069-42f7-9b0a-217b084729c4
14,5,202601,318,286.3,SUDESTE,pld_horario,2615,3f279d6b-1069-42f7-9b0a-217b084729c4
14,5,202601,318,286.3,SUL,pld_horario,2616,3f279d6b-1069-42f7-9b0a-217b084729c4
14,6,202601,319,283.33,NORDESTE,pld_horario,2617,3f279d6b-1069-42f7-9b0a-217b084729c4
14,6,202601,319,283.34,NORTE,pld_horario,2618,3f279d6b-1069-42f7-9b0a-217b084729c4
14,6,202601,319,283.34,SUDESTE,pld_horario,2619,3f279d6b-1069-42f7-9b0a-217b084729c4
14,6,202601,319,283.34,SUL,pld_horario,2620,3f279d6b-1069-42f7-9b0a-217b084729c4
14,7,202601,320,275.72,NORDESTE,pld_horario,2621,3f279d6b-1069-42f7-9b0a-217b084729c4
14,7,202601,320,282.08,NORTE,pld_horario,2622,3f279d6b-1069-42f7-9b0a-217b084729c4
14,7,202601,320,282.08,SUDESTE,pld_horario,2623,3f279d6b-1069-42f7-9b0a-217b084729c4
14,7,202601,320,282.09,SUL,pld_horario,2624,3f279d6b-1069-42f7-9b0a-217b084729c4
14,8,202601,321,57.31,NORDESTE,pld_horario,2625,3f279d6b-1069-42f7-9b0a-217b084729c4
14,8,202601,321,281.55,NORTE,pld_horario,2626,3f279d6b-1069-42f7-9b0a-217b084729c4
14,8,202601,321,281.55,SUDESTE,pld_horario,2627,3f279d6b-1069-42f7-9b0a-217b084729c4
14,8,202601,321,281.56,SUL,pld_horario,2628,3f279d6b-1069-42f7-9b0a-217b084729c4
14,9,202601,322,57.31,NORDESTE,pld_horario,2629,3f279d6b-1069-42f7-9b0a-217b084729c4
14,9,202601,322,279.65,NORTE,pld_horario,2630,3f279d6b-1069-42f7-9b0a-217b084729c4
14,9,202601,322,279.65,SUDESTE,pld_horario,2631,3f279d6b-1069-42f7-9b0a-217b084729c4
14,9,202601,322,279.66,SUL,pld_horario,2632,3f279d6b-1069-42f7-9b0a-217b084729c4
14,10,202601,323,255.88,NORDESTE,pld_horario,2633,3f279d6b-1069-42f7-9b0a-217b084729c4
14,10,202601,323,272.67,NORTE,pld_horario,2634,3f279d6b-1069-42f7-9b0a-217b084729c4
14,10,202601,323,272.67,SUDESTE,pld_horario,2635,3f279d6b-1069-42f7-9b0a-217b084729c4
14,10,202601,323,279.05,SUL,pld_horario,2636,3f279d6b-1069-42f7-9b0a-217b084729c4
14,11,202601,324,266.77,NORDESTE,pld_horario,2637,3f279d6b-1069-42f7-9b0a-217b084729c4
14,11,202601,324,266.78,NORTE,pld_horario,2638,3f279d6b-1069-42f7-9b0a-217b084729c4
14,11,202601,324,266.78,SUDESTE,pld_horario,2639,3f279d6b-1069-42f7-9b0a-217b084729c4
14,11,202601,324,278.69,SUL,pld_horario,2640,3f279d6b-1069-42f7-9b0a-217b084729c4
14,12,202601,325,266.51,NORDESTE,pld_horario,2641,3f279d6b-1069-42f7-9b0a-217b084729c4
14,12,202601,325,266.52,NORTE,pld_horario,2642,3f279d6b-1069-42f7-9b0a-217b084729c4
14,12,202601,325,266.52,SUDESTE,pld_horario,2643,3f279d6b-1069-42f7-9b0a-217b084729c4
14,12,202601,325,278.61,SUL,pld_horario,2644,3f279d6b-1069-42f7-9b0a-217b084729c4
14,13,202601,326,278.9,NORDESTE,pld_horario,2645,3f279d6b-1069-42f7-9b0a-217b084729c4
14,13,202601,326,279.4,NORTE,pld_horario,2646,3f279d6b-1069-42f7-9b0a-217b084729c4
14,13,202601,326,281.25,SUDESTE,pld_horario,2647,3f279d6b-1069-42f7-9b0a-217b084729c4
14,13,202601,326,281.26,SUL,pld_horario,2648,3f279d6b-1069-42f7-9b0a-217b084729c4
14,14,202601,327,285.22,NORDESTE,pld_horario,2649,3f279d6b-1069-42f7-9b0a-217b084729c4
14,14,202601,327,285.23,NORTE,pld_horario,2650,3f279d6b-1069-42f7-9b0a-217b084729c4
14,14,202601,327,285.27,SUDESTE,pld_horario,2651,3f279d6b-1069-42f7-9b0a-217b084729c4
14,14,202601,327,285.27,SUL,pld_horario,2652,3f279d6b-1069-42f7-9b0a-217b084729c4
14,15,202601,328,288.81,NORDESTE,pld_horario,2653,3f279d6b-1069-42f7-9b0a-217b084729c4
14,15,202601,328,288.82,NORTE,pld_horario,2654,3f279d6b-1069-42f7-9b0a-217b084729c4
14,15,202601,328,290.52,SUDESTE,pld_horario,2655,3f279d6b-1069-42f7-9b0a-217b084729c4
14,15,202601,328,290.52,SUL,pld_horario,2656,3f279d6b-1069-42f7-9b0a-217b084729c4
14,16,202601,329,290.42,NORDESTE,pld_horario,2657,3f279d6b-1069-42f7-9b0a-217b084729c4
14,16,202601,329,290.43,NORTE,pld_horario,2658,3f279d6b-1069-42f7-9b0a-217b084729c4
14,16,202601,329,298.0,SUDESTE,pld_horario,2659,3f279d6b-1069-42f7-9b0a-217b084729c4
14,16,202601,329,298.0,SUL,pld_horario,2660,3f279d6b-1069-42f7-9b0a-217b084729c4
14,17,202601,330,292.35,NORDESTE,pld_horario,2661,3f279d6b-1069-42f7-9b0a-217b084729c4
14,17,202601,330,292.36,NORTE,pld_horario,2662,3f279d6b-1069-42f7-9b0a-217b084729c4
14,17,202601,330,303.86,SUDESTE,pld_horario,2663,3f279d6b-1069-42f7-9b0a-217b084729c4
14,17,202601,330,303.86,SUL,pld_horario,2664,3f279d6b-1069-42f7-9b0a-217b084729c4
14,18,202601,331,290.83,NORDESTE,pld_horario,2665,3f279d6b-1069-42f7-9b0a-217b084729c4
14,18,202601,331,290.84,NORTE,pld_horario,2666,3f279d6b-1069-42f7-9b0a-217b084729c4
14,18,202601,331,310.65,SUDESTE,pld_horario,2667,3f279d6b-1069-42f7-9b0a-217b084729c4
14,18,202601,331,310.64,SUL,pld_horario,2668,3f279d6b-1069-42f7-9b0a-217b084729c4
14,19,202601,332,289.09,NORDESTE,pld_horario,2669,3f279d6b-1069-42f7-9b0a-217b084729c4
14,19,202601,332,289.1,NORTE,pld_horario,2670,3f279d6b-1069-42f7-9b0a-217b084729c4
14,19,202601,332,389.94,SUDESTE,pld_horario,2671,3f279d6b-1069-42f7-9b0a-217b084729c4
14,19,202601,332,389.94,SUL,pld_horario,2672,3f279d6b-1069-42f7-9b0a-217b084729c4
14,20,202601,333,289.21,NORDESTE,pld_horario,2673,3f279d6b-1069-42f7-9b0a-217b084729c4
14,20,202601,333,289.22,NORTE,pld_horario,2674,3f279d6b-1069-42f7-9b0a-217b084729c4
14,20,202601,333,430.97,SUDESTE,pld_horario,2675,3f279d6b-1069-42f7-9b0a-217b084729c4
14,20,202601,333,430.97,SUL,pld_horario,2676,3f279d6b-1069-42f7-9b0a-217b084729c4
14,21,202601,334,289.18,NORDESTE,pld_horario,2677,3f279d6b-1069-42f7-9b0a-217b084729c4
14,21,202601,334,289.19,NORTE,pld_horario,2678,3f279d6b-1069-42f7-9b0a-217b084729c4
14,21,202601,334,411.23,SUDESTE,pld_horario,2679,3f279d6b-1069-42f7-9b0a-217b084729c4
14,21,202601,334,411.23,SUL,pld_horario,2680,3f279d6b-1069-42f7-9b0a-217b084729c4
14,22,202601,335,289.16,NORDESTE,pld_horario,2681,3f279d6b-1069-42f7-9b0a-217b084729c4
14,22,202601,335,289.17,NORTE,pld_horario,2682,3f279d6b-1069-42f7-9b0a-217b084729c4
14,22,202601,335,322.07,SUDESTE,pld_horario,2683,3f279d6b-1069-42f7-9b0a-217b084729c4
14,22,202601,335,322.07,SUL,pld_horario,2684,3f279d6b-1069-42f7-9b0a-217b084729c4
14,23,202601,336,289.14,NORDESTE,pld_horario,2685,3f279d6b-1069-42f7-9b0a-217b084729c4
14,23,202601,336,289.15,NORTE,pld_horario,2686,3f279d6b-1069-42f7-9b0a-217b084729c4
14,23,202601,336,304.81,SUDESTE,pld_horario,2687,3f279d6b-1069-42f7-9b0a-217b084729c4
14,23,202601,336,304.8,SUL,pld_horario,2688,3f279d6b-1069-42f7-9b0a-217b084729c4
13,0,202601,289,285.05,NORDESTE,pld_horario,2689,3f279d6b-1069-42f7-9b0a-217b084729c4
13,0,202601,289,285.06,NORTE,pld_horario,2690,3f279d6b-1069-42f7-9b0a-217b084729c4
13,0,202601,289,285.06,SUDESTE,pld_horario,2691,3f279d6b-1069-42f7-9b0a-217b084729c4
13,0,202601,289,285.06,SUL,pld_horario,2692,3f279d6b-1069-42f7-9b0a-217b084729c4
13,1,202601,290,279.33,NORDESTE,pld_horario,2693,3f279d6b-1069-42f7-9b0a-217b084729c4
13,1,202601,290,279.34,NORTE,pld_horario,2694,3f279d6b-1069-42f7-9b0a-217b084729c4
13,1,202601,290,279.34,SUDESTE,pld_horario,2695,3f279d6b-1069-42f7-9b0a-217b084729c4
13,1,202601,290,279.34,SUL,pld_horario,2696,3f279d6b-1069-42f7-9b0a-217b084729c4
13,2,202601,291,277.51,NORDESTE,pld_horario,2697,3f279d6b-1069-42f7-9b0a-217b084729c4
13,2,202601,291,277.52,NORTE,pld_horario,2698,3f279d6b-1069-42f7-9b0a-217b084729c4
13,2,202601,291,277.52,SUDESTE,pld_horario,2699,3f279d6b-1069-42f7-9b0a-217b084729c4
13,2,202601,291,277.52,SUL,pld_horario,2700,3f279d6b-1069-42f7-9b0a-217b084729c4
13,3,202601,292,277.44,NORDESTE,pld_horario,2701,3f279d6b-1069-42f7-9b0a-217b084729c4
13,3,202601,292,277.45,NORTE,pld_horario,2702,3f279d6b-1069-42f7-9b0a-217b084729c4
13,3,202601,292,277.45,SUDESTE,pld_horario,2703,3f279d6b-1069-42f7-9b0a-217b084729c4
13,3,202601,292,277.45,SUL,pld_horario,2704,3f279d6b-1069-42f7-9b0a-217b084729c4
13,4,202601,293,277.8,NORDESTE,pld_horario,2705,3f279d6b-1069-42f7-9b0a-217b084729c4
13,4,202601,293,277.81,NORTE,pld_horario,2706,3f279d6b-1069-42f7-9b0a-217b084729c4
13,4,202601,293,277.81,SUDESTE,pld_horario,2707,3f279d6b-1069-42f7-9b0a-217b084729c4
13,4,202601,293,277.81,SUL,pld_horario,2708,3f279d6b-1069-42f7-9b0a-217b084729c4
13,5,202601,294,278.19,NORDESTE,pld_horario,2709,3f279d6b-1069-42f7-9b0a-217b084729c4
13,5,202601,294,278.19,NORTE,pld_horario,2710,3f279d6b-1069-42f7-9b0a-217b084729c4
13,5,202601,294,278.19,SUDESTE,pld_horario,2711,3f279d6b-1069-42f7-9b0a-217b084729c4
13,5,202601,294,278.19,SUL,pld_horario,2712,3f279d6b-1069-42f7-9b0a-217b084729c4
13,6,202601,295,276.69,NORDESTE,pld_horario,2713,3f279d6b-1069-42f7-9b0a-217b084729c4
13,6,202601,295,276.73,NORTE,pld_horario,2714,3f279d6b-1069-42f7-9b0a-217b084729c4
13,6,202601,295,276.86,SUDESTE,pld_horario,2715,3f279d6b-1069-42f7-9b0a-217b084729c4
13,6,202601,295,276.86,SUL,pld_horario,2716,3f279d6b-1069-42f7-9b0a-217b084729c4
13,7,202601,296,255.82,NORDESTE,pld_horario,2717,3f279d6b-1069-42f7-9b0a-217b084729c4
13,7,202601,296,275.33,NORTE,pld_horario,2718,3f279d6b-1069-42f7-9b0a-217b084729c4
13,7,202601,296,276.36,SUDESTE,pld_horario,2719,3f279d6b-1069-42f7-9b0a-217b084729c4
13,7,202601,296,276.36,SUL,pld_horario,2720,3f279d6b-1069-42f7-9b0a-217b084729c4
13,8,202601,297,57.31,NORDESTE,pld_horario,2721,3f279d6b-1069-42f7-9b0a-217b084729c4
13,8,202601,297,275.6,NORTE,pld_horario,2722,3f279d6b-1069-42f7-9b0a-217b084729c4
13,8,202601,297,276.49,SUDESTE,pld_horario,2723,3f279d6b-1069-42f7-9b0a-217b084729c4
13,8,202601,297,276.5,SUL,pld_horario,2724,3f279d6b-1069-42f7-9b0a-217b084729c4
13,9,202601,298,129.02,NORDESTE,pld_horario,2725,3f279d6b-1069-42f7-9b0a-217b084729c4
13,9,202601,298,275.4,NORTE,pld_horario,2726,3f279d6b-1069-42f7-9b0a-217b084729c4
13,9,202601,298,275.4,SUDESTE,pld_horario,2727,3f279d6b-1069-42f7-9b0a-217b084729c4
13,9,202601,298,275.41,SUL,pld_horario,2728,3f279d6b-1069-42f7-9b0a-217b084729c4
13,10,202601,299,272.14,NORDESTE,pld_horario,2729,3f279d6b-1069-42f7-9b0a-217b084729c4
13,10,202601,299,274.13,NORTE,pld_horario,2730,3f279d6b-1069-42f7-9b0a-217b084729c4
13,10,202601,299,274.13,SUDESTE,pld_horario,2731,3f279d6b-1069-42f7-9b0a-217b084729c4
13,10,202601,299,274.14,SUL,pld_horario,2732,3f279d6b-1069-42f7-9b0a-217b084729c4
13,11,202601,300,273.72,NORDESTE,pld_horario,2733,3f279d6b-1069-42f7-9b0a-217b084729c4
13,11,202601,300,274.55,NORTE,pld_horario,2734,3f279d6b-1069-42f7-9b0a-217b084729c4
13,11,202601,300,274.55,SUDESTE,pld_horario,2735,3f279d6b-1069-42f7-9b0a-217b084729c4
13,11,202601,300,274.56,SUL,pld_horario,2736,3f279d6b-1069-42f7-9b0a-217b084729c4
13,12,202601,301,269.5,NORDESTE,pld_horario,2737,3f279d6b-1069-42f7-9b0a-217b084729c4
13,12,202601,301,269.51,NORTE,pld_horario,2738,3f279d6b-1069-42f7-9b0a-217b084729c4
13,12,202601,301,269.51,SUDESTE,pld_horario,2739,3f279d6b-1069-42f7-9b0a-217b084729c4
13,12,202601,301,269.52,SUL,pld_horario,2740,3f279d6b-1069-42f7-9b0a-217b084729c4
13,13,202601,302,275.21,NORDESTE,pld_horario,2741,3f279d6b-1069-42f7-9b0a-217b084729c4
13,13,202601,302,275.22,NORTE,pld_horario,2742,3f279d6b-1069-42f7-9b0a-217b084729c4
13,13,202601,302,275.26,SUDESTE,pld_horario,2743,3f279d6b-1069-42f7-9b0a-217b084729c4
13,13,202601,302,276.43,SUL,pld_horario,2744,3f279d6b-1069-42f7-9b0a-217b084729c4
13,14,202601,303,277.35,NORDESTE,pld_horario,2745,3f279d6b-1069-42f7-9b0a-217b084729c4
13,14,202601,303,277.38,NORTE,pld_horario,2746,3f279d6b-1069-42f7-9b0a-217b084729c4
13,14,202601,303,277.56,SUDESTE,pld_horario,2747,3f279d6b-1069-42f7-9b0a-217b084729c4
13,14,202601,303,277.56,SUL,pld_horario,2748,3f279d6b-1069-42f7-9b0a-217b084729c4
13,15,202601,304,280.34,NORDESTE,pld_horario,2749,3f279d6b-1069-42f7-9b0a-217b084729c4
13,15,202601,304,280.4,NORTE,pld_horario,2750,3f279d6b-1069-42f7-9b0a-217b084729c4
13,15,202601,304,283.33,SUDESTE,pld_horario,2751,3f279d6b-1069-42f7-9b0a-217b084729c4
13,15,202601,304,283.33,SUL,pld_horario,2752,3f279d6b-1069-42f7-9b0a-217b084729c4
13,16,202601,305,281.44,NORDESTE,pld_horario,2753,3f279d6b-1069-42f7-9b0a-217b084729c4
13,16,202601,305,281.45,NORTE,pld_horario,2754,3f279d6b-1069-42f7-9b0a-217b084729c4
13,16,202601,305,289.24,SUDESTE,pld_horario,2755,3f279d6b-1069-42f7-9b0a-217b084729c4
13,16,202601,305,289.23,SUL,pld_horario,2756,3f279d6b-1069-42f7-9b0a-217b084729c4
13,17,202601,306,282.72,NORDESTE,pld_horario,2757,3f279d6b-1069-42f7-9b0a-217b084729c4
13,17,202601,306,282.73,NORTE,pld_horario,2758,3f279d6b-1069-42f7-9b0a-217b084729c4
13,17,202601,306,291.55,SUDESTE,pld_horario,2759,3f279d6b-1069-42f7-9b0a-217b084729c4
13,17,202601,306,291.54,SUL,pld_horario,2760,3f279d6b-1069-42f7-9b0a-217b084729c4
13,18,202601,307,281.87,NORDESTE,pld_horario,2761,3f279d6b-1069-42f7-9b0a-217b084729c4
13,18,202601,307,281.88,NORTE,pld_horario,2762,3f279d6b-1069-42f7-9b0a-217b084729c4
13,18,202601,307,297.35,SUDESTE,pld_horario,2763,3f279d6b-1069-42f7-9b0a-217b084729c4
13,18,202601,307,297.34,SUL,pld_horario,2764,3f279d6b-1069-42f7-9b0a-217b084729c4
13,19,202601,308,281.65,NORDESTE,pld_horario,2765,3f279d6b-1069-42f7-9b0a-217b084729c4
13,19,202601,308,281.66,NORTE,pld_horario,2766,3f279d6b-1069-42f7-9b0a-217b084729c4
13,19,202601,308,314.51,SUDESTE,pld_horario,2767,3f279d6b-1069-42f7-9b0a-217b084729c4
13,19,202601,308,314.51,SUL,pld_horario,2768,3f279d6b-1069-42f7-9b0a-217b084729c4
13,20,202601,309,281.67,NORDESTE,pld_horario,2769,3f279d6b-1069-42f7-9b0a-217b084729c4
13,20,202601,309,281.68,NORTE,pld_horario,2770,3f279d6b-1069-42f7-9b0a-217b084729c4
13,20,202601,309,315.64,SUDESTE,pld_horario,2771,3f279d6b-1069-42f7-9b0a-217b084729c4
13,20,202601,309,315.64,SUL,pld_horario,2772,3f279d6b-1069-42f7-9b0a-217b084729c4
13,21,202601,310,281.64,NORDESTE,pld_horario,2773,3f279d6b-1069-42f7-9b0a-217b084729c4
13,21,202601,310,281.65,NORTE,pld_horario,2774,3f279d6b-1069-42f7-9b0a-217b084729c4
13,21,202601,310,309.33,SUDESTE,pld_horario,2775,3f279d6b-1069-42f7-9b0a-217b084729c4
13,21,202601,310,309.33,SUL,pld_horario,2776,3f279d6b-1069-42f7-9b0a-217b084729c4
13,22,202601,311,281.62,NORDESTE,pld_horario,2777,3f279d6b-1069-42f7-9b0a-217b084729c4
13,22,202601,311,281.63,NORTE,pld_horario,2778,3f279d6b-1069-42f7-9b0a-217b084729c4
13,22,202601,311,296.51,SUDESTE,pld_horario,2779,3f279d6b-1069-42f7-9b0a-217b084729c4
13,22,202601,311,296.5,SUL,pld_horario,2780,3f279d6b-1069-42f7-9b0a-217b084729c4
13,23,202601,312,280.8,NORDESTE,pld_horario,2781,3f279d6b-1069-42f7-9b0a-217b084729c4
13,23,202601,312,280.81,NORTE,pld_horario,2782,3f279d6b-1069-42f7-9b0a-217b084729c4
13,23,202601,312,290.03,SUDESTE,pld_horario,2783,3f279d6b-1069-42f7-9b0a-217b084729c4
13,23,202601,312,290.02,SUL,pld_horario,2784,3f279d6b-1069-42f7-9b0a-217b084729c4
12,0,202601,265,281.83,NORDESTE,pld_horario,2785,3f279d6b-1069-42f7-9b0a-217b084729c4
12,0,202601,265,281.84,NORTE,pld_horario,2786,3f279d6b-1069-42f7-9b0a-217b084729c4
12,0,202601,265,281.84,SUDESTE,pld_horario,2787,3f279d6b-1069-42f7-9b0a-217b084729c4
12,0,202601,265,281.84,SUL,pld_horario,2788,3f279d6b-1069-42f7-9b0a-217b084729c4
12,1,202601,266,278.98,NORDESTE,pld_horario,2789,3f279d6b-1069-42f7-9b0a-217b084729c4
12,1,202601,266,278.99,NORTE,pld_horario,2790,3f279d6b-1069-42f7-9b0a-217b084729c4
12,1,202601,266,278.99,SUDESTE,pld_horario,2791,3f279d6b-1069-42f7-9b0a-217b084729c4
12,1,202601,266,278.99,SUL,pld_horario,2792,3f279d6b-1069-42f7-9b0a-217b084729c4
12,2,202601,267,278.28,NORDESTE,pld_horario,2793,3f279d6b-1069-42f7-9b0a-217b084729c4
12,2,202601,267,278.29,NORTE,pld_horario,2794,3f279d6b-1069-42f7-9b0a-217b084729c4
12,2,202601,267,278.29,SUDESTE,pld_horario,2795,3f279d6b-1069-42f7-9b0a-217b084729c4
12,2,202601,267,278.29,SUL,pld_horario,2796,3f279d6b-1069-42f7-9b0a-217b084729c4
12,3,202601,268,278.17,NORDESTE,pld_horario,2797,3f279d6b-1069-42f7-9b0a-217b084729c4
12,3,202601,268,278.17,NORTE,pld_horario,2798,3f279d6b-1069-42f7-9b0a-217b084729c4
12,3,202601,268,278.17,SUDESTE,pld_horario,2799,3f279d6b-1069-42f7-9b0a-217b084729c4
12,3,202601,268,278.17,SUL,pld_horario,2800,3f279d6b-1069-42f7-9b0a-217b084729c4
12,4,202601,269,278.23,NORDESTE,pld_horario,2801,3f279d6b-1069-42f7-9b0a-217b084729c4
12,4,202601,269,278.24,NORTE,pld_horario,2802,3f279d6b-1069-42f7-9b0a-217b084729c4
12,4,202601,269,278.24,SUDESTE,pld_horario,2803,3f279d6b-1069-42f7-9b0a-217b084729c4
12,4,202601,269,278.24,SUL,pld_horario,2804,3f279d6b-1069-42f7-9b0a-217b084729c4
12,5,202601,270,278.67,NORDESTE,pld_horario,2805,3f279d6b-1069-42f7-9b0a-217b084729c4
12,5,202601,270,278.68,NORTE,pld_horario,2806,3f279d6b-1069-42f7-9b0a-217b084729c4
12,5,202601,270,278.68,SUDESTE,pld_horario,2807,3f279d6b-1069-42f7-9b0a-217b084729c4
12,5,202601,270,278.68,SUL,pld_horario,2808,3f279d6b-1069-42f7-9b0a-217b084729c4
12,6,202601,271,277.93,NORDESTE,pld_horario,2809,3f279d6b-1069-42f7-9b0a-217b084729c4
12,6,202601,271,277.94,NORTE,pld_horario,2810,3f279d6b-1069-42f7-9b0a-217b084729c4
12,6,202601,271,277.94,SUDESTE,pld_horario,2811,3f279d6b-1069-42f7-9b0a-217b084729c4
12,6,202601,271,277.94,SUL,pld_horario,2812,3f279d6b-1069-42f7-9b0a-217b084729c4
12,7,202601,272,275.98,NORDESTE,pld_horario,2813,3f279d6b-1069-42f7-9b0a-217b084729c4
12,7,202601,272,276.0,NORTE,pld_horario,2814,3f279d6b-1069-42f7-9b0a-217b084729c4
12,7,202601,272,276.04,SUDESTE,pld_horario,2815,3f279d6b-1069-42f7-9b0a-217b084729c4
12,7,202601,272,276.05,SUL,pld_horario,2816,3f279d6b-1069-42f7-9b0a-217b084729c4
12,8,202601,273,275.58,NORDESTE,pld_horario,2817,3f279d6b-1069-42f7-9b0a-217b084729c4
12,8,202601,273,275.74,NORTE,pld_horario,2818,3f279d6b-1069-42f7-9b0a-217b084729c4
12,8,202601,273,276.36,SUDESTE,pld_horario,2819,3f279d6b-1069-42f7-9b0a-217b084729c4
12,8,202601,273,276.37,SUL,pld_horario,2820,3f279d6b-1069-42f7-9b0a-217b084729c4
12,9,202601,274,275.7,NORDESTE,pld_horario,2821,3f279d6b-1069-42f7-9b0a-217b084729c4
12,9,202601,274,275.71,NORTE,pld_horario,2822,3f279d6b-1069-42f7-9b0a-217b084729c4
12,9,202601,274,275.71,SUDESTE,pld_horario,2823,3f279d6b-1069-42f7-9b0a-217b084729c4
12,9,202601,274,275.72,SUL,pld_horario,2824,3f279d6b-1069-42f7-9b0a-217b084729c4
12,10,202601,275,275.68,NORDESTE,pld_horario,2825,3f279d6b-1069-42f7-9b0a-217b084729c4
12,10,202601,275,275.69,NORTE,pld_horario,2826,3f279d6b-1069-42f7-9b0a-217b084729c4
12,10,202601,275,275.69,SUDESTE,pld_horario,2827,3f279d6b-1069-42f7-9b0a-217b084729c4
12,10,202601,275,275.7,SUL,pld_horario,2828,3f279d6b-1069-42f7-9b0a-217b084729c4
12,11,202601,276,275.6,NORDESTE,pld_horario,2829,3f279d6b-1069-42f7-9b0a-217b084729c4
12,11,202601,276,275.61,NORTE,pld_horario,2830,3f279d6b-1069-42f7-9b0a-217b084729c4
12,11,202601,276,275.61,SUDESTE,pld_horario,2831,3f279d6b-1069-42f7-9b0a-217b084729c4
12,11,202601,276,275.62,SUL,pld_horario,2832,3f279d6b-1069-42f7-9b0a-217b084729c4
12,12,202601,277,273.16,NORDESTE,pld_horario,2833,3f279d6b-1069-42f7-9b0a-217b084729c4
12,12,202601,277,273.17,NORTE,pld_horario,2834,3f279d6b-1069-42f7-9b0a-217b084729c4
12,12,202601,277,273.17,SUDESTE,pld_horario,2835,3f279d6b-1069-42f7-9b0a-217b084729c4
12,12,202601,277,273.18,SUL,pld_horario,2836,3f279d6b-1069-42f7-9b0a-217b084729c4
12,13,202601,278,276.87,NORDESTE,pld_horario,2837,3f279d6b-1069-42f7-9b0a-217b084729c4
12,13,202601,278,276.88,NORTE,pld_horario,2838,3f279d6b-1069-42f7-9b0a-217b084729c4
12,13,202601,278,276.88,SUDESTE,pld_horario,2839,3f279d6b-1069-42f7-9b0a-217b084729c4
12,13,202601,278,276.89,SUL,pld_horario,2840,3f279d6b-1069-42f7-9b0a-217b084729c4
12,14,202601,279,278.55,NORDESTE,pld_horario,2841,3f279d6b-1069-42f7-9b0a-217b084729c4
12,14,202601,279,278.55,NORTE,pld_horario,2842,3f279d6b-1069-42f7-9b0a-217b084729c4
12,14,202601,279,278.56,SUDESTE,pld_horario,2843,3f279d6b-1069-42f7-9b0a-217b084729c4
12,14,202601,279,278.56,SUL,pld_horario,2844,3f279d6b-1069-42f7-9b0a-217b084729c4
12,15,202601,280,281.31,NORDESTE,pld_horario,2845,3f279d6b-1069-42f7-9b0a-217b084729c4
12,15,202601,280,281.32,NORTE,pld_horario,2846,3f279d6b-1069-42f7-9b0a-217b084729c4
12,15,202601,280,281.53,SUDESTE,pld_horario,2847,3f279d6b-1069-42f7-9b0a-217b084729c4
12,15,202601,280,281.53,SUL,pld_horario,2848,3f279d6b-1069-42f7-9b0a-217b084729c4
12,16,202601,281,285.34,NORDESTE,pld_horario,2849,3f279d6b-1069-42f7-9b0a-217b084729c4
12,16,202601,281,285.35,NORTE,pld_horario,2850,3f279d6b-1069-42f7-9b0a-217b084729c4
12,16,202601,281,288.81,SUDESTE,pld_horario,2851,3f279d6b-1069-42f7-9b0a-217b084729c4
12,16,202601,281,288.81,SUL,pld_horario,2852,3f279d6b-1069-42f7-9b0a-217b084729c4
12,17,202601,282,288.64,NORDESTE,pld_horario,2853,3f279d6b-1069-42f7-9b0a-217b084729c4
12,17,202601,282,288.64,NORTE,pld_horario,2854,3f279d6b-1069-42f7-9b0a-217b084729c4
12,17,202601,282,291.32,SUDESTE,pld_horario,2855,3f279d6b-1069-42f7-9b0a-217b084729c4
12,17,202601,282,291.31,SUL,pld_horario,2856,3f279d6b-1069-42f7-9b0a-217b084729c4
12,18,202601,283,289.43,NORDESTE,pld_horario,2857,3f279d6b-1069-42f7-9b0a-217b084729c4
12,18,202601,283,289.43,NORTE,pld_horario,2858,3f279d6b-1069-42f7-9b0a-217b084729c4
12,18,202601,283,296.69,SUDESTE,pld_horario,2859,3f279d6b-1069-42f7-9b0a-217b084729c4
12,18,202601,283,296.68,SUL,pld_horario,2860,3f279d6b-1069-42f7-9b0a-217b084729c4
12,19,202601,284,287.52,NORDESTE,pld_horario,2861,3f279d6b-1069-42f7-9b0a-217b084729c4
12,19,202601,284,287.53,NORTE,pld_horario,2862,3f279d6b-1069-42f7-9b0a-217b084729c4
12,19,202601,284,315.36,SUDESTE,pld_horario,2863,3f279d6b-1069-42f7-9b0a-217b084729c4
12,19,202601,284,315.36,SUL,pld_horario,2864,3f279d6b-1069-42f7-9b0a-217b084729c4
12,20,202601,285,285.16,NORDESTE,pld_horario,2865,3f279d6b-1069-42f7-9b0a-217b084729c4
12,20,202601,285,285.17,NORTE,pld_horario,2866,3f279d6b-1069-42f7-9b0a-217b084729c4
12,20,202601,285,319.8,SUDESTE,pld_horario,2867,3f279d6b-1069-42f7-9b0a-217b084729c4
12,20,202601,285,319.8,SUL,pld_horario,2868,3f279d6b-1069-42f7-9b0a-217b084729c4
12,21,202601,286,283.71,NORDESTE,pld_horario,2869,3f279d6b-1069-42f7-9b0a-217b084729c4
12,21,202601,286,283.72,NORTE,pld_horario,2870,3f279d6b-1069-42f7-9b0a-217b084729c4
12,21,202601,286,318.52,SUDESTE,pld_horario,2871,3f279d6b-1069-42f7-9b0a-217b084729c4
12,21,202601,286,318.52,SUL,pld_horario,2872,3f279d6b-1069-42f7-9b0a-217b084729c4
12,22,202601,287,283.47,NORDESTE,pld_horario,2873,3f279d6b-1069-42f7-9b0a-217b084729c4
12,22,202601,287,283.48,NORTE,pld_horario,2874,3f279d6b-1069-42f7-9b0a-217b084729c4
12,22,202601,287,303.24,SUDESTE,pld_horario,2875,3f279d6b-1069-42f7-9b0a-217b084729c4
12,22,202601,287,303.24,SUL,pld_horario,2876,3f279d6b-1069-42f7-9b0a-217b084729c4
12,23,202601,288,281.72,NORDESTE,pld_horario,2877,3f279d6b-1069-42f7-9b0a-217b084729c4
12,23,202601,288,281.73,NORTE,pld_horario,2878,3f279d6b-1069-42f7-9b0a-217b084729c4
12,23,202601,288,293.81,SUDESTE,pld_horario,2879,3f279d6b-1069-42f7-9b0a-217b084729c4
12,23,202601,288,293.8,SUL,pld_horario,2880,3f279d6b-1069-42f7-9b0a-217b084729c4
11,0,202601,241,291.31,NORDESTE,pld_horario,2881,3f279d6b-1069-42f7-9b0a-217b084729c4
11,0,202601,241,291.32,NORTE,pld_horario,2882,3f279d6b-1069-42f7-9b0a-217b084729c4
11,0,202601,241,291.32,SUDESTE,pld_horario,2883,3f279d6b-1069-42f7-9b0a-217b084729c4
11,0,202601,241,291.31,SUL,pld_horario,2884,3f279d6b-1069-42f7-9b0a-217b084729c4
11,1,202601,242,281.21,NORDESTE,pld_horario,2885,3f279d6b-1069-42f7-9b0a-217b084729c4
11,1,202601,242,281.22,NORTE,pld_horario,2886,3f279d6b-1069-42f7-9b0a-217b084729c4
11,1,202601,242,281.22,SUDESTE,pld_horario,2887,3f279d6b-1069-42f7-9b0a-217b084729c4
11,1,202601,242,281.22,SUL,pld_horario,2888,3f279d6b-1069-42f7-9b0a-217b084729c4
11,2,202601,243,279.25,NORDESTE,pld_horario,2889,3f279d6b-1069-42f7-9b0a-217b084729c4
11,2,202601,243,279.26,NORTE,pld_horario,2890,3f279d6b-1069-42f7-9b0a-217b084729c4
11,2,202601,243,279.26,SUDESTE,pld_horario,2891,3f279d6b-1069-42f7-9b0a-217b084729c4
11,2,202601,243,279.26,SUL,pld_horario,2892,3f279d6b-1069-42f7-9b0a-217b084729c4
11,3,202601,244,279.36,NORDESTE,pld_horario,2893,3f279d6b-1069-42f7-9b0a-217b084729c4
11,3,202601,244,279.37,NORTE,pld_horario,2894,3f279d6b-1069-42f7-9b0a-217b084729c4
11,3,202601,244,279.37,SUDESTE,pld_horario,2895,3f279d6b-1069-42f7-9b0a-217b084729c4
11,3,202601,244,279.37,SUL,pld_horario,2896,3f279d6b-1069-42f7-9b0a-217b084729c4
11,4,202601,245,279.05,NORDESTE,pld_horario,2897,3f279d6b-1069-42f7-9b0a-217b084729c4
11,4,202601,245,279.06,NORTE,pld_horario,2898,3f279d6b-1069-42f7-9b0a-217b084729c4
11,4,202601,245,279.06,SUDESTE,pld_horario,2899,3f279d6b-1069-42f7-9b0a-217b084729c4
11,4,202601,245,279.06,SUL,pld_horario,2900,3f279d6b-1069-42f7-9b0a-217b084729c4
11,5,202601,246,278.18,NORDESTE,pld_horario,2901,3f279d6b-1069-42f7-9b0a-217b084729c4
11,5,202601,246,278.19,NORTE,pld_horario,2902,3f279d6b-1069-42f7-9b0a-217b084729c4
11,5,202601,246,278.19,SUDESTE,pld_horario,2903,3f279d6b-1069-42f7-9b0a-217b084729c4
11,5,202601,246,278.19,SUL,pld_horario,2904,3f279d6b-1069-42f7-9b0a-217b084729c4
11,6,202601,247,275.34,NORDESTE,pld_horario,2905,3f279d6b-1069-42f7-9b0a-217b084729c4
11,6,202601,247,275.35,NORTE,pld_horario,2906,3f279d6b-1069-42f7-9b0a-217b084729c4
11,6,202601,247,275.35,SUDESTE,pld_horario,2907,3f279d6b-1069-42f7-9b0a-217b084729c4
11,6,202601,247,275.36,SUL,pld_horario,2908,3f279d6b-1069-42f7-9b0a-217b084729c4
11,7,202601,248,83.51,NORDESTE,pld_horario,2909,3f279d6b-1069-42f7-9b0a-217b084729c4
11,7,202601,248,83.52,NORTE,pld_horario,2910,3f279d6b-1069-42f7-9b0a-217b084729c4
11,7,202601,248,83.51,SUDESTE,pld_horario,2911,3f279d6b-1069-42f7-9b0a-217b084729c4
11,7,202601,248,83.52,SUL,pld_horario,2912,3f279d6b-1069-42f7-9b0a-217b084729c4
11,8,202601,249,57.31,NORDESTE,pld_horario,2913,3f279d6b-1069-42f7-9b0a-217b084729c4
11,8,202601,249,57.31,NORTE,pld_horario,2914,3f279d6b-1069-42f7-9b0a-217b084729c4
11,8,202601,249,57.31,SUDESTE,pld_horario,2915,3f279d6b-1069-42f7-9b0a-217b084729c4
11,8,202601,249,57.31,SUL,pld_horario,2916,3f279d6b-1069-42f7-9b0a-217b084729c4
11,9,202601,250,57.31,NORDESTE,pld_horario,2917,3f279d6b-1069-42f7-9b0a-217b084729c4
11,9,202601,250,57.31,NORTE,pld_horario,2918,3f279d6b-1069-42f7-9b0a-217b084729c4
11,9,202601,250,57.31,SUDESTE,pld_horario,2919,3f279d6b-1069-42f7-9b0a-217b084729c4
11,9,202601,250,57.31,SUL,pld_horario,2920,3f279d6b-1069-42f7-9b0a-217b084729c4
11,10,202601,251,57.31,NORDESTE,pld_horario,2921,3f279d6b-1069-42f7-9b0a-217b084729c4
11,10,202601,251,57.31,NORTE,pld_horario,2922,3f279d6b-1069-42f7-9b0a-217b084729c4
11,10,202601,251,57.31,SUDESTE,pld_horario,2923,3f279d6b-1069-42f7-9b0a-217b084729c4
11,10,202601,251,57.31,SUL,pld_horario,2924,3f279d6b-1069-42f7-9b0a-217b084729c4
11,11,202601,252,57.31,NORDESTE,pld_horario,2925,3f279d6b-1069-42f7-9b0a-217b084729c4
11,11,202601,252,57.31,NORTE,pld_horario,2926,3f279d6b-1069-42f7-9b0a-217b084729c4
11,11,202601,252,57.31,SUDESTE,pld_horario,2927,3f279d6b-1069-42f7-9b0a-217b084729c4
11,11,202601,252,57.31,SUL,pld_horario,2928,3f279d6b-1069-42f7-9b0a-217b084729c4
11,12,202601,253,57.31,NORDESTE,pld_horario,2929,3f279d6b-1069-42f7-9b0a-217b084729c4
11,12,202601,253,57.31,NORTE,pld_horario,2930,3f279d6b-1069-42f7-9b0a-217b084729c4
11,12,202601,253,57.31,SUDESTE,pld_horario,2931,3f279d6b-1069-42f7-9b0a-217b084729c4
11,12,202601,253,57.31,SUL,pld_horario,2932,3f279d6b-1069-42f7-9b0a-217b084729c4
11,13,202601,254,57.31,NORDESTE,pld_horario,2933,3f279d6b-1069-42f7-9b0a-217b084729c4
11,13,202601,254,57.31,NORTE,pld_horario,2934,3f279d6b-1069-42f7-9b0a-217b084729c4
11,13,202601,254,57.31,SUDESTE,pld_horario,2935,3f279d6b-1069-42f7-9b0a-217b084729c4
11,13,202601,254,57.31,SUL,pld_horario,2936,3f279d6b-1069-42f7-9b0a-217b084729c4
11,14,202601,255,57.31,NORDESTE,pld_horario,2937,3f279d6b-1069-42f7-9b0a-217b084729c4
11,14,202601,255,57.31,NORTE,pld_horario,2938,3f279d6b-1069-42f7-9b0a-217b084729c4
11,14,202601,255,57.31,SUDESTE,pld_horario,2939,3f279d6b-1069-42f7-9b0a-217b084729c4
11,14,202601,255,57.31,SUL,pld_horario,2940,3f279d6b-1069-42f7-9b0a-217b084729c4
11,15,202601,256,117.25,NORDESTE,pld_horario,2941,3f279d6b-1069-42f7-9b0a-217b084729c4
11,15,202601,256,117.26,NORTE,pld_horario,2942,3f279d6b-1069-42f7-9b0a-217b084729c4
11,15,202601,256,117.26,SUDESTE,pld_horario,2943,3f279d6b-1069-42f7-9b0a-217b084729c4
11,15,202601,256,117.26,SUL,pld_horario,2944,3f279d6b-1069-42f7-9b0a-217b084729c4
11,16,202601,257,276.97,NORDESTE,pld_horario,2945,3f279d6b-1069-42f7-9b0a-217b084729c4
11,16,202601,257,276.97,NORTE,pld_horario,2946,3f279d6b-1069-42f7-9b0a-217b084729c4
11,16,202601,257,276.97,SUDESTE,pld_horario,2947,3f279d6b-1069-42f7-9b0a-217b084729c4
11,16,202601,257,276.97,SUL,pld_horario,2948,3f279d6b-1069-42f7-9b0a-217b084729c4
11,17,202601,258,287.0,NORDESTE,pld_horario,2949,3f279d6b-1069-42f7-9b0a-217b084729c4
11,17,202601,258,287.0,NORTE,pld_horario,2950,3f279d6b-1069-42f7-9b0a-217b084729c4
11,17,202601,258,287.0,SUDESTE,pld_horario,2951,3f279d6b-1069-42f7-9b0a-217b084729c4
11,17,202601,258,287.0,SUL,pld_horario,2952,3f279d6b-1069-42f7-9b0a-217b084729c4
11,18,202601,259,302.15,NORDESTE,pld_horario,2953,3f279d6b-1069-42f7-9b0a-217b084729c4
11,18,202601,259,302.16,NORTE,pld_horario,2954,3f279d6b-1069-42f7-9b0a-217b084729c4
11,18,202601,259,302.16,SUDESTE,pld_horario,2955,3f279d6b-1069-42f7-9b0a-217b084729c4
11,18,202601,259,302.15,SUL,pld_horario,2956,3f279d6b-1069-42f7-9b0a-217b084729c4
11,19,202601,260,303.51,NORDESTE,pld_horario,2957,3f279d6b-1069-42f7-9b0a-217b084729c4
11,19,202601,260,303.51,NORTE,pld_horario,2958,3f279d6b-1069-42f7-9b0a-217b084729c4
11,19,202601,260,303.51,SUDESTE,pld_horario,2959,3f279d6b-1069-42f7-9b0a-217b084729c4
11,19,202601,260,303.51,SUL,pld_horario,2960,3f279d6b-1069-42f7-9b0a-217b084729c4
11,20,202601,261,301.6,NORDESTE,pld_horario,2961,3f279d6b-1069-42f7-9b0a-217b084729c4
11,20,202601,261,301.61,NORTE,pld_horario,2962,3f279d6b-1069-42f7-9b0a-217b084729c4
11,20,202601,261,302.09,SUDESTE,pld_horario,2963,3f279d6b-1069-42f7-9b0a-217b084729c4
11,20,202601,261,302.09,SUL,pld_horario,2964,3f279d6b-1069-42f7-9b0a-217b084729c4
11,21,202601,262,285.31,NORDESTE,pld_horario,2965,3f279d6b-1069-42f7-9b0a-217b084729c4
11,21,202601,262,285.32,NORTE,pld_horario,2966,3f279d6b-1069-42f7-9b0a-217b084729c4
11,21,202601,262,300.18,SUDESTE,pld_horario,2967,3f279d6b-1069-42f7-9b0a-217b084729c4
11,21,202601,262,300.18,SUL,pld_horario,2968,3f279d6b-1069-42f7-9b0a-217b084729c4
11,22,202601,263,285.24,NORDESTE,pld_horario,2969,3f279d6b-1069-42f7-9b0a-217b084729c4
11,22,202601,263,285.25,NORTE,pld_horario,2970,3f279d6b-1069-42f7-9b0a-217b084729c4
11,22,202601,263,296.16,SUDESTE,pld_horario,2971,3f279d6b-1069-42f7-9b0a-217b084729c4
11,22,202601,263,296.15,SUL,pld_horario,2972,3f279d6b-1069-42f7-9b0a-217b084729c4
11,23,202601,264,282.65,NORDESTE,pld_horario,2973,3f279d6b-1069-42f7-9b0a-217b084729c4
11,23,202601,264,282.66,NORTE,pld_horario,2974,3f279d6b-1069-42f7-9b0a-217b084729c4
11,23,202601,264,289.46,SUDESTE,pld_horario,2975,3f279d6b-1069-42f7-9b0a-217b084729c4
11,23,202601,264,289.45,SUL,pld_horario,2976,3f279d6b-1069-42f7-9b0a-217b084729c4
10,0,202601,217,291.41,NORDESTE,pld_horario,2977,3f279d6b-1069-42f7-9b0a-217b084729c4
10,0,202601,217,291.42,NORTE,pld_horario,2978,3f279d6b-1069-42f7-9b0a-217b084729c4
10,0,202601,217,291.42,SUDESTE,pld_horario,2979,3f279d6b-1069-42f7-9b0a-217b084729c4
10,0,202601,217,291.41,SUL,pld_horario,2980,3f279d6b-1069-42f7-9b0a-217b084729c4
10,1,202601,218,278.48,NORDESTE,pld_horario,2981,3f279d6b-1069-42f7-9b0a-217b084729c4
10,1,202601,218,278.49,NORTE,pld_horario,2982,3f279d6b-1069-42f7-9b0a-217b084729c4
10,1,202601,218,278.49,SUDESTE,pld_horario,2983,3f279d6b-1069-42f7-9b0a-217b084729c4
10,1,202601,218,278.49,SUL,pld_horario,2984,3f279d6b-1069-42f7-9b0a-217b084729c4
10,2,202601,219,276.06,NORDESTE,pld_horario,2985,3f279d6b-1069-42f7-9b0a-217b084729c4
10,2,202601,219,276.07,NORTE,pld_horario,2986,3f279d6b-1069-42f7-9b0a-217b084729c4
10,2,202601,219,276.11,SUDESTE,pld_horario,2987,3f279d6b-1069-42f7-9b0a-217b084729c4
10,2,202601,219,276.11,SUL,pld_horario,2988,3f279d6b-1069-42f7-9b0a-217b084729c4
10,3,202601,220,256.72,NORDESTE,pld_horario,2989,3f279d6b-1069-42f7-9b0a-217b084729c4
10,3,202601,220,257.93,NORTE,pld_horario,2990,3f279d6b-1069-42f7-9b0a-217b084729c4
10,3,202601,220,275.18,SUDESTE,pld_horario,2991,3f279d6b-1069-42f7-9b0a-217b084729c4
10,3,202601,220,275.18,SUL,pld_horario,2992,3f279d6b-1069-42f7-9b0a-217b084729c4
10,4,202601,221,275.22,NORDESTE,pld_horario,2993,3f279d6b-1069-42f7-9b0a-217b084729c4
10,4,202601,221,275.23,NORTE,pld_horario,2994,3f279d6b-1069-42f7-9b0a-217b084729c4
10,4,202601,221,275.24,SUDESTE,pld_horario,2995,3f279d6b-1069-42f7-9b0a-217b084729c4
10,4,202601,221,275.24,SUL,pld_horario,2996,3f279d6b-1069-42f7-9b0a-217b084729c4
10,5,202601,222,274.9,NORDESTE,pld_horario,2997,3f279d6b-1069-42f7-9b0a-217b084729c4
10,5,202601,222,274.91,NORTE,pld_horario,2998,3f279d6b-1069-42f7-9b0a-217b084729c4
10,5,202601,222,274.91,SUDESTE,pld_horario,2999,3f279d6b-1069-42f7-9b0a-217b084729c4
10,5,202601,222,274.92,SUL,pld_horario,3000,3f279d6b-1069-42f7-9b0a-217b084729c4
10,6,202601,223,258.57,NORDESTE,pld_horario,3001,3f279d6b-1069-42f7-9b0a-217b084729c4
10,6,202601,223,262.45,NORTE,pld_horario,3002,3f279d6b-1069-42f7-9b0a-217b084729c4
10,6,202601,223,272.91,SUDESTE,pld_horario,3003,3f279d6b-1069-42f7-9b0a-217b084729c4
10,6,202601,223,272.92,SUL,pld_horario,3004,3f279d6b-1069-42f7-9b0a-217b084729c4
10,7,202601,224,170.75,NORDESTE,pld_horario,3005,3f279d6b-1069-42f7-9b0a-217b084729c4
10,7,202601,224,170.77,NORTE,pld_horario,3006,3f279d6b-1069-42f7-9b0a-217b084729c4
10,7,202601,224,170.77,SUDESTE,pld_horario,3007,3f279d6b-1069-42f7-9b0a-217b084729c4
10,7,202601,224,170.78,SUL,pld_horario,3008,3f279d6b-1069-42f7-9b0a-217b084729c4
10,8,202601,225,57.31,NORDESTE,pld_horario,3009,3f279d6b-1069-42f7-9b0a-217b084729c4
10,8,202601,225,57.31,NORTE,pld_horario,3010,3f279d6b-1069-42f7-9b0a-217b084729c4
10,8,202601,225,57.31,SUDESTE,pld_horario,3011,3f279d6b-1069-42f7-9b0a-217b084729c4
10,8,202601,225,57.31,SUL,pld_horario,3012,3f279d6b-1069-42f7-9b0a-217b084729c4
10,9,202601,226,57.31,NORDESTE,pld_horario,3013,3f279d6b-1069-42f7-9b0a-217b084729c4
10,9,202601,226,57.31,NORTE,pld_horario,3014,3f279d6b-1069-42f7-9b0a-217b084729c4
10,9,202601,226,57.31,SUDESTE,pld_horario,3015,3f279d6b-1069-42f7-9b0a-217b084729c4
10,9,202601,226,57.31,SUL,pld_horario,3016,3f279d6b-1069-42f7-9b0a-217b084729c4
10,10,202601,227,57.31,NORDESTE,pld_horario,3017,3f279d6b-1069-42f7-9b0a-217b084729c4
10,10,202601,227,57.31,NORTE,pld_horario,3018,3f279d6b-1069-42f7-9b0a-217b084729c4
10,10,202601,227,57.31,SUDESTE,pld_horario,3019,3f279d6b-1069-42f7-9b0a-217b084729c4
10,10,202601,227,57.31,SUL,pld_horario,3020,3f279d6b-1069-42f7-9b0a-217b084729c4
10,11,202601,228,57.31,NORDESTE,pld_horario,3021,3f279d6b-1069-42f7-9b0a-217b084729c4
10,11,202601,228,57.31,NORTE,pld_horario,3022,3f279d6b-1069-42f7-9b0a-217b084729c4
10,11,202601,228,57.31,SUDESTE,pld_horario,3023,3f279d6b-1069-42f7-9b0a-217b084729c4
10,11,202601,228,57.31,SUL,pld_horario,3024,3f279d6b-1069-42f7-9b0a-217b084729c4
10,12,202601,229,57.31,NORDESTE,pld_horario,3025,3f279d6b-1069-42f7-9b0a-217b084729c4
10,12,202601,229,57.31,NORTE,pld_horario,3026,3f279d6b-1069-42f7-9b0a-217b084729c4
10,12,202601,229,57.31,SUDESTE,pld_horario,3027,3f279d6b-1069-42f7-9b0a-217b084729c4
10,12,202601,229,57.31,SUL,pld_horario,3028,3f279d6b-1069-42f7-9b0a-217b084729c4
10,13,202601,230,57.31,NORDESTE,pld_horario,3029,3f279d6b-1069-42f7-9b0a-217b084729c4
10,13,202601,230,57.31,NORTE,pld_horario,3030,3f279d6b-1069-42f7-9b0a-217b084729c4
10,13,202601,230,57.31,SUDESTE,pld_horario,3031,3f279d6b-1069-42f7-9b0a-217b084729c4
10,13,202601,230,57.31,SUL,pld_horario,3032,3f279d6b-1069-42f7-9b0a-217b084729c4
10,14,202601,231,160.98,NORDESTE,pld_horario,3033,3f279d6b-1069-42f7-9b0a-217b084729c4
10,14,202601,231,160.99,NORTE,pld_horario,3034,3f279d6b-1069-42f7-9b0a-217b084729c4
10,14,202601,231,160.98,SUDESTE,pld_horario,3035,3f279d6b-1069-42f7-9b0a-217b084729c4
10,14,202601,231,160.99,SUL,pld_horario,3036,3f279d6b-1069-42f7-9b0a-217b084729c4
10,15,202601,232,260.63,NORDESTE,pld_horario,3037,3f279d6b-1069-42f7-9b0a-217b084729c4
10,15,202601,232,260.64,NORTE,pld_horario,3038,3f279d6b-1069-42f7-9b0a-217b084729c4
10,15,202601,232,260.64,SUDESTE,pld_horario,3039,3f279d6b-1069-42f7-9b0a-217b084729c4
10,15,202601,232,260.65,SUL,pld_horario,3040,3f279d6b-1069-42f7-9b0a-217b084729c4
10,16,202601,233,276.87,NORDESTE,pld_horario,3041,3f279d6b-1069-42f7-9b0a-217b084729c4
10,16,202601,233,276.88,NORTE,pld_horario,3042,3f279d6b-1069-42f7-9b0a-217b084729c4
10,16,202601,233,276.88,SUDESTE,pld_horario,3043,3f279d6b-1069-42f7-9b0a-217b084729c4
10,16,202601,233,276.88,SUL,pld_horario,3044,3f279d6b-1069-42f7-9b0a-217b084729c4
10,17,202601,234,281.79,NORDESTE,pld_horario,3045,3f279d6b-1069-42f7-9b0a-217b084729c4
10,17,202601,234,281.8,NORTE,pld_horario,3046,3f279d6b-1069-42f7-9b0a-217b084729c4
10,17,202601,234,281.8,SUDESTE,pld_horario,3047,3f279d6b-1069-42f7-9b0a-217b084729c4
10,17,202601,234,281.8,SUL,pld_horario,3048,3f279d6b-1069-42f7-9b0a-217b084729c4
10,18,202601,235,289.51,NORDESTE,pld_horario,3049,3f279d6b-1069-42f7-9b0a-217b084729c4
10,18,202601,235,289.52,NORTE,pld_horario,3050,3f279d6b-1069-42f7-9b0a-217b084729c4
10,18,202601,235,289.52,SUDESTE,pld_horario,3051,3f279d6b-1069-42f7-9b0a-217b084729c4
10,18,202601,235,289.52,SUL,pld_horario,3052,3f279d6b-1069-42f7-9b0a-217b084729c4
10,19,202601,236,272.66,NORDESTE,pld_horario,3053,3f279d6b-1069-42f7-9b0a-217b084729c4
10,19,202601,236,272.67,NORTE,pld_horario,3054,3f279d6b-1069-42f7-9b0a-217b084729c4
10,19,202601,236,293.34,SUDESTE,pld_horario,3055,3f279d6b-1069-42f7-9b0a-217b084729c4
10,19,202601,236,293.34,SUL,pld_horario,3056,3f279d6b-1069-42f7-9b0a-217b084729c4
10,20,202601,237,268.48,NORDESTE,pld_horario,3057,3f279d6b-1069-42f7-9b0a-217b084729c4
10,20,202601,237,268.49,NORTE,pld_horario,3058,3f279d6b-1069-42f7-9b0a-217b084729c4
10,20,202601,237,293.15,SUDESTE,pld_horario,3059,3f279d6b-1069-42f7-9b0a-217b084729c4
10,20,202601,237,293.15,SUL,pld_horario,3060,3f279d6b-1069-42f7-9b0a-217b084729c4
10,21,202601,238,264.65,NORDESTE,pld_horario,3061,3f279d6b-1069-42f7-9b0a-217b084729c4
10,21,202601,238,264.66,NORTE,pld_horario,3062,3f279d6b-1069-42f7-9b0a-217b084729c4
10,21,202601,238,290.27,SUDESTE,pld_horario,3063,3f279d6b-1069-42f7-9b0a-217b084729c4
10,21,202601,238,290.27,SUL,pld_horario,3064,3f279d6b-1069-42f7-9b0a-217b084729c4
10,22,202601,239,276.37,NORDESTE,pld_horario,3065,3f279d6b-1069-42f7-9b0a-217b084729c4
10,22,202601,239,276.38,NORTE,pld_horario,3066,3f279d6b-1069-42f7-9b0a-217b084729c4
10,22,202601,239,287.77,SUDESTE,pld_horario,3067,3f279d6b-1069-42f7-9b0a-217b084729c4
10,22,202601,239,287.77,SUL,pld_horario,3068,3f279d6b-1069-42f7-9b0a-217b084729c4
10,23,202601,240,273.39,NORDESTE,pld_horario,3069,3f279d6b-1069-42f7-9b0a-217b084729c4
10,23,202601,240,273.4,NORTE,pld_horario,3070,3f279d6b-1069-42f7-9b0a-217b084729c4
10,23,202601,240,284.68,SUDESTE,pld_horario,3071,3f279d6b-1069-42f7-9b0a-217b084729c4
10,23,202601,240,284.68,SUL,pld_horario,3072,3f279d6b-1069-42f7-9b0a-217b084729c4
9,0,202601,193,163.41,NORDESTE,pld_horario,3073,3f279d6b-1069-42f7-9b0a-217b084729c4
9,0,202601,193,163.42,NORTE,pld_horario,3074,3f279d6b-1069-42f7-9b0a-217b084729c4
9,0,202601,193,163.42,SUDESTE,pld_horario,3075,3f279d6b-1069-42f7-9b0a-217b084729c4
9,0,202601,193,163.42,SUL,pld_horario,3076,3f279d6b-1069-42f7-9b0a-217b084729c4
9,1,202601,194,159.64,NORDESTE,pld_horario,3077,3f279d6b-1069-42f7-9b0a-217b084729c4
9,1,202601,194,159.65,NORTE,pld_horario,3078,3f279d6b-1069-42f7-9b0a-217b084729c4
9,1,202601,194,159.65,SUDESTE,pld_horario,3079,3f279d6b-1069-42f7-9b0a-217b084729c4
9,1,202601,194,159.66,SUL,pld_horario,3080,3f279d6b-1069-42f7-9b0a-217b084729c4
9,2,202601,195,157.91,NORDESTE,pld_horario,3081,3f279d6b-1069-42f7-9b0a-217b084729c4
9,2,202601,195,157.92,NORTE,pld_horario,3082,3f279d6b-1069-42f7-9b0a-217b084729c4
9,2,202601,195,157.92,SUDESTE,pld_horario,3083,3f279d6b-1069-42f7-9b0a-217b084729c4
9,2,202601,195,157.93,SUL,pld_horario,3084,3f279d6b-1069-42f7-9b0a-217b084729c4
9,3,202601,196,156.76,NORDESTE,pld_horario,3085,3f279d6b-1069-42f7-9b0a-217b084729c4
9,3,202601,196,156.77,NORTE,pld_horario,3086,3f279d6b-1069-42f7-9b0a-217b084729c4
9,3,202601,196,156.77,SUDESTE,pld_horario,3087,3f279d6b-1069-42f7-9b0a-217b084729c4
9,3,202601,196,156.77,SUL,pld_horario,3088,3f279d6b-1069-42f7-9b0a-217b084729c4
9,4,202601,197,157.29,NORDESTE,pld_horario,3089,3f279d6b-1069-42f7-9b0a-217b084729c4
9,4,202601,197,157.3,NORTE,pld_horario,3090,3f279d6b-1069-42f7-9b0a-217b084729c4
9,4,202601,197,157.3,SUDESTE,pld_horario,3091,3f279d6b-1069-42f7-9b0a-217b084729c4
9,4,202601,197,157.3,SUL,pld_horario,3092,3f279d6b-1069-42f7-9b0a-217b084729c4
9,5,202601,198,158.12,NORDESTE,pld_horario,3093,3f279d6b-1069-42f7-9b0a-217b084729c4
9,5,202601,198,158.12,NORTE,pld_horario,3094,3f279d6b-1069-42f7-9b0a-217b084729c4
9,5,202601,198,158.13,SUDESTE,pld_horario,3095,3f279d6b-1069-42f7-9b0a-217b084729c4
9,5,202601,198,158.13,SUL,pld_horario,3096,3f279d6b-1069-42f7-9b0a-217b084729c4
9,6,202601,199,156.21,NORDESTE,pld_horario,3097,3f279d6b-1069-42f7-9b0a-217b084729c4
9,6,202601,199,156.21,NORTE,pld_horario,3098,3f279d6b-1069-42f7-9b0a-217b084729c4
9,6,202601,199,156.21,SUDESTE,pld_horario,3099,3f279d6b-1069-42f7-9b0a-217b084729c4
9,6,202601,199,156.22,SUL,pld_horario,3100,3f279d6b-1069-42f7-9b0a-217b084729c4
9,7,202601,200,154.76,NORDESTE,pld_horario,3101,3f279d6b-1069-42f7-9b0a-217b084729c4
9,7,202601,200,154.77,NORTE,pld_horario,3102,3f279d6b-1069-42f7-9b0a-217b084729c4
9,7,202601,200,154.77,SUDESTE,pld_horario,3103,3f279d6b-1069-42f7-9b0a-217b084729c4
9,7,202601,200,154.78,SUL,pld_horario,3104,3f279d6b-1069-42f7-9b0a-217b084729c4
9,8,202601,201,154.72,NORDESTE,pld_horario,3105,3f279d6b-1069-42f7-9b0a-217b084729c4
9,8,202601,201,154.73,NORTE,pld_horario,3106,3f279d6b-1069-42f7-9b0a-217b084729c4
9,8,202601,201,154.73,SUDESTE,pld_horario,3107,3f279d6b-1069-42f7-9b0a-217b084729c4
9,8,202601,201,154.74,SUL,pld_horario,3108,3f279d6b-1069-42f7-9b0a-217b084729c4
9,9,202601,202,154.68,NORDESTE,pld_horario,3109,3f279d6b-1069-42f7-9b0a-217b084729c4
9,9,202601,202,154.69,NORTE,pld_horario,3110,3f279d6b-1069-42f7-9b0a-217b084729c4
9,9,202601,202,154.69,SUDESTE,pld_horario,3111,3f279d6b-1069-42f7-9b0a-217b084729c4
9,9,202601,202,154.7,SUL,pld_horario,3112,3f279d6b-1069-42f7-9b0a-217b084729c4
9,10,202601,203,154.65,NORDESTE,pld_horario,3113,3f279d6b-1069-42f7-9b0a-217b084729c4
9,10,202601,203,154.66,NORTE,pld_horario,3114,3f279d6b-1069-42f7-9b0a-217b084729c4
9,10,202601,203,154.66,SUDESTE,pld_horario,3115,3f279d6b-1069-42f7-9b0a-217b084729c4
9,10,202601,203,154.67,SUL,pld_horario,3116,3f279d6b-1069-42f7-9b0a-217b084729c4
9,11,202601,204,154.61,NORDESTE,pld_horario,3117,3f279d6b-1069-42f7-9b0a-217b084729c4
9,11,202601,204,154.62,NORTE,pld_horario,3118,3f279d6b-1069-42f7-9b0a-217b084729c4
9,11,202601,204,154.62,SUDESTE,pld_horario,3119,3f279d6b-1069-42f7-9b0a-217b084729c4
9,11,202601,204,154.63,SUL,pld_horario,3120,3f279d6b-1069-42f7-9b0a-217b084729c4
9,12,202601,205,153.08,NORDESTE,pld_horario,3121,3f279d6b-1069-42f7-9b0a-217b084729c4
9,12,202601,205,153.09,NORTE,pld_horario,3122,3f279d6b-1069-42f7-9b0a-217b084729c4
9,12,202601,205,153.09,SUDESTE,pld_horario,3123,3f279d6b-1069-42f7-9b0a-217b084729c4
9,12,202601,205,153.1,SUL,pld_horario,3124,3f279d6b-1069-42f7-9b0a-217b084729c4
9,13,202601,206,154.16,NORDESTE,pld_horario,3125,3f279d6b-1069-42f7-9b0a-217b084729c4
9,13,202601,206,154.16,NORTE,pld_horario,3126,3f279d6b-1069-42f7-9b0a-217b084729c4
9,13,202601,206,154.16,SUDESTE,pld_horario,3127,3f279d6b-1069-42f7-9b0a-217b084729c4
9,13,202601,206,154.21,SUL,pld_horario,3128,3f279d6b-1069-42f7-9b0a-217b084729c4
9,14,202601,207,156.19,NORDESTE,pld_horario,3129,3f279d6b-1069-42f7-9b0a-217b084729c4
9,14,202601,207,156.2,NORTE,pld_horario,3130,3f279d6b-1069-42f7-9b0a-217b084729c4
9,14,202601,207,156.2,SUDESTE,pld_horario,3131,3f279d6b-1069-42f7-9b0a-217b084729c4
9,14,202601,207,156.21,SUL,pld_horario,3132,3f279d6b-1069-42f7-9b0a-217b084729c4
9,15,202601,208,158.61,NORDESTE,pld_horario,3133,3f279d6b-1069-42f7-9b0a-217b084729c4
9,15,202601,208,158.61,NORTE,pld_horario,3134,3f279d6b-1069-42f7-9b0a-217b084729c4
9,15,202601,208,158.62,SUDESTE,pld_horario,3135,3f279d6b-1069-42f7-9b0a-217b084729c4
9,15,202601,208,158.62,SUL,pld_horario,3136,3f279d6b-1069-42f7-9b0a-217b084729c4
9,16,202601,209,160.58,NORDESTE,pld_horario,3137,3f279d6b-1069-42f7-9b0a-217b084729c4
9,16,202601,209,160.59,NORTE,pld_horario,3138,3f279d6b-1069-42f7-9b0a-217b084729c4
9,16,202601,209,160.65,SUDESTE,pld_horario,3139,3f279d6b-1069-42f7-9b0a-217b084729c4
9,16,202601,209,160.65,SUL,pld_horario,3140,3f279d6b-1069-42f7-9b0a-217b084729c4
9,17,202601,210,160.49,NORDESTE,pld_horario,3141,3f279d6b-1069-42f7-9b0a-217b084729c4
9,17,202601,210,160.5,NORTE,pld_horario,3142,3f279d6b-1069-42f7-9b0a-217b084729c4
9,17,202601,210,162.97,SUDESTE,pld_horario,3143,3f279d6b-1069-42f7-9b0a-217b084729c4
9,17,202601,210,162.97,SUL,pld_horario,3144,3f279d6b-1069-42f7-9b0a-217b084729c4
9,18,202601,211,159.75,NORDESTE,pld_horario,3145,3f279d6b-1069-42f7-9b0a-217b084729c4
9,18,202601,211,159.76,NORTE,pld_horario,3146,3f279d6b-1069-42f7-9b0a-217b084729c4
9,18,202601,211,165.27,SUDESTE,pld_horario,3147,3f279d6b-1069-42f7-9b0a-217b084729c4
9,18,202601,211,165.27,SUL,pld_horario,3148,3f279d6b-1069-42f7-9b0a-217b084729c4
9,19,202601,212,159.07,NORDESTE,pld_horario,3149,3f279d6b-1069-42f7-9b0a-217b084729c4
9,19,202601,212,159.08,NORTE,pld_horario,3150,3f279d6b-1069-42f7-9b0a-217b084729c4
9,19,202601,212,167.78,SUDESTE,pld_horario,3151,3f279d6b-1069-42f7-9b0a-217b084729c4
9,19,202601,212,167.78,SUL,pld_horario,3152,3f279d6b-1069-42f7-9b0a-217b084729c4
9,20,202601,213,158.84,NORDESTE,pld_horario,3153,3f279d6b-1069-42f7-9b0a-217b084729c4
9,20,202601,213,158.85,NORTE,pld_horario,3154,3f279d6b-1069-42f7-9b0a-217b084729c4
9,20,202601,213,167.32,SUDESTE,pld_horario,3155,3f279d6b-1069-42f7-9b0a-217b084729c4
9,20,202601,213,167.32,SUL,pld_horario,3156,3f279d6b-1069-42f7-9b0a-217b084729c4
9,21,202601,214,158.77,NORDESTE,pld_horario,3157,3f279d6b-1069-42f7-9b0a-217b084729c4
9,21,202601,214,158.78,NORTE,pld_horario,3158,3f279d6b-1069-42f7-9b0a-217b084729c4
9,21,202601,214,166.55,SUDESTE,pld_horario,3159,3f279d6b-1069-42f7-9b0a-217b084729c4
9,21,202601,214,166.55,SUL,pld_horario,3160,3f279d6b-1069-42f7-9b0a-217b084729c4
9,22,202601,215,158.78,NORDESTE,pld_horario,3161,3f279d6b-1069-42f7-9b0a-217b084729c4
9,22,202601,215,158.79,NORTE,pld_horario,3162,3f279d6b-1069-42f7-9b0a-217b084729c4
9,22,202601,215,165.47,SUDESTE,pld_horario,3163,3f279d6b-1069-42f7-9b0a-217b084729c4
9,22,202601,215,165.47,SUL,pld_horario,3164,3f279d6b-1069-42f7-9b0a-217b084729c4
9,23,202601,216,158.75,NORDESTE,pld_horario,3165,3f279d6b-1069-42f7-9b0a-217b084729c4
9,23,202601,216,158.76,NORTE,pld_horario,3166,3f279d6b-1069-42f7-9b0a-217b084729c4
9,23,202601,216,162.63,SUDESTE,pld_horario,3167,3f279d6b-1069-42f7-9b0a-217b084729c4
9,23,202601,216,162.64,SUL,pld_horario,3168,3f279d6b-1069-42f7-9b0a-217b084729c4
8,0,202601,169,163.2,NORDESTE,pld_horario,3169,3f279d6b-1069-42f7-9b0a-217b084729c4
8,0,202601,169,163.21,NORTE,pld_horario,3170,3f279d6b-1069-42f7-9b0a-217b084729c4
8,0,202601,169,163.21,SUDESTE,pld_horario,3171,3f279d6b-1069-42f7-9b0a-217b084729c4
8,0,202601,169,163.21,SUL,pld_horario,3172,3f279d6b-1069-42f7-9b0a-217b084729c4
8,1,202601,170,160.17,NORDESTE,pld_horario,3173,3f279d6b-1069-42f7-9b0a-217b084729c4
8,1,202601,170,160.17,NORTE,pld_horario,3174,3f279d6b-1069-42f7-9b0a-217b084729c4
8,1,202601,170,160.17,SUDESTE,pld_horario,3175,3f279d6b-1069-42f7-9b0a-217b084729c4
8,1,202601,170,160.18,SUL,pld_horario,3176,3f279d6b-1069-42f7-9b0a-217b084729c4
8,2,202601,171,158.9,NORDESTE,pld_horario,3177,3f279d6b-1069-42f7-9b0a-217b084729c4
8,2,202601,171,158.91,NORTE,pld_horario,3178,3f279d6b-1069-42f7-9b0a-217b084729c4
8,2,202601,171,158.91,SUDESTE,pld_horario,3179,3f279d6b-1069-42f7-9b0a-217b084729c4
8,2,202601,171,158.91,SUL,pld_horario,3180,3f279d6b-1069-42f7-9b0a-217b084729c4
8,3,202601,172,158.67,NORDESTE,pld_horario,3181,3f279d6b-1069-42f7-9b0a-217b084729c4
8,3,202601,172,158.68,NORTE,pld_horario,3182,3f279d6b-1069-42f7-9b0a-217b084729c4
8,3,202601,172,158.68,SUDESTE,pld_horario,3183,3f279d6b-1069-42f7-9b0a-217b084729c4
8,3,202601,172,158.68,SUL,pld_horario,3184,3f279d6b-1069-42f7-9b0a-217b084729c4
8,4,202601,173,158.95,NORDESTE,pld_horario,3185,3f279d6b-1069-42f7-9b0a-217b084729c4
8,4,202601,173,158.96,NORTE,pld_horario,3186,3f279d6b-1069-42f7-9b0a-217b084729c4
8,4,202601,173,158.96,SUDESTE,pld_horario,3187,3f279d6b-1069-42f7-9b0a-217b084729c4
8,4,202601,173,158.96,SUL,pld_horario,3188,3f279d6b-1069-42f7-9b0a-217b084729c4
8,5,202601,174,159.5,NORDESTE,pld_horario,3189,3f279d6b-1069-42f7-9b0a-217b084729c4
8,5,202601,174,159.5,NORTE,pld_horario,3190,3f279d6b-1069-42f7-9b0a-217b084729c4
8,5,202601,174,159.5,SUDESTE,pld_horario,3191,3f279d6b-1069-42f7-9b0a-217b084729c4
8,5,202601,174,159.5,SUL,pld_horario,3192,3f279d6b-1069-42f7-9b0a-217b084729c4
8,6,202601,175,158.31,NORDESTE,pld_horario,3193,3f279d6b-1069-42f7-9b0a-217b084729c4
8,6,202601,175,158.32,NORTE,pld_horario,3194,3f279d6b-1069-42f7-9b0a-217b084729c4
8,6,202601,175,158.32,SUDESTE,pld_horario,3195,3f279d6b-1069-42f7-9b0a-217b084729c4
8,6,202601,175,158.32,SUL,pld_horario,3196,3f279d6b-1069-42f7-9b0a-217b084729c4
8,7,202601,176,156.16,NORDESTE,pld_horario,3197,3f279d6b-1069-42f7-9b0a-217b084729c4
8,7,202601,176,156.17,NORTE,pld_horario,3198,3f279d6b-1069-42f7-9b0a-217b084729c4
8,7,202601,176,156.17,SUDESTE,pld_horario,3199,3f279d6b-1069-42f7-9b0a-217b084729c4
8,7,202601,176,156.18,SUL,pld_horario,3200,3f279d6b-1069-42f7-9b0a-217b084729c4
8,8,202601,177,155.26,NORDESTE,pld_horario,3201,3f279d6b-1069-42f7-9b0a-217b084729c4
8,8,202601,177,155.27,NORTE,pld_horario,3202,3f279d6b-1069-42f7-9b0a-217b084729c4
8,8,202601,177,155.27,SUDESTE,pld_horario,3203,3f279d6b-1069-42f7-9b0a-217b084729c4
8,8,202601,177,155.28,SUL,pld_horario,3204,3f279d6b-1069-42f7-9b0a-217b084729c4
8,9,202601,178,151.0,NORDESTE,pld_horario,3205,3f279d6b-1069-42f7-9b0a-217b084729c4
8,9,202601,178,151.01,NORTE,pld_horario,3206,3f279d6b-1069-42f7-9b0a-217b084729c4
8,9,202601,178,151.0,SUDESTE,pld_horario,3207,3f279d6b-1069-42f7-9b0a-217b084729c4
8,9,202601,178,151.01,SUL,pld_horario,3208,3f279d6b-1069-42f7-9b0a-217b084729c4
8,10,202601,179,149.29,NORDESTE,pld_horario,3209,3f279d6b-1069-42f7-9b0a-217b084729c4
8,10,202601,179,149.3,NORTE,pld_horario,3210,3f279d6b-1069-42f7-9b0a-217b084729c4
8,10,202601,179,149.3,SUDESTE,pld_horario,3211,3f279d6b-1069-42f7-9b0a-217b084729c4
8,10,202601,179,149.31,SUL,pld_horario,3212,3f279d6b-1069-42f7-9b0a-217b084729c4
8,11,202601,180,146.74,NORDESTE,pld_horario,3213,3f279d6b-1069-42f7-9b0a-217b084729c4
8,11,202601,180,146.75,NORTE,pld_horario,3214,3f279d6b-1069-42f7-9b0a-217b084729c4
8,11,202601,180,146.74,SUDESTE,pld_horario,3215,3f279d6b-1069-42f7-9b0a-217b084729c4
8,11,202601,180,146.75,SUL,pld_horario,3216,3f279d6b-1069-42f7-9b0a-217b084729c4
8,12,202601,181,139.23,NORDESTE,pld_horario,3217,3f279d6b-1069-42f7-9b0a-217b084729c4
8,12,202601,181,139.24,NORTE,pld_horario,3218,3f279d6b-1069-42f7-9b0a-217b084729c4
8,12,202601,181,139.24,SUDESTE,pld_horario,3219,3f279d6b-1069-42f7-9b0a-217b084729c4
8,12,202601,181,139.24,SUL,pld_horario,3220,3f279d6b-1069-42f7-9b0a-217b084729c4
8,13,202601,182,153.65,NORDESTE,pld_horario,3221,3f279d6b-1069-42f7-9b0a-217b084729c4
8,13,202601,182,153.65,NORTE,pld_horario,3222,3f279d6b-1069-42f7-9b0a-217b084729c4
8,13,202601,182,153.65,SUDESTE,pld_horario,3223,3f279d6b-1069-42f7-9b0a-217b084729c4
8,13,202601,182,153.66,SUL,pld_horario,3224,3f279d6b-1069-42f7-9b0a-217b084729c4
8,14,202601,183,156.55,NORDESTE,pld_horario,3225,3f279d6b-1069-42f7-9b0a-217b084729c4
8,14,202601,183,156.56,NORTE,pld_horario,3226,3f279d6b-1069-42f7-9b0a-217b084729c4
8,14,202601,183,156.56,SUDESTE,pld_horario,3227,3f279d6b-1069-42f7-9b0a-217b084729c4
8,14,202601,183,156.57,SUL,pld_horario,3228,3f279d6b-1069-42f7-9b0a-217b084729c4
8,15,202601,184,159.29,NORDESTE,pld_horario,3229,3f279d6b-1069-42f7-9b0a-217b084729c4
8,15,202601,184,159.29,NORTE,pld_horario,3230,3f279d6b-1069-42f7-9b0a-217b084729c4
8,15,202601,184,159.29,SUDESTE,pld_horario,3231,3f279d6b-1069-42f7-9b0a-217b084729c4
8,15,202601,184,159.3,SUL,pld_horario,3232,3f279d6b-1069-42f7-9b0a-217b084729c4
8,16,202601,185,162.19,NORDESTE,pld_horario,3233,3f279d6b-1069-42f7-9b0a-217b084729c4
8,16,202601,185,162.2,NORTE,pld_horario,3234,3f279d6b-1069-42f7-9b0a-217b084729c4
8,16,202601,185,162.2,SUDESTE,pld_horario,3235,3f279d6b-1069-42f7-9b0a-217b084729c4
8,16,202601,185,162.2,SUL,pld_horario,3236,3f279d6b-1069-42f7-9b0a-217b084729c4
8,17,202601,186,164.01,NORDESTE,pld_horario,3237,3f279d6b-1069-42f7-9b0a-217b084729c4
8,17,202601,186,164.01,NORTE,pld_horario,3238,3f279d6b-1069-42f7-9b0a-217b084729c4
8,17,202601,186,164.01,SUDESTE,pld_horario,3239,3f279d6b-1069-42f7-9b0a-217b084729c4
8,17,202601,186,164.01,SUL,pld_horario,3240,3f279d6b-1069-42f7-9b0a-217b084729c4
8,18,202601,187,165.49,NORDESTE,pld_horario,3241,3f279d6b-1069-42f7-9b0a-217b084729c4
8,18,202601,187,165.5,NORTE,pld_horario,3242,3f279d6b-1069-42f7-9b0a-217b084729c4
8,18,202601,187,165.5,SUDESTE,pld_horario,3243,3f279d6b-1069-42f7-9b0a-217b084729c4
8,18,202601,187,165.5,SUL,pld_horario,3244,3f279d6b-1069-42f7-9b0a-217b084729c4
8,19,202601,188,164.7,NORDESTE,pld_horario,3245,3f279d6b-1069-42f7-9b0a-217b084729c4
8,19,202601,188,164.7,NORTE,pld_horario,3246,3f279d6b-1069-42f7-9b0a-217b084729c4
8,19,202601,188,168.11,SUDESTE,pld_horario,3247,3f279d6b-1069-42f7-9b0a-217b084729c4
8,19,202601,188,168.11,SUL,pld_horario,3248,3f279d6b-1069-42f7-9b0a-217b084729c4
8,20,202601,189,163.28,NORDESTE,pld_horario,3249,3f279d6b-1069-42f7-9b0a-217b084729c4
8,20,202601,189,163.28,NORTE,pld_horario,3250,3f279d6b-1069-42f7-9b0a-217b084729c4
8,20,202601,189,169.83,SUDESTE,pld_horario,3251,3f279d6b-1069-42f7-9b0a-217b084729c4
8,20,202601,189,169.83,SUL,pld_horario,3252,3f279d6b-1069-42f7-9b0a-217b084729c4
8,21,202601,190,161.26,NORDESTE,pld_horario,3253,3f279d6b-1069-42f7-9b0a-217b084729c4
8,21,202601,190,161.27,NORTE,pld_horario,3254,3f279d6b-1069-42f7-9b0a-217b084729c4
8,21,202601,190,166.91,SUDESTE,pld_horario,3255,3f279d6b-1069-42f7-9b0a-217b084729c4
8,21,202601,190,166.91,SUL,pld_horario,3256,3f279d6b-1069-42f7-9b0a-217b084729c4
8,22,202601,191,161.13,NORDESTE,pld_horario,3257,3f279d6b-1069-42f7-9b0a-217b084729c4
8,22,202601,191,161.14,NORTE,pld_horario,3258,3f279d6b-1069-42f7-9b0a-217b084729c4
8,22,202601,191,165.19,SUDESTE,pld_horario,3259,3f279d6b-1069-42f7-9b0a-217b084729c4
8,22,202601,191,165.19,SUL,pld_horario,3260,3f279d6b-1069-42f7-9b0a-217b084729c4
8,23,202601,192,160.5,NORDESTE,pld_horario,3261,3f279d6b-1069-42f7-9b0a-217b084729c4
8,23,202601,192,160.51,NORTE,pld_horario,3262,3f279d6b-1069-42f7-9b0a-217b084729c4
8,23,202601,192,163.37,SUDESTE,pld_horario,3263,3f279d6b-1069-42f7-9b0a-217b084729c4
8,23,202601,192,163.37,SUL,pld_horario,3264,3f279d6b-1069-42f7-9b0a-217b084729c4
7,0,202601,145,161.82,NORDESTE,pld_horario,3265,3f279d6b-1069-42f7-9b0a-217b084729c4
7,0,202601,145,161.82,NORTE,pld_horario,3266,3f279d6b-1069-42f7-9b0a-217b084729c4
7,0,202601,145,161.82,SUDESTE,pld_horario,3267,3f279d6b-1069-42f7-9b0a-217b084729c4
7,0,202601,145,161.82,SUL,pld_horario,3268,3f279d6b-1069-42f7-9b0a-217b084729c4
7,1,202601,146,159.68,NORDESTE,pld_horario,3269,3f279d6b-1069-42f7-9b0a-217b084729c4
7,1,202601,146,159.68,NORTE,pld_horario,3270,3f279d6b-1069-42f7-9b0a-217b084729c4
7,1,202601,146,159.68,SUDESTE,pld_horario,3271,3f279d6b-1069-42f7-9b0a-217b084729c4
7,1,202601,146,159.69,SUL,pld_horario,3272,3f279d6b-1069-42f7-9b0a-217b084729c4
7,2,202601,147,158.4,NORDESTE,pld_horario,3273,3f279d6b-1069-42f7-9b0a-217b084729c4
7,2,202601,147,158.4,NORTE,pld_horario,3274,3f279d6b-1069-42f7-9b0a-217b084729c4
7,2,202601,147,158.4,SUDESTE,pld_horario,3275,3f279d6b-1069-42f7-9b0a-217b084729c4
7,2,202601,147,158.41,SUL,pld_horario,3276,3f279d6b-1069-42f7-9b0a-217b084729c4
7,3,202601,148,157.62,NORDESTE,pld_horario,3277,3f279d6b-1069-42f7-9b0a-217b084729c4
7,3,202601,148,157.62,NORTE,pld_horario,3278,3f279d6b-1069-42f7-9b0a-217b084729c4
7,3,202601,148,157.62,SUDESTE,pld_horario,3279,3f279d6b-1069-42f7-9b0a-217b084729c4
7,3,202601,148,157.63,SUL,pld_horario,3280,3f279d6b-1069-42f7-9b0a-217b084729c4
7,4,202601,149,157.62,NORDESTE,pld_horario,3281,3f279d6b-1069-42f7-9b0a-217b084729c4
7,4,202601,149,157.63,NORTE,pld_horario,3282,3f279d6b-1069-42f7-9b0a-217b084729c4
7,4,202601,149,157.63,SUDESTE,pld_horario,3283,3f279d6b-1069-42f7-9b0a-217b084729c4
7,4,202601,149,157.63,SUL,pld_horario,3284,3f279d6b-1069-42f7-9b0a-217b084729c4
7,5,202601,150,158.31,NORDESTE,pld_horario,3285,3f279d6b-1069-42f7-9b0a-217b084729c4
7,5,202601,150,158.32,NORTE,pld_horario,3286,3f279d6b-1069-42f7-9b0a-217b084729c4
7,5,202601,150,158.32,SUDESTE,pld_horario,3287,3f279d6b-1069-42f7-9b0a-217b084729c4
7,5,202601,150,158.32,SUL,pld_horario,3288,3f279d6b-1069-42f7-9b0a-217b084729c4
7,6,202601,151,156.85,NORDESTE,pld_horario,3289,3f279d6b-1069-42f7-9b0a-217b084729c4
7,6,202601,151,156.86,NORTE,pld_horario,3290,3f279d6b-1069-42f7-9b0a-217b084729c4
7,6,202601,151,156.86,SUDESTE,pld_horario,3291,3f279d6b-1069-42f7-9b0a-217b084729c4
7,6,202601,151,156.87,SUL,pld_horario,3292,3f279d6b-1069-42f7-9b0a-217b084729c4
7,7,202601,152,154.96,NORDESTE,pld_horario,3293,3f279d6b-1069-42f7-9b0a-217b084729c4
7,7,202601,152,154.97,NORTE,pld_horario,3294,3f279d6b-1069-42f7-9b0a-217b084729c4
7,7,202601,152,154.97,SUDESTE,pld_horario,3295,3f279d6b-1069-42f7-9b0a-217b084729c4
7,7,202601,152,154.97,SUL,pld_horario,3296,3f279d6b-1069-42f7-9b0a-217b084729c4
7,8,202601,153,149.23,NORDESTE,pld_horario,3297,3f279d6b-1069-42f7-9b0a-217b084729c4
7,8,202601,153,149.23,NORTE,pld_horario,3298,3f279d6b-1069-42f7-9b0a-217b084729c4
7,8,202601,153,149.23,SUDESTE,pld_horario,3299,3f279d6b-1069-42f7-9b0a-217b084729c4
7,8,202601,153,149.24,SUL,pld_horario,3300,3f279d6b-1069-42f7-9b0a-217b084729c4
7,9,202601,154,146.51,NORDESTE,pld_horario,3301,3f279d6b-1069-42f7-9b0a-217b084729c4
7,9,202601,154,146.52,NORTE,pld_horario,3302,3f279d6b-1069-42f7-9b0a-217b084729c4
7,9,202601,154,146.52,SUDESTE,pld_horario,3303,3f279d6b-1069-42f7-9b0a-217b084729c4
7,9,202601,154,146.53,SUL,pld_horario,3304,3f279d6b-1069-42f7-9b0a-217b084729c4
7,10,202601,155,147.1,NORDESTE,pld_horario,3305,3f279d6b-1069-42f7-9b0a-217b084729c4
7,10,202601,155,147.11,NORTE,pld_horario,3306,3f279d6b-1069-42f7-9b0a-217b084729c4
7,10,202601,155,147.11,SUDESTE,pld_horario,3307,3f279d6b-1069-42f7-9b0a-217b084729c4
7,10,202601,155,147.12,SUL,pld_horario,3308,3f279d6b-1069-42f7-9b0a-217b084729c4
7,11,202601,156,148.88,NORDESTE,pld_horario,3309,3f279d6b-1069-42f7-9b0a-217b084729c4
7,11,202601,156,148.89,NORTE,pld_horario,3310,3f279d6b-1069-42f7-9b0a-217b084729c4
7,11,202601,156,148.89,SUDESTE,pld_horario,3311,3f279d6b-1069-42f7-9b0a-217b084729c4
7,11,202601,156,148.9,SUL,pld_horario,3312,3f279d6b-1069-42f7-9b0a-217b084729c4
7,12,202601,157,143.45,NORDESTE,pld_horario,3313,3f279d6b-1069-42f7-9b0a-217b084729c4
7,12,202601,157,143.46,NORTE,pld_horario,3314,3f279d6b-1069-42f7-9b0a-217b084729c4
7,12,202601,157,143.46,SUDESTE,pld_horario,3315,3f279d6b-1069-42f7-9b0a-217b084729c4
7,12,202601,157,143.46,SUL,pld_horario,3316,3f279d6b-1069-42f7-9b0a-217b084729c4
7,13,202601,158,153.61,NORDESTE,pld_horario,3317,3f279d6b-1069-42f7-9b0a-217b084729c4
7,13,202601,158,153.62,NORTE,pld_horario,3318,3f279d6b-1069-42f7-9b0a-217b084729c4
7,13,202601,158,153.61,SUDESTE,pld_horario,3319,3f279d6b-1069-42f7-9b0a-217b084729c4
7,13,202601,158,153.62,SUL,pld_horario,3320,3f279d6b-1069-42f7-9b0a-217b084729c4
7,14,202601,159,155.6,NORDESTE,pld_horario,3321,3f279d6b-1069-42f7-9b0a-217b084729c4
7,14,202601,159,155.61,NORTE,pld_horario,3322,3f279d6b-1069-42f7-9b0a-217b084729c4
7,14,202601,159,155.61,SUDESTE,pld_horario,3323,3f279d6b-1069-42f7-9b0a-217b084729c4
7,14,202601,159,155.61,SUL,pld_horario,3324,3f279d6b-1069-42f7-9b0a-217b084729c4
7,15,202601,160,158.78,NORDESTE,pld_horario,3325,3f279d6b-1069-42f7-9b0a-217b084729c4
7,15,202601,160,158.78,NORTE,pld_horario,3326,3f279d6b-1069-42f7-9b0a-217b084729c4
7,15,202601,160,158.78,SUDESTE,pld_horario,3327,3f279d6b-1069-42f7-9b0a-217b084729c4
7,15,202601,160,158.79,SUL,pld_horario,3328,3f279d6b-1069-42f7-9b0a-217b084729c4
7,16,202601,161,161.0,NORDESTE,pld_horario,3329,3f279d6b-1069-42f7-9b0a-217b084729c4
7,16,202601,161,161.01,NORTE,pld_horario,3330,3f279d6b-1069-42f7-9b0a-217b084729c4
7,16,202601,161,161.01,SUDESTE,pld_horario,3331,3f279d6b-1069-42f7-9b0a-217b084729c4
7,16,202601,161,161.01,SUL,pld_horario,3332,3f279d6b-1069-42f7-9b0a-217b084729c4
7,17,202601,162,162.46,NORDESTE,pld_horario,3333,3f279d6b-1069-42f7-9b0a-217b084729c4
7,17,202601,162,162.46,NORTE,pld_horario,3334,3f279d6b-1069-42f7-9b0a-217b084729c4
7,17,202601,162,162.46,SUDESTE,pld_horario,3335,3f279d6b-1069-42f7-9b0a-217b084729c4
7,17,202601,162,162.46,SUL,pld_horario,3336,3f279d6b-1069-42f7-9b0a-217b084729c4
7,18,202601,163,162.68,NORDESTE,pld_horario,3337,3f279d6b-1069-42f7-9b0a-217b084729c4
7,18,202601,163,162.69,NORTE,pld_horario,3338,3f279d6b-1069-42f7-9b0a-217b084729c4
7,18,202601,163,162.69,SUDESTE,pld_horario,3339,3f279d6b-1069-42f7-9b0a-217b084729c4
7,18,202601,163,162.69,SUL,pld_horario,3340,3f279d6b-1069-42f7-9b0a-217b084729c4
7,19,202601,164,162.47,NORDESTE,pld_horario,3341,3f279d6b-1069-42f7-9b0a-217b084729c4
7,19,202601,164,162.48,NORTE,pld_horario,3342,3f279d6b-1069-42f7-9b0a-217b084729c4
7,19,202601,164,163.73,SUDESTE,pld_horario,3343,3f279d6b-1069-42f7-9b0a-217b084729c4
7,19,202601,164,163.73,SUL,pld_horario,3344,3f279d6b-1069-42f7-9b0a-217b084729c4
7,20,202601,165,162.12,NORDESTE,pld_horario,3345,3f279d6b-1069-42f7-9b0a-217b084729c4
7,20,202601,165,162.13,NORTE,pld_horario,3346,3f279d6b-1069-42f7-9b0a-217b084729c4
7,20,202601,165,163.8,SUDESTE,pld_horario,3347,3f279d6b-1069-42f7-9b0a-217b084729c4
7,20,202601,165,163.8,SUL,pld_horario,3348,3f279d6b-1069-42f7-9b0a-217b084729c4
7,21,202601,166,162.53,NORDESTE,pld_horario,3349,3f279d6b-1069-42f7-9b0a-217b084729c4
7,21,202601,166,162.54,NORTE,pld_horario,3350,3f279d6b-1069-42f7-9b0a-217b084729c4
7,21,202601,166,163.13,SUDESTE,pld_horario,3351,3f279d6b-1069-42f7-9b0a-217b084729c4
7,21,202601,166,163.13,SUL,pld_horario,3352,3f279d6b-1069-42f7-9b0a-217b084729c4
7,22,202601,167,162.35,NORDESTE,pld_horario,3353,3f279d6b-1069-42f7-9b0a-217b084729c4
7,22,202601,167,162.36,NORTE,pld_horario,3354,3f279d6b-1069-42f7-9b0a-217b084729c4
7,22,202601,167,162.4,SUDESTE,pld_horario,3355,3f279d6b-1069-42f7-9b0a-217b084729c4
7,22,202601,167,162.4,SUL,pld_horario,3356,3f279d6b-1069-42f7-9b0a-217b084729c4
7,23,202601,168,160.74,NORDESTE,pld_horario,3357,3f279d6b-1069-42f7-9b0a-217b084729c4
7,23,202601,168,160.75,NORTE,pld_horario,3358,3f279d6b-1069-42f7-9b0a-217b084729c4
7,23,202601,168,160.75,SUDESTE,pld_horario,3359,3f279d6b-1069-42f7-9b0a-217b084729c4
7,23,202601,168,160.75,SUL,pld_horario,3360,3f279d6b-1069-42f7-9b0a-217b084729c4
6,0,202601,121,163.86,NORDESTE,pld_horario,3361,3f279d6b-1069-42f7-9b0a-217b084729c4
6,0,202601,121,163.86,NORTE,pld_horario,3362,3f279d6b-1069-42f7-9b0a-217b084729c4
6,0,202601,121,163.86,SUDESTE,pld_horario,3363,3f279d6b-1069-42f7-9b0a-217b084729c4
6,0,202601,121,163.85,SUL,pld_horario,3364,3f279d6b-1069-42f7-9b0a-217b084729c4
6,1,202601,122,163.24,NORDESTE,pld_horario,3365,3f279d6b-1069-42f7-9b0a-217b084729c4
6,1,202601,122,163.24,NORTE,pld_horario,3366,3f279d6b-1069-42f7-9b0a-217b084729c4
6,1,202601,122,163.24,SUDESTE,pld_horario,3367,3f279d6b-1069-42f7-9b0a-217b084729c4
6,1,202601,122,163.23,SUL,pld_horario,3368,3f279d6b-1069-42f7-9b0a-217b084729c4
6,2,202601,123,162.35,NORDESTE,pld_horario,3369,3f279d6b-1069-42f7-9b0a-217b084729c4
6,2,202601,123,162.36,NORTE,pld_horario,3370,3f279d6b-1069-42f7-9b0a-217b084729c4
6,2,202601,123,162.36,SUDESTE,pld_horario,3371,3f279d6b-1069-42f7-9b0a-217b084729c4
6,2,202601,123,162.36,SUL,pld_horario,3372,3f279d6b-1069-42f7-9b0a-217b084729c4
6,3,202601,124,161.15,NORDESTE,pld_horario,3373,3f279d6b-1069-42f7-9b0a-217b084729c4
6,3,202601,124,161.15,NORTE,pld_horario,3374,3f279d6b-1069-42f7-9b0a-217b084729c4
6,3,202601,124,161.15,SUDESTE,pld_horario,3375,3f279d6b-1069-42f7-9b0a-217b084729c4
6,3,202601,124,161.15,SUL,pld_horario,3376,3f279d6b-1069-42f7-9b0a-217b084729c4
6,4,202601,125,161.1,NORDESTE,pld_horario,3377,3f279d6b-1069-42f7-9b0a-217b084729c4
6,4,202601,125,161.11,NORTE,pld_horario,3378,3f279d6b-1069-42f7-9b0a-217b084729c4
6,4,202601,125,161.11,SUDESTE,pld_horario,3379,3f279d6b-1069-42f7-9b0a-217b084729c4
6,4,202601,125,161.11,SUL,pld_horario,3380,3f279d6b-1069-42f7-9b0a-217b084729c4
6,5,202601,126,161.6,NORDESTE,pld_horario,3381,3f279d6b-1069-42f7-9b0a-217b084729c4
6,5,202601,126,161.6,NORTE,pld_horario,3382,3f279d6b-1069-42f7-9b0a-217b084729c4
6,5,202601,126,161.6,SUDESTE,pld_horario,3383,3f279d6b-1069-42f7-9b0a-217b084729c4
6,5,202601,126,161.6,SUL,pld_horario,3384,3f279d6b-1069-42f7-9b0a-217b084729c4
6,6,202601,127,160.35,NORDESTE,pld_horario,3385,3f279d6b-1069-42f7-9b0a-217b084729c4
6,6,202601,127,160.35,NORTE,pld_horario,3386,3f279d6b-1069-42f7-9b0a-217b084729c4
6,6,202601,127,160.35,SUDESTE,pld_horario,3387,3f279d6b-1069-42f7-9b0a-217b084729c4
6,6,202601,127,160.35,SUL,pld_horario,3388,3f279d6b-1069-42f7-9b0a-217b084729c4
6,7,202601,128,158.91,NORDESTE,pld_horario,3389,3f279d6b-1069-42f7-9b0a-217b084729c4
6,7,202601,128,158.92,NORTE,pld_horario,3390,3f279d6b-1069-42f7-9b0a-217b084729c4
6,7,202601,128,158.91,SUDESTE,pld_horario,3391,3f279d6b-1069-42f7-9b0a-217b084729c4
6,7,202601,128,158.91,SUL,pld_horario,3392,3f279d6b-1069-42f7-9b0a-217b084729c4
6,8,202601,129,158.15,NORDESTE,pld_horario,3393,3f279d6b-1069-42f7-9b0a-217b084729c4
6,8,202601,129,158.16,NORTE,pld_horario,3394,3f279d6b-1069-42f7-9b0a-217b084729c4
6,8,202601,129,158.16,SUDESTE,pld_horario,3395,3f279d6b-1069-42f7-9b0a-217b084729c4
6,8,202601,129,158.16,SUL,pld_horario,3396,3f279d6b-1069-42f7-9b0a-217b084729c4
6,9,202601,130,157.73,NORDESTE,pld_horario,3397,3f279d6b-1069-42f7-9b0a-217b084729c4
6,9,202601,130,157.74,NORTE,pld_horario,3398,3f279d6b-1069-42f7-9b0a-217b084729c4
6,9,202601,130,157.73,SUDESTE,pld_horario,3399,3f279d6b-1069-42f7-9b0a-217b084729c4
6,9,202601,130,157.74,SUL,pld_horario,3400,3f279d6b-1069-42f7-9b0a-217b084729c4
6,10,202601,131,157.69,NORDESTE,pld_horario,3401,3f279d6b-1069-42f7-9b0a-217b084729c4
6,10,202601,131,157.7,NORTE,pld_horario,3402,3f279d6b-1069-42f7-9b0a-217b084729c4
6,10,202601,131,157.7,SUDESTE,pld_horario,3403,3f279d6b-1069-42f7-9b0a-217b084729c4
6,10,202601,131,157.7,SUL,pld_horario,3404,3f279d6b-1069-42f7-9b0a-217b084729c4
6,11,202601,132,157.66,NORDESTE,pld_horario,3405,3f279d6b-1069-42f7-9b0a-217b084729c4
6,11,202601,132,157.67,NORTE,pld_horario,3406,3f279d6b-1069-42f7-9b0a-217b084729c4
6,11,202601,132,157.66,SUDESTE,pld_horario,3407,3f279d6b-1069-42f7-9b0a-217b084729c4
6,11,202601,132,157.66,SUL,pld_horario,3408,3f279d6b-1069-42f7-9b0a-217b084729c4
6,12,202601,133,156.23,NORDESTE,pld_horario,3409,3f279d6b-1069-42f7-9b0a-217b084729c4
6,12,202601,133,156.24,NORTE,pld_horario,3410,3f279d6b-1069-42f7-9b0a-217b084729c4
6,12,202601,133,156.24,SUDESTE,pld_horario,3411,3f279d6b-1069-42f7-9b0a-217b084729c4
6,12,202601,133,156.24,SUL,pld_horario,3412,3f279d6b-1069-42f7-9b0a-217b084729c4
6,13,202601,134,157.58,NORDESTE,pld_horario,3413,3f279d6b-1069-42f7-9b0a-217b084729c4
6,13,202601,134,157.58,NORTE,pld_horario,3414,3f279d6b-1069-42f7-9b0a-217b084729c4
6,13,202601,134,157.58,SUDESTE,pld_horario,3415,3f279d6b-1069-42f7-9b0a-217b084729c4
6,13,202601,134,157.59,SUL,pld_horario,3416,3f279d6b-1069-42f7-9b0a-217b084729c4
6,14,202601,135,158.91,NORDESTE,pld_horario,3417,3f279d6b-1069-42f7-9b0a-217b084729c4
6,14,202601,135,158.92,NORTE,pld_horario,3418,3f279d6b-1069-42f7-9b0a-217b084729c4
6,14,202601,135,158.92,SUDESTE,pld_horario,3419,3f279d6b-1069-42f7-9b0a-217b084729c4
6,14,202601,135,158.92,SUL,pld_horario,3420,3f279d6b-1069-42f7-9b0a-217b084729c4
6,15,202601,136,161.18,NORDESTE,pld_horario,3421,3f279d6b-1069-42f7-9b0a-217b084729c4
6,15,202601,136,161.18,NORTE,pld_horario,3422,3f279d6b-1069-42f7-9b0a-217b084729c4
6,15,202601,136,161.18,SUDESTE,pld_horario,3423,3f279d6b-1069-42f7-9b0a-217b084729c4
6,15,202601,136,161.18,SUL,pld_horario,3424,3f279d6b-1069-42f7-9b0a-217b084729c4
6,16,202601,137,162.44,NORDESTE,pld_horario,3425,3f279d6b-1069-42f7-9b0a-217b084729c4
6,16,202601,137,162.44,NORTE,pld_horario,3426,3f279d6b-1069-42f7-9b0a-217b084729c4
6,16,202601,137,162.44,SUDESTE,pld_horario,3427,3f279d6b-1069-42f7-9b0a-217b084729c4
6,16,202601,137,162.44,SUL,pld_horario,3428,3f279d6b-1069-42f7-9b0a-217b084729c4
6,17,202601,138,163.43,NORDESTE,pld_horario,3429,3f279d6b-1069-42f7-9b0a-217b084729c4
6,17,202601,138,163.44,NORTE,pld_horario,3430,3f279d6b-1069-42f7-9b0a-217b084729c4
6,17,202601,138,163.44,SUDESTE,pld_horario,3431,3f279d6b-1069-42f7-9b0a-217b084729c4
6,17,202601,138,163.44,SUL,pld_horario,3432,3f279d6b-1069-42f7-9b0a-217b084729c4
6,18,202601,139,164.08,NORDESTE,pld_horario,3433,3f279d6b-1069-42f7-9b0a-217b084729c4
6,18,202601,139,164.09,NORTE,pld_horario,3434,3f279d6b-1069-42f7-9b0a-217b084729c4
6,18,202601,139,164.09,SUDESTE,pld_horario,3435,3f279d6b-1069-42f7-9b0a-217b084729c4
6,18,202601,139,164.08,SUL,pld_horario,3436,3f279d6b-1069-42f7-9b0a-217b084729c4
6,19,202601,140,165.4,NORDESTE,pld_horario,3437,3f279d6b-1069-42f7-9b0a-217b084729c4
6,19,202601,140,165.41,NORTE,pld_horario,3438,3f279d6b-1069-42f7-9b0a-217b084729c4
6,19,202601,140,165.41,SUDESTE,pld_horario,3439,3f279d6b-1069-42f7-9b0a-217b084729c4
6,19,202601,140,165.4,SUL,pld_horario,3440,3f279d6b-1069-42f7-9b0a-217b084729c4
6,20,202601,141,165.33,NORDESTE,pld_horario,3441,3f279d6b-1069-42f7-9b0a-217b084729c4
6,20,202601,141,165.33,NORTE,pld_horario,3442,3f279d6b-1069-42f7-9b0a-217b084729c4
6,20,202601,141,165.33,SUDESTE,pld_horario,3443,3f279d6b-1069-42f7-9b0a-217b084729c4
6,20,202601,141,165.33,SUL,pld_horario,3444,3f279d6b-1069-42f7-9b0a-217b084729c4
6,21,202601,142,164.83,NORDESTE,pld_horario,3445,3f279d6b-1069-42f7-9b0a-217b084729c4
6,21,202601,142,164.83,NORTE,pld_horario,3446,3f279d6b-1069-42f7-9b0a-217b084729c4
6,21,202601,142,164.83,SUDESTE,pld_horario,3447,3f279d6b-1069-42f7-9b0a-217b084729c4
6,21,202601,142,164.83,SUL,pld_horario,3448,3f279d6b-1069-42f7-9b0a-217b084729c4
6,22,202601,143,163.98,NORDESTE,pld_horario,3449,3f279d6b-1069-42f7-9b0a-217b084729c4
6,22,202601,143,163.99,NORTE,pld_horario,3450,3f279d6b-1069-42f7-9b0a-217b084729c4
6,22,202601,143,163.99,SUDESTE,pld_horario,3451,3f279d6b-1069-42f7-9b0a-217b084729c4
6,22,202601,143,163.99,SUL,pld_horario,3452,3f279d6b-1069-42f7-9b0a-217b084729c4
6,23,202601,144,162.41,NORDESTE,pld_horario,3453,3f279d6b-1069-42f7-9b0a-217b084729c4
6,23,202601,144,162.41,NORTE,pld_horario,3454,3f279d6b-1069-42f7-9b0a-217b084729c4
6,23,202601,144,162.41,SUDESTE,pld_horario,3455,3f279d6b-1069-42f7-9b0a-217b084729c4
6,23,202601,144,162.41,SUL,pld_horario,3456,3f279d6b-1069-42f7-9b0a-217b084729c4
5,0,202601,97,162.52,NORDESTE,pld_horario,3457,3f279d6b-1069-42f7-9b0a-217b084729c4
5,0,202601,97,162.51,NORTE,pld_horario,3458,3f279d6b-1069-42f7-9b0a-217b084729c4
5,0,202601,97,162.51,SUDESTE,pld_horario,3459,3f279d6b-1069-42f7-9b0a-217b084729c4
5,0,202601,97,162.5,SUL,pld_horario,3460,3f279d6b-1069-42f7-9b0a-217b084729c4
5,1,202601,98,162.07,NORDESTE,pld_horario,3461,3f279d6b-1069-42f7-9b0a-217b084729c4
5,1,202601,98,162.07,NORTE,pld_horario,3462,3f279d6b-1069-42f7-9b0a-217b084729c4
5,1,202601,98,162.07,SUDESTE,pld_horario,3463,3f279d6b-1069-42f7-9b0a-217b084729c4
5,1,202601,98,162.06,SUL,pld_horario,3464,3f279d6b-1069-42f7-9b0a-217b084729c4
5,2,202601,99,161.39,NORDESTE,pld_horario,3465,3f279d6b-1069-42f7-9b0a-217b084729c4
5,2,202601,99,161.38,NORTE,pld_horario,3466,3f279d6b-1069-42f7-9b0a-217b084729c4
5,2,202601,99,161.38,SUDESTE,pld_horario,3467,3f279d6b-1069-42f7-9b0a-217b084729c4
5,2,202601,99,161.38,SUL,pld_horario,3468,3f279d6b-1069-42f7-9b0a-217b084729c4
5,3,202601,100,160.04,NORDESTE,pld_horario,3469,3f279d6b-1069-42f7-9b0a-217b084729c4
5,3,202601,100,160.03,NORTE,pld_horario,3470,3f279d6b-1069-42f7-9b0a-217b084729c4
5,3,202601,100,160.03,SUDESTE,pld_horario,3471,3f279d6b-1069-42f7-9b0a-217b084729c4
5,3,202601,100,160.03,SUL,pld_horario,3472,3f279d6b-1069-42f7-9b0a-217b084729c4
5,4,202601,101,160.11,NORDESTE,pld_horario,3473,3f279d6b-1069-42f7-9b0a-217b084729c4
5,4,202601,101,160.11,NORTE,pld_horario,3474,3f279d6b-1069-42f7-9b0a-217b084729c4
5,4,202601,101,160.11,SUDESTE,pld_horario,3475,3f279d6b-1069-42f7-9b0a-217b084729c4
5,4,202601,101,160.11,SUL,pld_horario,3476,3f279d6b-1069-42f7-9b0a-217b084729c4
5,5,202601,102,160.41,NORDESTE,pld_horario,3477,3f279d6b-1069-42f7-9b0a-217b084729c4
5,5,202601,102,160.4,NORTE,pld_horario,3478,3f279d6b-1069-42f7-9b0a-217b084729c4
5,5,202601,102,160.4,SUDESTE,pld_horario,3479,3f279d6b-1069-42f7-9b0a-217b084729c4
5,5,202601,102,160.4,SUL,pld_horario,3480,3f279d6b-1069-42f7-9b0a-217b084729c4
5,6,202601,103,159.87,NORDESTE,pld_horario,3481,3f279d6b-1069-42f7-9b0a-217b084729c4
5,6,202601,103,159.88,NORTE,pld_horario,3482,3f279d6b-1069-42f7-9b0a-217b084729c4
5,6,202601,103,159.88,SUDESTE,pld_horario,3483,3f279d6b-1069-42f7-9b0a-217b084729c4
5,6,202601,103,159.88,SUL,pld_horario,3484,3f279d6b-1069-42f7-9b0a-217b084729c4
5,7,202601,104,158.94,NORDESTE,pld_horario,3485,3f279d6b-1069-42f7-9b0a-217b084729c4
5,7,202601,104,158.94,NORTE,pld_horario,3486,3f279d6b-1069-42f7-9b0a-217b084729c4
5,7,202601,104,158.94,SUDESTE,pld_horario,3487,3f279d6b-1069-42f7-9b0a-217b084729c4
5,7,202601,104,158.94,SUL,pld_horario,3488,3f279d6b-1069-42f7-9b0a-217b084729c4
5,8,202601,105,158.59,NORDESTE,pld_horario,3489,3f279d6b-1069-42f7-9b0a-217b084729c4
5,8,202601,105,158.6,NORTE,pld_horario,3490,3f279d6b-1069-42f7-9b0a-217b084729c4
5,8,202601,105,158.6,SUDESTE,pld_horario,3491,3f279d6b-1069-42f7-9b0a-217b084729c4
5,8,202601,105,158.6,SUL,pld_horario,3492,3f279d6b-1069-42f7-9b0a-217b084729c4
5,9,202601,106,158.38,NORDESTE,pld_horario,3493,3f279d6b-1069-42f7-9b0a-217b084729c4
5,9,202601,106,158.39,NORTE,pld_horario,3494,3f279d6b-1069-42f7-9b0a-217b084729c4
5,9,202601,106,158.38,SUDESTE,pld_horario,3495,3f279d6b-1069-42f7-9b0a-217b084729c4
5,9,202601,106,158.39,SUL,pld_horario,3496,3f279d6b-1069-42f7-9b0a-217b084729c4
5,10,202601,107,157.72,NORDESTE,pld_horario,3497,3f279d6b-1069-42f7-9b0a-217b084729c4
5,10,202601,107,157.73,NORTE,pld_horario,3498,3f279d6b-1069-42f7-9b0a-217b084729c4
5,10,202601,107,157.72,SUDESTE,pld_horario,3499,3f279d6b-1069-42f7-9b0a-217b084729c4
5,10,202601,107,157.73,SUL,pld_horario,3500,3f279d6b-1069-42f7-9b0a-217b084729c4
5,11,202601,108,157.23,NORDESTE,pld_horario,3501,3f279d6b-1069-42f7-9b0a-217b084729c4
5,11,202601,108,157.24,NORTE,pld_horario,3502,3f279d6b-1069-42f7-9b0a-217b084729c4
5,11,202601,108,157.24,SUDESTE,pld_horario,3503,3f279d6b-1069-42f7-9b0a-217b084729c4
5,11,202601,108,157.24,SUL,pld_horario,3504,3f279d6b-1069-42f7-9b0a-217b084729c4
5,12,202601,109,155.09,NORDESTE,pld_horario,3505,3f279d6b-1069-42f7-9b0a-217b084729c4
5,12,202601,109,155.09,NORTE,pld_horario,3506,3f279d6b-1069-42f7-9b0a-217b084729c4
5,12,202601,109,155.09,SUDESTE,pld_horario,3507,3f279d6b-1069-42f7-9b0a-217b084729c4
5,12,202601,109,155.1,SUL,pld_horario,3508,3f279d6b-1069-42f7-9b0a-217b084729c4
5,13,202601,110,157.64,NORDESTE,pld_horario,3509,3f279d6b-1069-42f7-9b0a-217b084729c4
5,13,202601,110,157.64,NORTE,pld_horario,3510,3f279d6b-1069-42f7-9b0a-217b084729c4
5,13,202601,110,157.64,SUDESTE,pld_horario,3511,3f279d6b-1069-42f7-9b0a-217b084729c4
5,13,202601,110,157.65,SUL,pld_horario,3512,3f279d6b-1069-42f7-9b0a-217b084729c4
5,14,202601,111,158.53,NORDESTE,pld_horario,3513,3f279d6b-1069-42f7-9b0a-217b084729c4
5,14,202601,111,158.53,NORTE,pld_horario,3514,3f279d6b-1069-42f7-9b0a-217b084729c4
5,14,202601,111,158.53,SUDESTE,pld_horario,3515,3f279d6b-1069-42f7-9b0a-217b084729c4
5,14,202601,111,158.53,SUL,pld_horario,3516,3f279d6b-1069-42f7-9b0a-217b084729c4
5,15,202601,112,160.44,NORDESTE,pld_horario,3517,3f279d6b-1069-42f7-9b0a-217b084729c4
5,15,202601,112,160.44,NORTE,pld_horario,3518,3f279d6b-1069-42f7-9b0a-217b084729c4
5,15,202601,112,160.44,SUDESTE,pld_horario,3519,3f279d6b-1069-42f7-9b0a-217b084729c4
5,15,202601,112,160.44,SUL,pld_horario,3520,3f279d6b-1069-42f7-9b0a-217b084729c4
5,16,202601,113,161.79,NORDESTE,pld_horario,3521,3f279d6b-1069-42f7-9b0a-217b084729c4
5,16,202601,113,161.8,NORTE,pld_horario,3522,3f279d6b-1069-42f7-9b0a-217b084729c4
5,16,202601,113,161.8,SUDESTE,pld_horario,3523,3f279d6b-1069-42f7-9b0a-217b084729c4
5,16,202601,113,161.8,SUL,pld_horario,3524,3f279d6b-1069-42f7-9b0a-217b084729c4
5,17,202601,114,162.64,NORDESTE,pld_horario,3525,3f279d6b-1069-42f7-9b0a-217b084729c4
5,17,202601,114,162.64,NORTE,pld_horario,3526,3f279d6b-1069-42f7-9b0a-217b084729c4
5,17,202601,114,162.64,SUDESTE,pld_horario,3527,3f279d6b-1069-42f7-9b0a-217b084729c4
5,17,202601,114,162.64,SUL,pld_horario,3528,3f279d6b-1069-42f7-9b0a-217b084729c4
5,18,202601,115,164.46,NORDESTE,pld_horario,3529,3f279d6b-1069-42f7-9b0a-217b084729c4
5,18,202601,115,164.47,NORTE,pld_horario,3530,3f279d6b-1069-42f7-9b0a-217b084729c4
5,18,202601,115,164.47,SUDESTE,pld_horario,3531,3f279d6b-1069-42f7-9b0a-217b084729c4
5,18,202601,115,164.46,SUL,pld_horario,3532,3f279d6b-1069-42f7-9b0a-217b084729c4
5,19,202601,116,165.82,NORDESTE,pld_horario,3533,3f279d6b-1069-42f7-9b0a-217b084729c4
5,19,202601,116,165.81,NORTE,pld_horario,3534,3f279d6b-1069-42f7-9b0a-217b084729c4
5,19,202601,116,165.82,SUDESTE,pld_horario,3535,3f279d6b-1069-42f7-9b0a-217b084729c4
5,19,202601,116,165.82,SUL,pld_horario,3536,3f279d6b-1069-42f7-9b0a-217b084729c4
5,20,202601,117,165.28,NORDESTE,pld_horario,3537,3f279d6b-1069-42f7-9b0a-217b084729c4
5,20,202601,117,165.28,NORTE,pld_horario,3538,3f279d6b-1069-42f7-9b0a-217b084729c4
5,20,202601,117,165.29,SUDESTE,pld_horario,3539,3f279d6b-1069-42f7-9b0a-217b084729c4
5,20,202601,117,165.29,SUL,pld_horario,3540,3f279d6b-1069-42f7-9b0a-217b084729c4
5,21,202601,118,164.89,NORDESTE,pld_horario,3541,3f279d6b-1069-42f7-9b0a-217b084729c4
5,21,202601,118,164.88,NORTE,pld_horario,3542,3f279d6b-1069-42f7-9b0a-217b084729c4
5,21,202601,118,164.89,SUDESTE,pld_horario,3543,3f279d6b-1069-42f7-9b0a-217b084729c4
5,21,202601,118,164.88,SUL,pld_horario,3544,3f279d6b-1069-42f7-9b0a-217b084729c4
5,22,202601,119,164.73,NORDESTE,pld_horario,3545,3f279d6b-1069-42f7-9b0a-217b084729c4
5,22,202601,119,164.73,NORTE,pld_horario,3546,3f279d6b-1069-42f7-9b0a-217b084729c4
5,22,202601,119,164.73,SUDESTE,pld_horario,3547,3f279d6b-1069-42f7-9b0a-217b084729c4
5,22,202601,119,164.72,SUL,pld_horario,3548,3f279d6b-1069-42f7-9b0a-217b084729c4
5,23,202601,120,163.28,NORDESTE,pld_horario,3549,3f279d6b-1069-42f7-9b0a-217b084729c4
5,23,202601,120,163.28,NORTE,pld_horario,3550,3f279d6b-1069-42f7-9b0a-217b084729c4
5,23,202601,120,163.28,SUDESTE,pld_horario,3551,3f279d6b-1069-42f7-9b0a-217b084729c4
5,23,202601,120,163.28,SUL,pld_horario,3552,3f279d6b-1069-42f7-9b0a-217b084729c4
4,0,202601,73,167.72,NORDESTE,pld_horario,3553,3f279d6b-1069-42f7-9b0a-217b084729c4
4,0,202601,73,167.72,NORTE,pld_horario,3554,3f279d6b-1069-42f7-9b0a-217b084729c4
4,0,202601,73,167.72,SUDESTE,pld_horario,3555,3f279d6b-1069-42f7-9b0a-217b084729c4
4,0,202601,73,167.71,SUL,pld_horario,3556,3f279d6b-1069-42f7-9b0a-217b084729c4
4,1,202601,74,163.99,NORDESTE,pld_horario,3557,3f279d6b-1069-42f7-9b0a-217b084729c4
4,1,202601,74,163.98,NORTE,pld_horario,3558,3f279d6b-1069-42f7-9b0a-217b084729c4
4,1,202601,74,163.98,SUDESTE,pld_horario,3559,3f279d6b-1069-42f7-9b0a-217b084729c4
4,1,202601,74,163.97,SUL,pld_horario,3560,3f279d6b-1069-42f7-9b0a-217b084729c4
4,2,202601,75,163.07,NORDESTE,pld_horario,3561,3f279d6b-1069-42f7-9b0a-217b084729c4
4,2,202601,75,163.06,NORTE,pld_horario,3562,3f279d6b-1069-42f7-9b0a-217b084729c4
4,2,202601,75,163.06,SUDESTE,pld_horario,3563,3f279d6b-1069-42f7-9b0a-217b084729c4
4,2,202601,75,163.05,SUL,pld_horario,3564,3f279d6b-1069-42f7-9b0a-217b084729c4
4,3,202601,76,161.99,NORDESTE,pld_horario,3565,3f279d6b-1069-42f7-9b0a-217b084729c4
4,3,202601,76,161.98,NORTE,pld_horario,3566,3f279d6b-1069-42f7-9b0a-217b084729c4
4,3,202601,76,161.98,SUDESTE,pld_horario,3567,3f279d6b-1069-42f7-9b0a-217b084729c4
4,3,202601,76,161.97,SUL,pld_horario,3568,3f279d6b-1069-42f7-9b0a-217b084729c4
4,4,202601,77,162.37,NORDESTE,pld_horario,3569,3f279d6b-1069-42f7-9b0a-217b084729c4
4,4,202601,77,162.36,NORTE,pld_horario,3570,3f279d6b-1069-42f7-9b0a-217b084729c4
4,4,202601,77,162.36,SUDESTE,pld_horario,3571,3f279d6b-1069-42f7-9b0a-217b084729c4
4,4,202601,77,162.35,SUL,pld_horario,3572,3f279d6b-1069-42f7-9b0a-217b084729c4
4,5,202601,78,162.02,NORDESTE,pld_horario,3573,3f279d6b-1069-42f7-9b0a-217b084729c4
4,5,202601,78,162.02,NORTE,pld_horario,3574,3f279d6b-1069-42f7-9b0a-217b084729c4
4,5,202601,78,162.02,SUDESTE,pld_horario,3575,3f279d6b-1069-42f7-9b0a-217b084729c4
4,5,202601,78,162.01,SUL,pld_horario,3576,3f279d6b-1069-42f7-9b0a-217b084729c4
4,6,202601,79,159.75,NORDESTE,pld_horario,3577,3f279d6b-1069-42f7-9b0a-217b084729c4
4,6,202601,79,159.76,NORTE,pld_horario,3578,3f279d6b-1069-42f7-9b0a-217b084729c4
4,6,202601,79,159.75,SUDESTE,pld_horario,3579,3f279d6b-1069-42f7-9b0a-217b084729c4
4,6,202601,79,159.75,SUL,pld_horario,3580,3f279d6b-1069-42f7-9b0a-217b084729c4
4,7,202601,80,153.33,NORDESTE,pld_horario,3581,3f279d6b-1069-42f7-9b0a-217b084729c4
4,7,202601,80,153.34,NORTE,pld_horario,3582,3f279d6b-1069-42f7-9b0a-217b084729c4
4,7,202601,80,153.34,SUDESTE,pld_horario,3583,3f279d6b-1069-42f7-9b0a-217b084729c4
4,7,202601,80,153.34,SUL,pld_horario,3584,3f279d6b-1069-42f7-9b0a-217b084729c4
4,8,202601,81,57.31,NORDESTE,pld_horario,3585,3f279d6b-1069-42f7-9b0a-217b084729c4
4,8,202601,81,57.31,NORTE,pld_horario,3586,3f279d6b-1069-42f7-9b0a-217b084729c4
4,8,202601,81,57.31,SUDESTE,pld_horario,3587,3f279d6b-1069-42f7-9b0a-217b084729c4
4,8,202601,81,57.31,SUL,pld_horario,3588,3f279d6b-1069-42f7-9b0a-217b084729c4
4,9,202601,82,57.31,NORDESTE,pld_horario,3589,3f279d6b-1069-42f7-9b0a-217b084729c4
4,9,202601,82,57.31,NORTE,pld_horario,3590,3f279d6b-1069-42f7-9b0a-217b084729c4
4,9,202601,82,57.31,SUDESTE,pld_horario,3591,3f279d6b-1069-42f7-9b0a-217b084729c4
4,9,202601,82,57.31,SUL,pld_horario,3592,3f279d6b-1069-42f7-9b0a-217b084729c4
4,10,202601,83,57.31,NORDESTE,pld_horario,3593,3f279d6b-1069-42f7-9b0a-217b084729c4
4,10,202601,83,57.31,NORTE,pld_horario,3594,3f279d6b-1069-42f7-9b0a-217b084729c4
4,10,202601,83,57.31,SUDESTE,pld_horario,3595,3f279d6b-1069-42f7-9b0a-217b084729c4
4,10,202601,83,57.31,SUL,pld_horario,3596,3f279d6b-1069-42f7-9b0a-217b084729c4
4,11,202601,84,57.31,NORDESTE,pld_horario,3597,3f279d6b-1069-42f7-9b0a-217b084729c4
4,11,202601,84,57.31,NORTE,pld_horario,3598,3f279d6b-1069-42f7-9b0a-217b084729c4
4,11,202601,84,57.31,SUDESTE,pld_horario,3599,3f279d6b-1069-42f7-9b0a-217b084729c4
4,11,202601,84,57.31,SUL,pld_horario,3600,3f279d6b-1069-42f7-9b0a-217b084729c4
4,12,202601,85,57.31,NORDESTE,pld_horario,3601,3f279d6b-1069-42f7-9b0a-217b084729c4
4,12,202601,85,57.31,NORTE,pld_horario,3602,3f279d6b-1069-42f7-9b0a-217b084729c4
4,12,202601,85,57.31,SUDESTE,pld_horario,3603,3f279d6b-1069-42f7-9b0a-217b084729c4
4,12,202601,85,57.31,SUL,pld_horario,3604,3f279d6b-1069-42f7-9b0a-217b084729c4
4,13,202601,86,57.31,NORDESTE,pld_horario,3605,3f279d6b-1069-42f7-9b0a-217b084729c4
4,13,202601,86,57.31,NORTE,pld_horario,3606,3f279d6b-1069-42f7-9b0a-217b084729c4
4,13,202601,86,57.31,SUDESTE,pld_horario,3607,3f279d6b-1069-42f7-9b0a-217b084729c4
4,13,202601,86,57.31,SUL,pld_horario,3608,3f279d6b-1069-42f7-9b0a-217b084729c4
4,14,202601,87,57.31,NORDESTE,pld_horario,3609,3f279d6b-1069-42f7-9b0a-217b084729c4
4,14,202601,87,57.31,NORTE,pld_horario,3610,3f279d6b-1069-42f7-9b0a-217b084729c4
4,14,202601,87,57.31,SUDESTE,pld_horario,3611,3f279d6b-1069-42f7-9b0a-217b084729c4
4,14,202601,87,57.31,SUL,pld_horario,3612,3f279d6b-1069-42f7-9b0a-217b084729c4
4,15,202601,88,72.19,NORDESTE,pld_horario,3613,3f279d6b-1069-42f7-9b0a-217b084729c4
4,15,202601,88,72.2,NORTE,pld_horario,3614,3f279d6b-1069-42f7-9b0a-217b084729c4
4,15,202601,88,72.19,SUDESTE,pld_horario,3615,3f279d6b-1069-42f7-9b0a-217b084729c4
4,15,202601,88,72.19,SUL,pld_horario,3616,3f279d6b-1069-42f7-9b0a-217b084729c4
4,16,202601,89,154.62,NORDESTE,pld_horario,3617,3f279d6b-1069-42f7-9b0a-217b084729c4
4,16,202601,89,154.63,NORTE,pld_horario,3618,3f279d6b-1069-42f7-9b0a-217b084729c4
4,16,202601,89,154.63,SUDESTE,pld_horario,3619,3f279d6b-1069-42f7-9b0a-217b084729c4
4,16,202601,89,154.63,SUL,pld_horario,3620,3f279d6b-1069-42f7-9b0a-217b084729c4
4,17,202601,90,161.16,NORDESTE,pld_horario,3621,3f279d6b-1069-42f7-9b0a-217b084729c4
4,17,202601,90,161.16,NORTE,pld_horario,3622,3f279d6b-1069-42f7-9b0a-217b084729c4
4,17,202601,90,161.16,SUDESTE,pld_horario,3623,3f279d6b-1069-42f7-9b0a-217b084729c4
4,17,202601,90,161.15,SUL,pld_horario,3624,3f279d6b-1069-42f7-9b0a-217b084729c4
4,18,202601,91,165.23,NORDESTE,pld_horario,3625,3f279d6b-1069-42f7-9b0a-217b084729c4
4,18,202601,91,165.24,NORTE,pld_horario,3626,3f279d6b-1069-42f7-9b0a-217b084729c4
4,18,202601,91,165.24,SUDESTE,pld_horario,3627,3f279d6b-1069-42f7-9b0a-217b084729c4
4,18,202601,91,165.23,SUL,pld_horario,3628,3f279d6b-1069-42f7-9b0a-217b084729c4
4,19,202601,92,166.54,NORDESTE,pld_horario,3629,3f279d6b-1069-42f7-9b0a-217b084729c4
4,19,202601,92,166.54,NORTE,pld_horario,3630,3f279d6b-1069-42f7-9b0a-217b084729c4
4,19,202601,92,166.54,SUDESTE,pld_horario,3631,3f279d6b-1069-42f7-9b0a-217b084729c4
4,19,202601,92,166.53,SUL,pld_horario,3632,3f279d6b-1069-42f7-9b0a-217b084729c4
4,20,202601,93,166.02,NORDESTE,pld_horario,3633,3f279d6b-1069-42f7-9b0a-217b084729c4
4,20,202601,93,166.02,NORTE,pld_horario,3634,3f279d6b-1069-42f7-9b0a-217b084729c4
4,20,202601,93,166.02,SUDESTE,pld_horario,3635,3f279d6b-1069-42f7-9b0a-217b084729c4
4,20,202601,93,166.02,SUL,pld_horario,3636,3f279d6b-1069-42f7-9b0a-217b084729c4
4,21,202601,94,164.16,NORDESTE,pld_horario,3637,3f279d6b-1069-42f7-9b0a-217b084729c4
4,21,202601,94,164.16,NORTE,pld_horario,3638,3f279d6b-1069-42f7-9b0a-217b084729c4
4,21,202601,94,164.16,SUDESTE,pld_horario,3639,3f279d6b-1069-42f7-9b0a-217b084729c4
4,21,202601,94,164.16,SUL,pld_horario,3640,3f279d6b-1069-42f7-9b0a-217b084729c4
4,22,202601,95,163.89,NORDESTE,pld_horario,3641,3f279d6b-1069-42f7-9b0a-217b084729c4
4,22,202601,95,163.89,NORTE,pld_horario,3642,3f279d6b-1069-42f7-9b0a-217b084729c4
4,22,202601,95,163.89,SUDESTE,pld_horario,3643,3f279d6b-1069-42f7-9b0a-217b084729c4
4,22,202601,95,163.89,SUL,pld_horario,3644,3f279d6b-1069-42f7-9b0a-217b084729c4
4,23,202601,96,162.5,NORDESTE,pld_horario,3645,3f279d6b-1069-42f7-9b0a-217b084729c4
4,23,202601,96,162.5,NORTE,pld_horario,3646,3f279d6b-1069-42f7-9b0a-217b084729c4
4,23,202601,96,162.5,SUDESTE,pld_horario,3647,3f279d6b-1069-42f7-9b0a-217b084729c4
4,23,202601,96,162.5,SUL,pld_horario,3648,3f279d6b-1069-42f7-9b0a-217b084729c4
3,0,202601,49,192.86,NORDESTE,pld_horario,3649,3f279d6b-1069-42f7-9b0a-217b084729c4
3,0,202601,49,192.85,NORTE,pld_horario,3650,3f279d6b-1069-42f7-9b0a-217b084729c4
3,0,202601,49,192.85,SUDESTE,pld_horario,3651,3f279d6b-1069-42f7-9b0a-217b084729c4
3,0,202601,49,192.84,SUL,pld_horario,3652,3f279d6b-1069-42f7-9b0a-217b084729c4
3,1,202601,50,173.98,NORDESTE,pld_horario,3653,3f279d6b-1069-42f7-9b0a-217b084729c4
3,1,202601,50,173.98,NORTE,pld_horario,3654,3f279d6b-1069-42f7-9b0a-217b084729c4
3,1,202601,50,173.98,SUDESTE,pld_horario,3655,3f279d6b-1069-42f7-9b0a-217b084729c4
3,1,202601,50,173.97,SUL,pld_horario,3656,3f279d6b-1069-42f7-9b0a-217b084729c4
3,2,202601,51,170.3,NORDESTE,pld_horario,3657,3f279d6b-1069-42f7-9b0a-217b084729c4
3,2,202601,51,170.3,NORTE,pld_horario,3658,3f279d6b-1069-42f7-9b0a-217b084729c4
3,2,202601,51,170.3,SUDESTE,pld_horario,3659,3f279d6b-1069-42f7-9b0a-217b084729c4
3,2,202601,51,170.29,SUL,pld_horario,3660,3f279d6b-1069-42f7-9b0a-217b084729c4
3,3,202601,52,166.62,NORDESTE,pld_horario,3661,3f279d6b-1069-42f7-9b0a-217b084729c4
3,3,202601,52,166.61,NORTE,pld_horario,3662,3f279d6b-1069-42f7-9b0a-217b084729c4
3,3,202601,52,166.61,SUDESTE,pld_horario,3663,3f279d6b-1069-42f7-9b0a-217b084729c4
3,3,202601,52,166.6,SUL,pld_horario,3664,3f279d6b-1069-42f7-9b0a-217b084729c4
3,4,202601,53,166.07,NORDESTE,pld_horario,3665,3f279d6b-1069-42f7-9b0a-217b084729c4
3,4,202601,53,166.06,NORTE,pld_horario,3666,3f279d6b-1069-42f7-9b0a-217b084729c4
3,4,202601,53,166.06,SUDESTE,pld_horario,3667,3f279d6b-1069-42f7-9b0a-217b084729c4
3,4,202601,53,166.06,SUL,pld_horario,3668,3f279d6b-1069-42f7-9b0a-217b084729c4
3,5,202601,54,164.92,NORDESTE,pld_horario,3669,3f279d6b-1069-42f7-9b0a-217b084729c4
3,5,202601,54,164.91,NORTE,pld_horario,3670,3f279d6b-1069-42f7-9b0a-217b084729c4
3,5,202601,54,164.91,SUDESTE,pld_horario,3671,3f279d6b-1069-42f7-9b0a-217b084729c4
3,5,202601,54,164.9,SUL,pld_horario,3672,3f279d6b-1069-42f7-9b0a-217b084729c4
3,6,202601,55,161.37,NORDESTE,pld_horario,3673,3f279d6b-1069-42f7-9b0a-217b084729c4
3,6,202601,55,161.37,NORTE,pld_horario,3674,3f279d6b-1069-42f7-9b0a-217b084729c4
3,6,202601,55,161.37,SUDESTE,pld_horario,3675,3f279d6b-1069-42f7-9b0a-217b084729c4
3,6,202601,55,161.37,SUL,pld_horario,3676,3f279d6b-1069-42f7-9b0a-217b084729c4
3,7,202601,56,157.4,NORDESTE,pld_horario,3677,3f279d6b-1069-42f7-9b0a-217b084729c4
3,7,202601,56,157.41,NORTE,pld_horario,3678,3f279d6b-1069-42f7-9b0a-217b084729c4
3,7,202601,56,157.4,SUDESTE,pld_horario,3679,3f279d6b-1069-42f7-9b0a-217b084729c4
3,7,202601,56,157.4,SUL,pld_horario,3680,3f279d6b-1069-42f7-9b0a-217b084729c4
3,8,202601,57,151.88,NORDESTE,pld_horario,3681,3f279d6b-1069-42f7-9b0a-217b084729c4
3,8,202601,57,151.89,NORTE,pld_horario,3682,3f279d6b-1069-42f7-9b0a-217b084729c4
3,8,202601,57,151.89,SUDESTE,pld_horario,3683,3f279d6b-1069-42f7-9b0a-217b084729c4
3,8,202601,57,151.89,SUL,pld_horario,3684,3f279d6b-1069-42f7-9b0a-217b084729c4
3,9,202601,58,57.31,NORDESTE,pld_horario,3685,3f279d6b-1069-42f7-9b0a-217b084729c4
3,9,202601,58,57.31,NORTE,pld_horario,3686,3f279d6b-1069-42f7-9b0a-217b084729c4
3,9,202601,58,57.31,SUDESTE,pld_horario,3687,3f279d6b-1069-42f7-9b0a-217b084729c4
3,9,202601,58,57.31,SUL,pld_horario,3688,3f279d6b-1069-42f7-9b0a-217b084729c4
3,10,202601,59,57.31,NORDESTE,pld_horario,3689,3f279d6b-1069-42f7-9b0a-217b084729c4
3,10,202601,59,57.31,NORTE,pld_horario,3690,3f279d6b-1069-42f7-9b0a-217b084729c4
3,10,202601,59,57.31,SUDESTE,pld_horario,3691,3f279d6b-1069-42f7-9b0a-217b084729c4
3,10,202601,59,57.31,SUL,pld_horario,3692,3f279d6b-1069-42f7-9b0a-217b084729c4
3,11,202601,60,57.31,NORDESTE,pld_horario,3693,3f279d6b-1069-42f7-9b0a-217b084729c4
3,11,202601,60,57.31,NORTE,pld_horario,3694,3f279d6b-1069-42f7-9b0a-217b084729c4
3,11,202601,60,57.31,SUDESTE,pld_horario,3695,3f279d6b-1069-42f7-9b0a-217b084729c4
3,11,202601,60,57.31,SUL,pld_horario,3696,3f279d6b-1069-42f7-9b0a-217b084729c4
3,12,202601,61,57.31,NORDESTE,pld_horario,3697,3f279d6b-1069-42f7-9b0a-217b084729c4
3,12,202601,61,57.31,NORTE,pld_horario,3698,3f279d6b-1069-42f7-9b0a-217b084729c4
3,12,202601,61,57.31,SUDESTE,pld_horario,3699,3f279d6b-1069-42f7-9b0a-217b084729c4
3,12,202601,61,57.31,SUL,pld_horario,3700,3f279d6b-1069-42f7-9b0a-217b084729c4
3,13,202601,62,57.31,NORDESTE,pld_horario,3701,3f279d6b-1069-42f7-9b0a-217b084729c4
3,13,202601,62,57.31,NORTE,pld_horario,3702,3f279d6b-1069-42f7-9b0a-217b084729c4
3,13,202601,62,57.31,SUDESTE,pld_horario,3703,3f279d6b-1069-42f7-9b0a-217b084729c4
3,13,202601,62,57.31,SUL,pld_horario,3704,3f279d6b-1069-42f7-9b0a-217b084729c4
3,14,202601,63,70.14,NORDESTE,pld_horario,3705,3f279d6b-1069-42f7-9b0a-217b084729c4
3,14,202601,63,70.15,NORTE,pld_horario,3706,3f279d6b-1069-42f7-9b0a-217b084729c4
3,14,202601,63,70.15,SUDESTE,pld_horario,3707,3f279d6b-1069-42f7-9b0a-217b084729c4
3,14,202601,63,70.15,SUL,pld_horario,3708,3f279d6b-1069-42f7-9b0a-217b084729c4
3,15,202601,64,153.53,NORDESTE,pld_horario,3709,3f279d6b-1069-42f7-9b0a-217b084729c4
3,15,202601,64,153.54,NORTE,pld_horario,3710,3f279d6b-1069-42f7-9b0a-217b084729c4
3,15,202601,64,153.54,SUDESTE,pld_horario,3711,3f279d6b-1069-42f7-9b0a-217b084729c4
3,15,202601,64,153.54,SUL,pld_horario,3712,3f279d6b-1069-42f7-9b0a-217b084729c4
3,16,202601,65,159.91,NORDESTE,pld_horario,3713,3f279d6b-1069-42f7-9b0a-217b084729c4
3,16,202601,65,159.92,NORTE,pld_horario,3714,3f279d6b-1069-42f7-9b0a-217b084729c4
3,16,202601,65,159.92,SUDESTE,pld_horario,3715,3f279d6b-1069-42f7-9b0a-217b084729c4
3,16,202601,65,159.92,SUL,pld_horario,3716,3f279d6b-1069-42f7-9b0a-217b084729c4
3,17,202601,66,165.15,NORDESTE,pld_horario,3717,3f279d6b-1069-42f7-9b0a-217b084729c4
3,17,202601,66,165.14,NORTE,pld_horario,3718,3f279d6b-1069-42f7-9b0a-217b084729c4
3,17,202601,66,165.14,SUDESTE,pld_horario,3719,3f279d6b-1069-42f7-9b0a-217b084729c4
3,17,202601,66,165.13,SUL,pld_horario,3720,3f279d6b-1069-42f7-9b0a-217b084729c4
3,18,202601,67,170.51,NORDESTE,pld_horario,3721,3f279d6b-1069-42f7-9b0a-217b084729c4
3,18,202601,67,170.51,NORTE,pld_horario,3722,3f279d6b-1069-42f7-9b0a-217b084729c4
3,18,202601,67,170.51,SUDESTE,pld_horario,3723,3f279d6b-1069-42f7-9b0a-217b084729c4
3,18,202601,67,170.5,SUL,pld_horario,3724,3f279d6b-1069-42f7-9b0a-217b084729c4
3,19,202601,68,174.62,NORDESTE,pld_horario,3725,3f279d6b-1069-42f7-9b0a-217b084729c4
3,19,202601,68,174.63,NORTE,pld_horario,3726,3f279d6b-1069-42f7-9b0a-217b084729c4
3,19,202601,68,174.63,SUDESTE,pld_horario,3727,3f279d6b-1069-42f7-9b0a-217b084729c4
3,19,202601,68,174.62,SUL,pld_horario,3728,3f279d6b-1069-42f7-9b0a-217b084729c4
3,20,202601,69,171.53,NORDESTE,pld_horario,3729,3f279d6b-1069-42f7-9b0a-217b084729c4
3,20,202601,69,171.54,NORTE,pld_horario,3730,3f279d6b-1069-42f7-9b0a-217b084729c4
3,20,202601,69,171.54,SUDESTE,pld_horario,3731,3f279d6b-1069-42f7-9b0a-217b084729c4
3,20,202601,69,171.54,SUL,pld_horario,3732,3f279d6b-1069-42f7-9b0a-217b084729c4
3,21,202601,70,168.25,NORDESTE,pld_horario,3733,3f279d6b-1069-42f7-9b0a-217b084729c4
3,21,202601,70,168.26,NORTE,pld_horario,3734,3f279d6b-1069-42f7-9b0a-217b084729c4
3,21,202601,70,168.26,SUDESTE,pld_horario,3735,3f279d6b-1069-42f7-9b0a-217b084729c4
3,21,202601,70,168.25,SUL,pld_horario,3736,3f279d6b-1069-42f7-9b0a-217b084729c4
3,22,202601,71,166.3,NORDESTE,pld_horario,3737,3f279d6b-1069-42f7-9b0a-217b084729c4
3,22,202601,71,166.29,NORTE,pld_horario,3738,3f279d6b-1069-42f7-9b0a-217b084729c4
3,22,202601,71,166.3,SUDESTE,pld_horario,3739,3f279d6b-1069-42f7-9b0a-217b084729c4
3,22,202601,71,166.3,SUL,pld_horario,3740,3f279d6b-1069-42f7-9b0a-217b084729c4
3,23,202601,72,165.63,NORDESTE,pld_horario,3741,3f279d6b-1069-42f7-9b0a-217b084729c4
3,23,202601,72,165.62,NORTE,pld_horario,3742,3f279d6b-1069-42f7-9b0a-217b084729c4
3,23,202601,72,165.62,SUDESTE,pld_horario,3743,3f279d6b-1069-42f7-9b0a-217b084729c4
3,23,202601,72,165.61,SUL,pld_horario,3744,3f279d6b-1069-42f7-9b0a-217b084729c4
2,0,202601,25,200.4,NORDESTE,pld_horario,3745,3f279d6b-1069-42f7-9b0a-217b084729c4
2,0,202601,25,200.39,NORTE,pld_horario,3746,3f279d6b-1069-42f7-9b0a-217b084729c4
2,0,202601,25,200.39,SUDESTE,pld_horario,3747,3f279d6b-1069-42f7-9b0a-217b084729c4
2,0,202601,25,200.38,SUL,pld_horario,3748,3f279d6b-1069-42f7-9b0a-217b084729c4
2,1,202601,26,192.6,NORDESTE,pld_horario,3749,3f279d6b-1069-42f7-9b0a-217b084729c4
2,1,202601,26,192.59,NORTE,pld_horario,3750,3f279d6b-1069-42f7-9b0a-217b084729c4
2,1,202601,26,192.59,SUDESTE,pld_horario,3751,3f279d6b-1069-42f7-9b0a-217b084729c4
2,1,202601,26,192.58,SUL,pld_horario,3752,3f279d6b-1069-42f7-9b0a-217b084729c4
2,2,202601,27,191.45,NORDESTE,pld_horario,3753,3f279d6b-1069-42f7-9b0a-217b084729c4
2,2,202601,27,191.44,NORTE,pld_horario,3754,3f279d6b-1069-42f7-9b0a-217b084729c4
2,2,202601,27,191.44,SUDESTE,pld_horario,3755,3f279d6b-1069-42f7-9b0a-217b084729c4
2,2,202601,27,191.43,SUL,pld_horario,3756,3f279d6b-1069-42f7-9b0a-217b084729c4
2,3,202601,28,190.85,NORDESTE,pld_horario,3757,3f279d6b-1069-42f7-9b0a-217b084729c4
2,3,202601,28,190.85,NORTE,pld_horario,3758,3f279d6b-1069-42f7-9b0a-217b084729c4
2,3,202601,28,190.85,SUDESTE,pld_horario,3759,3f279d6b-1069-42f7-9b0a-217b084729c4
2,3,202601,28,190.84,SUL,pld_horario,3760,3f279d6b-1069-42f7-9b0a-217b084729c4
2,4,202601,29,190.91,NORDESTE,pld_horario,3761,3f279d6b-1069-42f7-9b0a-217b084729c4
2,4,202601,29,190.91,NORTE,pld_horario,3762,3f279d6b-1069-42f7-9b0a-217b084729c4
2,4,202601,29,190.91,SUDESTE,pld_horario,3763,3f279d6b-1069-42f7-9b0a-217b084729c4
2,4,202601,29,190.9,SUL,pld_horario,3764,3f279d6b-1069-42f7-9b0a-217b084729c4
2,5,202601,30,190.65,NORDESTE,pld_horario,3765,3f279d6b-1069-42f7-9b0a-217b084729c4
2,5,202601,30,190.65,NORTE,pld_horario,3766,3f279d6b-1069-42f7-9b0a-217b084729c4
2,5,202601,30,190.64,SUDESTE,pld_horario,3767,3f279d6b-1069-42f7-9b0a-217b084729c4
2,5,202601,30,190.64,SUL,pld_horario,3768,3f279d6b-1069-42f7-9b0a-217b084729c4
2,6,202601,31,186.91,NORDESTE,pld_horario,3769,3f279d6b-1069-42f7-9b0a-217b084729c4
2,6,202601,31,186.92,NORTE,pld_horario,3770,3f279d6b-1069-42f7-9b0a-217b084729c4
2,6,202601,31,186.91,SUDESTE,pld_horario,3771,3f279d6b-1069-42f7-9b0a-217b084729c4
2,6,202601,31,186.91,SUL,pld_horario,3772,3f279d6b-1069-42f7-9b0a-217b084729c4
2,7,202601,32,183.46,NORDESTE,pld_horario,3773,3f279d6b-1069-42f7-9b0a-217b084729c4
2,7,202601,32,183.47,NORTE,pld_horario,3774,3f279d6b-1069-42f7-9b0a-217b084729c4
2,7,202601,32,183.47,SUDESTE,pld_horario,3775,3f279d6b-1069-42f7-9b0a-217b084729c4
2,7,202601,32,183.47,SUL,pld_horario,3776,3f279d6b-1069-42f7-9b0a-217b084729c4
2,8,202601,33,182.78,NORDESTE,pld_horario,3777,3f279d6b-1069-42f7-9b0a-217b084729c4
2,8,202601,33,182.79,NORTE,pld_horario,3778,3f279d6b-1069-42f7-9b0a-217b084729c4
2,8,202601,33,182.78,SUDESTE,pld_horario,3779,3f279d6b-1069-42f7-9b0a-217b084729c4
2,8,202601,33,182.79,SUL,pld_horario,3780,3f279d6b-1069-42f7-9b0a-217b084729c4
2,9,202601,34,181.7,NORDESTE,pld_horario,3781,3f279d6b-1069-42f7-9b0a-217b084729c4
2,9,202601,34,181.71,NORTE,pld_horario,3782,3f279d6b-1069-42f7-9b0a-217b084729c4
2,9,202601,34,181.7,SUDESTE,pld_horario,3783,3f279d6b-1069-42f7-9b0a-217b084729c4
2,9,202601,34,181.71,SUL,pld_horario,3784,3f279d6b-1069-42f7-9b0a-217b084729c4
2,10,202601,35,181.04,NORDESTE,pld_horario,3785,3f279d6b-1069-42f7-9b0a-217b084729c4
2,10,202601,35,181.05,NORTE,pld_horario,3786,3f279d6b-1069-42f7-9b0a-217b084729c4
2,10,202601,35,181.05,SUDESTE,pld_horario,3787,3f279d6b-1069-42f7-9b0a-217b084729c4
2,10,202601,35,181.05,SUL,pld_horario,3788,3f279d6b-1069-42f7-9b0a-217b084729c4
2,11,202601,36,181.85,NORDESTE,pld_horario,3789,3f279d6b-1069-42f7-9b0a-217b084729c4
2,11,202601,36,181.86,NORTE,pld_horario,3790,3f279d6b-1069-42f7-9b0a-217b084729c4
2,11,202601,36,181.85,SUDESTE,pld_horario,3791,3f279d6b-1069-42f7-9b0a-217b084729c4
2,11,202601,36,181.86,SUL,pld_horario,3792,3f279d6b-1069-42f7-9b0a-217b084729c4
2,12,202601,37,182.58,NORDESTE,pld_horario,3793,3f279d6b-1069-42f7-9b0a-217b084729c4
2,12,202601,37,182.59,NORTE,pld_horario,3794,3f279d6b-1069-42f7-9b0a-217b084729c4
2,12,202601,37,182.58,SUDESTE,pld_horario,3795,3f279d6b-1069-42f7-9b0a-217b084729c4
2,12,202601,37,182.59,SUL,pld_horario,3796,3f279d6b-1069-42f7-9b0a-217b084729c4
2,13,202601,38,183.46,NORDESTE,pld_horario,3797,3f279d6b-1069-42f7-9b0a-217b084729c4
2,13,202601,38,183.47,NORTE,pld_horario,3798,3f279d6b-1069-42f7-9b0a-217b084729c4
2,13,202601,38,183.46,SUDESTE,pld_horario,3799,3f279d6b-1069-42f7-9b0a-217b084729c4
2,13,202601,38,183.46,SUL,pld_horario,3800,3f279d6b-1069-42f7-9b0a-217b084729c4
2,14,202601,39,185.27,NORDESTE,pld_horario,3801,3f279d6b-1069-42f7-9b0a-217b084729c4
2,14,202601,39,185.28,NORTE,pld_horario,3802,3f279d6b-1069-42f7-9b0a-217b084729c4
2,14,202601,39,185.28,SUDESTE,pld_horario,3803,3f279d6b-1069-42f7-9b0a-217b084729c4
2,14,202601,39,185.28,SUL,pld_horario,3804,3f279d6b-1069-42f7-9b0a-217b084729c4
2,15,202601,40,187.19,NORDESTE,pld_horario,3805,3f279d6b-1069-42f7-9b0a-217b084729c4
2,15,202601,40,187.2,NORTE,pld_horario,3806,3f279d6b-1069-42f7-9b0a-217b084729c4
2,15,202601,40,187.2,SUDESTE,pld_horario,3807,3f279d6b-1069-42f7-9b0a-217b084729c4
2,15,202601,40,187.19,SUL,pld_horario,3808,3f279d6b-1069-42f7-9b0a-217b084729c4
2,16,202601,41,190.36,NORDESTE,pld_horario,3809,3f279d6b-1069-42f7-9b0a-217b084729c4
2,16,202601,41,190.37,NORTE,pld_horario,3810,3f279d6b-1069-42f7-9b0a-217b084729c4
2,16,202601,41,190.37,SUDESTE,pld_horario,3811,3f279d6b-1069-42f7-9b0a-217b084729c4
2,16,202601,41,190.36,SUL,pld_horario,3812,3f279d6b-1069-42f7-9b0a-217b084729c4
2,17,202601,42,193.7,NORDESTE,pld_horario,3813,3f279d6b-1069-42f7-9b0a-217b084729c4
2,17,202601,42,193.71,NORTE,pld_horario,3814,3f279d6b-1069-42f7-9b0a-217b084729c4
2,17,202601,42,193.71,SUDESTE,pld_horario,3815,3f279d6b-1069-42f7-9b0a-217b084729c4
2,17,202601,42,193.7,SUL,pld_horario,3816,3f279d6b-1069-42f7-9b0a-217b084729c4
2,18,202601,43,199.75,NORDESTE,pld_horario,3817,3f279d6b-1069-42f7-9b0a-217b084729c4
2,18,202601,43,199.76,NORTE,pld_horario,3818,3f279d6b-1069-42f7-9b0a-217b084729c4
2,18,202601,43,199.76,SUDESTE,pld_horario,3819,3f279d6b-1069-42f7-9b0a-217b084729c4
2,18,202601,43,199.75,SUL,pld_horario,3820,3f279d6b-1069-42f7-9b0a-217b084729c4
2,19,202601,44,210.4,NORDESTE,pld_horario,3821,3f279d6b-1069-42f7-9b0a-217b084729c4
2,19,202601,44,210.41,NORTE,pld_horario,3822,3f279d6b-1069-42f7-9b0a-217b084729c4
2,19,202601,44,210.41,SUDESTE,pld_horario,3823,3f279d6b-1069-42f7-9b0a-217b084729c4
2,19,202601,44,210.4,SUL,pld_horario,3824,3f279d6b-1069-42f7-9b0a-217b084729c4
2,20,202601,45,212.07,NORDESTE,pld_horario,3825,3f279d6b-1069-42f7-9b0a-217b084729c4
2,20,202601,45,212.07,NORTE,pld_horario,3826,3f279d6b-1069-42f7-9b0a-217b084729c4
2,20,202601,45,212.08,SUDESTE,pld_horario,3827,3f279d6b-1069-42f7-9b0a-217b084729c4
2,20,202601,45,212.08,SUL,pld_horario,3828,3f279d6b-1069-42f7-9b0a-217b084729c4
2,21,202601,46,210.19,NORDESTE,pld_horario,3829,3f279d6b-1069-42f7-9b0a-217b084729c4
2,21,202601,46,210.19,NORTE,pld_horario,3830,3f279d6b-1069-42f7-9b0a-217b084729c4
2,21,202601,46,210.2,SUDESTE,pld_horario,3831,3f279d6b-1069-42f7-9b0a-217b084729c4
2,21,202601,46,210.2,SUL,pld_horario,3832,3f279d6b-1069-42f7-9b0a-217b084729c4
2,22,202601,47,207.79,NORDESTE,pld_horario,3833,3f279d6b-1069-42f7-9b0a-217b084729c4
2,22,202601,47,207.78,NORTE,pld_horario,3834,3f279d6b-1069-42f7-9b0a-217b084729c4
2,22,202601,47,207.78,SUDESTE,pld_horario,3835,3f279d6b-1069-42f7-9b0a-217b084729c4
2,22,202601,47,207.78,SUL,pld_horario,3836,3f279d6b-1069-42f7-9b0a-217b084729c4
2,23,202601,48,199.24,NORDESTE,pld_horario,3837,3f279d6b-1069-42f7-9b0a-217b084729c4
2,23,202601,48,199.24,NORTE,pld_horario,3838,3f279d6b-1069-42f7-9b0a-217b084729c4
2,23,202601,48,199.24,SUDESTE,pld_horario,3839,3f279d6b-1069-42f7-9b0a-217b084729c4
2,23,202601,48,199.23,SUL,pld_horario,3840,3f279d6b-1069-42f7-9b0a-217b084729c4
1,0,202601,1,191.98,NORDESTE,pld_horario,3841,3f279d6b-1069-42f7-9b0a-217b084729c4
1,0,202601,1,191.97,NORTE,pld_horario,3842,3f279d6b-1069-42f7-9b0a-217b084729c4
1,0,202601,1,191.97,SUDESTE,pld_horario,3843,3f279d6b-1069-42f7-9b0a-217b084729c4
1,0,202601,1,191.96,SUL,pld_horario,3844,3f279d6b-1069-42f7-9b0a-217b084729c4
1,1,202601,2,192.36,NORDESTE,pld_horario,3845,3f279d6b-1069-42f7-9b0a-217b084729c4
1,1,202601,2,192.35,NORTE,pld_horario,3846,3f279d6b-1069-42f7-9b0a-217b084729c4
1,1,202601,2,192.35,SUDESTE,pld_horario,3847,3f279d6b-1069-42f7-9b0a-217b084729c4
1,1,202601,2,192.34,SUL,pld_horario,3848,3f279d6b-1069-42f7-9b0a-217b084729c4
1,2,202601,3,192.3,NORDESTE,pld_horario,3849,3f279d6b-1069-42f7-9b0a-217b084729c4
1,2,202601,3,192.29,NORTE,pld_horario,3850,3f279d6b-1069-42f7-9b0a-217b084729c4
1,2,202601,3,192.29,SUDESTE,pld_horario,3851,3f279d6b-1069-42f7-9b0a-217b084729c4
1,2,202601,3,192.28,SUL,pld_horario,3852,3f279d6b-1069-42f7-9b0a-217b084729c4
1,3,202601,4,191.16,NORDESTE,pld_horario,3853,3f279d6b-1069-42f7-9b0a-217b084729c4
1,3,202601,4,191.15,NORTE,pld_horario,3854,3f279d6b-1069-42f7-9b0a-217b084729c4
1,3,202601,4,191.15,SUDESTE,pld_horario,3855,3f279d6b-1069-42f7-9b0a-217b084729c4
1,3,202601,4,191.14,SUL,pld_horario,3856,3f279d6b-1069-42f7-9b0a-217b084729c4
1,4,202601,5,191.06,NORDESTE,pld_horario,3857,3f279d6b-1069-42f7-9b0a-217b084729c4
1,4,202601,5,191.06,NORTE,pld_horario,3858,3f279d6b-1069-42f7-9b0a-217b084729c4
1,4,202601,5,191.06,SUDESTE,pld_horario,3859,3f279d6b-1069-42f7-9b0a-217b084729c4
1,4,202601,5,191.05,SUL,pld_horario,3860,3f279d6b-1069-42f7-9b0a-217b084729c4
1,5,202601,6,189.34,NORDESTE,pld_horario,3861,3f279d6b-1069-42f7-9b0a-217b084729c4
1,5,202601,6,189.34,NORTE,pld_horario,3862,3f279d6b-1069-42f7-9b0a-217b084729c4
1,5,202601,6,189.34,SUDESTE,pld_horario,3863,3f279d6b-1069-42f7-9b0a-217b084729c4
1,5,202601,6,189.33,SUL,pld_horario,3864,3f279d6b-1069-42f7-9b0a-217b084729c4
1,6,202601,7,184.09,NORDESTE,pld_horario,3865,3f279d6b-1069-42f7-9b0a-217b084729c4
1,6,202601,7,184.09,NORTE,pld_horario,3866,3f279d6b-1069-42f7-9b0a-217b084729c4
1,6,202601,7,184.09,SUDESTE,pld_horario,3867,3f279d6b-1069-42f7-9b0a-217b084729c4
1,6,202601,7,184.09,SUL,pld_horario,3868,3f279d6b-1069-42f7-9b0a-217b084729c4
1,7,202601,8,169.06,NORDESTE,pld_horario,3869,3f279d6b-1069-42f7-9b0a-217b084729c4
1,7,202601,8,169.07,NORTE,pld_horario,3870,3f279d6b-1069-42f7-9b0a-217b084729c4
1,7,202601,8,169.06,SUDESTE,pld_horario,3871,3f279d6b-1069-42f7-9b0a-217b084729c4
1,7,202601,8,169.07,SUL,pld_horario,3872,3f279d6b-1069-42f7-9b0a-217b084729c4
1,8,202601,9,57.31,NORDESTE,pld_horario,3873,3f279d6b-1069-42f7-9b0a-217b084729c4
1,8,202601,9,57.31,NORTE,pld_horario,3874,3f279d6b-1069-42f7-9b0a-217b084729c4
1,8,202601,9,57.31,SUDESTE,pld_horario,3875,3f279d6b-1069-42f7-9b0a-217b084729c4
1,8,202601,9,57.31,SUL,pld_horario,3876,3f279d6b-1069-42f7-9b0a-217b084729c4
1,9,202601,10,57.31,NORDESTE,pld_horario,3877,3f279d6b-1069-42f7-9b0a-217b084729c4
1,9,202601,10,57.31,NORTE,pld_horario,3878,3f279d6b-1069-42f7-9b0a-217b084729c4
1,9,202601,10,57.31,SUDESTE,pld_horario,3879,3f279d6b-1069-42f7-9b0a-217b084729c4
1,9,202601,10,57.31,SUL,pld_horario,3880,3f279d6b-1069-42f7-9b0a-217b084729c4
1,10,202601,11,57.31,NORDESTE,pld_horario,3881,3f279d6b-1069-42f7-9b0a-217b084729c4
1,10,202601,11,57.31,NORTE,pld_horario,3882,3f279d6b-1069-42f7-9b0a-217b084729c4
1,10,202601,11,57.31,SUDESTE,pld_horario,3883,3f279d6b-1069-42f7-9b0a-217b084729c4
1,10,202601,11,57.31,SUL,pld_horario,3884,3f279d6b-1069-42f7-9b0a-217b084729c4
1,11,202601,12,57.31,NORDESTE,pld_horario,3885,3f279d6b-1069-42f7-9b0a-217b084729c4
1,11,202601,12,57.31,NORTE,pld_horario,3886,3f279d6b-1069-42f7-9b0a-217b084729c4
1,11,202601,12,57.31,SUDESTE,pld_horario,3887,3f279d6b-1069-42f7-9b0a-217b084729c4
1,11,202601,12,57.31,SUL,pld_horario,3888,3f279d6b-1069-42f7-9b0a-217b084729c4
1,12,202601,13,57.31,NORDESTE,pld_horario,3889,3f279d6b-1069-42f7-9b0a-217b084729c4
1,12,202601,13,57.31,NORTE,pld_horario,3890,3f279d6b-1069-42f7-9b0a-217b084729c4
1,12,202601,13,57.31,SUDESTE,pld_horario,3891,3f279d6b-1069-42f7-9b0a-217b084729c4
1,12,202601,13,57.31,SUL,pld_horario,3892,3f279d6b-1069-42f7-9b0a-217b084729c4
1,13,202601,14,57.31,NORDESTE,pld_horario,3893,3f279d6b-1069-42f7-9b0a-217b084729c4
1,13,202601,14,57.31,NORTE,pld_horario,3894,3f279d6b-1069-42f7-9b0a-217b084729c4
1,13,202601,14,57.31,SUDESTE,pld_horario,3895,3f279d6b-1069-42f7-9b0a-217b084729c4
1,13,202601,14,57.31,SUL,pld_horario,3896,3f279d6b-1069-42f7-9b0a-217b084729c4
1,14,202601,15,57.31,NORDESTE,pld_horario,3897,3f279d6b-1069-42f7-9b0a-217b084729c4
1,14,202601,15,57.31,NORTE,pld_horario,3898,3f279d6b-1069-42f7-9b0a-217b084729c4
1,14,202601,15,57.31,SUDESTE,pld_horario,3899,3f279d6b-1069-42f7-9b0a-217b084729c4
1,14,202601,15,57.31,SUL,pld_horario,3900,3f279d6b-1069-42f7-9b0a-217b084729c4
1,15,202601,16,165.99,NORDESTE,pld_horario,3901,3f279d6b-1069-42f7-9b0a-217b084729c4
1,15,202601,16,166.0,NORTE,pld_horario,3902,3f279d6b-1069-42f7-9b0a-217b084729c4
1,15,202601,16,165.99,SUDESTE,pld_horario,3903,3f279d6b-1069-42f7-9b0a-217b084729c4
1,15,202601,16,166.0,SUL,pld_horario,3904,3f279d6b-1069-42f7-9b0a-217b084729c4
1,16,202601,17,180.58,NORDESTE,pld_horario,3905,3f279d6b-1069-42f7-9b0a-217b084729c4
1,16,202601,17,180.58,NORTE,pld_horario,3906,3f279d6b-1069-42f7-9b0a-217b084729c4
1,16,202601,17,180.58,SUDESTE,pld_horario,3907,3f279d6b-1069-42f7-9b0a-217b084729c4
1,16,202601,17,180.59,SUL,pld_horario,3908,3f279d6b-1069-42f7-9b0a-217b084729c4
1,17,202601,18,186.97,NORDESTE,pld_horario,3909,3f279d6b-1069-42f7-9b0a-217b084729c4
1,17,202601,18,186.98,NORTE,pld_horario,3910,3f279d6b-1069-42f7-9b0a-217b084729c4
1,17,202601,18,186.98,SUDESTE,pld_horario,3911,3f279d6b-1069-42f7-9b0a-217b084729c4
1,17,202601,18,186.98,SUL,pld_horario,3912,3f279d6b-1069-42f7-9b0a-217b084729c4
1,18,202601,19,192.07,NORDESTE,pld_horario,3913,3f279d6b-1069-42f7-9b0a-217b084729c4
1,18,202601,19,192.07,NORTE,pld_horario,3914,3f279d6b-1069-42f7-9b0a-217b084729c4
1,18,202601,19,192.07,SUDESTE,pld_horario,3915,3f279d6b-1069-42f7-9b0a-217b084729c4
1,18,202601,19,192.06,SUL,pld_horario,3916,3f279d6b-1069-42f7-9b0a-217b084729c4
1,19,202601,20,196.35,NORDESTE,pld_horario,3917,3f279d6b-1069-42f7-9b0a-217b084729c4
1,19,202601,20,196.36,NORTE,pld_horario,3918,3f279d6b-1069-42f7-9b0a-217b084729c4
1,19,202601,20,196.36,SUDESTE,pld_horario,3919,3f279d6b-1069-42f7-9b0a-217b084729c4
1,19,202601,20,196.35,SUL,pld_horario,3920,3f279d6b-1069-42f7-9b0a-217b084729c4
1,20,202601,21,197.18,NORDESTE,pld_horario,3921,3f279d6b-1069-42f7-9b0a-217b084729c4
1,20,202601,21,197.18,NORTE,pld_horario,3922,3f279d6b-1069-42f7-9b0a-217b084729c4
1,20,202601,21,197.18,SUDESTE,pld_horario,3923,3f279d6b-1069-42f7-9b0a-217b084729c4
1,20,202601,21,197.17,SUL,pld_horario,3924,3f279d6b-1069-42f7-9b0a-217b084729c4
1,21,202601,22,196.97,NORDESTE,pld_horario,3925,3f279d6b-1069-42f7-9b0a-217b084729c4
1,21,202601,22,196.97,NORTE,pld_horario,3926,3f279d6b-1069-42f7-9b0a-217b084729c4
1,21,202601,22,196.97,SUDESTE,pld_horario,3927,3f279d6b-1069-42f7-9b0a-217b084729c4
1,21,202601,22,196.96,SUL,pld_horario,3928,3f279d6b-1069-42f7-9b0a-217b084729c4
1,22,202601,23,196.86,NORDESTE,pld_horario,3929,3f279d6b-1069-42f7-9b0a-217b084729c4
1,22,202601,23,196.86,NORTE,pld_horario,3930,3f279d6b-1069-42f7-9b0a-217b084729c4
1,22,202601,23,196.86,SUDESTE,pld_horario,3931,3f279d6b-1069-42f7-9b0a-217b084729c4
1,22,202601,23,196.85,SUL,pld_horario,3932,3f279d6b-1069-42f7-9b0a-217b084729c4
1,23,202601,24,193.76,NORDESTE,pld_horario,3933,3f279d6b-1069-42f7-9b0a-217b084729c4
1,23,202601,24,193.76,NORTE,pld_horario,3934,3f279d6b-1069-42f7-9b0a-217b084729c4
1,23,202601,24,193.76,SUDESTE,pld_horario,3935,3f279d6b-1069-42f7-9b0a-217b084729c4
1,23,202601,24,193.75,SUL,pld_horario,3936,3f279d6b-1069-42f7-9b0a-217b084729c4
