din_instante;id_subsistema_origem;nom_subsistema_origem;id_subsistema_destino;nom_subsistema_destino;val_intercambiomwmed
2026-01-01 00:00:00;N;NORTE;NE;NORDESTE;1728.325
2026-01-01 00:00:00;N;NORTE;SE;SUDESTE;4365.847
2026-01-01 00:00:00;NE;NORDESTE;SE;SUDESTE;2443.005
2026-01-01 00:00:00;SE;SUDESTE;S;SUL;-1435.692
2026-01-01 01:00:00;N;NORTE;NE;NORDESTE;1940.328
2026-01-01 01:00:00;N;NORTE;SE;SUDESTE;4306.722
2026-01-01 01:00:00;NE;NORDESTE;SE;SUDESTE;2128.533
2026-01-01 01:00:00;SE;SUDESTE;S;SUL;-2456.717
2026-01-01 02:00:00;N;NORTE;NE;NORDESTE;1964.693
2026-01-01 02:00:00;N;NORTE;SE;SUDESTE;3719.389
2026-01-01 02:00:00;NE;NORDESTE;SE;SUDESTE;1375.222
2026-01-01 02:00:00;SE;SUDESTE;S;SUL;-3846.461
2026-01-01 03:00:00;N;NORTE;NE;NORDESTE;1799.06
2026-01-01 03:00:00;N;NORTE;SE;SUDESTE;2248.337
2026-01-01 03:00:00;NE;NORDESTE;SE;SUDESTE;440.02
2026-01-01 03:00:00;SE;SUDESTE;S;SUL;-4340.51
2026-01-01 04:00:00;N;NORTE;NE;NORDESTE;1294.654
2026-01-01 04:00:00;N;NORTE;SE;SUDESTE;1395.035
2026-01-01 04:00:00;NE;NORDESTE;SE;SUDESTE;-431.794
2026-01-01 04:00:00;SE;SUDESTE;S;SUL;-4572.566
2026-01-01 05:00:00;N;NORTE;NE;NORDESTE;272.784
2026-01-01 05:00:00;N;NORTE;SE;SUDESTE;819.382
2026-01-01 05:00:00;NE;NORDESTE;SE;SUDESTE;-999.801
2026-01-01 05:00:00;SE;SUDESTE;S;SUL;-4689.394
2026-01-01 06:00:00;N;NORTE;NE;NORDESTE;-1784.911
2026-01-01 06:00:00;N;NORTE;SE;SUDESTE;1910.533
2026-01-01 06:00:00;NE;NORDESTE;SE;SUDESTE;881.004
2026-01-01 06:00:00;SE;SUDESTE;S;SUL;-1463.187
2026-01-01 07:00:00;N;NORTE;NE;NORDESTE;-3614.563
2026-01-01 07:00:00;N;NORTE;SE;SUDESTE;2641.221
2026-01-01 07:00:00;NE;NORDESTE;SE;SUDESTE;2733.15299999
2026-01-01 07:00:00;SE;SUDESTE;S;SUL;2702.105
2026-01-01 08:00:00;N;NORTE;NE;NORDESTE;-3437.266
2026-01-01 08:00:00;N;NORTE;SE;SUDESTE;2583.34
2026-01-01 08:00:00;NE;NORDESTE;SE;SUDESTE;2698.607
2026-01-01 08:00:00;SE;SUDESTE;S;SUL;2763.096
2026-01-01 09:00:00;N;NORTE;NE;NORDESTE;-2488.196
2026-01-01 09:00:00;N;NORTE;SE;SUDESTE;1984.237
2026-01-01 09:00:00;NE;NORDESTE;SE;SUDESTE;1084.67
2026-01-01 09:00:00;SE;SUDESTE;S;SUL;2019.517
2026-01-01 10:00:00;N;NORTE;NE;NORDESTE;-2036.249
2026-01-01 10:00:00;N;NORTE;SE;SUDESTE;1855.369
2026-01-01 10:00:00;NE;NORDESTE;SE;SUDESTE;338.035
2026-01-01 10:00:00;SE;SUDESTE;S;SUL;1318.62899999
2026-01-01 11:00:00;N;NORTE;NE;NORDESTE;-2145.87
2026-01-01 11:00:00;N;NORTE;SE;SUDESTE;1956.594
2026-01-01 11:00:00;NE;NORDESTE;SE;SUDESTE;333.175
2026-01-01 11:00:00;SE;SUDESTE;S;SUL;954.753
2026-01-01 12:00:00;N;NORTE;NE;NORDESTE;-2316.48999999
2026-01-01 12:00:00;N;NORTE;SE;SUDESTE;2089.388
2026-01-01 12:00:00;NE;NORDESTE;SE;SUDESTE;513.684
2026-01-01 12:00:00;SE;SUDESTE;S;SUL;1024.208
2026-01-01 13:00:00;N;NORTE;NE;NORDESTE;-2572.826
2026-01-01 13:00:00;N;NORTE;SE;SUDESTE;2366.45899999
2026-01-01 13:00:00;NE;NORDESTE;SE;SUDESTE;732.639
2026-01-01 13:00:00;SE;SUDESTE;S;SUL;1225.24499999
2026-01-01 14:00:00;N;NORTE;NE;NORDESTE;-3125.218
2026-01-01 14:00:00;N;NORTE;SE;SUDESTE;2672.175
2026-01-01 14:00:00;NE;NORDESTE;SE;SUDESTE;1462.931
2026-01-01 14:00:00;SE;SUDESTE;S;SUL;1467.704
2026-01-01 15:00:00;N;NORTE;NE;NORDESTE;-3790.466
2026-01-01 15:00:00;N;NORTE;SE;SUDESTE;2816.694
2026-01-01 15:00:00;NE;NORDESTE;SE;SUDESTE;2095.216
2026-01-01 15:00:00;SE;SUDESTE;S;SUL;2191.486
2026-01-01 16:00:00;N;NORTE;NE;NORDESTE;-2941.75
2026-01-01 16:00:00;N;NORTE;SE;SUDESTE;2512.251
2026-01-01 16:00:00;NE;NORDESTE;SE;SUDESTE;1031.766
2026-01-01 16:00:00;SE;SUDESTE;S;SUL;2130.494
2026-01-01 17:00:00;N;NORTE;NE;NORDESTE;-1072.253
2026-01-01 17:00:00;N;NORTE;SE;SUDESTE;2161.54
2026-01-01 17:00:00;NE;NORDESTE;SE;SUDESTE;410.557
2026-01-01 17:00:00;SE;SUDESTE;S;SUL;610.701
2026-01-01 18:00:00;N;NORTE;NE;NORDESTE;-139.202
2026-01-01 18:00:00;N;NORTE;SE;SUDESTE;2528.66199999
2026-01-01 18:00:00;NE;NORDESTE;SE;SUDESTE;952.951
2026-01-01 18:00:00;SE;SUDESTE;S;SUL;-1362.45599999
2026-01-01 19:00:00;N;NORTE;NE;NORDESTE;-208.695
2026-01-01 19:00:00;N;NORTE;SE;SUDESTE;3242.63
2026-01-01 19:00:00;NE;NORDESTE;SE;SUDESTE;2004.085
2026-01-01 19:00:00;SE;SUDESTE;S;SUL;-1681.079
2026-01-01 20:00:00;N;NORTE;NE;NORDESTE;298.967
2026-01-01 20:00:00;N;NORTE;SE;SUDESTE;4239.209
2026-01-01 20:00:00;NE;NORDESTE;SE;SUDESTE;1931.047
2026-01-01 20:00:00;SE;SUDESTE;S;SUL;-682.131
2026-01-01 21:00:00;N;NORTE;NE;NORDESTE;1289.92699999
2026-01-01 21:00:00;N;NORTE;SE;SUDESTE;4880.448
2026-01-01 21:00:00;NE;NORDESTE;SE;SUDESTE;1793.124
2026-01-01 21:00:00;SE;SUDESTE;S;SUL;-111.367
2026-01-01 22:00:00;N;NORTE;NE;NORDESTE;2122.473
2026-01-01 22:00:00;N;NORTE;SE;SUDESTE;4567.54299999
2026-01-01 22:00:00;NE;NORDESTE;SE;SUDESTE;728.0
2026-01-01 22:00:00;SE;SUDESTE;S;SUL;-931.501
2026-01-01 23:00:00;N;NORTE;NE;NORDESTE;2511.445
2026-01-01 23:00:00;N;NORTE;SE;SUDESTE;4135.572
2026-01-01 23:00:00;NE;NORDESTE;SE;SUDESTE;-432.689
2026-01-01 23:00:00;SE;SUDESTE;S;SUL;-1440.66
2026-01-02 00:00:00;N;NORTE;NE;NORDESTE;2974.374
2026-01-02 00:00:00;N;NORTE;SE;SUDESTE;3520.173
2026-01-02 00:00:00;NE;NORDESTE;SE;SUDESTE;-1472.73
2026-01-02 00:00:00;SE;SUDESTE;S;SUL;-3002.25
2026-01-02 01:00:00;N;NORTE;NE;NORDESTE;3025.703
2026-01-02 01:00:00;N;NORTE;SE;SUDESTE;2830.363
2026-01-02 01:00:00;NE;NORDESTE;SE;SUDESTE;-2299.708
2026-01-02 01:00:00;SE;SUDESTE;S;SUL;-3914.145
2026-01-02 02:00:00;N;NORTE;NE;NORDESTE;3244.201
2026-01-02 02:00:00;N;NORTE;SE;SUDESTE;1238.086
2026-01-02 02:00:00;NE;NORDESTE;SE;SUDESTE;-3138.191
2026-01-02 02:00:00;SE;SUDESTE;S;SUL;-4336.52499999
2026-01-02 03:00:00;N;NORTE;NE;NORDESTE;3114.348
2026-01-02 03:00:00;N;NORTE;SE;SUDESTE;177.57
2026-01-02 03:00:00;NE;NORDESTE;SE;SUDESTE;-3458.059
2026-01-02 03:00:00;SE;SUDESTE;S;SUL;-4650.34
2026-01-02 04:00:00;N;NORTE;NE;NORDESTE;2836.378
2026-01-02 04:00:00;N;NORTE;SE;SUDESTE;-259.461
2026-01-02 04:00:00;NE;NORDESTE;SE;SUDESTE;-3598.37
2026-01-02 04:00:00;SE;SUDESTE;S;SUL;-4725.819
2026-01-02 05:00:00;N;NORTE;NE;NORDESTE;2008.218
2026-01-02 05:00:00;N;NORTE;SE;SUDESTE;-707.387
2026-01-02 05:00:00;NE;NORDESTE;SE;SUDESTE;-2947.547
2026-01-02 05:00:00;SE;SUDESTE;S;SUL;-4888.924
2026-01-02 06:00:00;N;NORTE;NE;NORDESTE;-252.248
2026-01-02 06:00:00;N;NORTE;SE;SUDESTE;-478.794
2026-01-02 06:00:00;NE;NORDESTE;SE;SUDESTE;-1031.794
2026-01-02 06:00:00;SE;SUDESTE;S;SUL;-3788.823
2026-01-02 07:00:00;N;NORTE;NE;NORDESTE;-2288.11499999
2026-01-02 07:00:00;N;NORTE;SE;SUDESTE;1179.98
2026-01-02 07:00:00;NE;NORDESTE;SE;SUDESTE;1325.328
2026-01-02 07:00:00;SE;SUDESTE;S;SUL;932.26
2026-01-02 08:00:00;N;NORTE;NE;NORDESTE;-2415.504
2026-01-02 08:00:00;N;NORTE;SE;SUDESTE;1592.093
2026-01-02 08:00:00;NE;NORDESTE;SE;SUDESTE;1341.401
2026-01-02 08:00:00;SE;SUDESTE;S;SUL;1497.463
2026-01-02 09:00:00;N;NORTE;NE;NORDESTE;-2455.58
2026-01-02 09:00:00;N;NORTE;SE;SUDESTE;1652.355
2026-01-02 09:00:00;NE;NORDESTE;SE;SUDESTE;1453.128
2026-01-02 09:00:00;SE;SUDESTE;S;SUL;983.949
2026-01-02 10:00:00;N;NORTE;NE;NORDESTE;-2244.236
2026-01-02 10:00:00;N;NORTE;SE;SUDESTE;1497.431
2026-01-02 10:00:00;NE;NORDESTE;SE;SUDESTE;1124.635
2026-01-02 10:00:00;SE;SUDESTE;S;SUL;817.19
2026-01-02 11:00:00;N;NORTE;NE;NORDESTE;-2311.455
2026-01-02 11:00:00;N;NORTE;SE;SUDESTE;1651.801
2026-01-02 11:00:00;NE;NORDESTE;SE;SUDESTE;1165.967
2026-01-02 11:00:00;SE;SUDESTE;S;SUL;786.587
2026-01-02 12:00:00;N;NORTE;NE;NORDESTE;-2673.031
2026-01-02 12:00:00;N;NORTE;SE;SUDESTE;1805.995
2026-01-02 12:00:00;NE;NORDESTE;SE;SUDESTE;1777.916
2026-01-02 12:00:00;SE;SUDESTE;S;SUL;1156.961
2026-01-02 13:00:00;N;NORTE;NE;NORDESTE;-2888.191
2026-01-02 13:00:00;N;NORTE;SE;SUDESTE;1580.834
2026-01-02 13:00:00;NE;NORDESTE;SE;SUDESTE;1841.941
2026-01-02 13:00:00;SE;SUDESTE;S;SUL;1297.592
2026-01-02 14:00:00;N;NORTE;NE;NORDESTE;-3370.455
2026-01-02 14:00:00;N;NORTE;SE;SUDESTE;1567.382
2026-01-02 14:00:00;NE;NORDESTE;SE;SUDESTE;2472.286
2026-01-02 14:00:00;SE;SUDESTE;S;SUL;1531.499
2026-01-02 15:00:00;N;NORTE;NE;NORDESTE;-3014.258
2026-01-02 15:00:00;N;NORTE;SE;SUDESTE;1177.497
2026-01-02 15:00:00;NE;NORDESTE;SE;SUDESTE;2035.709
2026-01-02 15:00:00;SE;SUDESTE;S;SUL;687.588
2026-01-02 16:00:00;N;NORTE;NE;NORDESTE;-1445.076
2026-01-02 16:00:00;N;NORTE;SE;SUDESTE;1640.175
2026-01-02 16:00:00;NE;NORDESTE;SE;SUDESTE;1522.169
2026-01-02 16:00:00;SE;SUDESTE;S;SUL;-327.053
2026-01-02 17:00:00;N;NORTE;NE;NORDESTE;-352.58
2026-01-02 17:00:00;N;NORTE;SE;SUDESTE;2271.841
2026-01-02 17:00:00;NE;NORDESTE;SE;SUDESTE;809.252
2026-01-02 17:00:00;SE;SUDESTE;S;SUL;-1386.566
2026-01-02 18:00:00;N;NORTE;NE;NORDESTE;447.937
2026-01-02 18:00:00;N;NORTE;SE;SUDESTE;3885.206
2026-01-02 18:00:00;NE;NORDESTE;SE;SUDESTE;1209.468
2026-01-02 18:00:00;SE;SUDESTE;S;SUL;-1241.471
2026-01-02 19:00:00;N;NORTE;NE;NORDESTE;1347.403
2026-01-02 19:00:00;N;NORTE;SE;SUDESTE;4057.828
2026-01-02 19:00:00;NE;NORDESTE;SE;SUDESTE;1678.694
2026-01-02 19:00:00;SE;SUDESTE;S;SUL;-825.831
2026-01-02 20:00:00;N;NORTE;NE;NORDESTE;1455.487
2026-01-02 20:00:00;N;NORTE;SE;SUDESTE;4122.338
2026-01-02 20:00:00;NE;NORDESTE;SE;SUDESTE;2322.806
2026-01-02 20:00:00;SE;SUDESTE;S;SUL;898.32
2026-01-02 21:00:00;N;NORTE;NE;NORDESTE;1943.555
2026-01-02 21:00:00;N;NORTE;SE;SUDESTE;3654.855
2026-01-02 21:00:00;NE;NORDESTE;SE;SUDESTE;1497.524
2026-01-02 21:00:00;SE;SUDESTE;S;SUL;598.349
2026-01-02 22:00:00;N;NORTE;NE;NORDESTE;2186.442
2026-01-02 22:00:00;N;NORTE;SE;SUDESTE;3059.564
2026-01-02 22:00:00;NE;NORDESTE;SE;SUDESTE;651.219
2026-01-02 22:00:00;SE;SUDESTE;S;SUL;191.408
2026-01-02 23:00:00;N;NORTE;NE;NORDESTE;2333.29599999
2026-01-02 23:00:00;N;NORTE;SE;SUDESTE;2540.368
2026-01-02 23:00:00;NE;NORDESTE;SE;SUDESTE;-508.024
2026-01-02 23:00:00;SE;SUDESTE;S;SUL;-1192.242
2026-01-03 00:00:00;N;NORTE;NE;NORDESTE;2772.053
2026-01-03 00:00:00;N;NORTE;SE;SUDESTE;2167.87
2026-01-03 00:00:00;NE;NORDESTE;SE;SUDESTE;-1531.223
2026-01-03 00:00:00;SE;SUDESTE;S;SUL;-2271.246
2026-01-03 01:00:00;N;NORTE;NE;NORDESTE;2556.096
2026-01-03 01:00:00;N;NORTE;SE;SUDESTE;1876.817
2026-01-03 01:00:00;NE;NORDESTE;SE;SUDESTE;-1693.532
2026-01-03 01:00:00;SE;SUDESTE;S;SUL;-2811.854
2026-01-03 02:00:00;N;NORTE;NE;NORDESTE;2199.71
2026-01-03 02:00:00;N;NORTE;SE;SUDESTE;1199.221
2026-01-03 02:00:00;NE;NORDESTE;SE;SUDESTE;-1737.661
2026-01-03 02:00:00;SE;SUDESTE;S;SUL;-3285.278
2026-01-03 03:00:00;N;NORTE;NE;NORDESTE;1879.145
2026-01-03 03:00:00;N;NORTE;SE;SUDESTE;603.91099999
2026-01-03 03:00:00;NE;NORDESTE;SE;SUDESTE;-2352.306
2026-01-03 03:00:00;SE;SUDESTE;S;SUL;-4344.934
2026-01-03 04:00:00;N;NORTE;NE;NORDESTE;1471.03
2026-01-03 04:00:00;N;NORTE;SE;SUDESTE;-59.548
2026-01-03 04:00:00;NE;NORDESTE;SE;SUDESTE;-3072.531
2026-01-03 04:00:00;SE;SUDESTE;S;SUL;-5090.895
2026-01-03 05:00:00;N;NORTE;NE;NORDESTE;898.834
2026-01-03 05:00:00;N;NORTE;SE;SUDESTE;-858.976
2026-01-03 05:00:00;NE;NORDESTE;SE;SUDESTE;-3089.843
2026-01-03 05:00:00;SE;SUDESTE;S;SUL;-5408.81499999
2026-01-03 06:00:00;N;NORTE;NE;NORDESTE;-168.095
2026-01-03 06:00:00;N;NORTE;SE;SUDESTE;-422.946
2026-01-03 06:00:00;NE;NORDESTE;SE;SUDESTE;-1238.181
2026-01-03 06:00:00;SE;SUDESTE;S;SUL;-4422.61399999
2026-01-03 07:00:00;N;NORTE;NE;NORDESTE;-2096.927
2026-01-03 07:00:00;N;NORTE;SE;SUDESTE;769.17
2026-01-03 07:00:00;NE;NORDESTE;SE;SUDESTE;1116.92699999
2026-01-03 07:00:00;SE;SUDESTE;S;SUL;-1682.888
2026-01-03 08:00:00;N;NORTE;NE;NORDESTE;-2996.154
2026-01-03 08:00:00;N;NORTE;SE;SUDESTE;1431.674
2026-01-03 08:00:00;NE;NORDESTE;SE;SUDESTE;2314.565
2026-01-03 08:00:00;SE;SUDESTE;S;SUL;-309.168
2026-01-03 09:00:00;N;NORTE;NE;NORDESTE;-3181.356
2026-01-03 09:00:00;N;NORTE;SE;SUDESTE;1585.818
2026-01-03 09:00:00;NE;NORDESTE;SE;SUDESTE;2531.967
2026-01-03 09:00:00;SE;SUDESTE;S;SUL;391.276
2026-01-03 10:00:00;N;NORTE;NE;NORDESTE;-2647.823
2026-01-03 10:00:00;N;NORTE;SE;SUDESTE;1402.684
2026-01-03 10:00:00;NE;NORDESTE;SE;SUDESTE;1973.908
2026-01-03 10:00:00;SE;SUDESTE;S;SUL;278.75599999
2026-01-03 11:00:00;N;NORTE;NE;NORDESTE;-2315.699
2026-01-03 11:00:00;N;NORTE;SE;SUDESTE;1185.544
2026-01-03 11:00:00;NE;NORDESTE;SE;SUDESTE;1446.686
2026-01-03 11:00:00;SE;SUDESTE;S;SUL;169.36699999
2026-01-03 12:00:00;N;NORTE;NE;NORDESTE;-2161.772
2026-01-03 12:00:00;N;NORTE;SE;SUDESTE;1025.099
2026-01-03 12:00:00;NE;NORDESTE;SE;SUDESTE;1030.032
2026-01-03 12:00:00;SE;SUDESTE;S;SUL;-161.854
2026-01-03 13:00:00;N;NORTE;NE;NORDESTE;-2395.17299999
2026-01-03 13:00:00;N;NORTE;SE;SUDESTE;1244.505
2026-01-03 13:00:00;NE;NORDESTE;SE;SUDESTE;1079.038
2026-01-03 13:00:00;SE;SUDESTE;S;SUL;3.439
2026-01-03 14:00:00;N;NORTE;NE;NORDESTE;-2883.686
2026-01-03 14:00:00;N;NORTE;SE;SUDESTE;1333.972
2026-01-03 14:00:00;NE;NORDESTE;SE;SUDESTE;1469.914
2026-01-03 14:00:00;SE;SUDESTE;S;SUL;-40.202
2026-01-03 15:00:00;N;NORTE;NE;NORDESTE;-3283.222
2026-01-03 15:00:00;N;NORTE;SE;SUDESTE;1304.605
2026-01-03 15:00:00;NE;NORDESTE;SE;SUDESTE;2178.462
2026-01-03 15:00:00;SE;SUDESTE;S;SUL;346.696
2026-01-03 16:00:00;N;NORTE;NE;NORDESTE;-2369.963
2026-01-03 16:00:00;N;NORTE;SE;SUDESTE;1579.357
2026-01-03 16:00:00;NE;NORDESTE;SE;SUDESTE;1455.266
2026-01-03 16:00:00;SE;SUDESTE;S;SUL;596.197
2026-01-03 17:00:00;N;NORTE;NE;NORDESTE;-1124.31
2026-01-03 17:00:00;N;NORTE;SE;SUDESTE;3406.393
2026-01-03 17:00:00;NE;NORDESTE;SE;SUDESTE;522.07899999
2026-01-03 17:00:00;SE;SUDESTE;S;SUL;-387.979
2026-01-03 18:00:00;N;NORTE;NE;NORDESTE;76.328
2026-01-03 18:00:00;N;NORTE;SE;SUDESTE;4154.41299999
2026-01-03 18:00:00;NE;NORDESTE;SE;SUDESTE;712.468
2026-01-03 18:00:00;SE;SUDESTE;S;SUL;-2509.962
2026-01-03 19:00:00;N;NORTE;NE;NORDESTE;535.05499999
2026-01-03 19:00:00;N;NORTE;SE;SUDESTE;4568.029
2026-01-03 19:00:00;NE;NORDESTE;SE;SUDESTE;1199.646
2026-01-03 19:00:00;SE;SUDESTE;S;SUL;-2875.774
2026-01-03 20:00:00;N;NORTE;NE;NORDESTE;410.081
2026-01-03 20:00:00;N;NORTE;SE;SUDESTE;3949.586
2026-01-03 20:00:00;NE;NORDESTE;SE;SUDESTE;712.009
2026-01-03 20:00:00;SE;SUDESTE;S;SUL;-2821.005
2026-01-03 21:00:00;N;NORTE;NE;NORDESTE;438.085
2026-01-03 21:00:00;N;NORTE;SE;SUDESTE;2888.865
2026-01-03 21:00:00;NE;NORDESTE;SE;SUDESTE;-710.382
2026-01-03 21:00:00;SE;SUDESTE;S;SUL;-3383.327
2026-01-03 22:00:00;N;NORTE;NE;NORDESTE;857.983
2026-01-03 22:00:00;N;NORTE;SE;SUDESTE;1883.674
2026-01-03 22:00:00;NE;NORDESTE;SE;SUDESTE;-2047.845
2026-01-03 22:00:00;SE;SUDESTE;S;SUL;-4087.134
2026-01-03 23:00:00;N;NORTE;NE;NORDESTE;2103.449
2026-01-03 23:00:00;N;NORTE;SE;SUDESTE;695.478
2026-01-03 23:00:00;NE;NORDESTE;SE;SUDESTE;-2913.112
2026-01-03 23:00:00;SE;SUDESTE;S;SUL;-4938.957
2026-01-04 00:00:00;N;NORTE;NE;NORDESTE;2700.70899999
2026-01-04 00:00:00;N;NORTE;SE;SUDESTE;535.618
2026-01-04 00:00:00;NE;NORDESTE;SE;SUDESTE;-3459.104
2026-01-04 00:00:00;SE;SUDESTE;S;SUL;-5727.663
2026-01-04 01:00:00;N;NORTE;NE;NORDESTE;3182.044
2026-01-04 01:00:00;N;NORTE;SE;SUDESTE;46.594
2026-01-04 01:00:00;NE;NORDESTE;SE;SUDESTE;-3385.251
2026-01-04 01:00:00;SE;SUDESTE;S;SUL;-5954.36
2026-01-04 02:00:00;N;NORTE;NE;NORDESTE;2785.455
2026-01-04 02:00:00;N;NORTE;SE;SUDESTE;-550.153
2026-01-04 02:00:00;NE;NORDESTE;SE;SUDESTE;-3395.924
2026-01-04 02:00:00;SE;SUDESTE;S;SUL;-6093.73
2026-01-04 03:00:00;N;NORTE;NE;NORDESTE;1986.272
2026-01-04 03:00:00;N;NORTE;SE;SUDESTE;-989.024
2026-01-04 03:00:00;NE;NORDESTE;SE;SUDESTE;-3542.039
2026-01-04 03:00:00;SE;SUDESTE;S;SUL;-6463.473
2026-01-04 04:00:00;N;NORTE;NE;NORDESTE;1741.605
2026-01-04 04:00:00;N;NORTE;SE;SUDESTE;-978.906
2026-01-04 04:00:00;NE;NORDESTE;SE;SUDESTE;-3144.266
2026-01-04 04:00:00;SE;SUDESTE;S;SUL;-6601.275
2026-01-04 05:00:00;N;NORTE;NE;NORDESTE;1147.522
2026-01-04 05:00:00;N;NORTE;SE;SUDESTE;-759.606
2026-01-04 05:00:00;NE;NORDESTE;SE;SUDESTE;-2173.659
2026-01-04 05:00:00;SE;SUDESTE;S;SUL;-6065.258
2026-01-04 06:00:00;N;NORTE;NE;NORDESTE;-138.733
2026-01-04 06:00:00;N;NORTE;SE;SUDESTE;-298.81
2026-01-04 06:00:00;NE;NORDESTE;SE;SUDESTE;-875.18
2026-01-04 06:00:00;SE;SUDESTE;S;SUL;-4700.92
2026-01-04 07:00:00;N;NORTE;NE;NORDESTE;-1961.249
2026-01-04 07:00:00;N;NORTE;SE;SUDESTE;226.906
2026-01-04 07:00:00;NE;NORDESTE;SE;SUDESTE;571.75699999
2026-01-04 07:00:00;SE;SUDESTE;S;SUL;-2604.187
2026-01-04 08:00:00;N;NORTE;NE;NORDESTE;-2004.412
2026-01-04 08:00:00;N;NORTE;SE;SUDESTE;642.267
2026-01-04 08:00:00;NE;NORDESTE;SE;SUDESTE;1099.589
2026-01-04 08:00:00;SE;SUDESTE;S;SUL;-1728.754
2026-01-04 09:00:00;N;NORTE;NE;NORDESTE;-2179.405
2026-01-04 09:00:00;N;NORTE;SE;SUDESTE;1079.45
2026-01-04 09:00:00;NE;NORDESTE;SE;SUDESTE;1474.586
2026-01-04 09:00:00;SE;SUDESTE;S;SUL;-1444.77
2026-01-04 10:00:00;N;NORTE;NE;NORDESTE;-1962.371
2026-01-04 10:00:00;N;NORTE;SE;SUDESTE;1106.467
2026-01-04 10:00:00;NE;NORDESTE;SE;SUDESTE;1013.267
2026-01-04 10:00:00;SE;SUDESTE;S;SUL;-1253.71
2026-01-04 11:00:00;N;NORTE;NE;NORDESTE;-1907.323
2026-01-04 11:00:00;N;NORTE;SE;SUDESTE;1105.155
2026-01-04 11:00:00;NE;NORDESTE;SE;SUDESTE;953.356
2026-01-04 11:00:00;SE;SUDESTE;S;SUL;-1081.834
2026-01-04 12:00:00;N;NORTE;NE;NORDESTE;-1817.029
2026-01-04 12:00:00;N;NORTE;SE;SUDESTE;1159.056
2026-01-04 12:00:00;NE;NORDESTE;SE;SUDESTE;975.656
2026-01-04 12:00:00;SE;SUDESTE;S;SUL;-1443.621
2026-01-04 13:00:00;N;NORTE;NE;NORDESTE;-1948.998
2026-01-04 13:00:00;N;NORTE;SE;SUDESTE;1083.971
2026-01-04 13:00:00;NE;NORDESTE;SE;SUDESTE;964.776
2026-01-04 13:00:00;SE;SUDESTE;S;SUL;-1852.68
2026-01-04 14:00:00;N;NORTE;NE;NORDESTE;-2105.515
2026-01-04 14:00:00;N;NORTE;SE;SUDESTE;1073.47499999
2026-01-04 14:00:00;NE;NORDESTE;SE;SUDESTE;1134.35899999
2026-01-04 14:00:00;SE;SUDESTE;S;SUL;-2003.086
2026-01-04 15:00:00;N;NORTE;NE;NORDESTE;-2594.011
2026-01-04 15:00:00;N;NORTE;SE;SUDESTE;1121.385
2026-01-04 15:00:00;NE;NORDESTE;SE;SUDESTE;1451.683
2026-01-04 15:00:00;SE;SUDESTE;S;SUL;-1462.824
2026-01-04 16:00:00;N;NORTE;NE;NORDESTE;-2469.98999999
2026-01-04 16:00:00;N;NORTE;SE;SUDESTE;831.38
2026-01-04 16:00:00;NE;NORDESTE;SE;SUDESTE;953.392
2026-01-04 16:00:00;SE;SUDESTE;S;SUL;-1566.914
2026-01-04 17:00:00;N;NORTE;NE;NORDESTE;-1331.26299999
2026-01-04 17:00:00;N;NORTE;SE;SUDESTE;734.917
2026-01-04 17:00:00;NE;NORDESTE;SE;SUDESTE;436.143
2026-01-04 17:00:00;SE;SUDESTE;S;SUL;-2882.516
2026-01-04 18:00:00;N;NORTE;NE;NORDESTE;-59.441
2026-01-04 18:00:00;N;NORTE;SE;SUDESTE;2062.493
2026-01-04 18:00:00;NE;NORDESTE;SE;SUDESTE;1076.43699999
2026-01-04 18:00:00;SE;SUDESTE;S;SUL;-3761.287
2026-01-04 19:00:00;N;NORTE;NE;NORDESTE;613.836
2026-01-04 19:00:00;N;NORTE;SE;SUDESTE;4225.965
2026-01-04 19:00:00;NE;NORDESTE;SE;SUDESTE;1668.361
2026-01-04 19:00:00;SE;SUDESTE;S;SUL;-3030.047
2026-01-04 20:00:00;N;NORTE;NE;NORDESTE;1415.897
2026-01-04 20:00:00;N;NORTE;SE;SUDESTE;4788.26
2026-01-04 20:00:00;NE;NORDESTE;SE;SUDESTE;1871.255
2026-01-04 20:00:00;SE;SUDESTE;S;SUL;-2441.389
2026-01-04 21:00:00;N;NORTE;NE;NORDESTE;2046.181
2026-01-04 21:00:00;N;NORTE;SE;SUDESTE;4777.745
2026-01-04 21:00:00;NE;NORDESTE;SE;SUDESTE;1471.439
2026-01-04 21:00:00;SE;SUDESTE;S;SUL;-2601.35399999
2026-01-04 22:00:00;N;NORTE;NE;NORDESTE;2147.001
2026-01-04 22:00:00;N;NORTE;SE;SUDESTE;4048.386
2026-01-04 22:00:00;NE;NORDESTE;SE;SUDESTE;609.434
2026-01-04 22:00:00;SE;SUDESTE;S;SUL;-3384.019
2026-01-04 23:00:00;N;NORTE;NE;NORDESTE;1734.247
2026-01-04 23:00:00;N;NORTE;SE;SUDESTE;2447.919
2026-01-04 23:00:00;NE;NORDESTE;SE;SUDESTE;-1025.98399999
2026-01-04 23:00:00;SE;SUDESTE;S;SUL;-3937.309
2026-01-05 00:00:00;N;NORTE;NE;NORDESTE;1584.675
2026-01-05 00:00:00;N;NORTE;SE;SUDESTE;1946.875
2026-01-05 00:00:00;NE;NORDESTE;SE;SUDESTE;-1712.342
2026-01-05 00:00:00;SE;SUDESTE;S;SUL;-5318.087
2026-01-05 01:00:00;N;NORTE;NE;NORDESTE;1649.481
2026-01-05 01:00:00;N;NORTE;SE;SUDESTE;1700.972
2026-01-05 01:00:00;NE;NORDESTE;SE;SUDESTE;-2322.904
2026-01-05 01:00:00;SE;SUDESTE;S;SUL;-5592.512
2026-01-05 02:00:00;N;NORTE;NE;NORDESTE;952.636
2026-01-05 02:00:00;N;NORTE;SE;SUDESTE;820.349
2026-01-05 02:00:00;NE;NORDESTE;SE;SUDESTE;-2957.446
2026-01-05 02:00:00;SE;SUDESTE;S;SUL;-5942.666
2026-01-05 03:00:00;N;NORTE;NE;NORDESTE;551.246
2026-01-05 03:00:00;N;NORTE;SE;SUDESTE;421.274
2026-01-05 03:00:00;NE;NORDESTE;SE;SUDESTE;-3192.83
2026-01-05 03:00:00;SE;SUDESTE;S;SUL;-6087.599
2026-01-05 04:00:00;N;NORTE;NE;NORDESTE;403.604
2026-01-05 04:00:00;N;NORTE;SE;SUDESTE;469.696
2026-01-05 04:00:00;NE;NORDESTE;SE;SUDESTE;-2872.422
2026-01-05 04:00:00;SE;SUDESTE;S;SUL;-5851.998
2026-01-05 05:00:00;N;NORTE;NE;NORDESTE;142.734
2026-01-05 05:00:00;N;NORTE;SE;SUDESTE;460.247
2026-01-05 05:00:00;NE;NORDESTE;SE;SUDESTE;-2599.023
2026-01-05 05:00:00;SE;SUDESTE;S;SUL;-5567.265
2026-01-05 06:00:00;N;NORTE;NE;NORDESTE;-1462.95
2026-01-05 06:00:00;N;NORTE;SE;SUDESTE;660.429
2026-01-05 06:00:00;NE;NORDESTE;SE;SUDESTE;-1021.921
2026-01-05 06:00:00;SE;SUDESTE;S;SUL;-5038.42
2026-01-05 07:00:00;N;NORTE;NE;NORDESTE;-3146.226
2026-01-05 07:00:00;N;NORTE;SE;SUDESTE;1629.727
2026-01-05 07:00:00;NE;NORDESTE;SE;SUDESTE;1202.737
2026-01-05 07:00:00;SE;SUDESTE;S;SUL;-2848.791
2026-01-05 08:00:00;N;NORTE;NE;NORDESTE;-4370.658
2026-01-05 08:00:00;N;NORTE;SE;SUDESTE;2172.57
2026-01-05 08:00:00;NE;NORDESTE;SE;SUDESTE;2665.387
2026-01-05 08:00:00;SE;SUDESTE;S;SUL;-1156.433
2026-01-05 09:00:00;N;NORTE;NE;NORDESTE;-4336.55199999
2026-01-05 09:00:00;N;NORTE;SE;SUDESTE;2358.207
2026-01-05 09:00:00;NE;NORDESTE;SE;SUDESTE;2659.844
2026-01-05 09:00:00;SE;SUDESTE;S;SUL;-427.46
2026-01-05 10:00:00;N;NORTE;NE;NORDESTE;-3890.639
2026-01-05 10:00:00;N;NORTE;SE;SUDESTE;2273.976
2026-01-05 10:00:00;NE;NORDESTE;SE;SUDESTE;2035.946
2026-01-05 10:00:00;SE;SUDESTE;S;SUL;192.808
2026-01-05 11:00:00;N;NORTE;NE;NORDESTE;-3942.727
2026-01-05 11:00:00;N;NORTE;SE;SUDESTE;2408.141
2026-01-05 11:00:00;NE;NORDESTE;SE;SUDESTE;2054.712
2026-01-05 11:00:00;SE;SUDESTE;S;SUL;401.383
2026-01-05 12:00:00;N;NORTE;NE;NORDESTE;-3881.953
2026-01-05 12:00:00;N;NORTE;SE;SUDESTE;2304.726
2026-01-05 12:00:00;NE;NORDESTE;SE;SUDESTE;1831.617
2026-01-05 12:00:00;SE;SUDESTE;S;SUL;-389.99
2026-01-05 13:00:00;N;NORTE;NE;NORDESTE;-4087.358
2026-01-05 13:00:00;N;NORTE;SE;SUDESTE;2182.868
2026-01-05 13:00:00;NE;NORDESTE;SE;SUDESTE;1708.929
2026-01-05 13:00:00;SE;SUDESTE;S;SUL;-584.191
2026-01-05 14:00:00;N;NORTE;NE;NORDESTE;-3739.904
2026-01-05 14:00:00;N;NORTE;SE;SUDESTE;1959.999
2026-01-05 14:00:00;NE;NORDESTE;SE;SUDESTE;927.166
2026-01-05 14:00:00;SE;SUDESTE;S;SUL;-470.953
2026-01-05 15:00:00;N;NORTE;NE;NORDESTE;-2673.36499999
2026-01-05 15:00:00;N;NORTE;SE;SUDESTE;2902.087
2026-01-05 15:00:00;NE;NORDESTE;SE;SUDESTE;546.314
2026-01-05 15:00:00;SE;SUDESTE;S;SUL;-1260.643
2026-01-05 16:00:00;N;NORTE;NE;NORDESTE;-2009.17
2026-01-05 16:00:00;N;NORTE;SE;SUDESTE;4382.29
2026-01-05 16:00:00;NE;NORDESTE;SE;SUDESTE;27.32
2026-01-05 16:00:00;SE;SUDESTE;S;SUL;-2076.926
2026-01-05 17:00:00;N;NORTE;NE;NORDESTE;-1449.573
2026-01-05 17:00:00;N;NORTE;SE;SUDESTE;5077.636
2026-01-05 17:00:00;NE;NORDESTE;SE;SUDESTE;580.072
2026-01-05 17:00:00;SE;SUDESTE;S;SUL;-2460.974
2026-01-05 18:00:00;N;NORTE;NE;NORDESTE;-874.829
2026-01-05 18:00:00;N;NORTE;SE;SUDESTE;6616.585
2026-01-05 18:00:00;NE;NORDESTE;SE;SUDESTE;1452.463
2026-01-05 18:00:00;SE;SUDESTE;S;SUL;-1962.855
2026-01-05 19:00:00;N;NORTE;NE;NORDESTE;-303.786
2026-01-05 19:00:00;N;NORTE;SE;SUDESTE;6875.917
2026-01-05 19:00:00;NE;NORDESTE;SE;SUDESTE;2424.927
2026-01-05 19:00:00;SE;SUDESTE;S;SUL;-1538.255
2026-01-05 20:00:00;N;NORTE;NE;NORDESTE;-142.195
2026-01-05 20:00:00;N;NORTE;SE;SUDESTE;6605.487
2026-01-05 20:00:00;NE;NORDESTE;SE;SUDESTE;2773.346
2026-01-05 20:00:00;SE;SUDESTE;S;SUL;-1001.172
2026-01-05 21:00:00;N;NORTE;NE;NORDESTE;239.41
2026-01-05 21:00:00;N;NORTE;SE;SUDESTE;5554.849
2026-01-05 21:00:00;NE;NORDESTE;SE;SUDESTE;2299.616
2026-01-05 21:00:00;SE;SUDESTE;S;SUL;-1546.583
2026-01-05 22:00:00;N;NORTE;NE;NORDESTE;258.77
2026-01-05 22:00:00;N;NORTE;SE;SUDESTE;5086.616
2026-01-05 22:00:00;NE;NORDESTE;SE;SUDESTE;2002.169
2026-01-05 22:00:00;SE;SUDESTE;S;SUL;-1294.473
2026-01-05 23:00:00;N;NORTE;NE;NORDESTE;532.399
2026-01-05 23:00:00;N;NORTE;SE;SUDESTE;4390.987
2026-01-05 23:00:00;NE;NORDESTE;SE;SUDESTE;1754.85
2026-01-05 23:00:00;SE;SUDESTE;S;SUL;-1084.805
2026-01-06 00:00:00;N;NORTE;NE;NORDESTE;217.215
2026-01-06 00:00:00;N;NORTE;SE;SUDESTE;3637.638
2026-01-06 00:00:00;NE;NORDESTE;SE;SUDESTE;2184.035
2026-01-06 00:00:00;SE;SUDESTE;S;SUL;-1315.445
2026-01-06 01:00:00;N;NORTE;NE;NORDESTE;-180.839
2026-01-06 01:00:00;N;NORTE;SE;SUDESTE;2764.728
2026-01-06 01:00:00;NE;NORDESTE;SE;SUDESTE;1714.548
2026-01-06 01:00:00;SE;SUDESTE;S;SUL;-1590.208
2026-01-06 02:00:00;N;NORTE;NE;NORDESTE;-842.54
2026-01-06 02:00:00;N;NORTE;SE;SUDESTE;2243.95899999
2026-01-06 02:00:00;NE;NORDESTE;SE;SUDESTE;849.134
2026-01-06 02:00:00;SE;SUDESTE;S;SUL;-2330.648
2026-01-06 03:00:00;N;NORTE;NE;NORDESTE;-1483.504
2026-01-06 03:00:00;N;NORTE;SE;SUDESTE;1829.975
2026-01-06 03:00:00;NE;NORDESTE;SE;SUDESTE;950.317
2026-01-06 03:00:00;SE;SUDESTE;S;SUL;-2359.256
2026-01-06 04:00:00;N;NORTE;NE;NORDESTE;-1257.74
2026-01-06 04:00:00;N;NORTE;SE;SUDESTE;1385.402
2026-01-06 04:00:00;NE;NORDESTE;SE;SUDESTE;-83.653
2026-01-06 04:00:00;SE;SUDESTE;S;SUL;-3857.074
2026-01-06 05:00:00;N;NORTE;NE;NORDESTE;-1506.071
2026-01-06 05:00:00;N;NORTE;SE;SUDESTE;1521.939
2026-01-06 05:00:00;NE;NORDESTE;SE;SUDESTE;140.239
2026-01-06 05:00:00;SE;SUDESTE;S;SUL;-3752.148
2026-01-06 06:00:00;N;NORTE;NE;NORDESTE;-2614.11499999
2026-01-06 06:00:00;N;NORTE;SE;SUDESTE;1953.577
2026-01-06 06:00:00;NE;NORDESTE;SE;SUDESTE;1425.576
2026-01-06 06:00:00;SE;SUDESTE;S;SUL;-3143.008
2026-01-06 07:00:00;N;NORTE;NE;NORDESTE;-4209.187
2026-01-06 07:00:00;N;NORTE;SE;SUDESTE;2559.36299999
2026-01-06 07:00:00;NE;NORDESTE;SE;SUDESTE;3223.699
2026-01-06 07:00:00;SE;SUDESTE;S;SUL;-2004.7
2026-01-06 08:00:00;N;NORTE;NE;NORDESTE;-4557.647
2026-01-06 08:00:00;N;NORTE;SE;SUDESTE;2488.091
2026-01-06 08:00:00;NE;NORDESTE;SE;SUDESTE;3956.807
2026-01-06 08:00:00;SE;SUDESTE;S;SUL;-1109.24399999
2026-01-06 09:00:00;N;NORTE;NE;NORDESTE;-4309.935
2026-01-06 09:00:00;N;NORTE;SE;SUDESTE;2435.25799999
2026-01-06 09:00:00;NE;NORDESTE;SE;SUDESTE;3452.802
2026-01-06 09:00:00;SE;SUDESTE;S;SUL;-161.997
2026-01-06 10:00:00;N;NORTE;NE;NORDESTE;-3991.03
2026-01-06 10:00:00;N;NORTE;SE;SUDESTE;2498.717
2026-01-06 10:00:00;NE;NORDESTE;SE;SUDESTE;3259.196
2026-01-06 10:00:00;SE;SUDESTE;S;SUL;673.706
2026-01-06 11:00:00;N;NORTE;NE;NORDESTE;-3928.658
2026-01-06 11:00:00;N;NORTE;SE;SUDESTE;2560.768
2026-01-06 11:00:00;NE;NORDESTE;SE;SUDESTE;3357.351
2026-01-06 11:00:00;SE;SUDESTE;S;SUL;567.082
2026-01-06 12:00:00;N;NORTE;NE;NORDESTE;-4029.623
2026-01-06 12:00:00;N;NORTE;SE;SUDESTE;2622.447
2026-01-06 12:00:00;NE;NORDESTE;SE;SUDESTE;3500.729
2026-01-06 12:00:00;SE;SUDESTE;S;SUL;675.375
2026-01-06 13:00:00;N;NORTE;NE;NORDESTE;-4153.765
2026-01-06 13:00:00;N;NORTE;SE;SUDESTE;2585.943
2026-01-06 13:00:00;NE;NORDESTE;SE;SUDESTE;3384.128
2026-01-06 13:00:00;SE;SUDESTE;S;SUL;766.733
2026-01-06 14:00:00;N;NORTE;NE;NORDESTE;-3946.823
2026-01-06 14:00:00;N;NORTE;SE;SUDESTE;2617.388
2026-01-06 14:00:00;NE;NORDESTE;SE;SUDESTE;3675.141
2026-01-06 14:00:00;SE;SUDESTE;S;SUL;523.874
2026-01-06 15:00:00;N;NORTE;NE;NORDESTE;-3486.504
2026-01-06 15:00:00;N;NORTE;SE;SUDESTE;2905.333
2026-01-06 15:00:00;NE;NORDESTE;SE;SUDESTE;3975.049
2026-01-06 15:00:00;SE;SUDESTE;S;SUL;-24.136
2026-01-06 16:00:00;N;NORTE;NE;NORDESTE;-2024.454
2026-01-06 16:00:00;N;NORTE;SE;SUDESTE;3134.74
2026-01-06 16:00:00;NE;NORDESTE;SE;SUDESTE;3260.909
2026-01-06 16:00:00;SE;SUDESTE;S;SUL;-2305.12399999
2026-01-06 17:00:00;N;NORTE;NE;NORDESTE;-1359.8
2026-01-06 17:00:00;N;NORTE;SE;SUDESTE;3269.126
2026-01-06 17:00:00;NE;NORDESTE;SE;SUDESTE;2379.123
2026-01-06 17:00:00;SE;SUDESTE;S;SUL;-2339.79799999
2026-01-06 18:00:00;N;NORTE;NE;NORDESTE;-793.458
2026-01-06 18:00:00;N;NORTE;SE;SUDESTE;4292.852
2026-01-06 18:00:00;NE;NORDESTE;SE;SUDESTE;3033.854
2026-01-06 18:00:00;SE;SUDESTE;S;SUL;-2558.486
2026-01-06 19:00:00;N;NORTE;NE;NORDESTE;-184.936
2026-01-06 19:00:00;N;NORTE;SE;SUDESTE;5531.389
2026-01-06 19:00:00;NE;NORDESTE;SE;SUDESTE;4613.866
2026-01-06 19:00:00;SE;SUDESTE;S;SUL;-1427.413
2026-01-06 20:00:00;N;NORTE;NE;NORDESTE;83.196
2026-01-06 20:00:00;N;NORTE;SE;SUDESTE;5493.992
2026-01-06 20:00:00;NE;NORDESTE;SE;SUDESTE;4699.68599999
2026-01-06 20:00:00;SE;SUDESTE;S;SUL;-468.584
2026-01-06 21:00:00;N;NORTE;NE;NORDESTE;104.058
2026-01-06 21:00:00;N;NORTE;SE;SUDESTE;5422.682
2026-01-06 21:00:00;NE;NORDESTE;SE;SUDESTE;4971.54299999
2026-01-06 21:00:00;SE;SUDESTE;S;SUL;64.522
2026-01-06 22:00:00;N;NORTE;NE;NORDESTE;-343.958
2026-01-06 22:00:00;N;NORTE;SE;SUDESTE;5086.031
2026-01-06 22:00:00;NE;NORDESTE;SE;SUDESTE;5067.067
2026-01-06 22:00:00;SE;SUDESTE;S;SUL;-231.403
2026-01-06 23:00:00;N;NORTE;NE;NORDESTE;-1391.882
2026-01-06 23:00:00;N;NORTE;SE;SUDESTE;4097.943
2026-01-06 23:00:00;NE;NORDESTE;SE;SUDESTE;4932.059
2026-01-06 23:00:00;SE;SUDESTE;S;SUL;-99.302
2026-01-07 00:00:00;N;NORTE;NE;NORDESTE;-1949.346
2026-01-07 00:00:00;N;NORTE;SE;SUDESTE;3528.55
2026-01-07 00:00:00;NE;NORDESTE;SE;SUDESTE;4974.483
2026-01-07 00:00:00;SE;SUDESTE;S;SUL;1137.218
2026-01-07 01:00:00;N;NORTE;NE;NORDESTE;-1972.868
2026-01-07 01:00:00;N;NORTE;SE;SUDESTE;3673.776
2026-01-07 01:00:00;NE;NORDESTE;SE;SUDESTE;5245.3
2026-01-07 01:00:00;SE;SUDESTE;S;SUL;2631.44099999
2026-01-07 02:00:00;N;NORTE;NE;NORDESTE;-2226.085
2026-01-07 02:00:00;N;NORTE;SE;SUDESTE;4052.457
2026-01-07 02:00:00;NE;NORDESTE;SE;SUDESTE;6245.79
2026-01-07 02:00:00;SE;SUDESTE;S;SUL;4719.896
2026-01-07 03:00:00;N;NORTE;NE;NORDESTE;-2510.245
2026-01-07 03:00:00;N;NORTE;SE;SUDESTE;4078.225
2026-01-07 03:00:00;NE;NORDESTE;SE;SUDESTE;6695.514
2026-01-07 03:00:00;SE;SUDESTE;S;SUL;5184.365
2026-01-07 04:00:00;N;NORTE;NE;NORDESTE;-2513.029
2026-01-07 04:00:00;N;NORTE;SE;SUDESTE;4077.495
2026-01-07 04:00:00;NE;NORDESTE;SE;SUDESTE;6610.586
2026-01-07 04:00:00;SE;SUDESTE;S;SUL;4418.60099999
2026-01-07 05:00:00;N;NORTE;NE;NORDESTE;-2956.232
2026-01-07 05:00:00;N;NORTE;SE;SUDESTE;3939.537
2026-01-07 05:00:00;NE;NORDESTE;SE;SUDESTE;6801.322
2026-01-07 05:00:00;SE;SUDESTE;S;SUL;4497.84199999
2026-01-07 06:00:00;N;NORTE;NE;NORDESTE;-3655.152
2026-01-07 06:00:00;N;NORTE;SE;SUDESTE;2563.448
2026-01-07 06:00:00;NE;NORDESTE;SE;SUDESTE;6681.447
2026-01-07 06:00:00;SE;SUDESTE;S;SUL;4511.06099999
2026-01-07 07:00:00;N;NORTE;NE;NORDESTE;-4318.656
2026-01-07 07:00:00;N;NORTE;SE;SUDESTE;2633.07499999
2026-01-07 07:00:00;NE;NORDESTE;SE;SUDESTE;6773.075
2026-01-07 07:00:00;SE;SUDESTE;S;SUL;5406.773
2026-01-07 08:00:00;N;NORTE;NE;NORDESTE;-4408.082
2026-01-07 08:00:00;N;NORTE;SE;SUDESTE;2942.352
2026-01-07 08:00:00;NE;NORDESTE;SE;SUDESTE;5684.6
2026-01-07 08:00:00;SE;SUDESTE;S;SUL;5014.517
2026-01-07 09:00:00;N;NORTE;NE;NORDESTE;-4528.385
2026-01-07 09:00:00;N;NORTE;SE;SUDESTE;3335.428
2026-01-07 09:00:00;NE;NORDESTE;SE;SUDESTE;5238.80199999
2026-01-07 09:00:00;SE;SUDESTE;S;SUL;5637.831
2026-01-07 10:00:00;N;NORTE;NE;NORDESTE;-4185.30599999
2026-01-07 10:00:00;N;NORTE;SE;SUDESTE;3282.634
2026-01-07 10:00:00;NE;NORDESTE;SE;SUDESTE;4948.388
2026-01-07 10:00:00;SE;SUDESTE;S;SUL;5488.671
2026-01-07 11:00:00;N;NORTE;NE;NORDESTE;-4082.512
2026-01-07 11:00:00;N;NORTE;SE;SUDESTE;3361.031
2026-01-07 11:00:00;NE;NORDESTE;SE;SUDESTE;4512.47599999
2026-01-07 11:00:00;SE;SUDESTE;S;SUL;5633.172
2026-01-07 12:00:00;N;NORTE;NE;NORDESTE;-3933.973
2026-01-07 12:00:00;N;NORTE;SE;SUDESTE;3222.821
2026-01-07 12:00:00;NE;NORDESTE;SE;SUDESTE;4125.03399999
2026-01-07 12:00:00;SE;SUDESTE;S;SUL;4832.345
2026-01-07 13:00:00;N;NORTE;NE;NORDESTE;-4310.906
2026-01-07 13:00:00;N;NORTE;SE;SUDESTE;3271.976
2026-01-07 13:00:00;NE;NORDESTE;SE;SUDESTE;4476.816
2026-01-07 13:00:00;SE;SUDESTE;S;SUL;4839.39
2026-01-07 14:00:00;N;NORTE;NE;NORDESTE;-4444.586
2026-01-07 14:00:00;N;NORTE;SE;SUDESTE;3459.202
2026-01-07 14:00:00;NE;NORDESTE;SE;SUDESTE;4919.393
2026-01-07 14:00:00;SE;SUDESTE;S;SUL;4101.283
2026-01-07 15:00:00;N;NORTE;NE;NORDESTE;-4318.533
2026-01-07 15:00:00;N;NORTE;SE;SUDESTE;4363.237
2026-01-07 15:00:00;NE;NORDESTE;SE;SUDESTE;5098.075
2026-01-07 15:00:00;SE;SUDESTE;S;SUL;4044.541
2026-01-07 16:00:00;N;NORTE;NE;NORDESTE;-3810.626
2026-01-07 16:00:00;N;NORTE;SE;SUDESTE;5305.445
2026-01-07 16:00:00;NE;NORDESTE;SE;SUDESTE;5456.378
2026-01-07 16:00:00;SE;SUDESTE;S;SUL;3438.89
2026-01-07 17:00:00;N;NORTE;NE;NORDESTE;-2357.415
2026-01-07 17:00:00;N;NORTE;SE;SUDESTE;5230.402
2026-01-07 17:00:00;NE;NORDESTE;SE;SUDESTE;4868.511
2026-01-07 17:00:00;SE;SUDESTE;S;SUL;2112.74699999
2026-01-07 18:00:00;N;NORTE;NE;NORDESTE;-1016.687
2026-01-07 18:00:00;N;NORTE;SE;SUDESTE;5653.576
2026-01-07 18:00:00;NE;NORDESTE;SE;SUDESTE;5003.294
2026-01-07 18:00:00;SE;SUDESTE;S;SUL;1772.776
2026-01-07 19:00:00;N;NORTE;NE;NORDESTE;-747.179
2026-01-07 19:00:00;N;NORTE;SE;SUDESTE;6362.7
2026-01-07 19:00:00;NE;NORDESTE;SE;SUDESTE;6210.993
2026-01-07 19:00:00;SE;SUDESTE;S;SUL;2069.112
2026-01-07 20:00:00;N;NORTE;NE;NORDESTE;-1024.97499999
2026-01-07 20:00:00;N;NORTE;SE;SUDESTE;5777.005
2026-01-07 20:00:00;NE;NORDESTE;SE;SUDESTE;6608.187
2026-01-07 20:00:00;SE;SUDESTE;S;SUL;2559.42
2026-01-07 21:00:00;N;NORTE;NE;NORDESTE;-349.417
2026-01-07 21:00:00;N;NORTE;SE;SUDESTE;5122.523
2026-01-07 21:00:00;NE;NORDESTE;SE;SUDESTE;5725.647
2026-01-07 21:00:00;SE;SUDESTE;S;SUL;2262.866
2026-01-07 22:00:00;N;NORTE;NE;NORDESTE;-286.67399999
2026-01-07 22:00:00;N;NORTE;SE;SUDESTE;5099.051
2026-01-07 22:00:00;NE;NORDESTE;SE;SUDESTE;5766.323
2026-01-07 22:00:00;SE;SUDESTE;S;SUL;1764.7
2026-01-07 23:00:00;N;NORTE;NE;NORDESTE;-1185.297
2026-01-07 23:00:00;N;NORTE;SE;SUDESTE;4003.599
2026-01-07 23:00:00;NE;NORDESTE;SE;SUDESTE;4492.468
2026-01-07 23:00:00;SE;SUDESTE;S;SUL;594.50199999
2026-01-08 00:00:00;N;NORTE;NE;NORDESTE;-1745.811
2026-01-08 00:00:00;N;NORTE;SE;SUDESTE;3565.023
2026-01-08 00:00:00;NE;NORDESTE;SE;SUDESTE;4254.879
2026-01-08 00:00:00;SE;SUDESTE;S;SUL;-94.889
2026-01-08 01:00:00;N;NORTE;NE;NORDESTE;-2200.484
2026-01-08 01:00:00;N;NORTE;SE;SUDESTE;3532.291
2026-01-08 01:00:00;NE;NORDESTE;SE;SUDESTE;4327.751
2026-01-08 01:00:00;SE;SUDESTE;S;SUL;287.632
2026-01-08 02:00:00;N;NORTE;NE;NORDESTE;-2325.9
2026-01-08 02:00:00;N;NORTE;SE;SUDESTE;3444.132
2026-01-08 02:00:00;NE;NORDESTE;SE;SUDESTE;4253.25
2026-01-08 02:00:00;SE;SUDESTE;S;SUL;1214.285
2026-01-08 03:00:00;N;NORTE;NE;NORDESTE;-2092.58399999
2026-01-08 03:00:00;N;NORTE;SE;SUDESTE;3300.972
2026-01-08 03:00:00;NE;NORDESTE;SE;SUDESTE;3865.854
2026-01-08 03:00:00;SE;SUDESTE;S;SUL;1098.42699999
2026-01-08 04:00:00;N;NORTE;NE;NORDESTE;-1952.0
2026-01-08 04:00:00;N;NORTE;SE;SUDESTE;3189.331
2026-01-08 04:00:00;NE;NORDESTE;SE;SUDESTE;3659.177
2026-01-08 04:00:00;SE;SUDESTE;S;SUL;476.947
2026-01-08 05:00:00;N;NORTE;NE;NORDESTE;-2386.361
2026-01-08 05:00:00;N;NORTE;SE;SUDESTE;3088.247
2026-01-08 05:00:00;NE;NORDESTE;SE;SUDESTE;4027.729
2026-01-08 05:00:00;SE;SUDESTE;S;SUL;416.868
2026-01-08 06:00:00;N;NORTE;NE;NORDESTE;-3827.401
2026-01-08 06:00:00;N;NORTE;SE;SUDESTE;4640.509
2026-01-08 06:00:00;NE;NORDESTE;SE;SUDESTE;5929.451
2026-01-08 06:00:00;SE;SUDESTE;S;SUL;3929.842
2026-01-08 07:00:00;N;NORTE;NE;NORDESTE;-4234.305
2026-01-08 07:00:00;N;NORTE;SE;SUDESTE;4343.709
2026-01-08 07:00:00;NE;NORDESTE;SE;SUDESTE;6723.214
2026-01-08 07:00:00;SE;SUDESTE;S;SUL;5617.296
2026-01-08 08:00:00;N;NORTE;NE;NORDESTE;-4610.509
2026-01-08 08:00:00;N;NORTE;SE;SUDESTE;3219.699
2026-01-08 08:00:00;NE;NORDESTE;SE;SUDESTE;5923.168
2026-01-08 08:00:00;SE;SUDESTE;S;SUL;4466.921
2026-01-08 09:00:00;N;NORTE;NE;NORDESTE;-4851.577
2026-01-08 09:00:00;N;NORTE;SE;SUDESTE;3173.526
2026-01-08 09:00:00;NE;NORDESTE;SE;SUDESTE;5602.888
2026-01-08 09:00:00;SE;SUDESTE;S;SUL;3848.619
2026-01-08 10:00:00;N;NORTE;NE;NORDESTE;-4921.819
2026-01-08 10:00:00;N;NORTE;SE;SUDESTE;3539.233
2026-01-08 10:00:00;NE;NORDESTE;SE;SUDESTE;5905.458
2026-01-08 10:00:00;SE;SUDESTE;S;SUL;3612.107
2026-01-08 11:00:00;N;NORTE;NE;NORDESTE;-4870.68599999
2026-01-08 11:00:00;N;NORTE;SE;SUDESTE;3596.878
2026-01-08 11:00:00;NE;NORDESTE;SE;SUDESTE;5721.691
2026-01-08 11:00:00;SE;SUDESTE;S;SUL;3148.314
2026-01-08 12:00:00;N;NORTE;NE;NORDESTE;-4783.722
2026-01-08 12:00:00;N;NORTE;SE;SUDESTE;3492.016
2026-01-08 12:00:00;NE;NORDESTE;SE;SUDESTE;5415.93999999
2026-01-08 12:00:00;SE;SUDESTE;S;SUL;3232.238
2026-01-08 13:00:00;N;NORTE;NE;NORDESTE;-4307.571
2026-01-08 13:00:00;N;NORTE;SE;SUDESTE;3252.24
2026-01-08 13:00:00;NE;NORDESTE;SE;SUDESTE;5047.214
2026-01-08 13:00:00;SE;SUDESTE;S;SUL;4128.444
2026-01-08 14:00:00;N;NORTE;NE;NORDESTE;-3921.637
2026-01-08 14:00:00;N;NORTE;SE;SUDESTE;3956.335
2026-01-08 14:00:00;NE;NORDESTE;SE;SUDESTE;4337.845
2026-01-08 14:00:00;SE;SUDESTE;S;SUL;4688.64999999
2026-01-08 15:00:00;N;NORTE;NE;NORDESTE;-3984.931
2026-01-08 15:00:00;N;NORTE;SE;SUDESTE;4773.277
2026-01-08 15:00:00;NE;NORDESTE;SE;SUDESTE;3971.621
2026-01-08 15:00:00;SE;SUDESTE;S;SUL;4845.629
2026-01-08 16:00:00;N;NORTE;NE;NORDESTE;-3695.863
2026-01-08 16:00:00;N;NORTE;SE;SUDESTE;4831.61399999
2026-01-08 16:00:00;NE;NORDESTE;SE;SUDESTE;3457.347
2026-01-08 16:00:00;SE;SUDESTE;S;SUL;3733.935
2026-01-08 17:00:00;N;NORTE;NE;NORDESTE;-2339.477
2026-01-08 17:00:00;N;NORTE;SE;SUDESTE;5647.777
2026-01-08 17:00:00;NE;NORDESTE;SE;SUDESTE;4489.146
2026-01-08 17:00:00;SE;SUDESTE;S;SUL;3367.294
2026-01-08 18:00:00;N;NORTE;NE;NORDESTE;-909.742
2026-01-08 18:00:00;N;NORTE;SE;SUDESTE;6629.316
2026-01-08 18:00:00;NE;NORDESTE;SE;SUDESTE;5445.634
2026-01-08 18:00:00;SE;SUDESTE;S;SUL;2179.46099999
2026-01-08 19:00:00;N;NORTE;NE;NORDESTE;-1396.289
2026-01-08 19:00:00;N;NORTE;SE;SUDESTE;7223.559
2026-01-08 19:00:00;NE;NORDESTE;SE;SUDESTE;6553.851
2026-01-08 19:00:00;SE;SUDESTE;S;SUL;2009.912
2026-01-08 20:00:00;N;NORTE;NE;NORDESTE;-2225.565
2026-01-08 20:00:00;N;NORTE;SE;SUDESTE;6742.841
2026-01-08 20:00:00;NE;NORDESTE;SE;SUDESTE;6528.818
2026-01-08 20:00:00;SE;SUDESTE;S;SUL;1680.505
2026-01-08 21:00:00;N;NORTE;NE;NORDESTE;-2799.985
2026-01-08 21:00:00;N;NORTE;SE;SUDESTE;6247.371
2026-01-08 21:00:00;NE;NORDESTE;SE;SUDESTE;6466.393
2026-01-08 21:00:00;SE;SUDESTE;S;SUL;1848.299
2026-01-08 22:00:00;N;NORTE;NE;NORDESTE;-2915.163
2026-01-08 22:00:00;N;NORTE;SE;SUDESTE;5984.396
2026-01-08 22:00:00;NE;NORDESTE;SE;SUDESTE;6524.326
2026-01-08 22:00:00;SE;SUDESTE;S;SUL;1972.564
2026-01-08 23:00:00;N;NORTE;NE;NORDESTE;-3300.286
2026-01-08 23:00:00;N;NORTE;SE;SUDESTE;5381.041
2026-01-08 23:00:00;NE;NORDESTE;SE;SUDESTE;6240.222
2026-01-08 23:00:00;SE;SUDESTE;S;SUL;1863.679
2026-01-09 00:00:00;N;NORTE;NE;NORDESTE;-3569.226
2026-01-09 00:00:00;N;NORTE;SE;SUDESTE;4470.026
2026-01-09 00:00:00;NE;NORDESTE;SE;SUDESTE;6335.171
2026-01-09 00:00:00;SE;SUDESTE;S;SUL;1788.303
2026-01-09 01:00:00;N;NORTE;NE;NORDESTE;-4486.719
2026-01-09 01:00:00;N;NORTE;SE;SUDESTE;4020.417
2026-01-09 01:00:00;NE;NORDESTE;SE;SUDESTE;5495.88
2026-01-09 01:00:00;SE;SUDESTE;S;SUL;815.187
2026-01-09 02:00:00;N;NORTE;NE;NORDESTE;-4267.953
2026-01-09 02:00:00;N;NORTE;SE;SUDESTE;4039.962
2026-01-09 02:00:00;NE;NORDESTE;SE;SUDESTE;5324.495
2026-01-09 02:00:00;SE;SUDESTE;S;SUL;631.439
2026-01-09 03:00:00;N;NORTE;NE;NORDESTE;-3806.774
2026-01-09 03:00:00;N;NORTE;SE;SUDESTE;4169.269
2026-01-09 03:00:00;NE;NORDESTE;SE;SUDESTE;5514.588
2026-01-09 03:00:00;SE;SUDESTE;S;SUL;1901.396
2026-01-09 04:00:00;N;NORTE;NE;NORDESTE;-3822.545
2026-01-09 04:00:00;N;NORTE;SE;SUDESTE;4224.821
2026-01-09 04:00:00;NE;NORDESTE;SE;SUDESTE;5632.047
2026-01-09 04:00:00;SE;SUDESTE;S;SUL;2095.83599999
2026-01-09 05:00:00;N;NORTE;NE;NORDESTE;-3718.182
2026-01-09 05:00:00;N;NORTE;SE;SUDESTE;4551.791
2026-01-09 05:00:00;NE;NORDESTE;SE;SUDESTE;5845.487
2026-01-09 05:00:00;SE;SUDESTE;S;SUL;2524.962
2026-01-09 06:00:00;N;NORTE;NE;NORDESTE;-4857.281
2026-01-09 06:00:00;N;NORTE;SE;SUDESTE;3834.422
2026-01-09 06:00:00;NE;NORDESTE;SE;SUDESTE;6157.609
2026-01-09 06:00:00;SE;SUDESTE;S;SUL;3270.537
2026-01-09 07:00:00;N;NORTE;NE;NORDESTE;-5302.695
2026-01-09 07:00:00;N;NORTE;SE;SUDESTE;3402.833
2026-01-09 07:00:00;NE;NORDESTE;SE;SUDESTE;6001.571
2026-01-09 07:00:00;SE;SUDESTE;S;SUL;4576.75699999
2026-01-09 08:00:00;N;NORTE;NE;NORDESTE;-4274.41799999
2026-01-09 08:00:00;N;NORTE;SE;SUDESTE;2999.502
2026-01-09 08:00:00;NE;NORDESTE;SE;SUDESTE;5520.53
2026-01-09 08:00:00;SE;SUDESTE;S;SUL;3782.993
2026-01-09 09:00:00;N;NORTE;NE;NORDESTE;-3849.358
2026-01-09 09:00:00;N;NORTE;SE;SUDESTE;2927.142
2026-01-09 09:00:00;NE;NORDESTE;SE;SUDESTE;5194.216
2026-01-09 09:00:00;SE;SUDESTE;S;SUL;3599.62
2026-01-09 10:00:00;N;NORTE;NE;NORDESTE;-3492.638
2026-01-09 10:00:00;N;NORTE;SE;SUDESTE;2849.254
2026-01-09 10:00:00;NE;NORDESTE;SE;SUDESTE;5310.607
2026-01-09 10:00:00;SE;SUDESTE;S;SUL;3356.507
2026-01-09 11:00:00;N;NORTE;NE;NORDESTE;-3922.961
2026-01-09 11:00:00;N;NORTE;SE;SUDESTE;3723.532
2026-01-09 11:00:00;NE;NORDESTE;SE;SUDESTE;4877.831
2026-01-09 11:00:00;SE;SUDESTE;S;SUL;3367.748
2026-01-09 12:00:00;N;NORTE;NE;NORDESTE;-4227.336
2026-01-09 12:00:00;N;NORTE;SE;SUDESTE;4194.878
2026-01-09 12:00:00;NE;NORDESTE;SE;SUDESTE;5241.704
2026-01-09 12:00:00;SE;SUDESTE;S;SUL;3371.307
2026-01-09 13:00:00;N;NORTE;NE;NORDESTE;-3738.186
2026-01-09 13:00:00;N;NORTE;SE;SUDESTE;4143.31499999
2026-01-09 13:00:00;NE;NORDESTE;SE;SUDESTE;5125.689
2026-01-09 13:00:00;SE;SUDESTE;S;SUL;3041.519
2026-01-09 14:00:00;N;NORTE;NE;NORDESTE;-2862.509
2026-01-09 14:00:00;N;NORTE;SE;SUDESTE;4832.384
2026-01-09 14:00:00;NE;NORDESTE;SE;SUDESTE;4921.553
2026-01-09 14:00:00;SE;SUDESTE;S;SUL;3641.532
2026-01-09 15:00:00;N;NORTE;NE;NORDESTE;-3155.188
2026-01-09 15:00:00;N;NORTE;SE;SUDESTE;6038.106
2026-01-09 15:00:00;NE;NORDESTE;SE;SUDESTE;5710.579
2026-01-09 15:00:00;SE;SUDESTE;S;SUL;3686.734
2026-01-09 16:00:00;N;NORTE;NE;NORDESTE;-3271.603
2026-01-09 16:00:00;N;NORTE;SE;SUDESTE;6743.391
2026-01-09 16:00:00;NE;NORDESTE;SE;SUDESTE;6023.371
2026-01-09 16:00:00;SE;SUDESTE;S;SUL;3287.848
2026-01-09 17:00:00;N;NORTE;NE;NORDESTE;-2432.857
2026-01-09 17:00:00;N;NORTE;SE;SUDESTE;6589.522
2026-01-09 17:00:00;NE;NORDESTE;SE;SUDESTE;5512.472
2026-01-09 17:00:00;SE;SUDESTE;S;SUL;2482.362
2026-01-09 18:00:00;N;NORTE;NE;NORDESTE;-1793.368
2026-01-09 18:00:00;N;NORTE;SE;SUDESTE;7029.432
2026-01-09 18:00:00;NE;NORDESTE;SE;SUDESTE;6420.64
2026-01-09 18:00:00;SE;SUDESTE;S;SUL;1868.741
2026-01-09 19:00:00;N;NORTE;NE;NORDESTE;-1845.323
2026-01-09 19:00:00;N;NORTE;SE;SUDESTE;7064.994
2026-01-09 19:00:00;NE;NORDESTE;SE;SUDESTE;6377.495
2026-01-09 19:00:00;SE;SUDESTE;S;SUL;1384.562
2026-01-09 20:00:00;N;NORTE;NE;NORDESTE;-2232.236
2026-01-09 20:00:00;N;NORTE;SE;SUDESTE;6801.757
2026-01-09 20:00:00;NE;NORDESTE;SE;SUDESTE;6528.053
2026-01-09 20:00:00;SE;SUDESTE;S;SUL;1335.717
2026-01-09 21:00:00;N;NORTE;NE;NORDESTE;-2402.937
2026-01-09 21:00:00;N;NORTE;SE;SUDESTE;6573.933
2026-01-09 21:00:00;NE;NORDESTE;SE;SUDESTE;6420.224
2026-01-09 21:00:00;SE;SUDESTE;S;SUL;1044.923
2026-01-09 22:00:00;N;NORTE;NE;NORDESTE;-2920.644
2026-01-09 22:00:00;N;NORTE;SE;SUDESTE;6232.832
2026-01-09 22:00:00;NE;NORDESTE;SE;SUDESTE;6391.243
2026-01-09 22:00:00;SE;SUDESTE;S;SUL;573.686
2026-01-09 23:00:00;N;NORTE;NE;NORDESTE;-3167.754
2026-01-09 23:00:00;N;NORTE;SE;SUDESTE;5572.368
2026-01-09 23:00:00;NE;NORDESTE;SE;SUDESTE;6163.631
2026-01-09 23:00:00;SE;SUDESTE;S;SUL;-138.29499999
2026-01-10 00:00:00;N;NORTE;NE;NORDESTE;-3861.224
2026-01-10 00:00:00;N;NORTE;SE;SUDESTE;5698.531
2026-01-10 00:00:00;NE;NORDESTE;SE;SUDESTE;6490.731
2026-01-10 00:00:00;SE;SUDESTE;S;SUL;-191.384
2026-01-10 01:00:00;N;NORTE;NE;NORDESTE;-4300.98899999
2026-01-10 01:00:00;N;NORTE;SE;SUDESTE;5617.516
2026-01-10 01:00:00;NE;NORDESTE;SE;SUDESTE;6401.145
2026-01-10 01:00:00;SE;SUDESTE;S;SUL;399.264
2026-01-10 02:00:00;N;NORTE;NE;NORDESTE;-4095.066
2026-01-10 02:00:00;N;NORTE;SE;SUDESTE;5637.711
2026-01-10 02:00:00;NE;NORDESTE;SE;SUDESTE;6429.763
2026-01-10 02:00:00;SE;SUDESTE;S;SUL;1934.941
2026-01-10 03:00:00;N;NORTE;NE;NORDESTE;-4377.32
2026-01-10 03:00:00;N;NORTE;SE;SUDESTE;5564.311
2026-01-10 03:00:00;NE;NORDESTE;SE;SUDESTE;6519.208
2026-01-10 03:00:00;SE;SUDESTE;S;SUL;2888.817
2026-01-10 04:00:00;N;NORTE;NE;NORDESTE;-4324.597
2026-01-10 04:00:00;N;NORTE;SE;SUDESTE;5350.87299999
2026-01-10 04:00:00;NE;NORDESTE;SE;SUDESTE;6211.515
2026-01-10 04:00:00;SE;SUDESTE;S;SUL;2254.515
2026-01-10 05:00:00;N;NORTE;NE;NORDESTE;-4794.179
2026-01-10 05:00:00;N;NORTE;SE;SUDESTE;4650.765
2026-01-10 05:00:00;NE;NORDESTE;SE;SUDESTE;6077.584
2026-01-10 05:00:00;SE;SUDESTE;S;SUL;1658.11
2026-01-10 06:00:00;N;NORTE;NE;NORDESTE;-4569.486
2026-01-10 06:00:00;N;NORTE;SE;SUDESTE;3384.27
2026-01-10 06:00:00;NE;NORDESTE;SE;SUDESTE;6037.574
2026-01-10 06:00:00;SE;SUDESTE;S;SUL;2374.634
2026-01-10 07:00:00;N;NORTE;NE;NORDESTE;-4245.89
2026-01-10 07:00:00;N;NORTE;SE;SUDESTE;3643.885
2026-01-10 07:00:00;NE;NORDESTE;SE;SUDESTE;5745.869
2026-01-10 07:00:00;SE;SUDESTE;S;SUL;4820.203
2026-01-10 08:00:00;N;NORTE;NE;NORDESTE;-3813.591
2026-01-10 08:00:00;N;NORTE;SE;SUDESTE;2920.92
2026-01-10 08:00:00;NE;NORDESTE;SE;SUDESTE;5015.781
2026-01-10 08:00:00;SE;SUDESTE;S;SUL;4532.029
2026-01-10 09:00:00;N;NORTE;NE;NORDESTE;-3632.125
2026-01-10 09:00:00;N;NORTE;SE;SUDESTE;2842.938
2026-01-10 09:00:00;NE;NORDESTE;SE;SUDESTE;4787.053
2026-01-10 09:00:00;SE;SUDESTE;S;SUL;4173.666
2026-01-10 10:00:00;N;NORTE;NE;NORDESTE;-3360.06
2026-01-10 10:00:00;N;NORTE;SE;SUDESTE;3216.903
2026-01-10 10:00:00;NE;NORDESTE;SE;SUDESTE;4778.078
2026-01-10 10:00:00;SE;SUDESTE;S;SUL;4280.47099999
2026-01-10 11:00:00;N;NORTE;NE;NORDESTE;-3419.926
2026-01-10 11:00:00;N;NORTE;SE;SUDESTE;3770.896
2026-01-10 11:00:00;NE;NORDESTE;SE;SUDESTE;5611.428
2026-01-10 11:00:00;SE;SUDESTE;S;SUL;4222.407
2026-01-10 12:00:00;N;NORTE;NE;NORDESTE;-3818.068
2026-01-10 12:00:00;N;NORTE;SE;SUDESTE;4018.18
2026-01-10 12:00:00;NE;NORDESTE;SE;SUDESTE;5752.136
2026-01-10 12:00:00;SE;SUDESTE;S;SUL;3847.068
2026-01-10 13:00:00;N;NORTE;NE;NORDESTE;-4036.02
2026-01-10 13:00:00;N;NORTE;SE;SUDESTE;3977.322
2026-01-10 13:00:00;NE;NORDESTE;SE;SUDESTE;5548.953
2026-01-10 13:00:00;SE;SUDESTE;S;SUL;3812.843
2026-01-10 14:00:00;N;NORTE;NE;NORDESTE;-4124.60099999
2026-01-10 14:00:00;N;NORTE;SE;SUDESTE;3903.319
2026-01-10 14:00:00;NE;NORDESTE;SE;SUDESTE;5481.754
2026-01-10 14:00:00;SE;SUDESTE;S;SUL;4383.045
2026-01-10 15:00:00;N;NORTE;NE;NORDESTE;-4226.171
2026-01-10 15:00:00;N;NORTE;SE;SUDESTE;3933.902
2026-01-10 15:00:00;NE;NORDESTE;SE;SUDESTE;5432.28
2026-01-10 15:00:00;SE;SUDESTE;S;SUL;5104.081
2026-01-10 16:00:00;N;NORTE;NE;NORDESTE;-3686.75
2026-01-10 16:00:00;N;NORTE;SE;SUDESTE;3909.807
2026-01-10 16:00:00;NE;NORDESTE;SE;SUDESTE;5072.919
2026-01-10 16:00:00;SE;SUDESTE;S;SUL;4208.607
2026-01-10 17:00:00;N;NORTE;NE;NORDESTE;-2643.686
2026-01-10 17:00:00;N;NORTE;SE;SUDESTE;5245.328
2026-01-10 17:00:00;NE;NORDESTE;SE;SUDESTE;5565.745
2026-01-10 17:00:00;SE;SUDESTE;S;SUL;2477.558
2026-01-10 18:00:00;N;NORTE;NE;NORDESTE;-2121.216
2026-01-10 18:00:00;N;NORTE;SE;SUDESTE;6533.375
2026-01-10 18:00:00;NE;NORDESTE;SE;SUDESTE;6184.056
2026-01-10 18:00:00;SE;SUDESTE;S;SUL;1101.19599999
2026-01-10 19:00:00;N;NORTE;NE;NORDESTE;-2274.91199999
2026-01-10 19:00:00;N;NORTE;SE;SUDESTE;6470.142
2026-01-10 19:00:00;NE;NORDESTE;SE;SUDESTE;5862.432
2026-01-10 19:00:00;SE;SUDESTE;S;SUL;-630.734
2026-01-10 20:00:00;N;NORTE;NE;NORDESTE;-2988.763
2026-01-10 20:00:00;N;NORTE;SE;SUDESTE;6610.172
2026-01-10 20:00:00;NE;NORDESTE;SE;SUDESTE;6330.807
2026-01-10 20:00:00;SE;SUDESTE;S;SUL;191.002
2026-01-10 21:00:00;N;NORTE;NE;NORDESTE;-3056.302
2026-01-10 21:00:00;N;NORTE;SE;SUDESTE;6513.131
2026-01-10 21:00:00;NE;NORDESTE;SE;SUDESTE;6055.74
2026-01-10 21:00:00;SE;SUDESTE;S;SUL;398.702
2026-01-10 22:00:00;N;NORTE;NE;NORDESTE;-3179.428
2026-01-10 22:00:00;N;NORTE;SE;SUDESTE;6321.908
2026-01-10 22:00:00;NE;NORDESTE;SE;SUDESTE;6143.366
2026-01-10 22:00:00;SE;SUDESTE;S;SUL;133.193
2026-01-10 23:00:00;N;NORTE;NE;NORDESTE;-3485.867
2026-01-10 23:00:00;N;NORTE;SE;SUDESTE;6367.881
2026-01-10 23:00:00;NE;NORDESTE;SE;SUDESTE;5891.917
2026-01-10 23:00:00;SE;SUDESTE;S;SUL;-597.44899999
2026-01-11 00:00:00;N;NORTE;NE;NORDESTE;-3818.954
2026-01-11 00:00:00;N;NORTE;SE;SUDESTE;6181.752
2026-01-11 00:00:00;NE;NORDESTE;SE;SUDESTE;6084.244
2026-01-11 00:00:00;SE;SUDESTE;S;SUL;-339.85199999
2026-01-11 01:00:00;N;NORTE;NE;NORDESTE;-4051.262
2026-01-11 01:00:00;N;NORTE;SE;SUDESTE;6194.002
2026-01-11 01:00:00;NE;NORDESTE;SE;SUDESTE;6276.313
2026-01-11 01:00:00;SE;SUDESTE;S;SUL;785.389
2026-01-11 02:00:00;N;NORTE;NE;NORDESTE;-4118.783
2026-01-11 02:00:00;N;NORTE;SE;SUDESTE;6229.706
2026-01-11 02:00:00;NE;NORDESTE;SE;SUDESTE;6334.745
2026-01-11 02:00:00;SE;SUDESTE;S;SUL;1611.481
2026-01-11 03:00:00;N;NORTE;NE;NORDESTE;-4172.17199999
2026-01-11 03:00:00;N;NORTE;SE;SUDESTE;6083.211
2026-01-11 03:00:00;NE;NORDESTE;SE;SUDESTE;6280.558
2026-01-11 03:00:00;SE;SUDESTE;S;SUL;2133.989
2026-01-11 04:00:00;N;NORTE;NE;NORDESTE;-4323.911
2026-01-11 04:00:00;N;NORTE;SE;SUDESTE;5148.377
2026-01-11 04:00:00;NE;NORDESTE;SE;SUDESTE;6317.15
2026-01-11 04:00:00;SE;SUDESTE;S;SUL;2011.402
2026-01-11 05:00:00;N;NORTE;NE;NORDESTE;-4294.441
2026-01-11 05:00:00;N;NORTE;SE;SUDESTE;3822.108
2026-01-11 05:00:00;NE;NORDESTE;SE;SUDESTE;5942.711
2026-01-11 05:00:00;SE;SUDESTE;S;SUL;1667.373
2026-01-11 06:00:00;N;NORTE;NE;NORDESTE;-4306.519
2026-01-11 06:00:00;N;NORTE;SE;SUDESTE;3441.917
2026-01-11 06:00:00;NE;NORDESTE;SE;SUDESTE;5660.207
2026-01-11 06:00:00;SE;SUDESTE;S;SUL;2786.164
2026-01-11 07:00:00;N;NORTE;NE;NORDESTE;-4109.214
2026-01-11 07:00:00;N;NORTE;SE;SUDESTE;3456.351
2026-01-11 07:00:00;NE;NORDESTE;SE;SUDESTE;5706.457
2026-01-11 07:00:00;SE;SUDESTE;S;SUL;4647.786
2026-01-11 08:00:00;N;NORTE;NE;NORDESTE;-3542.47
2026-01-11 08:00:00;N;NORTE;SE;SUDESTE;3283.151
2026-01-11 08:00:00;NE;NORDESTE;SE;SUDESTE;4470.68999999
2026-01-11 08:00:00;SE;SUDESTE;S;SUL;4265.95799999
2026-01-11 09:00:00;N;NORTE;NE;NORDESTE;-2759.078
2026-01-11 09:00:00;N;NORTE;SE;SUDESTE;2978.857
2026-01-11 09:00:00;NE;NORDESTE;SE;SUDESTE;2870.209
2026-01-11 09:00:00;SE;SUDESTE;S;SUL;3860.225
2026-01-11 10:00:00;N;NORTE;NE;NORDESTE;-2369.663
2026-01-11 10:00:00;N;NORTE;SE;SUDESTE;2748.634
2026-01-11 10:00:00;NE;NORDESTE;SE;SUDESTE;1925.342
2026-01-11 10:00:00;SE;SUDESTE;S;SUL;3722.003
2026-01-11 11:00:00;N;NORTE;NE;NORDESTE;-2107.958
2026-01-11 11:00:00;N;NORTE;SE;SUDESTE;2738.84
2026-01-11 11:00:00;NE;NORDESTE;SE;SUDESTE;1908.75
2026-01-11 11:00:00;SE;SUDESTE;S;SUL;3411.978
2026-01-11 12:00:00;N;NORTE;NE;NORDESTE;-2232.587
2026-01-11 12:00:00;N;NORTE;SE;SUDESTE;2921.274
2026-01-11 12:00:00;NE;NORDESTE;SE;SUDESTE;2197.873
2026-01-11 12:00:00;SE;SUDESTE;S;SUL;2825.773
2026-01-11 13:00:00;N;NORTE;NE;NORDESTE;-2503.09299999
2026-01-11 13:00:00;N;NORTE;SE;SUDESTE;3022.521
2026-01-11 13:00:00;NE;NORDESTE;SE;SUDESTE;2425.601
2026-01-11 13:00:00;SE;SUDESTE;S;SUL;2719.38299999
2026-01-11 14:00:00;N;NORTE;NE;NORDESTE;-3428.577
2026-01-11 14:00:00;N;NORTE;SE;SUDESTE;3534.227
2026-01-11 14:00:00;NE;NORDESTE;SE;SUDESTE;3234.896
2026-01-11 14:00:00;SE;SUDESTE;S;SUL;3174.746
2026-01-11 15:00:00;N;NORTE;NE;NORDESTE;-4211.046
2026-01-11 15:00:00;N;NORTE;SE;SUDESTE;4100.10999999
2026-01-11 15:00:00;NE;NORDESTE;SE;SUDESTE;4627.04299999
2026-01-11 15:00:00;SE;SUDESTE;S;SUL;3747.624
2026-01-11 16:00:00;N;NORTE;NE;NORDESTE;-3836.083
2026-01-11 16:00:00;N;NORTE;SE;SUDESTE;4021.467
2026-01-11 16:00:00;NE;NORDESTE;SE;SUDESTE;4894.696
2026-01-11 16:00:00;SE;SUDESTE;S;SUL;3383.132
2026-01-11 17:00:00;N;NORTE;NE;NORDESTE;-2162.282
2026-01-11 17:00:00;N;NORTE;SE;SUDESTE;5171.495
2026-01-11 17:00:00;NE;NORDESTE;SE;SUDESTE;5329.546
2026-01-11 17:00:00;SE;SUDESTE;S;SUL;2042.611
2026-01-11 18:00:00;N;NORTE;NE;NORDESTE;-2094.833
2026-01-11 18:00:00;N;NORTE;SE;SUDESTE;6359.145
2026-01-11 18:00:00;NE;NORDESTE;SE;SUDESTE;6140.671
2026-01-11 18:00:00;SE;SUDESTE;S;SUL;635.501
2026-01-11 19:00:00;N;NORTE;NE;NORDESTE;-2041.722
2026-01-11 19:00:00;N;NORTE;SE;SUDESTE;6819.776
2026-01-11 19:00:00;NE;NORDESTE;SE;SUDESTE;6349.282
2026-01-11 19:00:00;SE;SUDESTE;S;SUL;-329.325
2026-01-11 20:00:00;N;NORTE;NE;NORDESTE;-1870.318
2026-01-11 20:00:00;N;NORTE;SE;SUDESTE;6940.518
2026-01-11 20:00:00;NE;NORDESTE;SE;SUDESTE;6220.353
2026-01-11 20:00:00;SE;SUDESTE;S;SUL;-439.699
2026-01-11 21:00:00;N;NORTE;NE;NORDESTE;-1648.241
2026-01-11 21:00:00;N;NORTE;SE;SUDESTE;7005.026
2026-01-11 21:00:00;NE;NORDESTE;SE;SUDESTE;6053.687
2026-01-11 21:00:00;SE;SUDESTE;S;SUL;-734.722
2026-01-11 22:00:00;N;NORTE;NE;NORDESTE;-1292.368
2026-01-11 22:00:00;N;NORTE;SE;SUDESTE;6451.029
2026-01-11 22:00:00;NE;NORDESTE;SE;SUDESTE;5085.781
2026-01-11 22:00:00;SE;SUDESTE;S;SUL;-1287.517
2026-01-11 23:00:00;N;NORTE;NE;NORDESTE;-1543.301
2026-01-11 23:00:00;N;NORTE;SE;SUDESTE;6297.944
2026-01-11 23:00:00;NE;NORDESTE;SE;SUDESTE;5647.78
2026-01-11 23:00:00;SE;SUDESTE;S;SUL;-1535.074
2026-01-12 00:00:00;N;NORTE;NE;NORDESTE;-2303.367
2026-01-12 00:00:00;N;NORTE;SE;SUDESTE;5970.696
2026-01-12 00:00:00;NE;NORDESTE;SE;SUDESTE;5718.108
2026-01-12 00:00:00;SE;SUDESTE;S;SUL;-1298.059
2026-01-12 01:00:00;N;NORTE;NE;NORDESTE;-2561.661
2026-01-12 01:00:00;N;NORTE;SE;SUDESTE;6079.543
2026-01-12 01:00:00;NE;NORDESTE;SE;SUDESTE;5323.167
2026-01-12 01:00:00;SE;SUDESTE;S;SUL;-300.07299999
2026-01-12 02:00:00;N;NORTE;NE;NORDESTE;-2266.56
2026-01-12 02:00:00;N;NORTE;SE;SUDESTE;5923.95
2026-01-12 02:00:00;NE;NORDESTE;SE;SUDESTE;5241.014
2026-01-12 02:00:00;SE;SUDESTE;S;SUL;1167.635
2026-01-12 03:00:00;N;NORTE;NE;NORDESTE;-2138.631
2026-01-12 03:00:00;N;NORTE;SE;SUDESTE;5609.46
2026-01-12 03:00:00;NE;NORDESTE;SE;SUDESTE;4993.283
2026-01-12 03:00:00;SE;SUDESTE;S;SUL;1738.103
2026-01-12 04:00:00;N;NORTE;NE;NORDESTE;-2310.375
2026-01-12 04:00:00;N;NORTE;SE;SUDESTE;5201.587
2026-01-12 04:00:00;NE;NORDESTE;SE;SUDESTE;5354.318
2026-01-12 04:00:00;SE;SUDESTE;S;SUL;2510.90299999
2026-01-12 05:00:00;N;NORTE;NE;NORDESTE;-2570.607
2026-01-12 05:00:00;N;NORTE;SE;SUDESTE;5019.876
2026-01-12 05:00:00;NE;NORDESTE;SE;SUDESTE;5612.434
2026-01-12 05:00:00;SE;SUDESTE;S;SUL;3039.514
2026-01-12 06:00:00;N;NORTE;NE;NORDESTE;-3096.554
2026-01-12 06:00:00;N;NORTE;SE;SUDESTE;4923.001
2026-01-12 06:00:00;NE;NORDESTE;SE;SUDESTE;6393.567
2026-01-12 06:00:00;SE;SUDESTE;S;SUL;4208.133
2026-01-12 07:00:00;N;NORTE;NE;NORDESTE;-3089.349
2026-01-12 07:00:00;N;NORTE;SE;SUDESTE;4828.917
2026-01-12 07:00:00;NE;NORDESTE;SE;SUDESTE;5599.749
2026-01-12 07:00:00;SE;SUDESTE;S;SUL;4904.14
2026-01-12 08:00:00;N;NORTE;NE;NORDESTE;-2774.647
2026-01-12 08:00:00;N;NORTE;SE;SUDESTE;4548.804
2026-01-12 08:00:00;NE;NORDESTE;SE;SUDESTE;4854.508
2026-01-12 08:00:00;SE;SUDESTE;S;SUL;4157.392
2026-01-12 09:00:00;N;NORTE;NE;NORDESTE;-2880.633
2026-01-12 09:00:00;N;NORTE;SE;SUDESTE;4307.384
2026-01-12 09:00:00;NE;NORDESTE;SE;SUDESTE;4874.086
2026-01-12 09:00:00;SE;SUDESTE;S;SUL;4199.55199999
2026-01-12 10:00:00;N;NORTE;NE;NORDESTE;-2815.005
2026-01-12 10:00:00;N;NORTE;SE;SUDESTE;3960.653
2026-01-12 10:00:00;NE;NORDESTE;SE;SUDESTE;4639.771
2026-01-12 10:00:00;SE;SUDESTE;S;SUL;3933.094
2026-01-12 11:00:00;N;NORTE;NE;NORDESTE;-2868.118
2026-01-12 11:00:00;N;NORTE;SE;SUDESTE;3701.571
2026-01-12 11:00:00;NE;NORDESTE;SE;SUDESTE;3904.92
2026-01-12 11:00:00;SE;SUDESTE;S;SUL;3712.881
2026-01-12 12:00:00;N;NORTE;NE;NORDESTE;-2735.34499999
2026-01-12 12:00:00;N;NORTE;SE;SUDESTE;3782.171
2026-01-12 12:00:00;NE;NORDESTE;SE;SUDESTE;4051.12
2026-01-12 12:00:00;SE;SUDESTE;S;SUL;3057.6
2026-01-12 13:00:00;N;NORTE;NE;NORDESTE;-2964.764
2026-01-12 13:00:00;N;NORTE;SE;SUDESTE;4698.92699999
2026-01-12 13:00:00;NE;NORDESTE;SE;SUDESTE;4418.06499999
2026-01-12 13:00:00;SE;SUDESTE;S;SUL;2664.944
2026-01-12 14:00:00;N;NORTE;NE;NORDESTE;-2727.16199999
2026-01-12 14:00:00;N;NORTE;SE;SUDESTE;5682.226
2026-01-12 14:00:00;NE;NORDESTE;SE;SUDESTE;4570.222
2026-01-12 14:00:00;SE;SUDESTE;S;SUL;2819.81
2026-01-12 15:00:00;N;NORTE;NE;NORDESTE;-2127.015
2026-01-12 15:00:00;N;NORTE;SE;SUDESTE;6032.592
2026-01-12 15:00:00;NE;NORDESTE;SE;SUDESTE;4604.50699999
2026-01-12 15:00:00;SE;SUDESTE;S;SUL;2064.88299999
2026-01-12 16:00:00;N;NORTE;NE;NORDESTE;-1225.682
2026-01-12 16:00:00;N;NORTE;SE;SUDESTE;7217.28
2026-01-12 16:00:00;NE;NORDESTE;SE;SUDESTE;5004.35
2026-01-12 16:00:00;SE;SUDESTE;S;SUL;1987.908
2026-01-12 17:00:00;N;NORTE;NE;NORDESTE;-291.845
2026-01-12 17:00:00;N;NORTE;SE;SUDESTE;7881.161
2026-01-12 17:00:00;NE;NORDESTE;SE;SUDESTE;5836.735
2026-01-12 17:00:00;SE;SUDESTE;S;SUL;1789.51
2026-01-12 18:00:00;N;NORTE;NE;NORDESTE;-141.27099999
2026-01-12 18:00:00;N;NORTE;SE;SUDESTE;7803.564
2026-01-12 18:00:00;NE;NORDESTE;SE;SUDESTE;6004.739
2026-01-12 18:00:00;SE;SUDESTE;S;SUL;749.008
2026-01-12 19:00:00;N;NORTE;NE;NORDESTE;-492.3
2026-01-12 19:00:00;N;NORTE;SE;SUDESTE;7858.723
2026-01-12 19:00:00;NE;NORDESTE;SE;SUDESTE;6273.656
2026-01-12 19:00:00;SE;SUDESTE;S;SUL;308.478
2026-01-12 20:00:00;N;NORTE;NE;NORDESTE;-812.993
2026-01-12 20:00:00;N;NORTE;SE;SUDESTE;7678.28
2026-01-12 20:00:00;NE;NORDESTE;SE;SUDESTE;6366.999
2026-01-12 20:00:00;SE;SUDESTE;S;SUL;710.937
2026-01-12 21:00:00;N;NORTE;NE;NORDESTE;-630.915
2026-01-12 21:00:00;N;NORTE;SE;SUDESTE;7309.65
2026-01-12 21:00:00;NE;NORDESTE;SE;SUDESTE;5862.96
2026-01-12 21:00:00;SE;SUDESTE;S;SUL;538.256
2026-01-12 22:00:00;N;NORTE;NE;NORDESTE;-847.011
2026-01-12 22:00:00;N;NORTE;SE;SUDESTE;7390.698
2026-01-12 22:00:00;NE;NORDESTE;SE;SUDESTE;4750.006
2026-01-12 22:00:00;SE;SUDESTE;S;SUL;-194.748
2026-01-12 23:00:00;N;NORTE;NE;NORDESTE;-1042.539
2026-01-12 23:00:00;N;NORTE;SE;SUDESTE;7444.587
2026-01-12 23:00:00;NE;NORDESTE;SE;SUDESTE;4572.845
2026-01-12 23:00:00;SE;SUDESTE;S;SUL;-784.842
2026-01-13 00:00:00;N;NORTE;NE;NORDESTE;-1052.092
2026-01-13 00:00:00;N;NORTE;SE;SUDESTE;7226.075
2026-01-13 00:00:00;NE;NORDESTE;SE;SUDESTE;4617.312
2026-01-13 00:00:00;SE;SUDESTE;S;SUL;-950.933
2026-01-13 01:00:00;N;NORTE;NE;NORDESTE;-1378.989
2026-01-13 01:00:00;N;NORTE;SE;SUDESTE;7495.103
2026-01-13 01:00:00;NE;NORDESTE;SE;SUDESTE;5215.155
2026-01-13 01:00:00;SE;SUDESTE;S;SUL;1039.583
2026-01-13 02:00:00;N;NORTE;NE;NORDESTE;-1524.291
2026-01-13 02:00:00;N;NORTE;SE;SUDESTE;7717.417
2026-01-13 02:00:00;NE;NORDESTE;SE;SUDESTE;5419.03399999
2026-01-13 02:00:00;SE;SUDESTE;S;SUL;2889.974
2026-01-13 03:00:00;N;NORTE;NE;NORDESTE;-1485.201
2026-01-13 03:00:00;N;NORTE;SE;SUDESTE;7838.702
2026-01-13 03:00:00;NE;NORDESTE;SE;SUDESTE;5638.672
2026-01-13 03:00:00;SE;SUDESTE;S;SUL;3876.444
2026-01-13 04:00:00;N;NORTE;NE;NORDESTE;-1631.555
2026-01-13 04:00:00;N;NORTE;SE;SUDESTE;7499.0
2026-01-13 04:00:00;NE;NORDESTE;SE;SUDESTE;5393.64
2026-01-13 04:00:00;SE;SUDESTE;S;SUL;3670.781
2026-01-13 05:00:00;N;NORTE;NE;NORDESTE;-2757.874
2026-01-13 05:00:00;N;NORTE;SE;SUDESTE;6540.588
2026-01-13 05:00:00;NE;NORDESTE;SE;SUDESTE;5888.496
2026-01-13 05:00:00;SE;SUDESTE;S;SUL;2995.613
2026-01-13 06:00:00;N;NORTE;NE;NORDESTE;-3605.707
2026-01-13 06:00:00;N;NORTE;SE;SUDESTE;6192.675
2026-01-13 06:00:00;NE;NORDESTE;SE;SUDESTE;6241.301
2026-01-13 06:00:00;SE;SUDESTE;S;SUL;2470.808
2026-01-13 07:00:00;N;NORTE;NE;NORDESTE;-3650.076
2026-01-13 07:00:00;N;NORTE;SE;SUDESTE;5795.992
2026-01-13 07:00:00;NE;NORDESTE;SE;SUDESTE;5573.987
2026-01-13 07:00:00;SE;SUDESTE;S;SUL;3181.073
2026-01-13 08:00:00;N;NORTE;NE;NORDESTE;-3401.107
2026-01-13 08:00:00;N;NORTE;SE;SUDESTE;5148.5
2026-01-13 08:00:00;NE;NORDESTE;SE;SUDESTE;5203.947
2026-01-13 08:00:00;SE;SUDESTE;S;SUL;2820.081
2026-01-13 09:00:00;N;NORTE;NE;NORDESTE;-3392.034
2026-01-13 09:00:00;N;NORTE;SE;SUDESTE;4603.817
2026-01-13 09:00:00;NE;NORDESTE;SE;SUDESTE;4908.393
2026-01-13 09:00:00;SE;SUDESTE;S;SUL;3087.293
2026-01-13 10:00:00;N;NORTE;NE;NORDESTE;-3225.869
2026-01-13 10:00:00;N;NORTE;SE;SUDESTE;4419.919
2026-01-13 10:00:00;NE;NORDESTE;SE;SUDESTE;4583.456
2026-01-13 10:00:00;SE;SUDESTE;S;SUL;3810.522
2026-01-13 11:00:00;N;NORTE;NE;NORDESTE;-3211.187
2026-01-13 11:00:00;N;NORTE;SE;SUDESTE;4174.932
2026-01-13 11:00:00;NE;NORDESTE;SE;SUDESTE;4233.46699999
2026-01-13 11:00:00;SE;SUDESTE;S;SUL;4296.356
2026-01-13 12:00:00;N;NORTE;NE;NORDESTE;-3198.525
2026-01-13 12:00:00;N;NORTE;SE;SUDESTE;4368.506
2026-01-13 12:00:00;NE;NORDESTE;SE;SUDESTE;4573.655
2026-01-13 12:00:00;SE;SUDESTE;S;SUL;4821.84
2026-01-13 13:00:00;N;NORTE;NE;NORDESTE;-3367.481
2026-01-13 13:00:00;N;NORTE;SE;SUDESTE;4812.853
2026-01-13 13:00:00;NE;NORDESTE;SE;SUDESTE;5168.724
2026-01-13 13:00:00;SE;SUDESTE;S;SUL;4294.479
2026-01-13 14:00:00;N;NORTE;NE;NORDESTE;-2657.748
2026-01-13 14:00:00;N;NORTE;SE;SUDESTE;5975.583
2026-01-13 14:00:00;NE;NORDESTE;SE;SUDESTE;5073.35499999
2026-01-13 14:00:00;SE;SUDESTE;S;SUL;2977.462
2026-01-13 15:00:00;N;NORTE;NE;NORDESTE;-1651.273
2026-01-13 15:00:00;N;NORTE;SE;SUDESTE;6885.662
2026-01-13 15:00:00;NE;NORDESTE;SE;SUDESTE;5066.814
2026-01-13 15:00:00;SE;SUDESTE;S;SUL;2044.118
2026-01-13 16:00:00;N;NORTE;NE;NORDESTE;-514.332
2026-01-13 16:00:00;N;NORTE;SE;SUDESTE;7643.126
2026-01-13 16:00:00;NE;NORDESTE;SE;SUDESTE;4853.787
2026-01-13 16:00:00;SE;SUDESTE;S;SUL;1759.976
2026-01-13 17:00:00;N;NORTE;NE;NORDESTE;-166.335
2026-01-13 17:00:00;N;NORTE;SE;SUDESTE;8183.159
2026-01-13 17:00:00;NE;NORDESTE;SE;SUDESTE;5748.849
2026-01-13 17:00:00;SE;SUDESTE;S;SUL;2783.667
2026-01-13 18:00:00;N;NORTE;NE;NORDESTE;-361.558
2026-01-13 18:00:00;N;NORTE;SE;SUDESTE;8309.977
2026-01-13 18:00:00;NE;NORDESTE;SE;SUDESTE;6350.565
2026-01-13 18:00:00;SE;SUDESTE;S;SUL;2496.085
2026-01-13 19:00:00;N;NORTE;NE;NORDESTE;-601.78099999
2026-01-13 19:00:00;N;NORTE;SE;SUDESTE;8177.99
2026-01-13 19:00:00;NE;NORDESTE;SE;SUDESTE;5996.596
2026-01-13 19:00:00;SE;SUDESTE;S;SUL;1680.156
2026-01-13 20:00:00;N;NORTE;NE;NORDESTE;-988.179
2026-01-13 20:00:00;N;NORTE;SE;SUDESTE;8349.256
2026-01-13 20:00:00;NE;NORDESTE;SE;SUDESTE;6043.413
2026-01-13 20:00:00;SE;SUDESTE;S;SUL;1868.683
2026-01-13 21:00:00;N;NORTE;NE;NORDESTE;-1319.14799999
2026-01-13 21:00:00;N;NORTE;SE;SUDESTE;8150.249
2026-01-13 21:00:00;NE;NORDESTE;SE;SUDESTE;5432.18
2026-01-13 21:00:00;SE;SUDESTE;S;SUL;1645.11
2026-01-13 22:00:00;N;NORTE;NE;NORDESTE;-1730.679
2026-01-13 22:00:00;N;NORTE;SE;SUDESTE;8145.066
2026-01-13 22:00:00;NE;NORDESTE;SE;SUDESTE;4642.07
2026-01-13 22:00:00;SE;SUDESTE;S;SUL;1319.53299999
2026-01-13 23:00:00;N;NORTE;NE;NORDESTE;-2421.331
2026-01-13 23:00:00;N;NORTE;SE;SUDESTE;7623.297
2026-01-13 23:00:00;NE;NORDESTE;SE;SUDESTE;4234.984
2026-01-13 23:00:00;SE;SUDESTE;S;SUL;188.082
2026-01-14 00:00:00;N;NORTE;NE;NORDESTE;-2483.454
2026-01-14 00:00:00;N;NORTE;SE;SUDESTE;7871.493
2026-01-14 00:00:00;NE;NORDESTE;SE;SUDESTE;4702.768
2026-01-14 00:00:00;SE;SUDESTE;S;SUL;1693.908
2026-01-14 01:00:00;N;NORTE;NE;NORDESTE;-2302.629
2026-01-14 01:00:00;N;NORTE;SE;SUDESTE;8334.717
2026-01-14 01:00:00;NE;NORDESTE;SE;SUDESTE;5053.68999999
2026-01-14 01:00:00;SE;SUDESTE;S;SUL;3665.885
2026-01-14 02:00:00;N;NORTE;NE;NORDESTE;-2483.05499999
2026-01-14 02:00:00;N;NORTE;SE;SUDESTE;8437.232
2026-01-14 02:00:00;NE;NORDESTE;SE;SUDESTE;5029.381
2026-01-14 02:00:00;SE;SUDESTE;S;SUL;4330.712
2026-01-14 03:00:00;N;NORTE;NE;NORDESTE;-2488.56599999
2026-01-14 03:00:00;N;NORTE;SE;SUDESTE;8141.329
2026-01-14 03:00:00;NE;NORDESTE;SE;SUDESTE;4893.253
2026-01-14 03:00:00;SE;SUDESTE;S;SUL;4758.578
2026-01-14 04:00:00;N;NORTE;NE;NORDESTE;-2408.253
2026-01-14 04:00:00;N;NORTE;SE;SUDESTE;7984.384
2026-01-14 04:00:00;NE;NORDESTE;SE;SUDESTE;4772.004
2026-01-14 04:00:00;SE;SUDESTE;S;SUL;4678.473
2026-01-14 05:00:00;N;NORTE;NE;NORDESTE;-2881.537
2026-01-14 05:00:00;N;NORTE;SE;SUDESTE;7215.854
2026-01-14 05:00:00;NE;NORDESTE;SE;SUDESTE;4917.212
2026-01-14 05:00:00;SE;SUDESTE;S;SUL;3439.469
2026-01-14 06:00:00;N;NORTE;NE;NORDESTE;-3277.905
2026-01-14 06:00:00;N;NORTE;SE;SUDESTE;6366.27
2026-01-14 06:00:00;NE;NORDESTE;SE;SUDESTE;6029.19
2026-01-14 06:00:00;SE;SUDESTE;S;SUL;3930.015
2026-01-14 07:00:00;N;NORTE;NE;NORDESTE;-2999.998
2026-01-14 07:00:00;N;NORTE;SE;SUDESTE;4964.191
2026-01-14 07:00:00;NE;NORDESTE;SE;SUDESTE;5298.77499999
2026-01-14 07:00:00;SE;SUDESTE;S;SUL;4725.361
2026-01-14 08:00:00;N;NORTE;NE;NORDESTE;-2922.585
2026-01-14 08:00:00;N;NORTE;SE;SUDESTE;4125.781
2026-01-14 08:00:00;NE;NORDESTE;SE;SUDESTE;4443.577
2026-01-14 08:00:00;SE;SUDESTE;S;SUL;4688.915
2026-01-14 09:00:00;N;NORTE;NE;NORDESTE;-2813.404
2026-01-14 09:00:00;N;NORTE;SE;SUDESTE;4126.51
2026-01-14 09:00:00;NE;NORDESTE;SE;SUDESTE;4384.325
2026-01-14 09:00:00;SE;SUDESTE;S;SUL;5112.598
2026-01-14 10:00:00;N;NORTE;NE;NORDESTE;-3225.441
2026-01-14 10:00:00;N;NORTE;SE;SUDESTE;4835.38199999
2026-01-14 10:00:00;NE;NORDESTE;SE;SUDESTE;4944.74799999
2026-01-14 10:00:00;SE;SUDESTE;S;SUL;4678.019
2026-01-14 11:00:00;N;NORTE;NE;NORDESTE;-3249.706
2026-01-14 11:00:00;N;NORTE;SE;SUDESTE;4972.337
2026-01-14 11:00:00;NE;NORDESTE;SE;SUDESTE;4977.533
2026-01-14 11:00:00;SE;SUDESTE;S;SUL;3899.499
2026-01-14 12:00:00;N;NORTE;NE;NORDESTE;-3175.507
2026-01-14 12:00:00;N;NORTE;SE;SUDESTE;4990.95
2026-01-14 12:00:00;NE;NORDESTE;SE;SUDESTE;4968.38
2026-01-14 12:00:00;SE;SUDESTE;S;SUL;3542.3
2026-01-14 13:00:00;N;NORTE;NE;NORDESTE;-2553.75799999
2026-01-14 13:00:00;N;NORTE;SE;SUDESTE;5197.00699999
2026-01-14 13:00:00;NE;NORDESTE;SE;SUDESTE;5140.277
2026-01-14 13:00:00;SE;SUDESTE;S;SUL;3638.83
2026-01-14 14:00:00;N;NORTE;NE;NORDESTE;-2568.304
2026-01-14 14:00:00;N;NORTE;SE;SUDESTE;6239.935
2026-01-14 14:00:00;NE;NORDESTE;SE;SUDESTE;4984.22
2026-01-14 14:00:00;SE;SUDESTE;S;SUL;3234.487
2026-01-14 15:00:00;N;NORTE;NE;NORDESTE;-1787.766
2026-01-14 15:00:00;N;NORTE;SE;SUDESTE;6868.497
2026-01-14 15:00:00;NE;NORDESTE;SE;SUDESTE;4684.148
2026-01-14 15:00:00;SE;SUDESTE;S;SUL;2831.616
2026-01-14 16:00:00;N;NORTE;NE;NORDESTE;-910.033
2026-01-14 16:00:00;N;NORTE;SE;SUDESTE;7393.738
2026-01-14 16:00:00;NE;NORDESTE;SE;SUDESTE;4922.215
2026-01-14 16:00:00;SE;SUDESTE;S;SUL;3406.157
2026-01-14 17:00:00;N;NORTE;NE;NORDESTE;107.388
2026-01-14 17:00:00;N;NORTE;SE;SUDESTE;8072.739
2026-01-14 17:00:00;NE;NORDESTE;SE;SUDESTE;5453.175
2026-01-14 17:00:00;SE;SUDESTE;S;SUL;4175.46
2026-01-14 18:00:00;N;NORTE;NE;NORDESTE;132.32
2026-01-14 18:00:00;N;NORTE;SE;SUDESTE;8371.20099999
2026-01-14 18:00:00;NE;NORDESTE;SE;SUDESTE;6101.992
2026-01-14 18:00:00;SE;SUDESTE;S;SUL;3234.745
2026-01-14 19:00:00;N;NORTE;NE;NORDESTE;-341.569
2026-01-14 19:00:00;N;NORTE;SE;SUDESTE;8201.268
2026-01-14 19:00:00;NE;NORDESTE;SE;SUDESTE;6348.446
2026-01-14 19:00:00;SE;SUDESTE;S;SUL;2768.594
2026-01-14 20:00:00;N;NORTE;NE;NORDESTE;-558.114
2026-01-14 20:00:00;N;NORTE;SE;SUDESTE;7917.071
2026-01-14 20:00:00;NE;NORDESTE;SE;SUDESTE;6381.306
2026-01-14 20:00:00;SE;SUDESTE;S;SUL;3024.087
2026-01-14 21:00:00;N;NORTE;NE;NORDESTE;-585.35
2026-01-14 21:00:00;N;NORTE;SE;SUDESTE;7747.33
2026-01-14 21:00:00;NE;NORDESTE;SE;SUDESTE;6028.857
2026-01-14 21:00:00;SE;SUDESTE;S;SUL;3363.754
2026-01-14 22:00:00;N;NORTE;NE;NORDESTE;-476.239
2026-01-14 22:00:00;N;NORTE;SE;SUDESTE;7520.887
2026-01-14 22:00:00;NE;NORDESTE;SE;SUDESTE;5945.033
2026-01-14 22:00:00;SE;SUDESTE;S;SUL;2845.67
2026-01-14 23:00:00;N;NORTE;NE;NORDESTE;-649.683
2026-01-14 23:00:00;N;NORTE;SE;SUDESTE;7146.183
2026-01-14 23:00:00;NE;NORDESTE;SE;SUDESTE;5696.479
2026-01-14 23:00:00;SE;SUDESTE;S;SUL;2583.89399999
2026-01-15 00:00:00;N;NORTE;NE;NORDESTE;-1129.55
2026-01-15 00:00:00;N;NORTE;SE;SUDESTE;7209.361
2026-01-15 00:00:00;NE;NORDESTE;SE;SUDESTE;6124.984
2026-01-15 00:00:00;SE;SUDESTE;S;SUL;3506.227
2026-01-15 01:00:00;N;NORTE;NE;NORDESTE;-1159.065
2026-01-15 01:00:00;N;NORTE;SE;SUDESTE;7230.453
2026-01-15 01:00:00;NE;NORDESTE;SE;SUDESTE;6229.608
2026-01-15 01:00:00;SE;SUDESTE;S;SUL;4062.687
2026-01-15 02:00:00;N;NORTE;NE;NORDESTE;-1194.383
2026-01-15 02:00:00;N;NORTE;SE;SUDESTE;7229.213
2026-01-15 02:00:00;NE;NORDESTE;SE;SUDESTE;6434.807
2026-01-15 02:00:00;SE;SUDESTE;S;SUL;4770.412
2026-01-15 03:00:00;N;NORTE;NE;NORDESTE;-1249.775
2026-01-15 03:00:00;N;NORTE;SE;SUDESTE;7094.555
2026-01-15 03:00:00;NE;NORDESTE;SE;SUDESTE;6280.314
2026-01-15 03:00:00;SE;SUDESTE;S;SUL;4816.635
2026-01-15 04:00:00;N;NORTE;NE;NORDESTE;-1126.31199999
2026-01-15 04:00:00;N;NORTE;SE;SUDESTE;6939.257
2026-01-15 04:00:00;NE;NORDESTE;SE;SUDESTE;6140.191
2026-01-15 04:00:00;SE;SUDESTE;S;SUL;4570.233
2026-01-15 05:00:00;N;NORTE;NE;NORDESTE;-1892.166
2026-01-15 05:00:00;N;NORTE;SE;SUDESTE;6462.615
2026-01-15 05:00:00;NE;NORDESTE;SE;SUDESTE;6148.788
2026-01-15 05:00:00;SE;SUDESTE;S;SUL;3732.385
2026-01-15 06:00:00;N;NORTE;NE;NORDESTE;-3245.345
2026-01-15 06:00:00;N;NORTE;SE;SUDESTE;6635.192
2026-01-15 06:00:00;NE;NORDESTE;SE;SUDESTE;6319.148
2026-01-15 06:00:00;SE;SUDESTE;S;SUL;4873.647
2026-01-15 07:00:00;N;NORTE;NE;NORDESTE;-2954.168
2026-01-15 07:00:00;N;NORTE;SE;SUDESTE;5502.686
2026-01-15 07:00:00;NE;NORDESTE;SE;SUDESTE;4773.30199999
2026-01-15 07:00:00;SE;SUDESTE;S;SUL;5720.706
2026-01-15 08:00:00;N;NORTE;NE;NORDESTE;-3149.025
2026-01-15 08:00:00;N;NORTE;SE;SUDESTE;5221.43999999
2026-01-15 08:00:00;NE;NORDESTE;SE;SUDESTE;4084.44
2026-01-15 08:00:00;SE;SUDESTE;S;SUL;5965.503
2026-01-15 09:00:00;N;NORTE;NE;NORDESTE;-3283.15
2026-01-15 09:00:00;N;NORTE;SE;SUDESTE;5443.465
2026-01-15 09:00:00;NE;NORDESTE;SE;SUDESTE;4496.674
2026-01-15 09:00:00;SE;SUDESTE;S;SUL;6316.923
2026-01-15 10:00:00;N;NORTE;NE;NORDESTE;-3459.958
2026-01-15 10:00:00;N;NORTE;SE;SUDESTE;5483.649
2026-01-15 10:00:00;NE;NORDESTE;SE;SUDESTE;4832.1
2026-01-15 10:00:00;SE;SUDESTE;S;SUL;5712.115
2026-01-15 11:00:00;N;NORTE;NE;NORDESTE;-3603.489
2026-01-15 11:00:00;N;NORTE;SE;SUDESTE;4877.308
2026-01-15 11:00:00;NE;NORDESTE;SE;SUDESTE;4347.008
2026-01-15 11:00:00;SE;SUDESTE;S;SUL;3459.111
2026-01-15 12:00:00;N;NORTE;NE;NORDESTE;-3425.588
2026-01-15 12:00:00;N;NORTE;SE;SUDESTE;4807.032
2026-01-15 12:00:00;NE;NORDESTE;SE;SUDESTE;3901.682
2026-01-15 12:00:00;SE;SUDESTE;S;SUL;2587.83599999
2026-01-15 13:00:00;N;NORTE;NE;NORDESTE;-2852.213
2026-01-15 13:00:00;N;NORTE;SE;SUDESTE;5398.227
2026-01-15 13:00:00;NE;NORDESTE;SE;SUDESTE;4165.408
2026-01-15 13:00:00;SE;SUDESTE;S;SUL;2907.857
2026-01-15 14:00:00;N;NORTE;NE;NORDESTE;-2692.46
2026-01-15 14:00:00;N;NORTE;SE;SUDESTE;6481.989
2026-01-15 14:00:00;NE;NORDESTE;SE;SUDESTE;4598.664
2026-01-15 14:00:00;SE;SUDESTE;S;SUL;2963.195
2026-01-15 15:00:00;N;NORTE;NE;NORDESTE;-2279.51699999
2026-01-15 15:00:00;N;NORTE;SE;SUDESTE;7410.7
2026-01-15 15:00:00;NE;NORDESTE;SE;SUDESTE;5121.028
2026-01-15 15:00:00;SE;SUDESTE;S;SUL;3288.92
2026-01-15 16:00:00;N;NORTE;NE;NORDESTE;-1385.32
2026-01-15 16:00:00;N;NORTE;SE;SUDESTE;7223.524
2026-01-15 16:00:00;NE;NORDESTE;SE;SUDESTE;4851.41299999
2026-01-15 16:00:00;SE;SUDESTE;S;SUL;3963.708
2026-01-15 17:00:00;N;NORTE;NE;NORDESTE;-683.703
2026-01-15 17:00:00;N;NORTE;SE;SUDESTE;7359.592
2026-01-15 17:00:00;NE;NORDESTE;SE;SUDESTE;5000.05599999
2026-01-15 17:00:00;SE;SUDESTE;S;SUL;3952.733
2026-01-15 18:00:00;N;NORTE;NE;NORDESTE;-182.085
2026-01-15 18:00:00;N;NORTE;SE;SUDESTE;7702.501
2026-01-15 18:00:00;NE;NORDESTE;SE;SUDESTE;6088.928
2026-01-15 18:00:00;SE;SUDESTE;S;SUL;3432.75
2026-01-15 19:00:00;N;NORTE;NE;NORDESTE;-641.566
2026-01-15 19:00:00;N;NORTE;SE;SUDESTE;7743.664
2026-01-15 19:00:00;NE;NORDESTE;SE;SUDESTE;6430.404
2026-01-15 19:00:00;SE;SUDESTE;S;SUL;3274.84
2026-01-15 20:00:00;N;NORTE;NE;NORDESTE;-1167.93
2026-01-15 20:00:00;N;NORTE;SE;SUDESTE;7495.502
2026-01-15 20:00:00;NE;NORDESTE;SE;SUDESTE;6379.627
2026-01-15 20:00:00;SE;SUDESTE;S;SUL;3882.189
2026-01-15 21:00:00;N;NORTE;NE;NORDESTE;-952.631
2026-01-15 21:00:00;N;NORTE;SE;SUDESTE;7384.653
2026-01-15 21:00:00;NE;NORDESTE;SE;SUDESTE;6168.403
2026-01-15 21:00:00;SE;SUDESTE;S;SUL;4639.678
2026-01-15 22:00:00;N;NORTE;NE;NORDESTE;-947.874
2026-01-15 22:00:00;N;NORTE;SE;SUDESTE;7391.07
2026-01-15 22:00:00;NE;NORDESTE;SE;SUDESTE;6122.675
2026-01-15 22:00:00;SE;SUDESTE;S;SUL;4071.915
2026-01-15 23:00:00;N;NORTE;NE;NORDESTE;-843.261
2026-01-15 23:00:00;N;NORTE;SE;SUDESTE;7232.307
2026-01-15 23:00:00;NE;NORDESTE;SE;SUDESTE;5714.173
2026-01-15 23:00:00;SE;SUDESTE;S;SUL;2969.477
2026-01-16 00:00:00;N;NORTE;NE;NORDESTE;-1324.337
2026-01-16 00:00:00;N;NORTE;SE;SUDESTE;7475.106
2026-01-16 00:00:00;NE;NORDESTE;SE;SUDESTE;6303.389
2026-01-16 00:00:00;SE;SUDESTE;S;SUL;2960.73
2026-01-16 01:00:00;N;NORTE;NE;NORDESTE;-1432.496
2026-01-16 01:00:00;N;NORTE;SE;SUDESTE;7778.018
2026-01-16 01:00:00;NE;NORDESTE;SE;SUDESTE;6297.964
2026-01-16 01:00:00;SE;SUDESTE;S;SUL;3021.347
2026-01-16 02:00:00;N;NORTE;NE;NORDESTE;-1705.914
2026-01-16 02:00:00;N;NORTE;SE;SUDESTE;7744.025
2026-01-16 02:00:00;NE;NORDESTE;SE;SUDESTE;6194.136
2026-01-16 02:00:00;SE;SUDESTE;S;SUL;3983.779
2026-01-16 03:00:00;N;NORTE;NE;NORDESTE;-1650.71
2026-01-16 03:00:00;N;NORTE;SE;SUDESTE;7697.282
2026-01-16 03:00:00;NE;NORDESTE;SE;SUDESTE;6265.071
2026-01-16 03:00:00;SE;SUDESTE;S;SUL;4442.79299999
2026-01-16 04:00:00;N;NORTE;NE;NORDESTE;-1656.193
2026-01-16 04:00:00;N;NORTE;SE;SUDESTE;7643.61
2026-01-16 04:00:00;NE;NORDESTE;SE;SUDESTE;6296.075
2026-01-16 04:00:00;SE;SUDESTE;S;SUL;4745.045
2026-01-16 05:00:00;N;NORTE;NE;NORDESTE;-2416.16
2026-01-16 05:00:00;N;NORTE;SE;SUDESTE;7190.552
2026-01-16 05:00:00;NE;NORDESTE;SE;SUDESTE;6504.558
2026-01-16 05:00:00;SE;SUDESTE;S;SUL;4300.555
2026-01-16 06:00:00;N;NORTE;NE;NORDESTE;-3303.941
2026-01-16 06:00:00;N;NORTE;SE;SUDESTE;6413.909
2026-01-16 06:00:00;NE;NORDESTE;SE;SUDESTE;5908.168
2026-01-16 06:00:00;SE;SUDESTE;S;SUL;4600.836
2026-01-16 07:00:00;N;NORTE;NE;NORDESTE;-3589.514
2026-01-16 07:00:00;N;NORTE;SE;SUDESTE;5165.843
2026-01-16 07:00:00;NE;NORDESTE;SE;SUDESTE;5248.964
2026-01-16 07:00:00;SE;SUDESTE;S;SUL;5454.14099999
2026-01-16 08:00:00;N;NORTE;NE;NORDESTE;-3987.728
2026-01-16 08:00:00;N;NORTE;SE;SUDESTE;5072.102
2026-01-16 08:00:00;NE;NORDESTE;SE;SUDESTE;5484.629
2026-01-16 08:00:00;SE;SUDESTE;S;SUL;5286.587
2026-01-16 09:00:00;N;NORTE;NE;NORDESTE;-4637.002
2026-01-16 09:00:00;N;NORTE;SE;SUDESTE;5624.873
2026-01-16 09:00:00;NE;NORDESTE;SE;SUDESTE;5599.505
2026-01-16 09:00:00;SE;SUDESTE;S;SUL;4870.785
2026-01-16 10:00:00;N;NORTE;NE;NORDESTE;-4575.515
2026-01-16 10:00:00;N;NORTE;SE;SUDESTE;5585.33
2026-01-16 10:00:00;NE;NORDESTE;SE;SUDESTE;5574.624
2026-01-16 10:00:00;SE;SUDESTE;S;SUL;3348.199
2026-01-16 11:00:00;N;NORTE;NE;NORDESTE;-4416.769
2026-01-16 11:00:00;N;NORTE;SE;SUDESTE;5492.555
2026-01-16 11:00:00;NE;NORDESTE;SE;SUDESTE;5446.638
2026-01-16 11:00:00;SE;SUDESTE;S;SUL;2051.759
2026-01-16 12:00:00;N;NORTE;NE;NORDESTE;-4028.766
2026-01-16 12:00:00;N;NORTE;SE;SUDESTE;5718.467
2026-01-16 12:00:00;NE;NORDESTE;SE;SUDESTE;5271.30199999
2026-01-16 12:00:00;SE;SUDESTE;S;SUL;2474.553
2026-01-16 13:00:00;N;NORTE;NE;NORDESTE;-3441.898
2026-01-16 13:00:00;N;NORTE;SE;SUDESTE;5770.884
2026-01-16 13:00:00;NE;NORDESTE;SE;SUDESTE;4156.56
2026-01-16 13:00:00;SE;SUDESTE;S;SUL;2223.169
2026-01-16 14:00:00;N;NORTE;NE;NORDESTE;-2815.759
2026-01-16 14:00:00;N;NORTE;SE;SUDESTE;6510.194
2026-01-16 14:00:00;NE;NORDESTE;SE;SUDESTE;4040.718
2026-01-16 14:00:00;SE;SUDESTE;S;SUL;2298.18199999
2026-01-16 15:00:00;N;NORTE;NE;NORDESTE;-2381.92099999
2026-01-16 15:00:00;N;NORTE;SE;SUDESTE;7032.618
2026-01-16 15:00:00;NE;NORDESTE;SE;SUDESTE;4524.278
2026-01-16 15:00:00;SE;SUDESTE;S;SUL;2377.04
2026-01-16 16:00:00;N;NORTE;NE;NORDESTE;-1629.596
2026-01-16 16:00:00;N;NORTE;SE;SUDESTE;7632.5
2026-01-16 16:00:00;NE;NORDESTE;SE;SUDESTE;4996.068
2026-01-16 16:00:00;SE;SUDESTE;S;SUL;2828.619
2026-01-16 17:00:00;N;NORTE;NE;NORDESTE;-529.10299999
2026-01-16 17:00:00;N;NORTE;SE;SUDESTE;7809.721
2026-01-16 17:00:00;NE;NORDESTE;SE;SUDESTE;4970.537
2026-01-16 17:00:00;SE;SUDESTE;S;SUL;2699.819
2026-01-16 18:00:00;N;NORTE;NE;NORDESTE;-416.556
2026-01-16 18:00:00;N;NORTE;SE;SUDESTE;7856.251
2026-01-16 18:00:00;NE;NORDESTE;SE;SUDESTE;5793.554
2026-01-16 18:00:00;SE;SUDESTE;S;SUL;1777.594
2026-01-16 19:00:00;N;NORTE;NE;NORDESTE;-801.2
2026-01-16 19:00:00;N;NORTE;SE;SUDESTE;7863.598
2026-01-16 19:00:00;NE;NORDESTE;SE;SUDESTE;6261.456
2026-01-16 19:00:00;SE;SUDESTE;S;SUL;2378.282
2026-01-16 20:00:00;N;NORTE;NE;NORDESTE;-998.152
2026-01-16 20:00:00;N;NORTE;SE;SUDESTE;7792.345
2026-01-16 20:00:00;NE;NORDESTE;SE;SUDESTE;6356.83
2026-01-16 20:00:00;SE;SUDESTE;S;SUL;2625.582
2026-01-16 21:00:00;N;NORTE;NE;NORDESTE;-1324.805
2026-01-16 21:00:00;N;NORTE;SE;SUDESTE;7762.677
2026-01-16 21:00:00;NE;NORDESTE;SE;SUDESTE;6307.593
2026-01-16 21:00:00;SE;SUDESTE;S;SUL;2897.729
2026-01-16 22:00:00;N;NORTE;NE;NORDESTE;-2025.746
2026-01-16 22:00:00;N;NORTE;SE;SUDESTE;7644.928
2026-01-16 22:00:00;NE;NORDESTE;SE;SUDESTE;5447.367
2026-01-16 22:00:00;SE;SUDESTE;S;SUL;2226.183
2026-01-16 23:00:00;N;NORTE;NE;NORDESTE;-1675.674
2026-01-16 23:00:00;N;NORTE;SE;SUDESTE;7522.023
2026-01-16 23:00:00;NE;NORDESTE;SE;SUDESTE;4996.169
2026-01-16 23:00:00;SE;SUDESTE;S;SUL;1335.491
2026-01-17 00:00:00;N;NORTE;NE;NORDESTE;-1271.23
2026-01-17 00:00:00;N;NORTE;SE;SUDESTE;7725.078
2026-01-17 00:00:00;NE;NORDESTE;SE;SUDESTE;5259.78
2026-01-17 00:00:00;SE;SUDESTE;S;SUL;2068.90099999
2026-01-17 01:00:00;N;NORTE;NE;NORDESTE;-909.161
2026-01-17 01:00:00;N;NORTE;SE;SUDESTE;7998.407
2026-01-17 01:00:00;NE;NORDESTE;SE;SUDESTE;5205.814
2026-01-17 01:00:00;SE;SUDESTE;S;SUL;2951.596
2026-01-17 02:00:00;N;NORTE;NE;NORDESTE;-911.81
2026-01-17 02:00:00;N;NORTE;SE;SUDESTE;8007.58
2026-01-17 02:00:00;NE;NORDESTE;SE;SUDESTE;5208.955
2026-01-17 02:00:00;SE;SUDESTE;S;SUL;3947.766
2026-01-17 03:00:00;N;NORTE;NE;NORDESTE;-979.398
2026-01-17 03:00:00;N;NORTE;SE;SUDESTE;7533.383
2026-01-17 03:00:00;NE;NORDESTE;SE;SUDESTE;5159.42699999
2026-01-17 03:00:00;SE;SUDESTE;S;SUL;4303.088
2026-01-17 04:00:00;N;NORTE;NE;NORDESTE;-877.011
2026-01-17 04:00:00;N;NORTE;SE;SUDESTE;7506.549
2026-01-17 04:00:00;NE;NORDESTE;SE;SUDESTE;5197.595
2026-01-17 04:00:00;SE;SUDESTE;S;SUL;4340.589
2026-01-17 05:00:00;N;NORTE;NE;NORDESTE;-1540.167
2026-01-17 05:00:00;N;NORTE;SE;SUDESTE;7317.769
2026-01-17 05:00:00;NE;NORDESTE;SE;SUDESTE;5522.569
2026-01-17 05:00:00;SE;SUDESTE;S;SUL;4351.078
2026-01-17 06:00:00;N;NORTE;NE;NORDESTE;-2529.51699999
2026-01-17 06:00:00;N;NORTE;SE;SUDESTE;5792.717
2026-01-17 06:00:00;NE;NORDESTE;SE;SUDESTE;5614.208
2026-01-17 06:00:00;SE;SUDESTE;S;SUL;5059.944
2026-01-17 07:00:00;N;NORTE;NE;NORDESTE;-4075.358
2026-01-17 07:00:00;N;NORTE;SE;SUDESTE;5368.143
2026-01-17 07:00:00;NE;NORDESTE;SE;SUDESTE;5381.149
2026-01-17 07:00:00;SE;SUDESTE;S;SUL;5349.398
2026-01-17 08:00:00;N;NORTE;NE;NORDESTE;-4089.71
2026-01-17 08:00:00;N;NORTE;SE;SUDESTE;4962.812
2026-01-17 08:00:00;NE;NORDESTE;SE;SUDESTE;4512.902
2026-01-17 08:00:00;SE;SUDESTE;S;SUL;4758.443
2026-01-17 09:00:00;N;NORTE;NE;NORDESTE;-3485.316
2026-01-17 09:00:00;N;NORTE;SE;SUDESTE;4679.808
2026-01-17 09:00:00;NE;NORDESTE;SE;SUDESTE;3998.275
2026-01-17 09:00:00;SE;SUDESTE;S;SUL;3108.063
2026-01-17 10:00:00;N;NORTE;NE;NORDESTE;-3196.466
2026-01-17 10:00:00;N;NORTE;SE;SUDESTE;4528.14999999
2026-01-17 10:00:00;NE;NORDESTE;SE;SUDESTE;3594.3
2026-01-17 10:00:00;SE;SUDESTE;S;SUL;3316.302
2026-01-17 11:00:00;N;NORTE;NE;NORDESTE;-3153.893
2026-01-17 11:00:00;N;NORTE;SE;SUDESTE;4595.78799999
2026-01-17 11:00:00;NE;NORDESTE;SE;SUDESTE;3653.867
2026-01-17 11:00:00;SE;SUDESTE;S;SUL;3711.883
2026-01-17 12:00:00;N;NORTE;NE;NORDESTE;-2926.794
2026-01-17 12:00:00;N;NORTE;SE;SUDESTE;4679.647
2026-01-17 12:00:00;NE;NORDESTE;SE;SUDESTE;3579.165
2026-01-17 12:00:00;SE;SUDESTE;S;SUL;3475.234
2026-01-17 13:00:00;N;NORTE;NE;NORDESTE;-3465.989
2026-01-17 13:00:00;N;NORTE;SE;SUDESTE;5040.327
2026-01-17 13:00:00;NE;NORDESTE;SE;SUDESTE;4619.337
2026-01-17 13:00:00;SE;SUDESTE;S;SUL;4083.707
2026-01-17 14:00:00;N;NORTE;NE;NORDESTE;-2673.938
2026-01-17 14:00:00;N;NORTE;SE;SUDESTE;4569.685
2026-01-17 14:00:00;NE;NORDESTE;SE;SUDESTE;4377.202
2026-01-17 14:00:00;SE;SUDESTE;S;SUL;4038.022
2026-01-17 15:00:00;N;NORTE;NE;NORDESTE;-2200.128
2026-01-17 15:00:00;N;NORTE;SE;SUDESTE;4527.222
2026-01-17 15:00:00;NE;NORDESTE;SE;SUDESTE;3980.557
2026-01-17 15:00:00;SE;SUDESTE;S;SUL;4582.48899999
2026-01-17 16:00:00;N;NORTE;NE;NORDESTE;-1744.039
2026-01-17 16:00:00;N;NORTE;SE;SUDESTE;5381.53799999
2026-01-17 16:00:00;NE;NORDESTE;SE;SUDESTE;3895.509
2026-01-17 16:00:00;SE;SUDESTE;S;SUL;4649.654
2026-01-17 17:00:00;N;NORTE;NE;NORDESTE;-505.587
2026-01-17 17:00:00;N;NORTE;SE;SUDESTE;7072.172
2026-01-17 17:00:00;NE;NORDESTE;SE;SUDESTE;4226.108
2026-01-17 17:00:00;SE;SUDESTE;S;SUL;3785.01
2026-01-17 18:00:00;N;NORTE;NE;NORDESTE;-532.45399999
2026-01-17 18:00:00;N;NORTE;SE;SUDESTE;8877.215
2026-01-17 18:00:00;NE;NORDESTE;SE;SUDESTE;4702.322
2026-01-17 18:00:00;SE;SUDESTE;S;SUL;2297.659
2026-01-17 19:00:00;N;NORTE;NE;NORDESTE;-1059.323
2026-01-17 19:00:00;N;NORTE;SE;SUDESTE;8994.31
2026-01-17 19:00:00;NE;NORDESTE;SE;SUDESTE;5153.187
2026-01-17 19:00:00;SE;SUDESTE;S;SUL;1787.733
2026-01-17 20:00:00;N;NORTE;NE;NORDESTE;-1382.101
2026-01-17 20:00:00;N;NORTE;SE;SUDESTE;8903.51399999
2026-01-17 20:00:00;NE;NORDESTE;SE;SUDESTE;5035.673
2026-01-17 20:00:00;SE;SUDESTE;S;SUL;2090.696
2026-01-17 21:00:00;N;NORTE;NE;NORDESTE;-1529.071
2026-01-17 21:00:00;N;NORTE;SE;SUDESTE;8889.632
2026-01-17 21:00:00;NE;NORDESTE;SE;SUDESTE;4846.04699999
2026-01-17 21:00:00;SE;SUDESTE;S;SUL;1767.87
2026-01-17 22:00:00;N;NORTE;NE;NORDESTE;-1664.416
2026-01-17 22:00:00;N;NORTE;SE;SUDESTE;8422.45099999
2026-01-17 22:00:00;NE;NORDESTE;SE;SUDESTE;4578.948
2026-01-17 22:00:00;SE;SUDESTE;S;SUL;1397.428
2026-01-17 23:00:00;N;NORTE;NE;NORDESTE;-1454.983
2026-01-17 23:00:00;N;NORTE;SE;SUDESTE;7605.83
2026-01-17 23:00:00;NE;NORDESTE;SE;SUDESTE;4994.685
2026-01-17 23:00:00;SE;SUDESTE;S;SUL;1839.12
2026-01-18 00:00:00;N;NORTE;NE;NORDESTE;-594.726
2026-01-18 00:00:00;N;NORTE;SE;SUDESTE;6909.252
2026-01-18 00:00:00;NE;NORDESTE;SE;SUDESTE;5004.112
2026-01-18 00:00:00;SE;SUDESTE;S;SUL;1966.499
2026-01-18 01:00:00;N;NORTE;NE;NORDESTE;-524.419
2026-01-18 01:00:00;N;NORTE;SE;SUDESTE;6884.589
2026-01-18 01:00:00;NE;NORDESTE;SE;SUDESTE;5130.473
2026-01-18 01:00:00;SE;SUDESTE;S;SUL;3009.193
2026-01-18 02:00:00;N;NORTE;NE;NORDESTE;-449.285
2026-01-18 02:00:00;N;NORTE;SE;SUDESTE;6930.357
2026-01-18 02:00:00;NE;NORDESTE;SE;SUDESTE;5146.531
2026-01-18 02:00:00;SE;SUDESTE;S;SUL;3375.593
2026-01-18 03:00:00;N;NORTE;NE;NORDESTE;1.014
2026-01-18 03:00:00;N;NORTE;SE;SUDESTE;6564.653
2026-01-18 03:00:00;NE;NORDESTE;SE;SUDESTE;4245.55
2026-01-18 03:00:00;SE;SUDESTE;S;SUL;2979.24
2026-01-18 04:00:00;N;NORTE;NE;NORDESTE;-87.635
2026-01-18 04:00:00;N;NORTE;SE;SUDESTE;5882.093
2026-01-18 04:00:00;NE;NORDESTE;SE;SUDESTE;3396.876
2026-01-18 04:00:00;SE;SUDESTE;S;SUL;3013.739
2026-01-18 05:00:00;N;NORTE;NE;NORDESTE;-394.842
2026-01-18 05:00:00;N;NORTE;SE;SUDESTE;5625.448
2026-01-18 05:00:00;NE;NORDESTE;SE;SUDESTE;3346.473
2026-01-18 05:00:00;SE;SUDESTE;S;SUL;3476.141
2026-01-18 06:00:00;N;NORTE;NE;NORDESTE;-1251.991
2026-01-18 06:00:00;N;NORTE;SE;SUDESTE;5391.923
2026-01-18 06:00:00;NE;NORDESTE;SE;SUDESTE;4597.576
2026-01-18 06:00:00;SE;SUDESTE;S;SUL;4661.326
2026-01-18 07:00:00;N;NORTE;NE;NORDESTE;-2620.639
2026-01-18 07:00:00;N;NORTE;SE;SUDESTE;5197.542
2026-01-18 07:00:00;NE;NORDESTE;SE;SUDESTE;5398.832
2026-01-18 07:00:00;SE;SUDESTE;S;SUL;4827.434
2026-01-18 08:00:00;N;NORTE;NE;NORDESTE;-2750.472
2026-01-18 08:00:00;N;NORTE;SE;SUDESTE;5060.154
2026-01-18 08:00:00;NE;NORDESTE;SE;SUDESTE;4999.7
2026-01-18 08:00:00;SE;SUDESTE;S;SUL;3181.042
2026-01-18 09:00:00;N;NORTE;NE;NORDESTE;-2261.83
2026-01-18 09:00:00;N;NORTE;SE;SUDESTE;4743.85999999
2026-01-18 09:00:00;NE;NORDESTE;SE;SUDESTE;4105.506
2026-01-18 09:00:00;SE;SUDESTE;S;SUL;2874.53
2026-01-18 10:00:00;N;NORTE;NE;NORDESTE;-2136.542
2026-01-18 10:00:00;N;NORTE;SE;SUDESTE;4853.932
2026-01-18 10:00:00;NE;NORDESTE;SE;SUDESTE;4023.167
2026-01-18 10:00:00;SE;SUDESTE;S;SUL;3218.286
2026-01-18 11:00:00;N;NORTE;NE;NORDESTE;-2088.21
2026-01-18 11:00:00;N;NORTE;SE;SUDESTE;4934.585
2026-01-18 11:00:00;NE;NORDESTE;SE;SUDESTE;3887.364
2026-01-18 11:00:00;SE;SUDESTE;S;SUL;3062.932
2026-01-18 12:00:00;N;NORTE;NE;NORDESTE;-1982.925
2026-01-18 12:00:00;N;NORTE;SE;SUDESTE;4862.386
2026-01-18 12:00:00;NE;NORDESTE;SE;SUDESTE;3655.604
2026-01-18 12:00:00;SE;SUDESTE;S;SUL;2735.9
2026-01-18 13:00:00;N;NORTE;NE;NORDESTE;-2130.92
2026-01-18 13:00:00;N;NORTE;SE;SUDESTE;5113.55599999
2026-01-18 13:00:00;NE;NORDESTE;SE;SUDESTE;3936.634
2026-01-18 13:00:00;SE;SUDESTE;S;SUL;3079.278
2026-01-18 14:00:00;N;NORTE;NE;NORDESTE;-1981.527
2026-01-18 14:00:00;N;NORTE;SE;SUDESTE;5086.719
2026-01-18 14:00:00;NE;NORDESTE;SE;SUDESTE;3685.055
2026-01-18 14:00:00;SE;SUDESTE;S;SUL;3153.424
2026-01-18 15:00:00;N;NORTE;NE;NORDESTE;-1495.338
2026-01-18 15:00:00;N;NORTE;SE;SUDESTE;4858.279
2026-01-18 15:00:00;NE;NORDESTE;SE;SUDESTE;2844.995
2026-01-18 15:00:00;SE;SUDESTE;S;SUL;2902.375
2026-01-18 16:00:00;N;NORTE;NE;NORDESTE;-1303.521
2026-01-18 16:00:00;N;NORTE;SE;SUDESTE;5204.335
2026-01-18 16:00:00;NE;NORDESTE;SE;SUDESTE;2218.003
2026-01-18 16:00:00;SE;SUDESTE;S;SUL;1880.949
2026-01-18 17:00:00;N;NORTE;NE;NORDESTE;-990.601
2026-01-18 17:00:00;N;NORTE;SE;SUDESTE;7449.191
2026-01-18 17:00:00;NE;NORDESTE;SE;SUDESTE;2675.699
2026-01-18 17:00:00;SE;SUDESTE;S;SUL;234.717
2026-01-18 18:00:00;N;NORTE;NE;NORDESTE;197.762
2026-01-18 18:00:00;N;NORTE;SE;SUDESTE;8603.12099999
2026-01-18 18:00:00;NE;NORDESTE;SE;SUDESTE;3130.959
2026-01-18 18:00:00;SE;SUDESTE;S;SUL;-479.053
2026-01-18 19:00:00;N;NORTE;NE;NORDESTE;354.438
2026-01-18 19:00:00;N;NORTE;SE;SUDESTE;8299.989
2026-01-18 19:00:00;NE;NORDESTE;SE;SUDESTE;3744.864
2026-01-18 19:00:00;SE;SUDESTE;S;SUL;-575.532
2026-01-18 20:00:00;N;NORTE;NE;NORDESTE;156.665
2026-01-18 20:00:00;N;NORTE;SE;SUDESTE;8380.989
2026-01-18 20:00:00;NE;NORDESTE;SE;SUDESTE;4364.804
2026-01-18 20:00:00;SE;SUDESTE;S;SUL;618.743
2026-01-18 21:00:00;N;NORTE;NE;NORDESTE;339.717
2026-01-18 21:00:00;N;NORTE;SE;SUDESTE;8108.265
2026-01-18 21:00:00;NE;NORDESTE;SE;SUDESTE;4114.42699999
2026-01-18 21:00:00;SE;SUDESTE;S;SUL;1014.332
2026-01-18 22:00:00;N;NORTE;NE;NORDESTE;881.183
2026-01-18 22:00:00;N;NORTE;SE;SUDESTE;7291.386
2026-01-18 22:00:00;NE;NORDESTE;SE;SUDESTE;3828.317
2026-01-18 22:00:00;SE;SUDESTE;S;SUL;743.818
2026-01-18 23:00:00;N;NORTE;NE;NORDESTE;1367.111
2026-01-18 23:00:00;N;NORTE;SE;SUDESTE;6476.108
2026-01-18 23:00:00;NE;NORDESTE;SE;SUDESTE;3747.04
2026-01-18 23:00:00;SE;SUDESTE;S;SUL;372.941
2026-01-19 00:00:00;N;NORTE;NE;NORDESTE;1306.714
2026-01-19 00:00:00;N;NORTE;SE;SUDESTE;6452.578
2026-01-19 00:00:00;NE;NORDESTE;SE;SUDESTE;2420.794
2026-01-19 00:00:00;SE;SUDESTE;S;SUL;-286.47
2026-01-19 01:00:00;N;NORTE;NE;NORDESTE;1817.078
2026-01-19 01:00:00;N;NORTE;SE;SUDESTE;6035.117
2026-01-19 01:00:00;NE;NORDESTE;SE;SUDESTE;1040.598
2026-01-19 01:00:00;SE;SUDESTE;S;SUL;-944.061
2026-01-19 02:00:00;N;NORTE;NE;NORDESTE;1932.499
2026-01-19 02:00:00;N;NORTE;SE;SUDESTE;5875.343
2026-01-19 02:00:00;NE;NORDESTE;SE;SUDESTE;615.37699999
2026-01-19 02:00:00;SE;SUDESTE;S;SUL;-1028.14
2026-01-19 03:00:00;N;NORTE;NE;NORDESTE;1982.37
2026-01-19 03:00:00;N;NORTE;SE;SUDESTE;5883.235
2026-01-19 03:00:00;NE;NORDESTE;SE;SUDESTE;758.575
2026-01-19 03:00:00;SE;SUDESTE;S;SUL;-456.465
2026-01-19 04:00:00;N;NORTE;NE;NORDESTE;2289.693
2026-01-19 04:00:00;N;NORTE;SE;SUDESTE;5823.67
2026-01-19 04:00:00;NE;NORDESTE;SE;SUDESTE;805.587
2026-01-19 04:00:00;SE;SUDESTE;S;SUL;190.092
2026-01-19 05:00:00;N;NORTE;NE;NORDESTE;2723.77
2026-01-19 05:00:00;N;NORTE;SE;SUDESTE;5913.977
2026-01-19 05:00:00;NE;NORDESTE;SE;SUDESTE;1081.73399999
2026-01-19 05:00:00;SE;SUDESTE;S;SUL;-13.803
2026-01-19 06:00:00;N;NORTE;NE;NORDESTE;2580.59
2026-01-19 06:00:00;N;NORTE;SE;SUDESTE;6599.262
2026-01-19 06:00:00;NE;NORDESTE;SE;SUDESTE;2375.245
2026-01-19 06:00:00;SE;SUDESTE;S;SUL;530.423
2026-01-19 07:00:00;N;NORTE;NE;NORDESTE;1815.326
2026-01-19 07:00:00;N;NORTE;SE;SUDESTE;7366.596
2026-01-19 07:00:00;NE;NORDESTE;SE;SUDESTE;3448.136
2026-01-19 07:00:00;SE;SUDESTE;S;SUL;1950.782
2026-01-19 08:00:00;N;NORTE;NE;NORDESTE;272.58999999
2026-01-19 08:00:00;N;NORTE;SE;SUDESTE;7873.955
2026-01-19 08:00:00;NE;NORDESTE;SE;SUDESTE;4272.71699999
2026-01-19 08:00:00;SE;SUDESTE;S;SUL;4151.012
2026-01-19 09:00:00;N;NORTE;NE;NORDESTE;-1378.353
2026-01-19 09:00:00;N;NORTE;SE;SUDESTE;7783.131
2026-01-19 09:00:00;NE;NORDESTE;SE;SUDESTE;4584.97599999
2026-01-19 09:00:00;SE;SUDESTE;S;SUL;4104.51599999
2026-01-19 10:00:00;N;NORTE;NE;NORDESTE;-2066.884
2026-01-19 10:00:00;N;NORTE;SE;SUDESTE;7466.746
2026-01-19 10:00:00;NE;NORDESTE;SE;SUDESTE;4876.758
2026-01-19 10:00:00;SE;SUDESTE;S;SUL;3745.412
2026-01-19 11:00:00;N;NORTE;NE;NORDESTE;-2396.59299999
2026-01-19 11:00:00;N;NORTE;SE;SUDESTE;7024.012
2026-01-19 11:00:00;NE;NORDESTE;SE;SUDESTE;4372.617
2026-01-19 11:00:00;SE;SUDESTE;S;SUL;3495.806
2026-01-19 12:00:00;N;NORTE;NE;NORDESTE;-2312.764
2026-01-19 12:00:00;N;NORTE;SE;SUDESTE;6993.135
2026-01-19 12:00:00;NE;NORDESTE;SE;SUDESTE;4015.325
2026-01-19 12:00:00;SE;SUDESTE;S;SUL;3497.475
2026-01-19 13:00:00;N;NORTE;NE;NORDESTE;-1197.676
2026-01-19 13:00:00;N;NORTE;SE;SUDESTE;7525.018
2026-01-19 13:00:00;NE;NORDESTE;SE;SUDESTE;4417.892
2026-01-19 13:00:00;SE;SUDESTE;S;SUL;3411.694
2026-01-19 14:00:00;N;NORTE;NE;NORDESTE;-15.355
2026-01-19 14:00:00;N;NORTE;SE;SUDESTE;8163.305
2026-01-19 14:00:00;NE;NORDESTE;SE;SUDESTE;4176.322
2026-01-19 14:00:00;SE;SUDESTE;S;SUL;2834.449
2026-01-19 15:00:00;N;NORTE;NE;NORDESTE;1727.845
2026-01-19 15:00:00;N;NORTE;SE;SUDESTE;7763.036
2026-01-19 15:00:00;NE;NORDESTE;SE;SUDESTE;3397.083
2026-01-19 15:00:00;SE;SUDESTE;S;SUL;2099.098
2026-01-19 16:00:00;N;NORTE;NE;NORDESTE;2704.31599999
2026-01-19 16:00:00;N;NORTE;SE;SUDESTE;7753.782
2026-01-19 16:00:00;NE;NORDESTE;SE;SUDESTE;2372.578
2026-01-19 16:00:00;SE;SUDESTE;S;SUL;2855.989
2026-01-19 17:00:00;N;NORTE;NE;NORDESTE;3203.813
2026-01-19 17:00:00;N;NORTE;SE;SUDESTE;7405.025
2026-01-19 17:00:00;NE;NORDESTE;SE;SUDESTE;2039.349
2026-01-19 17:00:00;SE;SUDESTE;S;SUL;3059.699
2026-01-19 18:00:00;N;NORTE;NE;NORDESTE;3221.28
2026-01-19 18:00:00;N;NORTE;SE;SUDESTE;7504.46
2026-01-19 18:00:00;NE;NORDESTE;SE;SUDESTE;2672.058
2026-01-19 18:00:00;SE;SUDESTE;S;SUL;2184.889
2026-01-19 19:00:00;N;NORTE;NE;NORDESTE;2873.111
2026-01-19 19:00:00;N;NORTE;SE;SUDESTE;7683.663
2026-01-19 19:00:00;NE;NORDESTE;SE;SUDESTE;3078.379
2026-01-19 19:00:00;SE;SUDESTE;S;SUL;1687.489
2026-01-19 20:00:00;N;NORTE;NE;NORDESTE;2570.881
2026-01-19 20:00:00;N;NORTE;SE;SUDESTE;7740.489
2026-01-19 20:00:00;NE;NORDESTE;SE;SUDESTE;3417.872
2026-01-19 20:00:00;SE;SUDESTE;S;SUL;1758.678
2026-01-19 21:00:00;N;NORTE;NE;NORDESTE;2671.389
2026-01-19 21:00:00;N;NORTE;SE;SUDESTE;7270.46
2026-01-19 21:00:00;NE;NORDESTE;SE;SUDESTE;2917.965
2026-01-19 21:00:00;SE;SUDESTE;S;SUL;1756.474
2026-01-19 22:00:00;N;NORTE;NE;NORDESTE;2621.11299999
2026-01-19 22:00:00;N;NORTE;SE;SUDESTE;6999.349
2026-01-19 22:00:00;NE;NORDESTE;SE;SUDESTE;2151.985
2026-01-19 22:00:00;SE;SUDESTE;S;SUL;992.915
2026-01-19 23:00:00;N;NORTE;NE;NORDESTE;3011.46
2026-01-19 23:00:00;N;NORTE;SE;SUDESTE;6572.792
2026-01-19 23:00:00;NE;NORDESTE;SE;SUDESTE;1311.557
2026-01-19 23:00:00;SE;SUDESTE;S;SUL;443.843
2026-01-20 00:00:00;N;NORTE;NE;NORDESTE;3579.646
2026-01-20 00:00:00;N;NORTE;SE;SUDESTE;5748.534
2026-01-20 00:00:00;NE;NORDESTE;SE;SUDESTE;243.13
2026-01-20 00:00:00;SE;SUDESTE;S;SUL;-79.416
2026-01-20 01:00:00;N;NORTE;NE;NORDESTE;3493.795
2026-01-20 01:00:00;N;NORTE;SE;SUDESTE;4439.1
2026-01-20 01:00:00;NE;NORDESTE;SE;SUDESTE;-52.867
2026-01-20 01:00:00;SE;SUDESTE;S;SUL;-629.665
2026-01-20 02:00:00;N;NORTE;NE;NORDESTE;3417.459
2026-01-20 02:00:00;N;NORTE;SE;SUDESTE;4249.073
2026-01-20 02:00:00;NE;NORDESTE;SE;SUDESTE;16.074
2026-01-20 02:00:00;SE;SUDESTE;S;SUL;-1162.455
2026-01-20 03:00:00;N;NORTE;NE;NORDESTE;3325.447
2026-01-20 03:00:00;N;NORTE;SE;SUDESTE;4415.827
2026-01-20 03:00:00;NE;NORDESTE;SE;SUDESTE;257.374
2026-01-20 03:00:00;SE;SUDESTE;S;SUL;-1144.054
2026-01-20 04:00:00;N;NORTE;NE;NORDESTE;3038.984
2026-01-20 04:00:00;N;NORTE;SE;SUDESTE;4790.761
2026-01-20 04:00:00;NE;NORDESTE;SE;SUDESTE;806.803
2026-01-20 04:00:00;SE;SUDESTE;S;SUL;-414.695
2026-01-20 05:00:00;N;NORTE;NE;NORDESTE;3107.645
2026-01-20 05:00:00;N;NORTE;SE;SUDESTE;4953.357
2026-01-20 05:00:00;NE;NORDESTE;SE;SUDESTE;1256.161
2026-01-20 05:00:00;SE;SUDESTE;S;SUL;-790.142
2026-01-20 06:00:00;N;NORTE;NE;NORDESTE;2684.51899999
2026-01-20 06:00:00;N;NORTE;SE;SUDESTE;5424.874
2026-01-20 06:00:00;NE;NORDESTE;SE;SUDESTE;2033.292
2026-01-20 06:00:00;SE;SUDESTE;S;SUL;-682.793
2026-01-20 07:00:00;N;NORTE;NE;NORDESTE;2161.458
2026-01-20 07:00:00;N;NORTE;SE;SUDESTE;5779.69
2026-01-20 07:00:00;NE;NORDESTE;SE;SUDESTE;2879.544
2026-01-20 07:00:00;SE;SUDESTE;S;SUL;23.435
2026-01-20 08:00:00;N;NORTE;NE;NORDESTE;707.022
2026-01-20 08:00:00;N;NORTE;SE;SUDESTE;6514.724
2026-01-20 08:00:00;NE;NORDESTE;SE;SUDESTE;2805.358
2026-01-20 08:00:00;SE;SUDESTE;S;SUL;1308.642
2026-01-20 09:00:00;N;NORTE;NE;NORDESTE;-846.578
2026-01-20 09:00:00;N;NORTE;SE;SUDESTE;6838.901
2026-01-20 09:00:00;NE;NORDESTE;SE;SUDESTE;3118.67
2026-01-20 09:00:00;SE;SUDESTE;S;SUL;2607.245
2026-01-20 10:00:00;N;NORTE;NE;NORDESTE;-2106.395
2026-01-20 10:00:00;N;NORTE;SE;SUDESTE;5999.74
2026-01-20 10:00:00;NE;NORDESTE;SE;SUDESTE;3557.333
2026-01-20 10:00:00;SE;SUDESTE;S;SUL;3549.21
2026-01-20 11:00:00;N;NORTE;NE;NORDESTE;-2995.512
2026-01-20 11:00:00;N;NORTE;SE;SUDESTE;5458.249
2026-01-20 11:00:00;NE;NORDESTE;SE;SUDESTE;3379.907
2026-01-20 11:00:00;SE;SUDESTE;S;SUL;3748.075
2026-01-20 12:00:00;N;NORTE;NE;NORDESTE;-3085.486
2026-01-20 12:00:00;N;NORTE;SE;SUDESTE;5600.929
2026-01-20 12:00:00;NE;NORDESTE;SE;SUDESTE;3683.356
2026-01-20 12:00:00;SE;SUDESTE;S;SUL;3503.993
2026-01-20 13:00:00;N;NORTE;NE;NORDESTE;-2464.53
2026-01-20 13:00:00;N;NORTE;SE;SUDESTE;5509.111
2026-01-20 13:00:00;NE;NORDESTE;SE;SUDESTE;3554.001
2026-01-20 13:00:00;SE;SUDESTE;S;SUL;3690.282
2026-01-20 14:00:00;N;NORTE;NE;NORDESTE;-1100.378
2026-01-20 14:00:00;N;NORTE;SE;SUDESTE;6548.982
2026-01-20 14:00:00;NE;NORDESTE;SE;SUDESTE;3348.766
2026-01-20 14:00:00;SE;SUDESTE;S;SUL;3608.467
2026-01-20 15:00:00;N;NORTE;NE;NORDESTE;-78.144
2026-01-20 15:00:00;N;NORTE;SE;SUDESTE;7531.229
2026-01-20 15:00:00;NE;NORDESTE;SE;SUDESTE;3507.098
2026-01-20 15:00:00;SE;SUDESTE;S;SUL;3372.252
2026-01-20 16:00:00;N;NORTE;NE;NORDESTE;1285.66
2026-01-20 16:00:00;N;NORTE;SE;SUDESTE;7754.181
2026-01-20 16:00:00;NE;NORDESTE;SE;SUDESTE;3606.816
2026-01-20 16:00:00;SE;SUDESTE;S;SUL;3602.717
2026-01-20 17:00:00;N;NORTE;NE;NORDESTE;1341.066
2026-01-20 17:00:00;N;NORTE;SE;SUDESTE;7606.403
2026-01-20 17:00:00;NE;NORDESTE;SE;SUDESTE;3085.708
2026-01-20 17:00:00;SE;SUDESTE;S;SUL;3489.861
2026-01-20 18:00:00;N;NORTE;NE;NORDESTE;1305.482
2026-01-20 18:00:00;N;NORTE;SE;SUDESTE;7523.108
2026-01-20 18:00:00;NE;NORDESTE;SE;SUDESTE;3470.565
2026-01-20 18:00:00;SE;SUDESTE;S;SUL;4002.194
2026-01-20 19:00:00;N;NORTE;NE;NORDESTE;1485.626
2026-01-20 19:00:00;N;NORTE;SE;SUDESTE;7878.4
2026-01-20 19:00:00;NE;NORDESTE;SE;SUDESTE;4061.228
2026-01-20 19:00:00;SE;SUDESTE;S;SUL;4870.593
2026-01-20 20:00:00;N;NORTE;NE;NORDESTE;1451.73
2026-01-20 20:00:00;N;NORTE;SE;SUDESTE;7617.723
2026-01-20 20:00:00;NE;NORDESTE;SE;SUDESTE;4045.357
2026-01-20 20:00:00;SE;SUDESTE;S;SUL;4448.455
2026-01-20 21:00:00;N;NORTE;NE;NORDESTE;1531.342
2026-01-20 21:00:00;N;NORTE;SE;SUDESTE;6760.561
2026-01-20 21:00:00;NE;NORDESTE;SE;SUDESTE;3754.862
2026-01-20 21:00:00;SE;SUDESTE;S;SUL;3864.726
2026-01-20 22:00:00;N;NORTE;NE;NORDESTE;1852.566
2026-01-20 22:00:00;N;NORTE;SE;SUDESTE;5507.515
2026-01-20 22:00:00;NE;NORDESTE;SE;SUDESTE;3140.47
2026-01-20 22:00:00;SE;SUDESTE;S;SUL;2902.019
2026-01-20 23:00:00;N;NORTE;NE;NORDESTE;2135.64199999
2026-01-20 23:00:00;N;NORTE;SE;SUDESTE;5021.62299999
2026-01-20 23:00:00;NE;NORDESTE;SE;SUDESTE;2573.196
2026-01-20 23:00:00;SE;SUDESTE;S;SUL;2114.705
2026-01-21 00:00:00;N;NORTE;NE;NORDESTE;2306.234
2026-01-21 00:00:00;N;NORTE;SE;SUDESTE;5342.867
2026-01-21 00:00:00;NE;NORDESTE;SE;SUDESTE;1857.083
2026-01-21 00:00:00;SE;SUDESTE;S;SUL;1367.19599999
2026-01-21 01:00:00;N;NORTE;NE;NORDESTE;1765.041
2026-01-21 01:00:00;N;NORTE;SE;SUDESTE;5077.122
2026-01-21 01:00:00;NE;NORDESTE;SE;SUDESTE;1585.958
2026-01-21 01:00:00;SE;SUDESTE;S;SUL;1074.64
2026-01-21 02:00:00;N;NORTE;NE;NORDESTE;1567.706
2026-01-21 02:00:00;N;NORTE;SE;SUDESTE;4863.349
2026-01-21 02:00:00;NE;NORDESTE;SE;SUDESTE;1646.151
2026-01-21 02:00:00;SE;SUDESTE;S;SUL;1425.018
2026-01-21 03:00:00;N;NORTE;NE;NORDESTE;1369.26299999
2026-01-21 03:00:00;N;NORTE;SE;SUDESTE;4773.867
2026-01-21 03:00:00;NE;NORDESTE;SE;SUDESTE;1771.868
2026-01-21 03:00:00;SE;SUDESTE;S;SUL;1719.618
2026-01-21 04:00:00;N;NORTE;NE;NORDESTE;1020.288
2026-01-21 04:00:00;N;NORTE;SE;SUDESTE;4372.853
2026-01-21 04:00:00;NE;NORDESTE;SE;SUDESTE;1750.657
2026-01-21 04:00:00;SE;SUDESTE;S;SUL;1416.033
2026-01-21 05:00:00;N;NORTE;NE;NORDESTE;553.025
2026-01-21 05:00:00;N;NORTE;SE;SUDESTE;4450.341
2026-01-21 05:00:00;NE;NORDESTE;SE;SUDESTE;2808.021
2026-01-21 05:00:00;SE;SUDESTE;S;SUL;1657.96
2026-01-21 06:00:00;N;NORTE;NE;NORDESTE;-615.932
2026-01-21 06:00:00;N;NORTE;SE;SUDESTE;5752.096
2026-01-21 06:00:00;NE;NORDESTE;SE;SUDESTE;4138.829
2026-01-21 06:00:00;SE;SUDESTE;S;SUL;2038.081
2026-01-21 07:00:00;N;NORTE;NE;NORDESTE;-2190.078
2026-01-21 07:00:00;N;NORTE;SE;SUDESTE;6585.689
2026-01-21 07:00:00;NE;NORDESTE;SE;SUDESTE;4412.832
2026-01-21 07:00:00;SE;SUDESTE;S;SUL;3225.578
2026-01-21 08:00:00;N;NORTE;NE;NORDESTE;-3296.555
2026-01-21 08:00:00;N;NORTE;SE;SUDESTE;5713.228
2026-01-21 08:00:00;NE;NORDESTE;SE;SUDESTE;5526.34
2026-01-21 08:00:00;SE;SUDESTE;S;SUL;4616.452
2026-01-21 09:00:00;N;NORTE;NE;NORDESTE;-3270.453
2026-01-21 09:00:00;N;NORTE;SE;SUDESTE;5053.875
2026-01-21 09:00:00;NE;NORDESTE;SE;SUDESTE;4854.53799999
2026-01-21 09:00:00;SE;SUDESTE;S;SUL;3632.703
2026-01-21 10:00:00;N;NORTE;NE;NORDESTE;-2884.416
2026-01-21 10:00:00;N;NORTE;SE;SUDESTE;4717.39
2026-01-21 10:00:00;NE;NORDESTE;SE;SUDESTE;4157.42
2026-01-21 10:00:00;SE;SUDESTE;S;SUL;3292.144
2026-01-21 11:00:00;N;NORTE;NE;NORDESTE;-2841.532
2026-01-21 11:00:00;N;NORTE;SE;SUDESTE;4649.885
2026-01-21 11:00:00;NE;NORDESTE;SE;SUDESTE;3883.332
2026-01-21 11:00:00;SE;SUDESTE;S;SUL;3406.515
2026-01-21 12:00:00;N;NORTE;NE;NORDESTE;-2614.826
2026-01-21 12:00:00;N;NORTE;SE;SUDESTE;4466.09599999
2026-01-21 12:00:00;NE;NORDESTE;SE;SUDESTE;3641.935
2026-01-21 12:00:00;SE;SUDESTE;S;SUL;3244.35
2026-01-21 13:00:00;N;NORTE;NE;NORDESTE;-2652.205
2026-01-21 13:00:00;N;NORTE;SE;SUDESTE;4576.796
2026-01-21 13:00:00;NE;NORDESTE;SE;SUDESTE;3906.093
2026-01-21 13:00:00;SE;SUDESTE;S;SUL;4126.6
2026-01-21 14:00:00;N;NORTE;NE;NORDESTE;-2271.623
2026-01-21 14:00:00;N;NORTE;SE;SUDESTE;5098.326
2026-01-21 14:00:00;NE;NORDESTE;SE;SUDESTE;3713.101
2026-01-21 14:00:00;SE;SUDESTE;S;SUL;3454.195
2026-01-21 15:00:00;N;NORTE;NE;NORDESTE;-1601.744
2026-01-21 15:00:00;N;NORTE;SE;SUDESTE;5576.097
2026-01-21 15:00:00;NE;NORDESTE;SE;SUDESTE;3867.858
2026-01-21 15:00:00;SE;SUDESTE;S;SUL;2953.764
2026-01-21 16:00:00;N;NORTE;NE;NORDESTE;-126.436
2026-01-21 16:00:00;N;NORTE;SE;SUDESTE;6083.62
2026-01-21 16:00:00;NE;NORDESTE;SE;SUDESTE;3941.435
2026-01-21 16:00:00;SE;SUDESTE;S;SUL;3095.88
2026-01-21 17:00:00;N;NORTE;NE;NORDESTE;386.768
2026-01-21 17:00:00;N;NORTE;SE;SUDESTE;7210.179
2026-01-21 17:00:00;NE;NORDESTE;SE;SUDESTE;4628.692
2026-01-21 17:00:00;SE;SUDESTE;S;SUL;4276.04
2026-01-21 18:00:00;N;NORTE;NE;NORDESTE;489.048
2026-01-21 18:00:00;N;NORTE;SE;SUDESTE;8371.152
2026-01-21 18:00:00;NE;NORDESTE;SE;SUDESTE;5838.151
2026-01-21 18:00:00;SE;SUDESTE;S;SUL;4372.688
2026-01-21 19:00:00;N;NORTE;NE;NORDESTE;-98.605
2026-01-21 19:00:00;N;NORTE;SE;SUDESTE;7987.932
2026-01-21 19:00:00;NE;NORDESTE;SE;SUDESTE;6095.69
2026-01-21 19:00:00;SE;SUDESTE;S;SUL;1951.803
2026-01-21 20:00:00;N;NORTE;NE;NORDESTE;-1459.874
2026-01-21 20:00:00;N;NORTE;SE;SUDESTE;9159.412
2026-01-21 20:00:00;NE;NORDESTE;SE;SUDESTE;5504.806
2026-01-21 20:00:00;SE;SUDESTE;S;SUL;2368.04799999
2026-01-21 21:00:00;N;NORTE;NE;NORDESTE;-1581.261
2026-01-21 21:00:00;N;NORTE;SE;SUDESTE;9147.117
2026-01-21 21:00:00;NE;NORDESTE;SE;SUDESTE;4893.719
2026-01-21 21:00:00;SE;SUDESTE;S;SUL;2872.145
2026-01-21 22:00:00;N;NORTE;NE;NORDESTE;-2171.458
2026-01-21 22:00:00;N;NORTE;SE;SUDESTE;8752.037
2026-01-21 22:00:00;NE;NORDESTE;SE;SUDESTE;5067.417
2026-01-21 22:00:00;SE;SUDESTE;S;SUL;3530.366
2026-01-21 23:00:00;N;NORTE;NE;NORDESTE;-1906.946
2026-01-21 23:00:00;N;NORTE;SE;SUDESTE;7945.21
2026-01-21 23:00:00;NE;NORDESTE;SE;SUDESTE;5241.298
2026-01-21 23:00:00;SE;SUDESTE;S;SUL;4703.599
2026-01-22 00:00:00;N;NORTE;NE;NORDESTE;-2169.837
2026-01-22 00:00:00;N;NORTE;SE;SUDESTE;7751.852
2026-01-22 00:00:00;NE;NORDESTE;SE;SUDESTE;6315.383
2026-01-22 00:00:00;SE;SUDESTE;S;SUL;6554.15
2026-01-22 01:00:00;N;NORTE;NE;NORDESTE;-2638.506
2026-01-22 01:00:00;N;NORTE;SE;SUDESTE;7625.435
2026-01-22 01:00:00;NE;NORDESTE;SE;SUDESTE;6346.327
2026-01-22 01:00:00;SE;SUDESTE;S;SUL;5930.021
2026-01-22 02:00:00;N;NORTE;NE;NORDESTE;-2835.638
2026-01-22 02:00:00;N;NORTE;SE;SUDESTE;7713.767
2026-01-22 02:00:00;NE;NORDESTE;SE;SUDESTE;6473.451
2026-01-22 02:00:00;SE;SUDESTE;S;SUL;5556.51
2026-01-22 03:00:00;N;NORTE;NE;NORDESTE;-3097.52
2026-01-22 03:00:00;N;NORTE;SE;SUDESTE;7346.209
2026-01-22 03:00:00;NE;NORDESTE;SE;SUDESTE;6079.646
2026-01-22 03:00:00;SE;SUDESTE;S;SUL;5091.13199999
2026-01-22 04:00:00;N;NORTE;NE;NORDESTE;-3300.184
2026-01-22 04:00:00;N;NORTE;SE;SUDESTE;6898.93
2026-01-22 04:00:00;NE;NORDESTE;SE;SUDESTE;5951.653
2026-01-22 04:00:00;SE;SUDESTE;S;SUL;4944.015
2026-01-22 05:00:00;N;NORTE;NE;NORDESTE;-3478.329
2026-01-22 05:00:00;N;NORTE;SE;SUDESTE;7133.769
2026-01-22 05:00:00;NE;NORDESTE;SE;SUDESTE;6305.403
2026-01-22 05:00:00;SE;SUDESTE;S;SUL;4961.255
2026-01-22 06:00:00;N;NORTE;NE;NORDESTE;-3585.168
2026-01-22 06:00:00;N;NORTE;SE;SUDESTE;7583.228
2026-01-22 06:00:00;NE;NORDESTE;SE;SUDESTE;6254.39
2026-01-22 06:00:00;SE;SUDESTE;S;SUL;4310.685
2026-01-22 07:00:00;N;NORTE;NE;NORDESTE;-3915.361
2026-01-22 07:00:00;N;NORTE;SE;SUDESTE;7409.487
2026-01-22 07:00:00;NE;NORDESTE;SE;SUDESTE;6494.974
2026-01-22 07:00:00;SE;SUDESTE;S;SUL;4354.604
2026-01-22 08:00:00;N;NORTE;NE;NORDESTE;-3682.95
2026-01-22 08:00:00;N;NORTE;SE;SUDESTE;6099.177
2026-01-22 08:00:00;NE;NORDESTE;SE;SUDESTE;6616.854
2026-01-22 08:00:00;SE;SUDESTE;S;SUL;4055.634
2026-01-22 09:00:00;N;NORTE;NE;NORDESTE;-3840.911
2026-01-22 09:00:00;N;NORTE;SE;SUDESTE;5539.945
2026-01-22 09:00:00;NE;NORDESTE;SE;SUDESTE;6671.808
2026-01-22 09:00:00;SE;SUDESTE;S;SUL;3829.783
2026-01-22 10:00:00;N;NORTE;NE;NORDESTE;-3826.045
2026-01-22 10:00:00;N;NORTE;SE;SUDESTE;5246.135
2026-01-22 10:00:00;NE;NORDESTE;SE;SUDESTE;6579.744
2026-01-22 10:00:00;SE;SUDESTE;S;SUL;3800.6
2026-01-22 11:00:00;N;NORTE;NE;NORDESTE;-4044.356
2026-01-22 11:00:00;N;NORTE;SE;SUDESTE;5502.164
2026-01-22 11:00:00;NE;NORDESTE;SE;SUDESTE;6734.428
2026-01-22 11:00:00;SE;SUDESTE;S;SUL;3339.011
2026-01-22 12:00:00;N;NORTE;NE;NORDESTE;-4256.25
2026-01-22 12:00:00;N;NORTE;SE;SUDESTE;5231.593
2026-01-22 12:00:00;NE;NORDESTE;SE;SUDESTE;6596.128
2026-01-22 12:00:00;SE;SUDESTE;S;SUL;3543.334
2026-01-22 13:00:00;N;NORTE;NE;NORDESTE;-3719.555
2026-01-22 13:00:00;N;NORTE;SE;SUDESTE;4900.16799999
2026-01-22 13:00:00;NE;NORDESTE;SE;SUDESTE;6371.636
2026-01-22 13:00:00;SE;SUDESTE;S;SUL;3848.756
2026-01-22 14:00:00;N;NORTE;NE;NORDESTE;-3557.038
2026-01-22 14:00:00;N;NORTE;SE;SUDESTE;5459.401
2026-01-22 14:00:00;NE;NORDESTE;SE;SUDESTE;5929.814
2026-01-22 14:00:00;SE;SUDESTE;S;SUL;4196.41799999
2026-01-22 15:00:00;N;NORTE;NE;NORDESTE;-3314.466
2026-01-22 15:00:00;N;NORTE;SE;SUDESTE;6605.591
2026-01-22 15:00:00;NE;NORDESTE;SE;SUDESTE;5441.093
2026-01-22 15:00:00;SE;SUDESTE;S;SUL;4557.848
2026-01-22 16:00:00;N;NORTE;NE;NORDESTE;-2653.48999999
2026-01-22 16:00:00;N;NORTE;SE;SUDESTE;7916.588
2026-01-22 16:00:00;NE;NORDESTE;SE;SUDESTE;5427.731
2026-01-22 16:00:00;SE;SUDESTE;S;SUL;4556.238
2026-01-22 17:00:00;N;NORTE;NE;NORDESTE;-1781.904
2026-01-22 17:00:00;N;NORTE;SE;SUDESTE;8554.715
2026-01-22 17:00:00;NE;NORDESTE;SE;SUDESTE;5123.189
2026-01-22 17:00:00;SE;SUDESTE;S;SUL;5124.319
2026-01-22 18:00:00;N;NORTE;NE;NORDESTE;-1383.416
2026-01-22 18:00:00;N;NORTE;SE;SUDESTE;8598.627
2026-01-22 18:00:00;NE;NORDESTE;SE;SUDESTE;5485.02
2026-01-22 18:00:00;SE;SUDESTE;S;SUL;4580.35
2026-01-22 19:00:00;N;NORTE;NE;NORDESTE;-1363.294
2026-01-22 19:00:00;N;NORTE;SE;SUDESTE;8509.837
2026-01-22 19:00:00;NE;NORDESTE;SE;SUDESTE;6022.714
2026-01-22 19:00:00;SE;SUDESTE;S;SUL;3249.589
2026-01-22 20:00:00;N;NORTE;NE;NORDESTE;-1511.539
2026-01-22 20:00:00;N;NORTE;SE;SUDESTE;8123.174
2026-01-22 20:00:00;NE;NORDESTE;SE;SUDESTE;6046.431
2026-01-22 20:00:00;SE;SUDESTE;S;SUL;3159.303
2026-01-22 21:00:00;N;NORTE;NE;NORDESTE;-1941.775
2026-01-22 21:00:00;N;NORTE;SE;SUDESTE;7976.007
2026-01-22 21:00:00;NE;NORDESTE;SE;SUDESTE;5696.793
2026-01-22 21:00:00;SE;SUDESTE;S;SUL;3713.38
2026-01-22 22:00:00;N;NORTE;NE;NORDESTE;-2626.99699999
2026-01-22 22:00:00;N;NORTE;SE;SUDESTE;7984.221
2026-01-22 22:00:00;NE;NORDESTE;SE;SUDESTE;5264.88
2026-01-22 22:00:00;SE;SUDESTE;S;SUL;4895.863
2026-01-22 23:00:00;N;NORTE;NE;NORDESTE;-2871.28
2026-01-22 23:00:00;N;NORTE;SE;SUDESTE;8020.658
2026-01-22 23:00:00;NE;NORDESTE;SE;SUDESTE;5552.618
2026-01-22 23:00:00;SE;SUDESTE;S;SUL;6405.386
2026-01-23 00:00:00;N;NORTE;NE;NORDESTE;-3268.395
2026-01-23 00:00:00;N;NORTE;SE;SUDESTE;8293.821
2026-01-23 00:00:00;NE;NORDESTE;SE;SUDESTE;5681.302
2026-01-23 00:00:00;SE;SUDESTE;S;SUL;7360.887
2026-01-23 01:00:00;N;NORTE;NE;NORDESTE;-3417.816
2026-01-23 01:00:00;N;NORTE;SE;SUDESTE;8507.884
2026-01-23 01:00:00;NE;NORDESTE;SE;SUDESTE;5634.097
2026-01-23 01:00:00;SE;SUDESTE;S;SUL;6630.054
2026-01-23 02:00:00;N;NORTE;NE;NORDESTE;-3477.129
2026-01-23 02:00:00;N;NORTE;SE;SUDESTE;8552.62199999
2026-01-23 02:00:00;NE;NORDESTE;SE;SUDESTE;5506.57
2026-01-23 02:00:00;SE;SUDESTE;S;SUL;6248.914
2026-01-23 03:00:00;N;NORTE;NE;NORDESTE;-3605.234
2026-01-23 03:00:00;N;NORTE;SE;SUDESTE;8301.53
2026-01-23 03:00:00;NE;NORDESTE;SE;SUDESTE;5468.768
2026-01-23 03:00:00;SE;SUDESTE;S;SUL;6399.427
2026-01-23 04:00:00;N;NORTE;NE;NORDESTE;-3380.697
2026-01-23 04:00:00;N;NORTE;SE;SUDESTE;8392.406
2026-01-23 04:00:00;NE;NORDESTE;SE;SUDESTE;5479.14999999
2026-01-23 04:00:00;SE;SUDESTE;S;SUL;6391.441
2026-01-23 05:00:00;N;NORTE;NE;NORDESTE;-3311.818
2026-01-23 05:00:00;N;NORTE;SE;SUDESTE;8456.948
2026-01-23 05:00:00;NE;NORDESTE;SE;SUDESTE;5455.714
2026-01-23 05:00:00;SE;SUDESTE;S;SUL;6258.882
2026-01-23 06:00:00;N;NORTE;NE;NORDESTE;-4112.028
2026-01-23 06:00:00;N;NORTE;SE;SUDESTE;7909.398
2026-01-23 06:00:00;NE;NORDESTE;SE;SUDESTE;5507.011
2026-01-23 06:00:00;SE;SUDESTE;S;SUL;6007.73
2026-01-23 07:00:00;N;NORTE;NE;NORDESTE;-4744.654
2026-01-23 07:00:00;N;NORTE;SE;SUDESTE;6795.124
2026-01-23 07:00:00;NE;NORDESTE;SE;SUDESTE;6007.742
2026-01-23 07:00:00;SE;SUDESTE;S;SUL;5690.824
2026-01-23 08:00:00;N;NORTE;NE;NORDESTE;-4468.053
2026-01-23 08:00:00;N;NORTE;SE;SUDESTE;5526.882
2026-01-23 08:00:00;NE;NORDESTE;SE;SUDESTE;6393.274
2026-01-23 08:00:00;SE;SUDESTE;S;SUL;4618.158
2026-01-23 09:00:00;N;NORTE;NE;NORDESTE;-3815.953
2026-01-23 09:00:00;N;NORTE;SE;SUDESTE;4953.804
2026-01-23 09:00:00;NE;NORDESTE;SE;SUDESTE;5621.296
2026-01-23 09:00:00;SE;SUDESTE;S;SUL;3824.026
2026-01-23 10:00:00;N;NORTE;NE;NORDESTE;-3128.557
2026-01-23 10:00:00;N;NORTE;SE;SUDESTE;4453.911
2026-01-23 10:00:00;NE;NORDESTE;SE;SUDESTE;4462.22999999
2026-01-23 10:00:00;SE;SUDESTE;S;SUL;4250.09
2026-01-23 11:00:00;N;NORTE;NE;NORDESTE;-2724.491
2026-01-23 11:00:00;N;NORTE;SE;SUDESTE;4287.054
2026-01-23 11:00:00;NE;NORDESTE;SE;SUDESTE;3969.998
2026-01-23 11:00:00;SE;SUDESTE;S;SUL;3286.34
2026-01-23 12:00:00;N;NORTE;NE;NORDESTE;-2443.135
2026-01-23 12:00:00;N;NORTE;SE;SUDESTE;4117.215
2026-01-23 12:00:00;NE;NORDESTE;SE;SUDESTE;3938.386
2026-01-23 12:00:00;SE;SUDESTE;S;SUL;3047.866
2026-01-23 13:00:00;N;NORTE;NE;NORDESTE;-2921.075
2026-01-23 13:00:00;N;NORTE;SE;SUDESTE;4528.687
2026-01-23 13:00:00;NE;NORDESTE;SE;SUDESTE;4774.572
2026-01-23 13:00:00;SE;SUDESTE;S;SUL;3965.641
2026-01-23 14:00:00;N;NORTE;NE;NORDESTE;-3123.302
2026-01-23 14:00:00;N;NORTE;SE;SUDESTE;5483.167
2026-01-23 14:00:00;NE;NORDESTE;SE;SUDESTE;5014.146
2026-01-23 14:00:00;SE;SUDESTE;S;SUL;4198.862
2026-01-23 15:00:00;N;NORTE;NE;NORDESTE;-2589.22899999
2026-01-23 15:00:00;N;NORTE;SE;SUDESTE;5982.165
2026-01-23 15:00:00;NE;NORDESTE;SE;SUDESTE;4934.835
2026-01-23 15:00:00;SE;SUDESTE;S;SUL;4727.045
2026-01-23 16:00:00;N;NORTE;NE;NORDESTE;-2326.419
2026-01-23 16:00:00;N;NORTE;SE;SUDESTE;7187.316
2026-01-23 16:00:00;NE;NORDESTE;SE;SUDESTE;5761.851
2026-01-23 16:00:00;SE;SUDESTE;S;SUL;5631.154
2026-01-23 17:00:00;N;NORTE;NE;NORDESTE;-1965.277
2026-01-23 17:00:00;N;NORTE;SE;SUDESTE;7901.087
2026-01-23 17:00:00;NE;NORDESTE;SE;SUDESTE;5762.333
2026-01-23 17:00:00;SE;SUDESTE;S;SUL;5891.856
2026-01-23 18:00:00;N;NORTE;NE;NORDESTE;-1583.312
2026-01-23 18:00:00;N;NORTE;SE;SUDESTE;7780.829
2026-01-23 18:00:00;NE;NORDESTE;SE;SUDESTE;6276.402
2026-01-23 18:00:00;SE;SUDESTE;S;SUL;6309.321
2026-01-23 19:00:00;N;NORTE;NE;NORDESTE;-1538.158
2026-01-23 19:00:00;N;NORTE;SE;SUDESTE;7930.311
2026-01-23 19:00:00;NE;NORDESTE;SE;SUDESTE;6360.263
2026-01-23 19:00:00;SE;SUDESTE;S;SUL;5635.648
2026-01-23 20:00:00;N;NORTE;NE;NORDESTE;-1451.662
2026-01-23 20:00:00;N;NORTE;SE;SUDESTE;7876.136
2026-01-23 20:00:00;NE;NORDESTE;SE;SUDESTE;6001.106
2026-01-23 20:00:00;SE;SUDESTE;S;SUL;5463.223
2026-01-23 21:00:00;N;NORTE;NE;NORDESTE;-1483.266
2026-01-23 21:00:00;N;NORTE;SE;SUDESTE;7754.426
2026-01-23 21:00:00;NE;NORDESTE;SE;SUDESTE;6113.341
2026-01-23 21:00:00;SE;SUDESTE;S;SUL;5704.662
2026-01-23 22:00:00;N;NORTE;NE;NORDESTE;-1848.239
2026-01-23 22:00:00;N;NORTE;SE;SUDESTE;7767.647
2026-01-23 22:00:00;NE;NORDESTE;SE;SUDESTE;6382.556
2026-01-23 22:00:00;SE;SUDESTE;S;SUL;6516.707
2026-01-23 23:00:00;N;NORTE;NE;NORDESTE;-1981.378
2026-01-23 23:00:00;N;NORTE;SE;SUDESTE;7427.876
2026-01-23 23:00:00;NE;NORDESTE;SE;SUDESTE;5945.885
2026-01-23 23:00:00;SE;SUDESTE;S;SUL;7232.219
2026-01-24 00:00:00;N;NORTE;NE;NORDESTE;-2908.949
2026-01-24 00:00:00;N;NORTE;SE;SUDESTE;6625.433
2026-01-24 00:00:00;NE;NORDESTE;SE;SUDESTE;5742.324
2026-01-24 00:00:00;SE;SUDESTE;S;SUL;6672.7
2026-01-24 01:00:00;N;NORTE;NE;NORDESTE;-4026.291
2026-01-24 01:00:00;N;NORTE;SE;SUDESTE;6327.43
2026-01-24 01:00:00;NE;NORDESTE;SE;SUDESTE;6291.439
2026-01-24 01:00:00;SE;SUDESTE;S;SUL;6605.987
2026-01-24 02:00:00;N;NORTE;NE;NORDESTE;-4626.381
2026-01-24 02:00:00;N;NORTE;SE;SUDESTE;6379.028
2026-01-24 02:00:00;NE;NORDESTE;SE;SUDESTE;6447.701
2026-01-24 02:00:00;SE;SUDESTE;S;SUL;6081.222
2026-01-24 03:00:00;N;NORTE;NE;NORDESTE;-4737.332
2026-01-24 03:00:00;N;NORTE;SE;SUDESTE;6331.901
2026-01-24 03:00:00;NE;NORDESTE;SE;SUDESTE;6283.154
2026-01-24 03:00:00;SE;SUDESTE;S;SUL;5490.21699999
2026-01-24 04:00:00;N;NORTE;NE;NORDESTE;-4636.357
2026-01-24 04:00:00;N;NORTE;SE;SUDESTE;6316.654
2026-01-24 04:00:00;NE;NORDESTE;SE;SUDESTE;6207.244
2026-01-24 04:00:00;SE;SUDESTE;S;SUL;5425.13
2026-01-24 05:00:00;N;NORTE;NE;NORDESTE;-4731.129
2026-01-24 05:00:00;N;NORTE;SE;SUDESTE;6455.871
2026-01-24 05:00:00;NE;NORDESTE;SE;SUDESTE;6513.43
2026-01-24 05:00:00;SE;SUDESTE;S;SUL;5648.677
2026-01-24 06:00:00;N;NORTE;NE;NORDESTE;-4399.794
2026-01-24 06:00:00;N;NORTE;SE;SUDESTE;5080.82399999
2026-01-24 06:00:00;NE;NORDESTE;SE;SUDESTE;6476.375
2026-01-24 06:00:00;SE;SUDESTE;S;SUL;4429.896
2026-01-24 07:00:00;N;NORTE;NE;NORDESTE;-4542.795
2026-01-24 07:00:00;N;NORTE;SE;SUDESTE;3850.727
2026-01-24 07:00:00;NE;NORDESTE;SE;SUDESTE;6346.335
2026-01-24 07:00:00;SE;SUDESTE;S;SUL;3768.732
2026-01-24 08:00:00;N;NORTE;NE;NORDESTE;-4077.465
2026-01-24 08:00:00;N;NORTE;SE;SUDESTE;3413.871
2026-01-24 08:00:00;NE;NORDESTE;SE;SUDESTE;5659.957
2026-01-24 08:00:00;SE;SUDESTE;S;SUL;4184.955
2026-01-24 09:00:00;N;NORTE;NE;NORDESTE;-3966.542
2026-01-24 09:00:00;N;NORTE;SE;SUDESTE;3809.591
2026-01-24 09:00:00;NE;NORDESTE;SE;SUDESTE;5203.106
2026-01-24 09:00:00;SE;SUDESTE;S;SUL;4107.35999999
2026-01-24 10:00:00;N;NORTE;NE;NORDESTE;-4193.0
2026-01-24 10:00:00;N;NORTE;SE;SUDESTE;4457.93
2026-01-24 10:00:00;NE;NORDESTE;SE;SUDESTE;4898.591
2026-01-24 10:00:00;SE;SUDESTE;S;SUL;4261.823
2026-01-24 11:00:00;N;NORTE;NE;NORDESTE;-4238.088
2026-01-24 11:00:00;N;NORTE;SE;SUDESTE;4664.865
2026-01-24 11:00:00;NE;NORDESTE;SE;SUDESTE;5168.61399999
2026-01-24 11:00:00;SE;SUDESTE;S;SUL;4596.622
2026-01-24 12:00:00;N;NORTE;NE;NORDESTE;-4251.774
2026-01-24 12:00:00;N;NORTE;SE;SUDESTE;4620.295
2026-01-24 12:00:00;NE;NORDESTE;SE;SUDESTE;5003.417
2026-01-24 12:00:00;SE;SUDESTE;S;SUL;4491.575
2026-01-24 13:00:00;N;NORTE;NE;NORDESTE;-4141.90899999
2026-01-24 13:00:00;N;NORTE;SE;SUDESTE;4381.43999999
2026-01-24 13:00:00;NE;NORDESTE;SE;SUDESTE;4876.965
2026-01-24 13:00:00;SE;SUDESTE;S;SUL;4214.254
2026-01-24 14:00:00;N;NORTE;NE;NORDESTE;-4347.376
2026-01-24 14:00:00;N;NORTE;SE;SUDESTE;4463.72
2026-01-24 14:00:00;NE;NORDESTE;SE;SUDESTE;5060.205
2026-01-24 14:00:00;SE;SUDESTE;S;SUL;3815.792
2026-01-24 15:00:00;N;NORTE;NE;NORDESTE;-4115.304
2026-01-24 15:00:00;N;NORTE;SE;SUDESTE;5007.584
2026-01-24 15:00:00;NE;NORDESTE;SE;SUDESTE;5181.85999999
2026-01-24 15:00:00;SE;SUDESTE;S;SUL;4292.72599999
2026-01-24 16:00:00;N;NORTE;NE;NORDESTE;-3278.536
2026-01-24 16:00:00;N;NORTE;SE;SUDESTE;5972.024
2026-01-24 16:00:00;NE;NORDESTE;SE;SUDESTE;4917.803
2026-01-24 16:00:00;SE;SUDESTE;S;SUL;4663.662
2026-01-24 17:00:00;N;NORTE;NE;NORDESTE;-2108.567
2026-01-24 17:00:00;N;NORTE;SE;SUDESTE;7360.578
2026-01-24 17:00:00;NE;NORDESTE;SE;SUDESTE;5080.79
2026-01-24 17:00:00;SE;SUDESTE;S;SUL;5358.304
2026-01-24 18:00:00;N;NORTE;NE;NORDESTE;-1430.653
2026-01-24 18:00:00;N;NORTE;SE;SUDESTE;7364.673
2026-01-24 18:00:00;NE;NORDESTE;SE;SUDESTE;5518.684
2026-01-24 18:00:00;SE;SUDESTE;S;SUL;5568.061
2026-01-24 19:00:00;N;NORTE;NE;NORDESTE;-2128.55699999
2026-01-24 19:00:00;N;NORTE;SE;SUDESTE;7329.004
2026-01-24 19:00:00;NE;NORDESTE;SE;SUDESTE;6505.98
2026-01-24 19:00:00;SE;SUDESTE;S;SUL;5143.727
2026-01-24 20:00:00;N;NORTE;NE;NORDESTE;-2760.17
2026-01-24 20:00:00;N;NORTE;SE;SUDESTE;6869.902
2026-01-24 20:00:00;NE;NORDESTE;SE;SUDESTE;6393.869
2026-01-24 20:00:00;SE;SUDESTE;S;SUL;4851.67199999
2026-01-24 21:00:00;N;NORTE;NE;NORDESTE;-2902.944
2026-01-24 21:00:00;N;NORTE;SE;SUDESTE;6805.084
2026-01-24 21:00:00;NE;NORDESTE;SE;SUDESTE;6324.726
2026-01-24 21:00:00;SE;SUDESTE;S;SUL;4636.09
2026-01-24 22:00:00;N;NORTE;NE;NORDESTE;-3011.764
2026-01-24 22:00:00;N;NORTE;SE;SUDESTE;6900.341
2026-01-24 22:00:00;NE;NORDESTE;SE;SUDESTE;5797.08
2026-01-24 22:00:00;SE;SUDESTE;S;SUL;4479.646
2026-01-24 23:00:00;N;NORTE;NE;NORDESTE;-3184.588
2026-01-24 23:00:00;N;NORTE;SE;SUDESTE;6998.702
2026-01-24 23:00:00;NE;NORDESTE;SE;SUDESTE;5317.783
2026-01-24 23:00:00;SE;SUDESTE;S;SUL;5101.8
2026-01-25 00:00:00;N;NORTE;NE;NORDESTE;-3574.347
2026-01-25 00:00:00;N;NORTE;SE;SUDESTE;6557.993
2026-01-25 00:00:00;NE;NORDESTE;SE;SUDESTE;5231.372
2026-01-25 00:00:00;SE;SUDESTE;S;SUL;5192.782
2026-01-25 01:00:00;N;NORTE;NE;NORDESTE;-4197.8
2026-01-25 01:00:00;N;NORTE;SE;SUDESTE;6269.527
2026-01-25 01:00:00;NE;NORDESTE;SE;SUDESTE;5628.244
2026-01-25 01:00:00;SE;SUDESTE;S;SUL;5610.693
2026-01-25 02:00:00;N;NORTE;NE;NORDESTE;-4248.782
2026-01-25 02:00:00;N;NORTE;SE;SUDESTE;6319.787
2026-01-25 02:00:00;NE;NORDESTE;SE;SUDESTE;5514.148
2026-01-25 02:00:00;SE;SUDESTE;S;SUL;5757.959
2026-01-25 03:00:00;N;NORTE;NE;NORDESTE;-4270.191
2026-01-25 03:00:00;N;NORTE;SE;SUDESTE;6200.665
2026-01-25 03:00:00;NE;NORDESTE;SE;SUDESTE;5384.701
2026-01-25 03:00:00;SE;SUDESTE;S;SUL;5997.154
2026-01-25 04:00:00;N;NORTE;NE;NORDESTE;-4499.901
2026-01-25 04:00:00;N;NORTE;SE;SUDESTE;5720.018
2026-01-25 04:00:00;NE;NORDESTE;SE;SUDESTE;5137.782
2026-01-25 04:00:00;SE;SUDESTE;S;SUL;5582.333
2026-01-25 05:00:00;N;NORTE;NE;NORDESTE;-4620.267
2026-01-25 05:00:00;N;NORTE;SE;SUDESTE;4503.219
2026-01-25 05:00:00;NE;NORDESTE;SE;SUDESTE;5685.227
2026-01-25 05:00:00;SE;SUDESTE;S;SUL;4961.822
2026-01-25 06:00:00;N;NORTE;NE;NORDESTE;-4643.151
2026-01-25 06:00:00;N;NORTE;SE;SUDESTE;4025.83
2026-01-25 06:00:00;NE;NORDESTE;SE;SUDESTE;6380.43
2026-01-25 06:00:00;SE;SUDESTE;S;SUL;5365.82
2026-01-25 07:00:00;N;NORTE;NE;NORDESTE;-4282.406
2026-01-25 07:00:00;N;NORTE;SE;SUDESTE;3813.565
2026-01-25 07:00:00;NE;NORDESTE;SE;SUDESTE;5521.164
2026-01-25 07:00:00;SE;SUDESTE;S;SUL;4445.082
2026-01-25 08:00:00;N;NORTE;NE;NORDESTE;-3750.553
2026-01-25 08:00:00;N;NORTE;SE;SUDESTE;3880.527
2026-01-25 08:00:00;NE;NORDESTE;SE;SUDESTE;5300.528
2026-01-25 08:00:00;SE;SUDESTE;S;SUL;3222.868
2026-01-25 09:00:00;N;NORTE;NE;NORDESTE;-3086.716
2026-01-25 09:00:00;N;NORTE;SE;SUDESTE;3640.466
2026-01-25 09:00:00;NE;NORDESTE;SE;SUDESTE;3427.012
2026-01-25 09:00:00;SE;SUDESTE;S;SUL;2230.841
2026-01-25 10:00:00;N;NORTE;NE;NORDESTE;-3045.182
2026-01-25 10:00:00;N;NORTE;SE;SUDESTE;3777.969
2026-01-25 10:00:00;NE;NORDESTE;SE;SUDESTE;2472.49699999
2026-01-25 10:00:00;SE;SUDESTE;S;SUL;2048.964
2026-01-25 11:00:00;N;NORTE;NE;NORDESTE;-3397.76
2026-01-25 11:00:00;N;NORTE;SE;SUDESTE;4241.0
2026-01-25 11:00:00;NE;NORDESTE;SE;SUDESTE;2965.905
2026-01-25 11:00:00;SE;SUDESTE;S;SUL;3035.444
2026-01-25 12:00:00;N;NORTE;NE;NORDESTE;-3662.897
2026-01-25 12:00:00;N;NORTE;SE;SUDESTE;4450.377
2026-01-25 12:00:00;NE;NORDESTE;SE;SUDESTE;3187.367
2026-01-25 12:00:00;SE;SUDESTE;S;SUL;3793.069
2026-01-25 13:00:00;N;NORTE;NE;NORDESTE;-3732.577
2026-01-25 13:00:00;N;NORTE;SE;SUDESTE;4383.182
2026-01-25 13:00:00;NE;NORDESTE;SE;SUDESTE;3423.581
2026-01-25 13:00:00;SE;SUDESTE;S;SUL;3990.615
2026-01-25 14:00:00;N;NORTE;NE;NORDESTE;-3755.064
2026-01-25 14:00:00;N;NORTE;SE;SUDESTE;4041.033
2026-01-25 14:00:00;NE;NORDESTE;SE;SUDESTE;3554.897
2026-01-25 14:00:00;SE;SUDESTE;S;SUL;4446.642
2026-01-25 15:00:00;N;NORTE;NE;NORDESTE;-3624.126
2026-01-25 15:00:00;N;NORTE;SE;SUDESTE;3942.687
2026-01-25 15:00:00;NE;NORDESTE;SE;SUDESTE;3213.795
2026-01-25 15:00:00;SE;SUDESTE;S;SUL;4566.73499999
2026-01-25 16:00:00;N;NORTE;NE;NORDESTE;-3752.324
2026-01-25 16:00:00;N;NORTE;SE;SUDESTE;3772.842
2026-01-25 16:00:00;NE;NORDESTE;SE;SUDESTE;3296.074
2026-01-25 16:00:00;SE;SUDESTE;S;SUL;4833.66299999
2026-01-25 17:00:00;N;NORTE;NE;NORDESTE;-3001.661
2026-01-25 17:00:00;N;NORTE;SE;SUDESTE;4815.92699999
2026-01-25 17:00:00;NE;NORDESTE;SE;SUDESTE;3863.35
2026-01-25 17:00:00;SE;SUDESTE;S;SUL;4424.42199999
2026-01-25 18:00:00;N;NORTE;NE;NORDESTE;-2569.829
2026-01-25 18:00:00;N;NORTE;SE;SUDESTE;6709.286
2026-01-25 18:00:00;NE;NORDESTE;SE;SUDESTE;5028.786
2026-01-25 18:00:00;SE;SUDESTE;S;SUL;3741.264
2026-01-25 19:00:00;N;NORTE;NE;NORDESTE;-2682.32
2026-01-25 19:00:00;N;NORTE;SE;SUDESTE;8268.055
2026-01-25 19:00:00;NE;NORDESTE;SE;SUDESTE;5167.162
2026-01-25 19:00:00;SE;SUDESTE;S;SUL;3177.665
2026-01-25 20:00:00;N;NORTE;NE;NORDESTE;-2879.576
2026-01-25 20:00:00;N;NORTE;SE;SUDESTE;8505.654
2026-01-25 20:00:00;NE;NORDESTE;SE;SUDESTE;5146.944
2026-01-25 20:00:00;SE;SUDESTE;S;SUL;3676.547
2026-01-25 21:00:00;N;NORTE;NE;NORDESTE;-2773.744
2026-01-25 21:00:00;N;NORTE;SE;SUDESTE;8408.33599999
2026-01-25 21:00:00;NE;NORDESTE;SE;SUDESTE;4881.424
2026-01-25 21:00:00;SE;SUDESTE;S;SUL;4073.224
2026-01-25 22:00:00;N;NORTE;NE;NORDESTE;-2925.794
2026-01-25 22:00:00;N;NORTE;SE;SUDESTE;8281.965
2026-01-25 22:00:00;NE;NORDESTE;SE;SUDESTE;4843.643
2026-01-25 22:00:00;SE;SUDESTE;S;SUL;4430.35999999
2026-01-25 23:00:00;N;NORTE;NE;NORDESTE;-2880.753
2026-01-25 23:00:00;N;NORTE;SE;SUDESTE;8166.399
2026-01-25 23:00:00;NE;NORDESTE;SE;SUDESTE;4789.667
2026-01-25 23:00:00;SE;SUDESTE;S;SUL;4758.712
2026-01-26 00:00:00;N;NORTE;NE;NORDESTE;-3232.879
2026-01-26 00:00:00;N;NORTE;SE;SUDESTE;7749.146
2026-01-26 00:00:00;NE;NORDESTE;SE;SUDESTE;4941.925
2026-01-26 00:00:00;SE;SUDESTE;S;SUL;6126.151
2026-01-26 01:00:00;N;NORTE;NE;NORDESTE;-3394.774
2026-01-26 01:00:00;N;NORTE;SE;SUDESTE;7456.97
2026-01-26 01:00:00;NE;NORDESTE;SE;SUDESTE;4308.374
2026-01-26 01:00:00;SE;SUDESTE;S;SUL;5567.789
2026-01-26 02:00:00;N;NORTE;NE;NORDESTE;-3394.05
2026-01-26 02:00:00;N;NORTE;SE;SUDESTE;7369.727
2026-01-26 02:00:00;NE;NORDESTE;SE;SUDESTE;4041.17
2026-01-26 02:00:00;SE;SUDESTE;S;SUL;5687.359
2026-01-26 03:00:00;N;NORTE;NE;NORDESTE;-3487.89
2026-01-26 03:00:00;N;NORTE;SE;SUDESTE;7323.336
2026-01-26 03:00:00;NE;NORDESTE;SE;SUDESTE;4155.389
2026-01-26 03:00:00;SE;SUDESTE;S;SUL;5837.137
2026-01-26 04:00:00;N;NORTE;NE;NORDESTE;-3471.177
2026-01-26 04:00:00;N;NORTE;SE;SUDESTE;7362.504
2026-01-26 04:00:00;NE;NORDESTE;SE;SUDESTE;4394.303
2026-01-26 04:00:00;SE;SUDESTE;S;SUL;5815.85
2026-01-26 05:00:00;N;NORTE;NE;NORDESTE;-3536.482
2026-01-26 05:00:00;N;NORTE;SE;SUDESTE;7606.174
2026-01-26 05:00:00;NE;NORDESTE;SE;SUDESTE;5051.579
2026-01-26 05:00:00;SE;SUDESTE;S;SUL;5716.44
2026-01-26 06:00:00;N;NORTE;NE;NORDESTE;-4205.877
2026-01-26 06:00:00;N;NORTE;SE;SUDESTE;7527.072
2026-01-26 06:00:00;NE;NORDESTE;SE;SUDESTE;5523.579
2026-01-26 06:00:00;SE;SUDESTE;S;SUL;5398.381
2026-01-26 07:00:00;N;NORTE;NE;NORDESTE;-5572.67
2026-01-26 07:00:00;N;NORTE;SE;SUDESTE;5735.759
2026-01-26 07:00:00;NE;NORDESTE;SE;SUDESTE;5992.662
2026-01-26 07:00:00;SE;SUDESTE;S;SUL;6050.379
2026-01-26 08:00:00;N;NORTE;NE;NORDESTE;-5234.283
2026-01-26 08:00:00;N;NORTE;SE;SUDESTE;4886.446
2026-01-26 08:00:00;NE;NORDESTE;SE;SUDESTE;5523.016
2026-01-26 08:00:00;SE;SUDESTE;S;SUL;4101.616
2026-01-26 09:00:00;N;NORTE;NE;NORDESTE;-4852.12
2026-01-26 09:00:00;N;NORTE;SE;SUDESTE;4577.036
2026-01-26 09:00:00;NE;NORDESTE;SE;SUDESTE;5072.11399999
2026-01-26 09:00:00;SE;SUDESTE;S;SUL;3438.487
2026-01-26 10:00:00;N;NORTE;NE;NORDESTE;-4845.117
2026-01-26 10:00:00;N;NORTE;SE;SUDESTE;4638.435
2026-01-26 10:00:00;NE;NORDESTE;SE;SUDESTE;5149.837
2026-01-26 10:00:00;SE;SUDESTE;S;SUL;3921.591
2026-01-26 11:00:00;N;NORTE;NE;NORDESTE;-4392.378
2026-01-26 11:00:00;N;NORTE;SE;SUDESTE;4682.22599999
2026-01-26 11:00:00;NE;NORDESTE;SE;SUDESTE;4375.79699999
2026-01-26 11:00:00;SE;SUDESTE;S;SUL;3682.376
2026-01-26 12:00:00;N;NORTE;NE;NORDESTE;-4085.053
2026-01-26 12:00:00;N;NORTE;SE;SUDESTE;4871.858
2026-01-26 12:00:00;NE;NORDESTE;SE;SUDESTE;4337.14
2026-01-26 12:00:00;SE;SUDESTE;S;SUL;3571.027
2026-01-26 13:00:00;N;NORTE;NE;NORDESTE;-3293.069
2026-01-26 13:00:00;N;NORTE;SE;SUDESTE;5614.3
2026-01-26 13:00:00;NE;NORDESTE;SE;SUDESTE;4338.18599999
2026-01-26 13:00:00;SE;SUDESTE;S;SUL;4581.803
2026-01-26 14:00:00;N;NORTE;NE;NORDESTE;-2367.04799999
2026-01-26 14:00:00;N;NORTE;SE;SUDESTE;7274.287
2026-01-26 14:00:00;NE;NORDESTE;SE;SUDESTE;4294.316
2026-01-26 14:00:00;SE;SUDESTE;S;SUL;5530.998
2026-01-26 15:00:00;N;NORTE;NE;NORDESTE;-1551.074
2026-01-26 15:00:00;N;NORTE;SE;SUDESTE;8162.061
2026-01-26 15:00:00;NE;NORDESTE;SE;SUDESTE;4360.537
2026-01-26 15:00:00;SE;SUDESTE;S;SUL;5422.925
2026-01-26 16:00:00;N;NORTE;NE;NORDESTE;-1382.216
2026-01-26 16:00:00;N;NORTE;SE;SUDESTE;8390.647
2026-01-26 16:00:00;NE;NORDESTE;SE;SUDESTE;3035.238
2026-01-26 16:00:00;SE;SUDESTE;S;SUL;3758.769
2026-01-26 17:00:00;N;NORTE;NE;NORDESTE;-1177.363
2026-01-26 17:00:00;N;NORTE;SE;SUDESTE;9232.182
2026-01-26 17:00:00;NE;NORDESTE;SE;SUDESTE;4452.196
2026-01-26 17:00:00;SE;SUDESTE;S;SUL;4876.127
2026-01-26 18:00:00;N;NORTE;NE;NORDESTE;-604.856
2026-01-26 18:00:00;N;NORTE;SE;SUDESTE;9119.207
2026-01-26 18:00:00;NE;NORDESTE;SE;SUDESTE;4964.832
2026-01-26 18:00:00;SE;SUDESTE;S;SUL;4648.586
2026-01-26 19:00:00;N;NORTE;NE;NORDESTE;-1022.584
2026-01-26 19:00:00;N;NORTE;SE;SUDESTE;9180.037
2026-01-26 19:00:00;NE;NORDESTE;SE;SUDESTE;4792.53
2026-01-26 19:00:00;SE;SUDESTE;S;SUL;4612.022
2026-01-26 20:00:00;N;NORTE;NE;NORDESTE;-1590.025
2026-01-26 20:00:00;N;NORTE;SE;SUDESTE;9112.517
2026-01-26 20:00:00;NE;NORDESTE;SE;SUDESTE;4790.053
2026-01-26 20:00:00;SE;SUDESTE;S;SUL;3544.433
2026-01-26 21:00:00;N;NORTE;NE;NORDESTE;-1717.091
2026-01-26 21:00:00;N;NORTE;SE;SUDESTE;9102.366
2026-01-26 21:00:00;NE;NORDESTE;SE;SUDESTE;4869.229
2026-01-26 21:00:00;SE;SUDESTE;S;SUL;3696.411
2026-01-26 22:00:00;N;NORTE;NE;NORDESTE;-1474.619
2026-01-26 22:00:00;N;NORTE;SE;SUDESTE;9100.118
2026-01-26 22:00:00;NE;NORDESTE;SE;SUDESTE;4754.836
2026-01-26 22:00:00;SE;SUDESTE;S;SUL;4566.658
2026-01-26 23:00:00;N;NORTE;NE;NORDESTE;-1523.18
2026-01-26 23:00:00;N;NORTE;SE;SUDESTE;9205.822
2026-01-26 23:00:00;NE;NORDESTE;SE;SUDESTE;4917.341
2026-01-26 23:00:00;SE;SUDESTE;S;SUL;6437.855
2026-01-27 00:00:00;N;NORTE;NE;NORDESTE;-1885.874
2026-01-27 00:00:00;N;NORTE;SE;SUDESTE;8834.70099999
2026-01-27 00:00:00;NE;NORDESTE;SE;SUDESTE;5106.435
2026-01-27 00:00:00;SE;SUDESTE;S;SUL;5495.049
2026-01-27 01:00:00;N;NORTE;NE;NORDESTE;-1259.877
2026-01-27 01:00:00;N;NORTE;SE;SUDESTE;8321.5
2026-01-27 01:00:00;NE;NORDESTE;SE;SUDESTE;6030.679
2026-01-27 01:00:00;SE;SUDESTE;S;SUL;5423.256
2026-01-27 02:00:00;N;NORTE;NE;NORDESTE;-1394.959
2026-01-27 02:00:00;N;NORTE;SE;SUDESTE;8403.44
2026-01-27 02:00:00;NE;NORDESTE;SE;SUDESTE;5936.328
2026-01-27 02:00:00;SE;SUDESTE;S;SUL;6034.261
2026-01-27 03:00:00;N;NORTE;NE;NORDESTE;-1299.573
2026-01-27 03:00:00;N;NORTE;SE;SUDESTE;8507.039
2026-01-27 03:00:00;NE;NORDESTE;SE;SUDESTE;5890.944
2026-01-27 03:00:00;SE;SUDESTE;S;SUL;5788.412
2026-01-27 04:00:00;N;NORTE;NE;NORDESTE;-1661.892
2026-01-27 04:00:00;N;NORTE;SE;SUDESTE;8639.14
2026-01-27 04:00:00;NE;NORDESTE;SE;SUDESTE;6098.327
2026-01-27 04:00:00;SE;SUDESTE;S;SUL;5249.901
2026-01-27 05:00:00;N;NORTE;NE;NORDESTE;-1978.663
2026-01-27 05:00:00;N;NORTE;SE;SUDESTE;8468.258
2026-01-27 05:00:00;NE;NORDESTE;SE;SUDESTE;6259.767
2026-01-27 05:00:00;SE;SUDESTE;S;SUL;5172.767
2026-01-27 06:00:00;N;NORTE;NE;NORDESTE;-2923.509
2026-01-27 06:00:00;N;NORTE;SE;SUDESTE;7745.606
2026-01-27 06:00:00;NE;NORDESTE;SE;SUDESTE;6119.533
2026-01-27 06:00:00;SE;SUDESTE;S;SUL;5228.89999999
2026-01-27 07:00:00;N;NORTE;NE;NORDESTE;-4092.581
2026-01-27 07:00:00;N;NORTE;SE;SUDESTE;6697.684
2026-01-27 07:00:00;NE;NORDESTE;SE;SUDESTE;6019.198
2026-01-27 07:00:00;SE;SUDESTE;S;SUL;4447.282
2026-01-27 08:00:00;N;NORTE;NE;NORDESTE;-4430.569
2026-01-27 08:00:00;N;NORTE;SE;SUDESTE;6752.045
2026-01-27 08:00:00;NE;NORDESTE;SE;SUDESTE;5850.898
2026-01-27 08:00:00;SE;SUDESTE;S;SUL;3947.921
2026-01-27 09:00:00;N;NORTE;NE;NORDESTE;-4565.332
2026-01-27 09:00:00;N;NORTE;SE;SUDESTE;5966.912
2026-01-27 09:00:00;NE;NORDESTE;SE;SUDESTE;6041.721
2026-01-27 09:00:00;SE;SUDESTE;S;SUL;3535.911
2026-01-27 10:00:00;N;NORTE;NE;NORDESTE;-4438.314
2026-01-27 10:00:00;N;NORTE;SE;SUDESTE;5614.195
2026-01-27 10:00:00;NE;NORDESTE;SE;SUDESTE;6188.989
2026-01-27 10:00:00;SE;SUDESTE;S;SUL;3484.338
2026-01-27 11:00:00;N;NORTE;NE;NORDESTE;-4163.437
2026-01-27 11:00:00;N;NORTE;SE;SUDESTE;5543.074
2026-01-27 11:00:00;NE;NORDESTE;SE;SUDESTE;5996.464
2026-01-27 11:00:00;SE;SUDESTE;S;SUL;3595.051
2026-01-27 12:00:00;N;NORTE;NE;NORDESTE;-3932.526
2026-01-27 12:00:00;N;NORTE;SE;SUDESTE;6294.341
2026-01-27 12:00:00;NE;NORDESTE;SE;SUDESTE;5981.663
2026-01-27 12:00:00;SE;SUDESTE;S;SUL;3353.114
2026-01-27 13:00:00;N;NORTE;NE;NORDESTE;-3156.927
2026-01-27 13:00:00;N;NORTE;SE;SUDESTE;7040.004
2026-01-27 13:00:00;NE;NORDESTE;SE;SUDESTE;4880.397
2026-01-27 13:00:00;SE;SUDESTE;S;SUL;3206.417
2026-01-27 14:00:00;N;NORTE;NE;NORDESTE;-2379.73
2026-01-27 14:00:00;N;NORTE;SE;SUDESTE;7264.821
2026-01-27 14:00:00;NE;NORDESTE;SE;SUDESTE;4217.152
2026-01-27 14:00:00;SE;SUDESTE;S;SUL;2902.112
2026-01-27 15:00:00;N;NORTE;NE;NORDESTE;-1064.339
2026-01-27 15:00:00;N;NORTE;SE;SUDESTE;8329.94199999
2026-01-27 15:00:00;NE;NORDESTE;SE;SUDESTE;3885.31
2026-01-27 15:00:00;SE;SUDESTE;S;SUL;3396.509
2026-01-27 16:00:00;N;NORTE;NE;NORDESTE;-46.595
2026-01-27 16:00:00;N;NORTE;SE;SUDESTE;8942.67
2026-01-27 16:00:00;NE;NORDESTE;SE;SUDESTE;2812.206
2026-01-27 16:00:00;SE;SUDESTE;S;SUL;4227.097
2026-01-27 17:00:00;N;NORTE;NE;NORDESTE;1054.191
2026-01-27 17:00:00;N;NORTE;SE;SUDESTE;8600.609
2026-01-27 17:00:00;NE;NORDESTE;SE;SUDESTE;2366.588
2026-01-27 17:00:00;SE;SUDESTE;S;SUL;4909.56499999
2026-01-27 18:00:00;N;NORTE;NE;NORDESTE;1968.432
2026-01-27 18:00:00;N;NORTE;SE;SUDESTE;8507.008
2026-01-27 18:00:00;NE;NORDESTE;SE;SUDESTE;2677.031
2026-01-27 18:00:00;SE;SUDESTE;S;SUL;4071.918
2026-01-27 19:00:00;N;NORTE;NE;NORDESTE;1710.139
2026-01-27 19:00:00;N;NORTE;SE;SUDESTE;8326.441
2026-01-27 19:00:00;NE;NORDESTE;SE;SUDESTE;3996.389
2026-01-27 19:00:00;SE;SUDESTE;S;SUL;3693.078
2026-01-27 20:00:00;N;NORTE;NE;NORDESTE;1166.303
2026-01-27 20:00:00;N;NORTE;SE;SUDESTE;8333.262
2026-01-27 20:00:00;NE;NORDESTE;SE;SUDESTE;4933.505
2026-01-27 20:00:00;SE;SUDESTE;S;SUL;4622.604
2026-01-27 21:00:00;N;NORTE;NE;NORDESTE;1037.944
2026-01-27 21:00:00;N;NORTE;SE;SUDESTE;8032.371
2026-01-27 21:00:00;NE;NORDESTE;SE;SUDESTE;4974.745
2026-01-27 21:00:00;SE;SUDESTE;S;SUL;4971.836
2026-01-27 22:00:00;N;NORTE;NE;NORDESTE;851.976
2026-01-27 22:00:00;N;NORTE;SE;SUDESTE;7907.127
2026-01-27 22:00:00;NE;NORDESTE;SE;SUDESTE;6338.399
2026-01-27 22:00:00;SE;SUDESTE;S;SUL;6257.358
2026-01-27 23:00:00;N;NORTE;NE;NORDESTE;415.187
2026-01-27 23:00:00;N;NORTE;SE;SUDESTE;7860.732
2026-01-27 23:00:00;NE;NORDESTE;SE;SUDESTE;6127.084
2026-01-27 23:00:00;SE;SUDESTE;S;SUL;6753.755
2026-01-28 00:00:00;N;NORTE;NE;NORDESTE;854.176
2026-01-28 00:00:00;N;NORTE;SE;SUDESTE;7717.677
2026-01-28 00:00:00;NE;NORDESTE;SE;SUDESTE;5846.624
2026-01-28 00:00:00;SE;SUDESTE;S;SUL;6877.305
2026-01-28 01:00:00;N;NORTE;NE;NORDESTE;1459.959
2026-01-28 01:00:00;N;NORTE;SE;SUDESTE;7661.024
2026-01-28 01:00:00;NE;NORDESTE;SE;SUDESTE;5607.473
2026-01-28 01:00:00;SE;SUDESTE;S;SUL;7440.041
2026-01-28 02:00:00;N;NORTE;NE;NORDESTE;1490.277
2026-01-28 02:00:00;N;NORTE;SE;SUDESTE;7530.302
2026-01-28 02:00:00;NE;NORDESTE;SE;SUDESTE;5134.741
2026-01-28 02:00:00;SE;SUDESTE;S;SUL;6830.888
2026-01-28 03:00:00;N;NORTE;NE;NORDESTE;1755.568
2026-01-28 03:00:00;N;NORTE;SE;SUDESTE;7302.032
2026-01-28 03:00:00;NE;NORDESTE;SE;SUDESTE;4735.652
2026-01-28 03:00:00;SE;SUDESTE;S;SUL;6546.992
2026-01-28 04:00:00;N;NORTE;NE;NORDESTE;2070.534
2026-01-28 04:00:00;N;NORTE;SE;SUDESTE;7801.966
2026-01-28 04:00:00;NE;NORDESTE;SE;SUDESTE;4996.942
2026-01-28 04:00:00;SE;SUDESTE;S;SUL;6881.802
2026-01-28 05:00:00;N;NORTE;NE;NORDESTE;1896.238
2026-01-28 05:00:00;N;NORTE;SE;SUDESTE;8154.439
2026-01-28 05:00:00;NE;NORDESTE;SE;SUDESTE;5292.841
2026-01-28 05:00:00;SE;SUDESTE;S;SUL;6709.98
2026-01-28 06:00:00;N;NORTE;NE;NORDESTE;571.892
2026-01-28 06:00:00;N;NORTE;SE;SUDESTE;8598.14
2026-01-28 06:00:00;NE;NORDESTE;SE;SUDESTE;5777.855
2026-01-28 06:00:00;SE;SUDESTE;S;SUL;6737.41
2026-01-28 07:00:00;N;NORTE;NE;NORDESTE;-2638.333
2026-01-28 07:00:00;N;NORTE;SE;SUDESTE;8209.66
2026-01-28 07:00:00;NE;NORDESTE;SE;SUDESTE;5699.697
2026-01-28 07:00:00;SE;SUDESTE;S;SUL;6826.581
2026-01-28 08:00:00;N;NORTE;NE;NORDESTE;-3040.611
2026-01-28 08:00:00;N;NORTE;SE;SUDESTE;7471.457
2026-01-28 08:00:00;NE;NORDESTE;SE;SUDESTE;4341.834
2026-01-28 08:00:00;SE;SUDESTE;S;SUL;4984.059
2026-01-28 09:00:00;N;NORTE;NE;NORDESTE;-3021.221
2026-01-28 09:00:00;N;NORTE;SE;SUDESTE;6954.658
2026-01-28 09:00:00;NE;NORDESTE;SE;SUDESTE;3659.439
2026-01-28 09:00:00;SE;SUDESTE;S;SUL;4062.985
2026-01-28 10:00:00;N;NORTE;NE;NORDESTE;-3413.215
2026-01-28 10:00:00;N;NORTE;SE;SUDESTE;6695.033
2026-01-28 10:00:00;NE;NORDESTE;SE;SUDESTE;3769.133
2026-01-28 10:00:00;SE;SUDESTE;S;SUL;4577.298
2026-01-28 11:00:00;N;NORTE;NE;NORDESTE;-3889.703
2026-01-28 11:00:00;N;NORTE;SE;SUDESTE;5795.925
2026-01-28 11:00:00;NE;NORDESTE;SE;SUDESTE;4881.371
2026-01-28 11:00:00;SE;SUDESTE;S;SUL;4510.916
2026-01-28 12:00:00;N;NORTE;NE;NORDESTE;-3653.875
2026-01-28 12:00:00;N;NORTE;SE;SUDESTE;6022.231
2026-01-28 12:00:00;NE;NORDESTE;SE;SUDESTE;5388.49
2026-01-28 12:00:00;SE;SUDESTE;S;SUL;4761.635
2026-01-28 13:00:00;N;NORTE;NE;NORDESTE;-3201.15
2026-01-28 13:00:00;N;NORTE;SE;SUDESTE;6366.093
2026-01-28 13:00:00;NE;NORDESTE;SE;SUDESTE;5037.874
2026-01-28 13:00:00;SE;SUDESTE;S;SUL;4814.125
2026-01-28 14:00:00;N;NORTE;NE;NORDESTE;-3108.537
2026-01-28 14:00:00;N;NORTE;SE;SUDESTE;7162.679
2026-01-28 14:00:00;NE;NORDESTE;SE;SUDESTE;4449.021
2026-01-28 14:00:00;SE;SUDESTE;S;SUL;3091.3
2026-01-28 15:00:00;N;NORTE;NE;NORDESTE;-2006.969
2026-01-28 15:00:00;N;NORTE;SE;SUDESTE;7603.199
2026-01-28 15:00:00;NE;NORDESTE;SE;SUDESTE;4456.02
2026-01-28 15:00:00;SE;SUDESTE;S;SUL;3377.964
2026-01-28 16:00:00;N;NORTE;NE;NORDESTE;-929.75
2026-01-28 16:00:00;N;NORTE;SE;SUDESTE;8248.129
2026-01-28 16:00:00;NE;NORDESTE;SE;SUDESTE;4894.58
2026-01-28 16:00:00;SE;SUDESTE;S;SUL;4316.88
2026-01-28 17:00:00;N;NORTE;NE;NORDESTE;-805.688
2026-01-28 17:00:00;N;NORTE;SE;SUDESTE;8168.451
2026-01-28 17:00:00;NE;NORDESTE;SE;SUDESTE;5136.434
2026-01-28 17:00:00;SE;SUDESTE;S;SUL;4757.206
2026-01-28 18:00:00;N;NORTE;NE;NORDESTE;-251.039
2026-01-28 18:00:00;N;NORTE;SE;SUDESTE;8277.802
2026-01-28 18:00:00;NE;NORDESTE;SE;SUDESTE;5986.054
2026-01-28 18:00:00;SE;SUDESTE;S;SUL;4261.892
2026-01-28 19:00:00;N;NORTE;NE;NORDESTE;-590.028
2026-01-28 19:00:00;N;NORTE;SE;SUDESTE;8333.95099999
2026-01-28 19:00:00;NE;NORDESTE;SE;SUDESTE;6142.351
2026-01-28 19:00:00;SE;SUDESTE;S;SUL;4639.762
2026-01-28 20:00:00;N;NORTE;NE;NORDESTE;-671.164
2026-01-28 20:00:00;N;NORTE;SE;SUDESTE;8244.36199999
2026-01-28 20:00:00;NE;NORDESTE;SE;SUDESTE;6058.049
2026-01-28 20:00:00;SE;SUDESTE;S;SUL;4952.625
2026-01-28 21:00:00;N;NORTE;NE;NORDESTE;-679.71
2026-01-28 21:00:00;N;NORTE;SE;SUDESTE;8268.627
2026-01-28 21:00:00;NE;NORDESTE;SE;SUDESTE;6006.597
2026-01-28 21:00:00;SE;SUDESTE;S;SUL;5943.437
2026-01-28 22:00:00;N;NORTE;NE;NORDESTE;-688.332
2026-01-28 22:00:00;N;NORTE;SE;SUDESTE;8257.23699999
2026-01-28 22:00:00;NE;NORDESTE;SE;SUDESTE;5967.946
2026-01-28 22:00:00;SE;SUDESTE;S;SUL;5693.513
2026-01-28 23:00:00;N;NORTE;NE;NORDESTE;-482.756
2026-01-28 23:00:00;N;NORTE;SE;SUDESTE;8141.507
2026-01-28 23:00:00;NE;NORDESTE;SE;SUDESTE;5767.865
2026-01-28 23:00:00;SE;SUDESTE;S;SUL;6046.982
2026-01-29 00:00:00;N;NORTE;NE;NORDESTE;-721.233
2026-01-29 00:00:00;N;NORTE;SE;SUDESTE;8062.901
2026-01-29 00:00:00;NE;NORDESTE;SE;SUDESTE;6009.004
2026-01-29 00:00:00;SE;SUDESTE;S;SUL;6707.755
2026-01-29 01:00:00;N;NORTE;NE;NORDESTE;-1057.58999999
2026-01-29 01:00:00;N;NORTE;SE;SUDESTE;7889.31
2026-01-29 01:00:00;NE;NORDESTE;SE;SUDESTE;6369.417
2026-01-29 01:00:00;SE;SUDESTE;S;SUL;7081.271
2026-01-29 02:00:00;N;NORTE;NE;NORDESTE;-1168.885
2026-01-29 02:00:00;N;NORTE;SE;SUDESTE;7781.44
2026-01-29 02:00:00;NE;NORDESTE;SE;SUDESTE;6292.754
2026-01-29 02:00:00;SE;SUDESTE;S;SUL;6756.728
2026-01-29 03:00:00;N;NORTE;NE;NORDESTE;-815.196
2026-01-29 03:00:00;N;NORTE;SE;SUDESTE;7669.799
2026-01-29 03:00:00;NE;NORDESTE;SE;SUDESTE;6134.454
2026-01-29 03:00:00;SE;SUDESTE;S;SUL;6936.337
2026-01-29 04:00:00;N;NORTE;NE;NORDESTE;-326.077
2026-01-29 04:00:00;N;NORTE;SE;SUDESTE;7353.862
2026-01-29 04:00:00;NE;NORDESTE;SE;SUDESTE;5499.562
2026-01-29 04:00:00;SE;SUDESTE;S;SUL;6568.53
2026-01-29 05:00:00;N;NORTE;NE;NORDESTE;-364.639
2026-01-29 05:00:00;N;NORTE;SE;SUDESTE;7491.061
2026-01-29 05:00:00;NE;NORDESTE;SE;SUDESTE;5898.134
2026-01-29 05:00:00;SE;SUDESTE;S;SUL;6385.797
2026-01-29 06:00:00;N;NORTE;NE;NORDESTE;-1383.044
2026-01-29 06:00:00;N;NORTE;SE;SUDESTE;7504.332
2026-01-29 06:00:00;NE;NORDESTE;SE;SUDESTE;6076.384
2026-01-29 06:00:00;SE;SUDESTE;S;SUL;5469.712
2026-01-29 07:00:00;N;NORTE;NE;NORDESTE;-3068.941
2026-01-29 07:00:00;N;NORTE;SE;SUDESTE;8070.557
2026-01-29 07:00:00;NE;NORDESTE;SE;SUDESTE;5978.848
2026-01-29 07:00:00;SE;SUDESTE;S;SUL;4390.893
2026-01-29 08:00:00;N;NORTE;NE;NORDESTE;-3986.514
2026-01-29 08:00:00;N;NORTE;SE;SUDESTE;7761.891
2026-01-29 08:00:00;NE;NORDESTE;SE;SUDESTE;5637.313
2026-01-29 08:00:00;SE;SUDESTE;S;SUL;4171.237
2026-01-29 09:00:00;N;NORTE;NE;NORDESTE;-4397.81
2026-01-29 09:00:00;N;NORTE;SE;SUDESTE;7261.859
2026-01-29 09:00:00;NE;NORDESTE;SE;SUDESTE;5783.236
2026-01-29 09:00:00;SE;SUDESTE;S;SUL;3508.328
2026-01-29 10:00:00;N;NORTE;NE;NORDESTE;-4278.705
2026-01-29 10:00:00;N;NORTE;SE;SUDESTE;7046.134
2026-01-29 10:00:00;NE;NORDESTE;SE;SUDESTE;5537.327
2026-01-29 10:00:00;SE;SUDESTE;S;SUL;3335.507
2026-01-29 11:00:00;N;NORTE;NE;NORDESTE;-4363.98899999
2026-01-29 11:00:00;N;NORTE;SE;SUDESTE;5989.804
2026-01-29 11:00:00;NE;NORDESTE;SE;SUDESTE;5491.073
2026-01-29 11:00:00;SE;SUDESTE;S;SUL;3524.778
2026-01-29 12:00:00;N;NORTE;NE;NORDESTE;-4012.343
2026-01-29 12:00:00;N;NORTE;SE;SUDESTE;5008.828
2026-01-29 12:00:00;NE;NORDESTE;SE;SUDESTE;4895.18599999
2026-01-29 12:00:00;SE;SUDESTE;S;SUL;2466.498
2026-01-29 13:00:00;N;NORTE;NE;NORDESTE;-4236.838
2026-01-29 13:00:00;N;NORTE;SE;SUDESTE;6102.276
2026-01-29 13:00:00;NE;NORDESTE;SE;SUDESTE;5027.664
2026-01-29 13:00:00;SE;SUDESTE;S;SUL;2824.695
2026-01-29 14:00:00;N;NORTE;NE;NORDESTE;-3758.968
2026-01-29 14:00:00;N;NORTE;SE;SUDESTE;6905.87
2026-01-29 14:00:00;NE;NORDESTE;SE;SUDESTE;4746.68
2026-01-29 14:00:00;SE;SUDESTE;S;SUL;2904.48
2026-01-29 15:00:00;N;NORTE;NE;NORDESTE;-2411.342
2026-01-29 15:00:00;N;NORTE;SE;SUDESTE;7600.301
2026-01-29 15:00:00;NE;NORDESTE;SE;SUDESTE;4573.008
2026-01-29 15:00:00;SE;SUDESTE;S;SUL;3305.811
2026-01-29 16:00:00;N;NORTE;NE;NORDESTE;-473.59
2026-01-29 16:00:00;N;NORTE;SE;SUDESTE;8039.733
2026-01-29 16:00:00;NE;NORDESTE;SE;SUDESTE;5072.397
2026-01-29 16:00:00;SE;SUDESTE;S;SUL;3316.001
2026-01-29 17:00:00;N;NORTE;NE;NORDESTE;41.55899999
2026-01-29 17:00:00;N;NORTE;SE;SUDESTE;8933.677
2026-01-29 17:00:00;NE;NORDESTE;SE;SUDESTE;5530.701
2026-01-29 17:00:00;SE;SUDESTE;S;SUL;3604.121
2026-01-29 18:00:00;N;NORTE;NE;NORDESTE;-137.258
2026-01-29 18:00:00;N;NORTE;SE;SUDESTE;9637.498
2026-01-29 18:00:00;NE;NORDESTE;SE;SUDESTE;4933.361
2026-01-29 18:00:00;SE;SUDESTE;S;SUL;3030.963
2026-01-29 19:00:00;N;NORTE;NE;NORDESTE;-503.399
2026-01-29 19:00:00;N;NORTE;SE;SUDESTE;9319.956
2026-01-29 19:00:00;NE;NORDESTE;SE;SUDESTE;5391.72999999
2026-01-29 19:00:00;SE;SUDESTE;S;SUL;2878.94
2026-01-29 20:00:00;N;NORTE;NE;NORDESTE;-672.184
2026-01-29 20:00:00;N;NORTE;SE;SUDESTE;9209.46999999
2026-01-29 20:00:00;NE;NORDESTE;SE;SUDESTE;5446.777
2026-01-29 20:00:00;SE;SUDESTE;S;SUL;3314.619
2026-01-29 21:00:00;N;NORTE;NE;NORDESTE;-394.744
2026-01-29 21:00:00;N;NORTE;SE;SUDESTE;8812.912
2026-01-29 21:00:00;NE;NORDESTE;SE;SUDESTE;4932.32
2026-01-29 21:00:00;SE;SUDESTE;S;SUL;3342.124
2026-01-29 22:00:00;N;NORTE;NE;NORDESTE;53.215
2026-01-29 22:00:00;N;NORTE;SE;SUDESTE;8904.081
2026-01-29 22:00:00;NE;NORDESTE;SE;SUDESTE;4928.183
2026-01-29 22:00:00;SE;SUDESTE;S;SUL;3298.674
2026-01-29 23:00:00;N;NORTE;NE;NORDESTE;439.03
2026-01-29 23:00:00;N;NORTE;SE;SUDESTE;8551.173
2026-01-29 23:00:00;NE;NORDESTE;SE;SUDESTE;4242.461
2026-01-29 23:00:00;SE;SUDESTE;S;SUL;3068.396
2026-01-30 00:00:00;N;NORTE;NE;NORDESTE;664.947
2026-01-30 00:00:00;N;NORTE;SE;SUDESTE;6839.936
2026-01-30 00:00:00;NE;NORDESTE;SE;SUDESTE;4020.0
2026-01-30 00:00:00;SE;SUDESTE;S;SUL;3528.632
2026-01-30 01:00:00;N;NORTE;NE;NORDESTE;1314.683
2026-01-30 01:00:00;N;NORTE;SE;SUDESTE;6125.994
2026-01-30 01:00:00;NE;NORDESTE;SE;SUDESTE;4167.464
2026-01-30 01:00:00;SE;SUDESTE;S;SUL;4738.334
2026-01-30 02:00:00;N;NORTE;NE;NORDESTE;1577.168
2026-01-30 02:00:00;N;NORTE;SE;SUDESTE;6080.67
2026-01-30 02:00:00;NE;NORDESTE;SE;SUDESTE;3955.999
2026-01-30 02:00:00;SE;SUDESTE;S;SUL;5763.263
2026-01-30 03:00:00;N;NORTE;NE;NORDESTE;1689.617
2026-01-30 03:00:00;N;NORTE;SE;SUDESTE;6212.945
2026-01-30 03:00:00;NE;NORDESTE;SE;SUDESTE;3945.992
2026-01-30 03:00:00;SE;SUDESTE;S;SUL;6202.98
2026-01-30 04:00:00;N;NORTE;NE;NORDESTE;1777.324
2026-01-30 04:00:00;N;NORTE;SE;SUDESTE;6229.058
2026-01-30 04:00:00;NE;NORDESTE;SE;SUDESTE;3874.731
2026-01-30 04:00:00;SE;SUDESTE;S;SUL;6027.658
2026-01-30 05:00:00;N;NORTE;NE;NORDESTE;1874.413
2026-01-30 05:00:00;N;NORTE;SE;SUDESTE;5993.991
2026-01-30 05:00:00;NE;NORDESTE;SE;SUDESTE;3396.227
2026-01-30 05:00:00;SE;SUDESTE;S;SUL;5012.54
2026-01-30 06:00:00;N;NORTE;NE;NORDESTE;-285.301
2026-01-30 06:00:00;N;NORTE;SE;SUDESTE;6276.958
2026-01-30 06:00:00;NE;NORDESTE;SE;SUDESTE;3125.608
2026-01-30 06:00:00;SE;SUDESTE;S;SUL;4118.072
2026-01-30 07:00:00;N;NORTE;NE;NORDESTE;-2198.148
2026-01-30 07:00:00;N;NORTE;SE;SUDESTE;6904.441
2026-01-30 07:00:00;NE;NORDESTE;SE;SUDESTE;4449.106
2026-01-30 07:00:00;SE;SUDESTE;S;SUL;4857.85499999
2026-01-30 08:00:00;N;NORTE;NE;NORDESTE;-3098.631
2026-01-30 08:00:00;N;NORTE;SE;SUDESTE;6389.726
2026-01-30 08:00:00;NE;NORDESTE;SE;SUDESTE;5300.684
2026-01-30 08:00:00;SE;SUDESTE;S;SUL;4674.233
2026-01-30 09:00:00;N;NORTE;NE;NORDESTE;-3554.784
2026-01-30 09:00:00;N;NORTE;SE;SUDESTE;5249.85
2026-01-30 09:00:00;NE;NORDESTE;SE;SUDESTE;5281.56499999
2026-01-30 09:00:00;SE;SUDESTE;S;SUL;4059.717
2026-01-30 10:00:00;N;NORTE;NE;NORDESTE;-3339.584
2026-01-30 10:00:00;N;NORTE;SE;SUDESTE;4992.837
2026-01-30 10:00:00;NE;NORDESTE;SE;SUDESTE;5121.61399999
2026-01-30 10:00:00;SE;SUDESTE;S;SUL;3625.69
2026-01-30 11:00:00;N;NORTE;NE;NORDESTE;-3528.897
2026-01-30 11:00:00;N;NORTE;SE;SUDESTE;4943.981
2026-01-30 11:00:00;NE;NORDESTE;SE;SUDESTE;4703.081
2026-01-30 11:00:00;SE;SUDESTE;S;SUL;3392.875
2026-01-30 12:00:00;N;NORTE;NE;NORDESTE;-3603.431
2026-01-30 12:00:00;N;NORTE;SE;SUDESTE;4964.99
2026-01-30 12:00:00;NE;NORDESTE;SE;SUDESTE;4725.522
2026-01-30 12:00:00;SE;SUDESTE;S;SUL;4333.003
2026-01-30 13:00:00;N;NORTE;NE;NORDESTE;-3136.579
2026-01-30 13:00:00;N;NORTE;SE;SUDESTE;4770.35499999
2026-01-30 13:00:00;NE;NORDESTE;SE;SUDESTE;4673.796
2026-01-30 13:00:00;SE;SUDESTE;S;SUL;4434.029
2026-01-30 14:00:00;N;NORTE;NE;NORDESTE;-2523.631
2026-01-30 14:00:00;N;NORTE;SE;SUDESTE;4170.457
2026-01-30 14:00:00;NE;NORDESTE;SE;SUDESTE;4305.421
2026-01-30 14:00:00;SE;SUDESTE;S;SUL;2500.49899999
2026-01-30 15:00:00;N;NORTE;NE;NORDESTE;-1693.479
2026-01-30 15:00:00;N;NORTE;SE;SUDESTE;5192.405
2026-01-30 15:00:00;NE;NORDESTE;SE;SUDESTE;4475.787
2026-01-30 15:00:00;SE;SUDESTE;S;SUL;949.309
2026-01-30 16:00:00;N;NORTE;NE;NORDESTE;-1574.807
2026-01-30 16:00:00;N;NORTE;SE;SUDESTE;5967.476
2026-01-30 16:00:00;NE;NORDESTE;SE;SUDESTE;4133.738
2026-01-30 16:00:00;SE;SUDESTE;S;SUL;933.426
2026-01-30 17:00:00;N;NORTE;NE;NORDESTE;985.137
2026-01-30 17:00:00;N;NORTE;SE;SUDESTE;7428.627
2026-01-30 17:00:00;NE;NORDESTE;SE;SUDESTE;3321.809
2026-01-30 17:00:00;SE;SUDESTE;S;SUL;1638.671
2026-01-30 18:00:00;N;NORTE;NE;NORDESTE;1982.861
2026-01-30 18:00:00;N;NORTE;SE;SUDESTE;7821.534
2026-01-30 18:00:00;NE;NORDESTE;SE;SUDESTE;3234.482
2026-01-30 18:00:00;SE;SUDESTE;S;SUL;1999.852
2026-01-30 19:00:00;N;NORTE;NE;NORDESTE;1548.715
2026-01-30 19:00:00;N;NORTE;SE;SUDESTE;7992.191
2026-01-30 19:00:00;NE;NORDESTE;SE;SUDESTE;3875.769
2026-01-30 19:00:00;SE;SUDESTE;S;SUL;2687.935
2026-01-30 20:00:00;N;NORTE;NE;NORDESTE;1319.855
2026-01-30 20:00:00;N;NORTE;SE;SUDESTE;8165.327
2026-01-30 20:00:00;NE;NORDESTE;SE;SUDESTE;4347.086
2026-01-30 20:00:00;SE;SUDESTE;S;SUL;3449.716
2026-01-30 21:00:00;N;NORTE;NE;NORDESTE;1604.354
2026-01-30 21:00:00;N;NORTE;SE;SUDESTE;7872.611
2026-01-30 21:00:00;NE;NORDESTE;SE;SUDESTE;3829.35
2026-01-30 21:00:00;SE;SUDESTE;S;SUL;3559.535
2026-01-30 22:00:00;N;NORTE;NE;NORDESTE;2034.647
2026-01-30 22:00:00;N;NORTE;SE;SUDESTE;7445.835
2026-01-30 22:00:00;NE;NORDESTE;SE;SUDESTE;3038.886
2026-01-30 22:00:00;SE;SUDESTE;S;SUL;3091.613
2026-01-30 23:00:00;N;NORTE;NE;NORDESTE;2719.311
2026-01-30 23:00:00;N;NORTE;SE;SUDESTE;7070.843
2026-01-30 23:00:00;NE;NORDESTE;SE;SUDESTE;1774.578
2026-01-30 23:00:00;SE;SUDESTE;S;SUL;2538.99699999
2026-01-31 00:00:00;N;NORTE;NE;NORDESTE;3069.905
2026-01-31 00:00:00;N;NORTE;SE;SUDESTE;6324.136
2026-01-31 00:00:00;NE;NORDESTE;SE;SUDESTE;777.387
2026-01-31 00:00:00;SE;SUDESTE;S;SUL;1766.816
2026-01-31 01:00:00;N;NORTE;NE;NORDESTE;3412.365
2026-01-31 01:00:00;N;NORTE;SE;SUDESTE;5041.493
2026-01-31 01:00:00;NE;NORDESTE;SE;SUDESTE;-263.956
2026-01-31 01:00:00;SE;SUDESTE;S;SUL;1664.461
2026-01-31 02:00:00;N;NORTE;NE;NORDESTE;3540.77
2026-01-31 02:00:00;N;NORTE;SE;SUDESTE;5235.09599999
2026-01-31 02:00:00;NE;NORDESTE;SE;SUDESTE;-180.317
2026-01-31 02:00:00;SE;SUDESTE;S;SUL;3019.35
2026-01-31 03:00:00;N;NORTE;NE;NORDESTE;3540.349
2026-01-31 03:00:00;N;NORTE;SE;SUDESTE;4155.403
2026-01-31 03:00:00;NE;NORDESTE;SE;SUDESTE;15.272
2026-01-31 03:00:00;SE;SUDESTE;S;SUL;3488.703
2026-01-31 04:00:00;N;NORTE;NE;NORDESTE;3178.412
2026-01-31 04:00:00;N;NORTE;SE;SUDESTE;3483.723
2026-01-31 04:00:00;NE;NORDESTE;SE;SUDESTE;308.452
2026-01-31 04:00:00;SE;SUDESTE;S;SUL;3295.174
2026-01-31 05:00:00;N;NORTE;NE;NORDESTE;2921.025
2026-01-31 05:00:00;N;NORTE;SE;SUDESTE;2400.406
2026-01-31 05:00:00;NE;NORDESTE;SE;SUDESTE;769.197
2026-01-31 05:00:00;SE;SUDESTE;S;SUL;2957.427
2026-01-31 06:00:00;N;NORTE;NE;NORDESTE;1623.638
2026-01-31 06:00:00;N;NORTE;SE;SUDESTE;2382.556
2026-01-31 06:00:00;NE;NORDESTE;SE;SUDESTE;2520.60399999
2026-01-31 06:00:00;SE;SUDESTE;S;SUL;3595.522
2026-01-31 07:00:00;N;NORTE;NE;NORDESTE;-1980.504
2026-01-31 07:00:00;N;NORTE;SE;SUDESTE;4121.796
2026-01-31 07:00:00;NE;NORDESTE;SE;SUDESTE;4600.21699999
2026-01-31 07:00:00;SE;SUDESTE;S;SUL;4865.712
2026-01-31 08:00:00;N;NORTE;NE;NORDESTE;-3567.961
2026-01-31 08:00:00;N;NORTE;SE;SUDESTE;4673.292
2026-01-31 08:00:00;NE;NORDESTE;SE;SUDESTE;5596.196
2026-01-31 08:00:00;SE;SUDESTE;S;SUL;5569.494
2026-01-31 09:00:00;N;NORTE;NE;NORDESTE;-3423.035
2026-01-31 09:00:00;N;NORTE;SE;SUDESTE;4314.548
2026-01-31 09:00:00;NE;NORDESTE;SE;SUDESTE;4956.93
2026-01-31 09:00:00;SE;SUDESTE;S;SUL;4711.81099999
2026-01-31 10:00:00;N;NORTE;NE;NORDESTE;-2924.608
2026-01-31 10:00:00;N;NORTE;SE;SUDESTE;4010.591
2026-01-31 10:00:00;NE;NORDESTE;SE;SUDESTE;4007.363
2026-01-31 10:00:00;SE;SUDESTE;S;SUL;4258.579
2026-01-31 11:00:00;N;NORTE;NE;NORDESTE;-2416.875
2026-01-31 11:00:00;N;NORTE;SE;SUDESTE;3845.863
2026-01-31 11:00:00;NE;NORDESTE;SE;SUDESTE;3557.553
2026-01-31 11:00:00;SE;SUDESTE;S;SUL;4420.339
2026-01-31 12:00:00;N;NORTE;NE;NORDESTE;-2650.701
2026-01-31 12:00:00;N;NORTE;SE;SUDESTE;4079.613
2026-01-31 12:00:00;NE;NORDESTE;SE;SUDESTE;3612.726
2026-01-31 12:00:00;SE;SUDESTE;S;SUL;4326.129
2026-01-31 13:00:00;N;NORTE;NE;NORDESTE;-2857.512
2026-01-31 13:00:00;N;NORTE;SE;SUDESTE;4196.69899999
2026-01-31 13:00:00;NE;NORDESTE;SE;SUDESTE;3710.021
2026-01-31 13:00:00;SE;SUDESTE;S;SUL;4536.35499999
2026-01-31 14:00:00;N;NORTE;NE;NORDESTE;-2677.021
2026-01-31 14:00:00;N;NORTE;SE;SUDESTE;3904.177
2026-01-31 14:00:00;NE;NORDESTE;SE;SUDESTE;3132.484
2026-01-31 14:00:00;SE;SUDESTE;S;SUL;4765.98899999
2026-01-31 15:00:00;N;NORTE;NE;NORDESTE;-2008.377
2026-01-31 15:00:00;N;NORTE;SE;SUDESTE;4342.184
2026-01-31 15:00:00;NE;NORDESTE;SE;SUDESTE;3179.253
2026-01-31 15:00:00;SE;SUDESTE;S;SUL;5243.322
2026-01-31 16:00:00;N;NORTE;NE;NORDESTE;-1284.66799999
2026-01-31 16:00:00;N;NORTE;SE;SUDESTE;5616.058
2026-01-31 16:00:00;NE;NORDESTE;SE;SUDESTE;3654.615
2026-01-31 16:00:00;SE;SUDESTE;S;SUL;4811.206
2026-01-31 17:00:00;N;NORTE;NE;NORDESTE;-457.268
2026-01-31 17:00:00;N;NORTE;SE;SUDESTE;7368.487
2026-01-31 17:00:00;NE;NORDESTE;SE;SUDESTE;3147.686
2026-01-31 17:00:00;SE;SUDESTE;S;SUL;5621.125
2026-01-31 18:00:00;N;NORTE;NE;NORDESTE;-338.236
2026-01-31 18:00:00;N;NORTE;SE;SUDESTE;7924.872
2026-01-31 18:00:00;NE;NORDESTE;SE;SUDESTE;3812.396
2026-01-31 18:00:00;SE;SUDESTE;S;SUL;6259.383
2026-01-31 19:00:00;N;NORTE;NE;NORDESTE;-328.77999999
2026-01-31 19:00:00;N;NORTE;SE;SUDESTE;8497.06699999
2026-01-31 19:00:00;NE;NORDESTE;SE;SUDESTE;3826.525
2026-01-31 19:00:00;SE;SUDESTE;S;SUL;4586.059
2026-01-31 20:00:00;N;NORTE;NE;NORDESTE;-538.73299999
2026-01-31 20:00:00;N;NORTE;SE;SUDESTE;8226.953
2026-01-31 20:00:00;NE;NORDESTE;SE;SUDESTE;3333.624
2026-01-31 20:00:00;SE;SUDESTE;S;SUL;4113.46
2026-01-31 21:00:00;N;NORTE;NE;NORDESTE;-839.466
2026-01-31 21:00:00;N;NORTE;SE;SUDESTE;7692.267
2026-01-31 21:00:00;NE;NORDESTE;SE;SUDESTE;2955.892
2026-01-31 21:00:00;SE;SUDESTE;S;SUL;4514.599
2026-01-31 22:00:00;N;NORTE;NE;NORDESTE;-212.883
2026-01-31 22:00:00;N;NORTE;SE;SUDESTE;8111.241
2026-01-31 22:00:00;NE;NORDESTE;SE;SUDESTE;2950.289
2026-01-31 22:00:00;SE;SUDESTE;S;SUL;5289.152
2026-01-31 23:00:00;N;NORTE;NE;NORDESTE;-64.71299999
2026-01-31 23:00:00;N;NORTE;SE;SUDESTE;8141.705
2026-01-31 23:00:00;NE;NORDESTE;SE;SUDESTE;2770.908
2026-01-31 23:00:00;SE;SUDESTE;S;SUL;5462.207
2026-02-01 00:00:00;N;NORTE;NE;NORDESTE;192.342
2026-02-01 00:00:00;N;NORTE;SE;SUDESTE;7839.9
2026-02-01 00:00:00;NE;NORDESTE;SE;SUDESTE;2233.458
2026-02-01 00:00:00;SE;SUDESTE;S;SUL;4304.261
2026-02-01 01:00:00;N;NORTE;NE;NORDESTE;231.143
2026-02-01 01:00:00;N;NORTE;SE;SUDESTE;7576.899
2026-02-01 01:00:00;NE;NORDESTE;SE;SUDESTE;1588.647
2026-02-01 01:00:00;SE;SUDESTE;S;SUL;2906.172
2026-02-01 02:00:00;N;NORTE;NE;NORDESTE;-258.52999999
2026-02-01 02:00:00;N;NORTE;SE;SUDESTE;7563.909
2026-02-01 02:00:00;NE;NORDESTE;SE;SUDESTE;1771.258
2026-02-01 02:00:00;SE;SUDESTE;S;SUL;2669.34299999
2026-02-01 03:00:00;N;NORTE;NE;NORDESTE;-606.599
2026-02-01 03:00:00;N;NORTE;SE;SUDESTE;6920.441
2026-02-01 03:00:00;NE;NORDESTE;SE;SUDESTE;1600.96
2026-02-01 03:00:00;SE;SUDESTE;S;SUL;2488.58399999
2026-02-01 04:00:00;N;NORTE;NE;NORDESTE;-84.897
2026-02-01 04:00:00;N;NORTE;SE;SUDESTE;6492.316
2026-02-01 04:00:00;NE;NORDESTE;SE;SUDESTE;672.45899999
2026-02-01 04:00:00;SE;SUDESTE;S;SUL;1820.755
2026-02-01 05:00:00;N;NORTE;NE;NORDESTE;-222.245
2026-02-01 05:00:00;N;NORTE;SE;SUDESTE;6470.353
2026-02-01 05:00:00;NE;NORDESTE;SE;SUDESTE;565.1
2026-02-01 05:00:00;SE;SUDESTE;S;SUL;1458.399
2026-02-01 06:00:00;N;NORTE;NE;NORDESTE;-1973.139
2026-02-01 06:00:00;N;NORTE;SE;SUDESTE;6043.249
2026-02-01 06:00:00;NE;NORDESTE;SE;SUDESTE;1609.314
2026-02-01 06:00:00;SE;SUDESTE;S;SUL;2273.791
2026-02-01 07:00:00;N;NORTE;NE;NORDESTE;-2465.983
2026-02-01 07:00:00;N;NORTE;SE;SUDESTE;5581.477
2026-02-01 07:00:00;NE;NORDESTE;SE;SUDESTE;3549.479
2026-02-01 07:00:00;SE;SUDESTE;S;SUL;5136.128
2026-02-01 08:00:00;N;NORTE;NE;NORDESTE;-2793.348
2026-02-01 08:00:00;N;NORTE;SE;SUDESTE;4222.289
2026-02-01 08:00:00;NE;NORDESTE;SE;SUDESTE;3569.071
2026-02-01 08:00:00;SE;SUDESTE;S;SUL;4338.616
2026-02-01 09:00:00;N;NORTE;NE;NORDESTE;-2528.129
2026-02-01 09:00:00;N;NORTE;SE;SUDESTE;3965.159
2026-02-01 09:00:00;NE;NORDESTE;SE;SUDESTE;2612.166
2026-02-01 09:00:00;SE;SUDESTE;S;SUL;4083.835
2026-02-01 10:00:00;N;NORTE;NE;NORDESTE;-2234.527
2026-02-01 10:00:00;N;NORTE;SE;SUDESTE;4053.829
2026-02-01 10:00:00;NE;NORDESTE;SE;SUDESTE;2563.377
2026-02-01 10:00:00;SE;SUDESTE;S;SUL;3973.205
2026-02-01 11:00:00;N;NORTE;NE;NORDESTE;-2358.577
2026-02-01 11:00:00;N;NORTE;SE;SUDESTE;4164.42
2026-02-01 11:00:00;NE;NORDESTE;SE;SUDESTE;2603.292
2026-02-01 11:00:00;SE;SUDESTE;S;SUL;4108.265
2026-02-01 12:00:00;N;NORTE;NE;NORDESTE;-2425.61499999
2026-02-01 12:00:00;N;NORTE;SE;SUDESTE;4258.644
2026-02-01 12:00:00;NE;NORDESTE;SE;SUDESTE;2871.276
2026-02-01 12:00:00;SE;SUDESTE;S;SUL;4201.899
2026-02-01 13:00:00;N;NORTE;NE;NORDESTE;-2746.829
2026-02-01 13:00:00;N;NORTE;SE;SUDESTE;4298.09199999
2026-02-01 13:00:00;NE;NORDESTE;SE;SUDESTE;3031.87
2026-02-01 13:00:00;SE;SUDESTE;S;SUL;4712.66
2026-02-01 14:00:00;N;NORTE;NE;NORDESTE;-2955.769
2026-02-01 14:00:00;N;NORTE;SE;SUDESTE;4283.829
2026-02-01 14:00:00;NE;NORDESTE;SE;SUDESTE;3199.203
2026-02-01 14:00:00;SE;SUDESTE;S;SUL;5169.679
2026-02-01 15:00:00;N;NORTE;NE;NORDESTE;-2313.112
2026-02-01 15:00:00;N;NORTE;SE;SUDESTE;4520.438
2026-02-01 15:00:00;NE;NORDESTE;SE;SUDESTE;2894.814
2026-02-01 15:00:00;SE;SUDESTE;S;SUL;4466.982
2026-02-01 16:00:00;N;NORTE;NE;NORDESTE;-1510.622
2026-02-01 16:00:00;N;NORTE;SE;SUDESTE;4577.579
2026-02-01 16:00:00;NE;NORDESTE;SE;SUDESTE;1816.908
2026-02-01 16:00:00;SE;SUDESTE;S;SUL;3978.125
2026-02-01 17:00:00;N;NORTE;NE;NORDESTE;-1404.418
2026-02-01 17:00:00;N;NORTE;SE;SUDESTE;4558.907
2026-02-01 17:00:00;NE;NORDESTE;SE;SUDESTE;2441.563
2026-02-01 17:00:00;SE;SUDESTE;S;SUL;3127.936
2026-02-01 18:00:00;N;NORTE;NE;NORDESTE;-881.643
2026-02-01 18:00:00;N;NORTE;SE;SUDESTE;5751.791
2026-02-01 18:00:00;NE;NORDESTE;SE;SUDESTE;2407.913
2026-02-01 18:00:00;SE;SUDESTE;S;SUL;1329.275
2026-02-01 19:00:00;N;NORTE;NE;NORDESTE;-754.214
2026-02-01 19:00:00;N;NORTE;SE;SUDESTE;7111.466
2026-02-01 19:00:00;NE;NORDESTE;SE;SUDESTE;2296.369
2026-02-01 19:00:00;SE;SUDESTE;S;SUL;1528.005
2026-02-01 20:00:00;N;NORTE;NE;NORDESTE;-928.5
2026-02-01 20:00:00;N;NORTE;SE;SUDESTE;7529.805
2026-02-01 20:00:00;NE;NORDESTE;SE;SUDESTE;2316.58599999
2026-02-01 20:00:00;SE;SUDESTE;S;SUL;2165.61499999
2026-02-01 21:00:00;N;NORTE;NE;NORDESTE;-733.575
2026-02-01 21:00:00;N;NORTE;SE;SUDESTE;7301.457
2026-02-01 21:00:00;NE;NORDESTE;SE;SUDESTE;1582.756
2026-02-01 21:00:00;SE;SUDESTE;S;SUL;2203.376
2026-02-01 22:00:00;N;NORTE;NE;NORDESTE;-583.72299999
2026-02-01 22:00:00;N;NORTE;SE;SUDESTE;7073.622
2026-02-01 22:00:00;NE;NORDESTE;SE;SUDESTE;1316.08999999
2026-02-01 22:00:00;SE;SUDESTE;S;SUL;1939.464
2026-02-01 23:00:00;N;NORTE;NE;NORDESTE;-265.076
2026-02-01 23:00:00;N;NORTE;SE;SUDESTE;6772.895
2026-02-01 23:00:00;NE;NORDESTE;SE;SUDESTE;1545.029
2026-02-01 23:00:00;SE;SUDESTE;S;SUL;2542.573
2026-02-02 00:00:00;N;NORTE;NE;NORDESTE;689.5
2026-02-02 00:00:00;N;NORTE;SE;SUDESTE;6694.039
2026-02-02 00:00:00;NE;NORDESTE;SE;SUDESTE;1783.561
2026-02-02 00:00:00;SE;SUDESTE;S;SUL;3557.401
2026-02-02 01:00:00;N;NORTE;NE;NORDESTE;1609.77
2026-02-02 01:00:00;N;NORTE;SE;SUDESTE;6380.954
2026-02-02 01:00:00;NE;NORDESTE;SE;SUDESTE;1721.63
2026-02-02 01:00:00;SE;SUDESTE;S;SUL;3622.678
2026-02-02 02:00:00;N;NORTE;NE;NORDESTE;1749.026
2026-02-02 02:00:00;N;NORTE;SE;SUDESTE;6396.237
2026-02-02 02:00:00;NE;NORDESTE;SE;SUDESTE;2406.044
2026-02-02 02:00:00;SE;SUDESTE;S;SUL;4783.841
2026-02-02 03:00:00;N;NORTE;NE;NORDESTE;1936.219
2026-02-02 03:00:00;N;NORTE;SE;SUDESTE;6827.059
2026-02-02 03:00:00;NE;NORDESTE;SE;SUDESTE;3047.059
2026-02-02 03:00:00;SE;SUDESTE;S;SUL;5185.405
2026-02-02 04:00:00;N;NORTE;NE;NORDESTE;2517.074
2026-02-02 04:00:00;N;NORTE;SE;SUDESTE;7078.336
2026-02-02 04:00:00;NE;NORDESTE;SE;SUDESTE;3088.945
2026-02-02 04:00:00;SE;SUDESTE;S;SUL;5096.511
2026-02-02 05:00:00;N;NORTE;NE;NORDESTE;2781.085
2026-02-02 05:00:00;N;NORTE;SE;SUDESTE;6933.725
2026-02-02 05:00:00;NE;NORDESTE;SE;SUDESTE;2716.824
2026-02-02 05:00:00;SE;SUDESTE;S;SUL;3811.992
2026-02-02 06:00:00;N;NORTE;NE;NORDESTE;1334.982
2026-02-02 06:00:00;N;NORTE;SE;SUDESTE;7233.9
2026-02-02 06:00:00;NE;NORDESTE;SE;SUDESTE;4002.067
2026-02-02 06:00:00;SE;SUDESTE;S;SUL;3616.847
2026-02-02 07:00:00;N;NORTE;NE;NORDESTE;-1576.386
2026-02-02 07:00:00;N;NORTE;SE;SUDESTE;7988.214
2026-02-02 07:00:00;NE;NORDESTE;SE;SUDESTE;6272.24
2026-02-02 07:00:00;SE;SUDESTE;S;SUL;5095.59
2026-02-02 08:00:00;N;NORTE;NE;NORDESTE;-3702.758
2026-02-02 08:00:00;N;NORTE;SE;SUDESTE;6678.315
2026-02-02 08:00:00;NE;NORDESTE;SE;SUDESTE;5995.779
2026-02-02 08:00:00;SE;SUDESTE;S;SUL;5235.039
2026-02-02 09:00:00;N;NORTE;NE;NORDESTE;-3395.633
2026-02-02 09:00:00;N;NORTE;SE;SUDESTE;5298.515
2026-02-02 09:00:00;NE;NORDESTE;SE;SUDESTE;4544.081
2026-02-02 09:00:00;SE;SUDESTE;S;SUL;4371.291
2026-02-02 10:00:00;N;NORTE;NE;NORDESTE;-2919.782
2026-02-02 10:00:00;N;NORTE;SE;SUDESTE;5134.616
2026-02-02 10:00:00;NE;NORDESTE;SE;SUDESTE;4004.617
2026-02-02 10:00:00;SE;SUDESTE;S;SUL;3684.54
2026-02-02 11:00:00;N;NORTE;NE;NORDESTE;-2822.503
2026-02-02 11:00:00;N;NORTE;SE;SUDESTE;5061.02499999
2026-02-02 11:00:00;NE;NORDESTE;SE;SUDESTE;3599.348
2026-02-02 11:00:00;SE;SUDESTE;S;SUL;3575.01
2026-02-02 12:00:00;N;NORTE;NE;NORDESTE;-3109.441
2026-02-02 12:00:00;N;NORTE;SE;SUDESTE;4887.202
2026-02-02 12:00:00;NE;NORDESTE;SE;SUDESTE;3407.757
2026-02-02 12:00:00;SE;SUDESTE;S;SUL;3686.374
2026-02-02 13:00:00;N;NORTE;NE;NORDESTE;-3188.58
2026-02-02 13:00:00;N;NORTE;SE;SUDESTE;5250.318
2026-02-02 13:00:00;NE;NORDESTE;SE;SUDESTE;3703.385
2026-02-02 13:00:00;SE;SUDESTE;S;SUL;4593.193
2026-02-02 14:00:00;N;NORTE;NE;NORDESTE;-2845.607
2026-02-02 14:00:00;N;NORTE;SE;SUDESTE;6842.333
2026-02-02 14:00:00;NE;NORDESTE;SE;SUDESTE;4105.18099999
2026-02-02 14:00:00;SE;SUDESTE;S;SUL;5293.377
2026-02-02 15:00:00;N;NORTE;NE;NORDESTE;-1579.998
2026-02-02 15:00:00;N;NORTE;SE;SUDESTE;7433.258
2026-02-02 15:00:00;NE;NORDESTE;SE;SUDESTE;4052.975
2026-02-02 15:00:00;SE;SUDESTE;S;SUL;4698.962
2026-02-02 16:00:00;N;NORTE;NE;NORDESTE;-26.868
2026-02-02 16:00:00;N;NORTE;SE;SUDESTE;7578.05
2026-02-02 16:00:00;NE;NORDESTE;SE;SUDESTE;3589.947
2026-02-02 16:00:00;SE;SUDESTE;S;SUL;4669.227
2026-02-02 17:00:00;N;NORTE;NE;NORDESTE;1128.455
2026-02-02 17:00:00;N;NORTE;SE;SUDESTE;7308.648
2026-02-02 17:00:00;NE;NORDESTE;SE;SUDESTE;2929.434
2026-02-02 17:00:00;SE;SUDESTE;S;SUL;4408.751
2026-02-02 18:00:00;N;NORTE;NE;NORDESTE;1387.934
2026-02-02 18:00:00;N;NORTE;SE;SUDESTE;7726.948
2026-02-02 18:00:00;NE;NORDESTE;SE;SUDESTE;3694.092
2026-02-02 18:00:00;SE;SUDESTE;S;SUL;4580.546
2026-02-02 19:00:00;N;NORTE;NE;NORDESTE;598.989
2026-02-02 19:00:00;N;NORTE;SE;SUDESTE;8896.982
2026-02-02 19:00:00;NE;NORDESTE;SE;SUDESTE;3972.622
2026-02-02 19:00:00;SE;SUDESTE;S;SUL;5042.60499999
2026-02-02 20:00:00;N;NORTE;NE;NORDESTE;713.268
2026-02-02 20:00:00;N;NORTE;SE;SUDESTE;8608.669
2026-02-02 20:00:00;NE;NORDESTE;SE;SUDESTE;4142.046
2026-02-02 20:00:00;SE;SUDESTE;S;SUL;5354.153
2026-02-02 21:00:00;N;NORTE;NE;NORDESTE;961.037
2026-02-02 21:00:00;N;NORTE;SE;SUDESTE;8160.148
2026-02-02 21:00:00;NE;NORDESTE;SE;SUDESTE;3516.98
2026-02-02 21:00:00;SE;SUDESTE;S;SUL;5176.165
2026-02-02 22:00:00;N;NORTE;NE;NORDESTE;1045.093
2026-02-02 22:00:00;N;NORTE;SE;SUDESTE;7407.54
2026-02-02 22:00:00;NE;NORDESTE;SE;SUDESTE;3108.815
2026-02-02 22:00:00;SE;SUDESTE;S;SUL;5206.51
2026-02-02 23:00:00;N;NORTE;NE;NORDESTE;2038.405
2026-02-02 23:00:00;N;NORTE;SE;SUDESTE;5878.038
2026-02-02 23:00:00;NE;NORDESTE;SE;SUDESTE;1320.036
2026-02-02 23:00:00;SE;SUDESTE;S;SUL;4654.365
2026-02-03 00:00:00;N;NORTE;NE;NORDESTE;2748.693
2026-02-03 00:00:00;N;NORTE;SE;SUDESTE;5553.068
2026-02-03 00:00:00;NE;NORDESTE;SE;SUDESTE;-44.483
2026-02-03 00:00:00;SE;SUDESTE;S;SUL;2944.973
2026-02-03 01:00:00;N;NORTE;NE;NORDESTE;3266.154
2026-02-03 01:00:00;N;NORTE;SE;SUDESTE;5502.523
2026-02-03 01:00:00;NE;NORDESTE;SE;SUDESTE;-276.281
2026-02-03 01:00:00;SE;SUDESTE;S;SUL;3946.195
2026-02-03 02:00:00;N;NORTE;NE;NORDESTE;3546.362
2026-02-03 02:00:00;N;NORTE;SE;SUDESTE;5455.844
2026-02-03 02:00:00;NE;NORDESTE;SE;SUDESTE;-816.854
2026-02-03 02:00:00;SE;SUDESTE;S;SUL;4157.575
2026-02-03 03:00:00;N;NORTE;NE;NORDESTE;3716.348
2026-02-03 03:00:00;N;NORTE;SE;SUDESTE;5437.113
2026-02-03 03:00:00;NE;NORDESTE;SE;SUDESTE;-1227.77
2026-02-03 03:00:00;SE;SUDESTE;S;SUL;3848.147
2026-02-03 04:00:00;N;NORTE;NE;NORDESTE;3848.244
2026-02-03 04:00:00;N;NORTE;SE;SUDESTE;5402.519
2026-02-03 04:00:00;NE;NORDESTE;SE;SUDESTE;-1541.501
2026-02-03 04:00:00;SE;SUDESTE;S;SUL;3678.022
2026-02-03 05:00:00;N;NORTE;NE;NORDESTE;3859.959
2026-02-03 05:00:00;N;NORTE;SE;SUDESTE;5498.639
2026-02-03 05:00:00;NE;NORDESTE;SE;SUDESTE;-1872.032
2026-02-03 05:00:00;SE;SUDESTE;S;SUL;2392.339
2026-02-03 06:00:00;N;NORTE;NE;NORDESTE;2874.221
2026-02-03 06:00:00;N;NORTE;SE;SUDESTE;6546.589
2026-02-03 06:00:00;NE;NORDESTE;SE;SUDESTE;-421.033
2026-02-03 06:00:00;SE;SUDESTE;S;SUL;2055.494
2026-02-03 07:00:00;N;NORTE;NE;NORDESTE;1614.789
2026-02-03 07:00:00;N;NORTE;SE;SUDESTE;7997.722
2026-02-03 07:00:00;NE;NORDESTE;SE;SUDESTE;2280.256
2026-02-03 07:00:00;SE;SUDESTE;S;SUL;4733.95799999
2026-02-03 08:00:00;N;NORTE;NE;NORDESTE;1122.093
2026-02-03 08:00:00;N;NORTE;SE;SUDESTE;8357.6
2026-02-03 08:00:00;NE;NORDESTE;SE;SUDESTE;2870.432
2026-02-03 08:00:00;SE;SUDESTE;S;SUL;5077.216
2026-02-03 09:00:00;N;NORTE;NE;NORDESTE;378.226
2026-02-03 09:00:00;N;NORTE;SE;SUDESTE;8723.843
2026-02-03 09:00:00;NE;NORDESTE;SE;SUDESTE;3744.14
2026-02-03 09:00:00;SE;SUDESTE;S;SUL;5122.35099999
2026-02-03 10:00:00;N;NORTE;NE;NORDESTE;-187.144
2026-02-03 10:00:00;N;NORTE;SE;SUDESTE;8179.542
2026-02-03 10:00:00;NE;NORDESTE;SE;SUDESTE;4348.414
2026-02-03 10:00:00;SE;SUDESTE;S;SUL;5128.488
2026-02-03 11:00:00;N;NORTE;NE;NORDESTE;-907.532
2026-02-03 11:00:00;N;NORTE;SE;SUDESTE;6395.144
2026-02-03 11:00:00;NE;NORDESTE;SE;SUDESTE;4553.477
2026-02-03 11:00:00;SE;SUDESTE;S;SUL;4522.33299999
2026-02-03 12:00:00;N;NORTE;NE;NORDESTE;-1513.807
2026-02-03 12:00:00;N;NORTE;SE;SUDESTE;6331.583
2026-02-03 12:00:00;NE;NORDESTE;SE;SUDESTE;4876.899
2026-02-03 12:00:00;SE;SUDESTE;S;SUL;5236.943
2026-02-03 13:00:00;N;NORTE;NE;NORDESTE;-1331.018
2026-02-03 13:00:00;N;NORTE;SE;SUDESTE;6948.635
2026-02-03 13:00:00;NE;NORDESTE;SE;SUDESTE;4471.091
2026-02-03 13:00:00;SE;SUDESTE;S;SUL;4806.121
2026-02-03 14:00:00;N;NORTE;NE;NORDESTE;-1388.513
2026-02-03 14:00:00;N;NORTE;SE;SUDESTE;7140.783
2026-02-03 14:00:00;NE;NORDESTE;SE;SUDESTE;3937.625
2026-02-03 14:00:00;SE;SUDESTE;S;SUL;3402.012
2026-02-03 15:00:00;N;NORTE;NE;NORDESTE;-420.624
2026-02-03 15:00:00;N;NORTE;SE;SUDESTE;7488.777
2026-02-03 15:00:00;NE;NORDESTE;SE;SUDESTE;3706.496
2026-02-03 15:00:00;SE;SUDESTE;S;SUL;3181.225
2026-02-03 16:00:00;N;NORTE;NE;NORDESTE;1343.89
2026-02-03 16:00:00;N;NORTE;SE;SUDESTE;7591.133
2026-02-03 16:00:00;NE;NORDESTE;SE;SUDESTE;3160.869
2026-02-03 16:00:00;SE;SUDESTE;S;SUL;3894.194
2026-02-03 17:00:00;N;NORTE;NE;NORDESTE;2436.492
2026-02-03 17:00:00;N;NORTE;SE;SUDESTE;6959.756
2026-02-03 17:00:00;NE;NORDESTE;SE;SUDESTE;1442.41
2026-02-03 17:00:00;SE;SUDESTE;S;SUL;3731.157
2026-02-03 18:00:00;N;NORTE;NE;NORDESTE;2650.931
2026-02-03 18:00:00;N;NORTE;SE;SUDESTE;6860.389
2026-02-03 18:00:00;NE;NORDESTE;SE;SUDESTE;1535.681
2026-02-03 18:00:00;SE;SUDESTE;S;SUL;2911.848
2026-02-03 19:00:00;N;NORTE;NE;NORDESTE;2467.204
2026-02-03 19:00:00;N;NORTE;SE;SUDESTE;6855.47
2026-02-03 19:00:00;NE;NORDESTE;SE;SUDESTE;1306.065
2026-02-03 19:00:00;SE;SUDESTE;S;SUL;2381.214
2026-02-03 20:00:00;N;NORTE;NE;NORDESTE;2501.189
2026-02-03 20:00:00;N;NORTE;SE;SUDESTE;6692.697
2026-02-03 20:00:00;NE;NORDESTE;SE;SUDESTE;1198.125
2026-02-03 20:00:00;SE;SUDESTE;S;SUL;2988.126
2026-02-03 21:00:00;N;NORTE;NE;NORDESTE;2745.353
2026-02-03 21:00:00;N;NORTE;SE;SUDESTE;6274.859
2026-02-03 21:00:00;NE;NORDESTE;SE;SUDESTE;661.643
2026-02-03 21:00:00;SE;SUDESTE;S;SUL;3409.157
2026-02-03 22:00:00;N;NORTE;NE;NORDESTE;2947.618
2026-02-03 22:00:00;N;NORTE;SE;SUDESTE;5815.89
2026-02-03 22:00:00;NE;NORDESTE;SE;SUDESTE;-142.83099999
2026-02-03 22:00:00;SE;SUDESTE;S;SUL;3063.118
2026-02-03 23:00:00;N;NORTE;NE;NORDESTE;3252.808
2026-02-03 23:00:00;N;NORTE;SE;SUDESTE;5325.29699999
2026-02-03 23:00:00;NE;NORDESTE;SE;SUDESTE;-1279.9
2026-02-03 23:00:00;SE;SUDESTE;S;SUL;2257.63299999
2026-02-04 00:00:00;N;NORTE;NE;NORDESTE;3492.252
2026-02-04 00:00:00;N;NORTE;SE;SUDESTE;5215.576
2026-02-04 00:00:00;NE;NORDESTE;SE;SUDESTE;-1552.882
2026-02-04 00:00:00;SE;SUDESTE;S;SUL;2803.402
2026-02-04 01:00:00;N;NORTE;NE;NORDESTE;3595.194
2026-02-04 01:00:00;N;NORTE;SE;SUDESTE;5081.68999999
2026-02-04 01:00:00;NE;NORDESTE;SE;SUDESTE;-1916.123
2026-02-04 01:00:00;SE;SUDESTE;S;SUL;3104.189
2026-02-04 02:00:00;N;NORTE;NE;NORDESTE;3581.049
2026-02-04 02:00:00;N;NORTE;SE;SUDESTE;5046.387
2026-02-04 02:00:00;NE;NORDESTE;SE;SUDESTE;-1668.101
2026-02-04 02:00:00;SE;SUDESTE;S;SUL;4018.334
2026-02-04 03:00:00;N;NORTE;NE;NORDESTE;3615.996
2026-02-04 03:00:00;N;NORTE;SE;SUDESTE;5094.033
2026-02-04 03:00:00;NE;NORDESTE;SE;SUDESTE;-1622.866
2026-02-04 03:00:00;SE;SUDESTE;S;SUL;4250.224
2026-02-04 04:00:00;N;NORTE;NE;NORDESTE;3550.073
2026-02-04 04:00:00;N;NORTE;SE;SUDESTE;5209.779
2026-02-04 04:00:00;NE;NORDESTE;SE;SUDESTE;-1449.475
2026-02-04 04:00:00;SE;SUDESTE;S;SUL;3612.255
2026-02-04 05:00:00;N;NORTE;NE;NORDESTE;3521.222
2026-02-04 05:00:00;N;NORTE;SE;SUDESTE;5308.867
2026-02-04 05:00:00;NE;NORDESTE;SE;SUDESTE;-1160.113
2026-02-04 05:00:00;SE;SUDESTE;S;SUL;2818.023
2026-02-04 06:00:00;N;NORTE;NE;NORDESTE;2666.764
2026-02-04 06:00:00;N;NORTE;SE;SUDESTE;6261.642
2026-02-04 06:00:00;NE;NORDESTE;SE;SUDESTE;457.255
2026-02-04 06:00:00;SE;SUDESTE;S;SUL;3180.491
2026-02-04 07:00:00;N;NORTE;NE;NORDESTE;587.128
2026-02-04 07:00:00;N;NORTE;SE;SUDESTE;7833.618
2026-02-04 07:00:00;NE;NORDESTE;SE;SUDESTE;3551.525
2026-02-04 07:00:00;SE;SUDESTE;S;SUL;4590.367
2026-02-04 08:00:00;N;NORTE;NE;NORDESTE;4.856
2026-02-04 08:00:00;N;NORTE;SE;SUDESTE;7830.302
2026-02-04 08:00:00;NE;NORDESTE;SE;SUDESTE;4965.384
2026-02-04 08:00:00;SE;SUDESTE;S;SUL;4764.318
2026-02-04 09:00:00;N;NORTE;NE;NORDESTE;-107.822
2026-02-04 09:00:00;N;NORTE;SE;SUDESTE;7089.228
2026-02-04 09:00:00;NE;NORDESTE;SE;SUDESTE;4870.009
2026-02-04 09:00:00;SE;SUDESTE;S;SUL;4949.175
2026-02-04 10:00:00;N;NORTE;NE;NORDESTE;-500.714
2026-02-04 10:00:00;N;NORTE;SE;SUDESTE;6582.888
2026-02-04 10:00:00;NE;NORDESTE;SE;SUDESTE;4185.194
2026-02-04 10:00:00;SE;SUDESTE;S;SUL;5219.883
2026-02-04 11:00:00;N;NORTE;NE;NORDESTE;-1283.26
2026-02-04 11:00:00;N;NORTE;SE;SUDESTE;6270.087
2026-02-04 11:00:00;NE;NORDESTE;SE;SUDESTE;4024.276
2026-02-04 11:00:00;SE;SUDESTE;S;SUL;4864.753
2026-02-04 12:00:00;N;NORTE;NE;NORDESTE;-2055.216
2026-02-04 12:00:00;N;NORTE;SE;SUDESTE;5645.729
2026-02-04 12:00:00;NE;NORDESTE;SE;SUDESTE;3822.53
2026-02-04 12:00:00;SE;SUDESTE;S;SUL;4276.969
2026-02-04 13:00:00;N;NORTE;NE;NORDESTE;-1384.178
2026-02-04 13:00:00;N;NORTE;SE;SUDESTE;5523.825
2026-02-04 13:00:00;NE;NORDESTE;SE;SUDESTE;2836.944
2026-02-04 13:00:00;SE;SUDESTE;S;SUL;3765.027
2026-02-04 14:00:00;N;NORTE;NE;NORDESTE;-118.649
2026-02-04 14:00:00;N;NORTE;SE;SUDESTE;5520.748
2026-02-04 14:00:00;NE;NORDESTE;SE;SUDESTE;2119.568
2026-02-04 14:00:00;SE;SUDESTE;S;SUL;3796.622
2026-02-04 15:00:00;N;NORTE;NE;NORDESTE;1707.015
2026-02-04 15:00:00;N;NORTE;SE;SUDESTE;6365.127
2026-02-04 15:00:00;NE;NORDESTE;SE;SUDESTE;1930.089
2026-02-04 15:00:00;SE;SUDESTE;S;SUL;3156.601
2026-02-04 16:00:00;N;NORTE;NE;NORDESTE;2548.027
2026-02-04 16:00:00;N;NORTE;SE;SUDESTE;6453.905
2026-02-04 16:00:00;NE;NORDESTE;SE;SUDESTE;1290.462
2026-02-04 16:00:00;SE;SUDESTE;S;SUL;3735.859
2026-02-04 17:00:00;N;NORTE;NE;NORDESTE;3377.775
2026-02-04 17:00:00;N;NORTE;SE;SUDESTE;5921.057
2026-02-04 17:00:00;NE;NORDESTE;SE;SUDESTE;354.556
2026-02-04 17:00:00;SE;SUDESTE;S;SUL;3072.719
2026-02-04 18:00:00;N;NORTE;NE;NORDESTE;3699.194
2026-02-04 18:00:00;N;NORTE;SE;SUDESTE;5728.102
2026-02-04 18:00:00;NE;NORDESTE;SE;SUDESTE;209.31
2026-02-04 18:00:00;SE;SUDESTE;S;SUL;1945.587
2026-02-04 19:00:00;N;NORTE;NE;NORDESTE;3196.029
2026-02-04 19:00:00;N;NORTE;SE;SUDESTE;6043.443
2026-02-04 19:00:00;NE;NORDESTE;SE;SUDESTE;1087.923
2026-02-04 19:00:00;SE;SUDESTE;S;SUL;2457.978
2026-02-04 20:00:00;N;NORTE;NE;NORDESTE;2831.135
2026-02-04 20:00:00;N;NORTE;SE;SUDESTE;6048.154
2026-02-04 20:00:00;NE;NORDESTE;SE;SUDESTE;1173.18
2026-02-04 20:00:00;SE;SUDESTE;S;SUL;3897.531
2026-02-04 21:00:00;N;NORTE;NE;NORDESTE;3348.975
2026-02-04 21:00:00;N;NORTE;SE;SUDESTE;5560.367
2026-02-04 21:00:00;NE;NORDESTE;SE;SUDESTE;529.559
2026-02-04 21:00:00;SE;SUDESTE;S;SUL;4880.478
2026-02-04 22:00:00;N;NORTE;NE;NORDESTE;3373.509
2026-02-04 22:00:00;N;NORTE;SE;SUDESTE;5423.10499999
2026-02-04 22:00:00;NE;NORDESTE;SE;SUDESTE;305.357
2026-02-04 22:00:00;SE;SUDESTE;S;SUL;4399.819
2026-02-04 23:00:00;N;NORTE;NE;NORDESTE;3617.744
2026-02-04 23:00:00;N;NORTE;SE;SUDESTE;4793.925
2026-02-04 23:00:00;NE;NORDESTE;SE;SUDESTE;-930.434
2026-02-04 23:00:00;SE;SUDESTE;S;SUL;4510.64099999
2026-02-05 00:00:00;N;NORTE;NE;NORDESTE;3645.89
2026-02-05 00:00:00;N;NORTE;SE;SUDESTE;3481.091
2026-02-05 00:00:00;NE;NORDESTE;SE;SUDESTE;-1912.367
2026-02-05 00:00:00;SE;SUDESTE;S;SUL;2285.143
2026-02-05 01:00:00;N;NORTE;NE;NORDESTE;3834.309
2026-02-05 01:00:00;N;NORTE;SE;SUDESTE;2277.313
2026-02-05 01:00:00;NE;NORDESTE;SE;SUDESTE;-2329.079
2026-02-05 01:00:00;SE;SUDESTE;S;SUL;812.559
2026-02-05 02:00:00;N;NORTE;NE;NORDESTE;3557.659
2026-02-05 02:00:00;N;NORTE;SE;SUDESTE;1808.513
2026-02-05 02:00:00;NE;NORDESTE;SE;SUDESTE;-2331.879
2026-02-05 02:00:00;SE;SUDESTE;S;SUL;14.612
2026-02-05 03:00:00;N;NORTE;NE;NORDESTE;3398.829
2026-02-05 03:00:00;N;NORTE;SE;SUDESTE;1687.899
2026-02-05 03:00:00;NE;NORDESTE;SE;SUDESTE;-2034.427
2026-02-05 03:00:00;SE;SUDESTE;S;SUL;73.662
2026-02-05 04:00:00;N;NORTE;NE;NORDESTE;3745.299
2026-02-05 04:00:00;N;NORTE;SE;SUDESTE;1499.827
2026-02-05 04:00:00;NE;NORDESTE;SE;SUDESTE;-2204.082
2026-02-05 04:00:00;SE;SUDESTE;S;SUL;833.056
2026-02-05 05:00:00;N;NORTE;NE;NORDESTE;3658.29
2026-02-05 05:00:00;N;NORTE;SE;SUDESTE;1807.041
2026-02-05 05:00:00;NE;NORDESTE;SE;SUDESTE;-1748.03
2026-02-05 05:00:00;SE;SUDESTE;S;SUL;76.214
2026-02-05 06:00:00;N;NORTE;NE;NORDESTE;2522.41199999
2026-02-05 06:00:00;N;NORTE;SE;SUDESTE;1808.216
2026-02-05 06:00:00;NE;NORDESTE;SE;SUDESTE;-991.641
2026-02-05 06:00:00;SE;SUDESTE;S;SUL;-143.136
2026-02-05 07:00:00;N;NORTE;NE;NORDESTE;1160.364
2026-02-05 07:00:00;N;NORTE;SE;SUDESTE;1897.798
2026-02-05 07:00:00;NE;NORDESTE;SE;SUDESTE;177.823
2026-02-05 07:00:00;SE;SUDESTE;S;SUL;167.818
2026-02-05 08:00:00;N;NORTE;NE;NORDESTE;269.293
2026-02-05 08:00:00;N;NORTE;SE;SUDESTE;2592.65
2026-02-05 08:00:00;NE;NORDESTE;SE;SUDESTE;1440.707
2026-02-05 08:00:00;SE;SUDESTE;S;SUL;1081.397
2026-02-05 09:00:00;N;NORTE;NE;NORDESTE;121.139
2026-02-05 09:00:00;N;NORTE;SE;SUDESTE;2491.204
2026-02-05 09:00:00;NE;NORDESTE;SE;SUDESTE;1445.39
2026-02-05 09:00:00;SE;SUDESTE;S;SUL;3431.154
2026-02-05 10:00:00;N;NORTE;NE;NORDESTE;-320.052
2026-02-05 10:00:00;N;NORTE;SE;SUDESTE;2119.731
2026-02-05 10:00:00;NE;NORDESTE;SE;SUDESTE;1082.834
2026-02-05 10:00:00;SE;SUDESTE;S;SUL;4660.762
2026-02-05 11:00:00;N;NORTE;NE;NORDESTE;-913.607
2026-02-05 11:00:00;N;NORTE;SE;SUDESTE;1742.673
2026-02-05 11:00:00;NE;NORDESTE;SE;SUDESTE;695.591
2026-02-05 11:00:00;SE;SUDESTE;S;SUL;3991.126
2026-02-05 12:00:00;N;NORTE;NE;NORDESTE;-1656.301
2026-02-05 12:00:00;N;NORTE;SE;SUDESTE;2211.829
2026-02-05 12:00:00;NE;NORDESTE;SE;SUDESTE;1360.277
2026-02-05 12:00:00;SE;SUDESTE;S;SUL;4063.131
2026-02-05 13:00:00;N;NORTE;NE;NORDESTE;-1288.44599999
2026-02-05 13:00:00;N;NORTE;SE;SUDESTE;1995.312
2026-02-05 13:00:00;NE;NORDESTE;SE;SUDESTE;1244.194
2026-02-05 13:00:00;SE;SUDESTE;S;SUL;2251.015
2026-02-05 14:00:00;N;NORTE;NE;NORDESTE;-820.691
2026-02-05 14:00:00;N;NORTE;SE;SUDESTE;1903.116
2026-02-05 14:00:00;NE;NORDESTE;SE;SUDESTE;1109.089
2026-02-05 14:00:00;SE;SUDESTE;S;SUL;2018.002
2026-02-05 15:00:00;N;NORTE;NE;NORDESTE;391.01
2026-02-05 15:00:00;N;NORTE;SE;SUDESTE;3085.717
2026-02-05 15:00:00;NE;NORDESTE;SE;SUDESTE;1412.933
2026-02-05 15:00:00;SE;SUDESTE;S;SUL;2619.8
2026-02-05 16:00:00;N;NORTE;NE;NORDESTE;1517.538
2026-02-05 16:00:00;N;NORTE;SE;SUDESTE;4907.377
2026-02-05 16:00:00;NE;NORDESTE;SE;SUDESTE;1385.503
2026-02-05 16:00:00;SE;SUDESTE;S;SUL;4074.412
2026-02-05 17:00:00;N;NORTE;NE;NORDESTE;2107.91
2026-02-05 17:00:00;N;NORTE;SE;SUDESTE;6726.295
2026-02-05 17:00:00;NE;NORDESTE;SE;SUDESTE;1642.322
2026-02-05 17:00:00;SE;SUDESTE;S;SUL;4612.73899999
2026-02-05 18:00:00;N;NORTE;NE;NORDESTE;2357.761
2026-02-05 18:00:00;N;NORTE;SE;SUDESTE;7334.051
2026-02-05 18:00:00;NE;NORDESTE;SE;SUDESTE;2463.722
2026-02-05 18:00:00;SE;SUDESTE;S;SUL;4308.22999999
2026-02-05 19:00:00;N;NORTE;NE;NORDESTE;1823.249
2026-02-05 19:00:00;N;NORTE;SE;SUDESTE;7753.063
2026-02-05 19:00:00;NE;NORDESTE;SE;SUDESTE;3528.113
2026-02-05 19:00:00;SE;SUDESTE;S;SUL;5031.831
2026-02-05 20:00:00;N;NORTE;NE;NORDESTE;1722.762
2026-02-05 20:00:00;N;NORTE;SE;SUDESTE;7395.023
2026-02-05 20:00:00;NE;NORDESTE;SE;SUDESTE;3525.52
2026-02-05 20:00:00;SE;SUDESTE;S;SUL;4702.975
2026-02-05 21:00:00;N;NORTE;NE;NORDESTE;1766.238
2026-02-05 21:00:00;N;NORTE;SE;SUDESTE;7173.981
2026-02-05 21:00:00;NE;NORDESTE;SE;SUDESTE;3764.535
2026-02-05 21:00:00;SE;SUDESTE;S;SUL;5599.818
2026-02-05 22:00:00;N;NORTE;NE;NORDESTE;1625.337
2026-02-05 22:00:00;N;NORTE;SE;SUDESTE;6879.205
2026-02-05 22:00:00;NE;NORDESTE;SE;SUDESTE;3434.728
2026-02-05 22:00:00;SE;SUDESTE;S;SUL;5189.856
2026-02-05 23:00:00;N;NORTE;NE;NORDESTE;1899.674
2026-02-05 23:00:00;N;NORTE;SE;SUDESTE;6495.609
2026-02-05 23:00:00;NE;NORDESTE;SE;SUDESTE;2245.67099999
2026-02-05 23:00:00;SE;SUDESTE;S;SUL;3962.392
2026-02-06 00:00:00;N;NORTE;NE;NORDESTE;2065.504
2026-02-06 00:00:00;N;NORTE;SE;SUDESTE;6318.641
2026-02-06 00:00:00;NE;NORDESTE;SE;SUDESTE;1811.598
2026-02-06 00:00:00;SE;SUDESTE;S;SUL;4783.178
2026-02-06 01:00:00;N;NORTE;NE;NORDESTE;2399.408
2026-02-06 01:00:00;N;NORTE;SE;SUDESTE;6051.854
2026-02-06 01:00:00;NE;NORDESTE;SE;SUDESTE;1356.261
2026-02-06 01:00:00;SE;SUDESTE;S;SUL;5266.31
2026-02-06 02:00:00;N;NORTE;NE;NORDESTE;2026.057
2026-02-06 02:00:00;N;NORTE;SE;SUDESTE;6085.394
2026-02-06 02:00:00;NE;NORDESTE;SE;SUDESTE;1664.955
2026-02-06 02:00:00;SE;SUDESTE;S;SUL;5491.524
2026-02-06 03:00:00;N;NORTE;NE;NORDESTE;2162.222
2026-02-06 03:00:00;N;NORTE;SE;SUDESTE;6070.736
2026-02-06 03:00:00;NE;NORDESTE;SE;SUDESTE;1768.108
2026-02-06 03:00:00;SE;SUDESTE;S;SUL;6206.798
2026-02-06 04:00:00;N;NORTE;NE;NORDESTE;2333.91
2026-02-06 04:00:00;N;NORTE;SE;SUDESTE;5938.644
2026-02-06 04:00:00;NE;NORDESTE;SE;SUDESTE;1573.447
2026-02-06 04:00:00;SE;SUDESTE;S;SUL;6166.925
2026-02-06 05:00:00;N;NORTE;NE;NORDESTE;2753.708
2026-02-06 05:00:00;N;NORTE;SE;SUDESTE;6038.206
2026-02-06 05:00:00;NE;NORDESTE;SE;SUDESTE;1033.419
2026-02-06 05:00:00;SE;SUDESTE;S;SUL;4795.554
2026-02-06 06:00:00;N;NORTE;NE;NORDESTE;1994.961
2026-02-06 06:00:00;N;NORTE;SE;SUDESTE;5948.222
2026-02-06 06:00:00;NE;NORDESTE;SE;SUDESTE;1406.907
2026-02-06 06:00:00;SE;SUDESTE;S;SUL;4231.935
2026-02-06 07:00:00;N;NORTE;NE;NORDESTE;1778.406
2026-02-06 07:00:00;N;NORTE;SE;SUDESTE;4699.514
2026-02-06 07:00:00;NE;NORDESTE;SE;SUDESTE;2007.443
2026-02-06 07:00:00;SE;SUDESTE;S;SUL;4367.115
2026-02-06 08:00:00;N;NORTE;NE;NORDESTE;767.495
2026-02-06 08:00:00;N;NORTE;SE;SUDESTE;2683.69999999
2026-02-06 08:00:00;NE;NORDESTE;SE;SUDESTE;2145.129
2026-02-06 08:00:00;SE;SUDESTE;S;SUL;4159.77499999
2026-02-06 09:00:00;N;NORTE;NE;NORDESTE;-473.169
2026-02-06 09:00:00;N;NORTE;SE;SUDESTE;2899.12
2026-02-06 09:00:00;NE;NORDESTE;SE;SUDESTE;2402.719
2026-02-06 09:00:00;SE;SUDESTE;S;SUL;4922.522
2026-02-06 10:00:00;N;NORTE;NE;NORDESTE;-881.315
2026-02-06 10:00:00;N;NORTE;SE;SUDESTE;3520.863
2026-02-06 10:00:00;NE;NORDESTE;SE;SUDESTE;2742.077
2026-02-06 10:00:00;SE;SUDESTE;S;SUL;5619.261
2026-02-06 11:00:00;N;NORTE;NE;NORDESTE;-2089.14399999
2026-02-06 11:00:00;N;NORTE;SE;SUDESTE;3524.54
2026-02-06 11:00:00;NE;NORDESTE;SE;SUDESTE;2552.449
2026-02-06 11:00:00;SE;SUDESTE;S;SUL;5603.621
2026-02-06 12:00:00;N;NORTE;NE;NORDESTE;-2567.469
2026-02-06 12:00:00;N;NORTE;SE;SUDESTE;3713.82
2026-02-06 12:00:00;NE;NORDESTE;SE;SUDESTE;3090.294
2026-02-06 12:00:00;SE;SUDESTE;S;SUL;5640.798
2026-02-06 13:00:00;N;NORTE;NE;NORDESTE;-2213.02
2026-02-06 13:00:00;N;NORTE;SE;SUDESTE;2940.004
2026-02-06 13:00:00;NE;NORDESTE;SE;SUDESTE;2049.011
2026-02-06 13:00:00;SE;SUDESTE;S;SUL;4160.243
2026-02-06 14:00:00;N;NORTE;NE;NORDESTE;-879.65
2026-02-06 14:00:00;N;NORTE;SE;SUDESTE;2941.811
2026-02-06 14:00:00;NE;NORDESTE;SE;SUDESTE;1460.412
2026-02-06 14:00:00;SE;SUDESTE;S;SUL;2999.826
2026-02-06 15:00:00;N;NORTE;NE;NORDESTE;251.91
2026-02-06 15:00:00;N;NORTE;SE;SUDESTE;4584.938
2026-02-06 15:00:00;NE;NORDESTE;SE;SUDESTE;2151.964
2026-02-06 15:00:00;SE;SUDESTE;S;SUL;3013.362
2026-02-06 16:00:00;N;NORTE;NE;NORDESTE;1350.413
2026-02-06 16:00:00;N;NORTE;SE;SUDESTE;5929.778
2026-02-06 16:00:00;NE;NORDESTE;SE;SUDESTE;1770.436
2026-02-06 16:00:00;SE;SUDESTE;S;SUL;3217.067
2026-02-06 17:00:00;N;NORTE;NE;NORDESTE;2883.473
2026-02-06 17:00:00;N;NORTE;SE;SUDESTE;6651.382
2026-02-06 17:00:00;NE;NORDESTE;SE;SUDESTE;1325.612
2026-02-06 17:00:00;SE;SUDESTE;S;SUL;3487.433
2026-02-06 18:00:00;N;NORTE;NE;NORDESTE;2934.175
2026-02-06 18:00:00;N;NORTE;SE;SUDESTE;6999.443
2026-02-06 18:00:00;NE;NORDESTE;SE;SUDESTE;1735.721
2026-02-06 18:00:00;SE;SUDESTE;S;SUL;1993.451
2026-02-06 19:00:00;N;NORTE;NE;NORDESTE;2347.878
2026-02-06 19:00:00;N;NORTE;SE;SUDESTE;7369.005
2026-02-06 19:00:00;NE;NORDESTE;SE;SUDESTE;3022.319
2026-02-06 19:00:00;SE;SUDESTE;S;SUL;3491.068
2026-02-06 20:00:00;N;NORTE;NE;NORDESTE;1897.076
2026-02-06 20:00:00;N;NORTE;SE;SUDESTE;7930.753
2026-02-06 20:00:00;NE;NORDESTE;SE;SUDESTE;4716.176
2026-02-06 20:00:00;SE;SUDESTE;S;SUL;6978.453
2026-02-06 21:00:00;N;NORTE;NE;NORDESTE;1813.54
2026-02-06 21:00:00;N;NORTE;SE;SUDESTE;8111.429
2026-02-06 21:00:00;NE;NORDESTE;SE;SUDESTE;5036.29299999
2026-02-06 21:00:00;SE;SUDESTE;S;SUL;8039.322
2026-02-06 22:00:00;N;NORTE;NE;NORDESTE;1292.851
2026-02-06 22:00:00;N;NORTE;SE;SUDESTE;8014.845
2026-02-06 22:00:00;NE;NORDESTE;SE;SUDESTE;5053.24
2026-02-06 22:00:00;SE;SUDESTE;S;SUL;7595.546
2026-02-06 23:00:00;N;NORTE;NE;NORDESTE;1376.501
2026-02-06 23:00:00;N;NORTE;SE;SUDESTE;7913.02
2026-02-06 23:00:00;NE;NORDESTE;SE;SUDESTE;4672.387
2026-02-06 23:00:00;SE;SUDESTE;S;SUL;7188.402
2026-02-07 00:00:00;N;NORTE;NE;NORDESTE;1535.355
2026-02-07 00:00:00;N;NORTE;SE;SUDESTE;7296.087
2026-02-07 00:00:00;NE;NORDESTE;SE;SUDESTE;3820.737
2026-02-07 00:00:00;SE;SUDESTE;S;SUL;5321.97599999
2026-02-07 01:00:00;N;NORTE;NE;NORDESTE;1224.88799999
2026-02-07 01:00:00;N;NORTE;SE;SUDESTE;7122.203
2026-02-07 01:00:00;NE;NORDESTE;SE;SUDESTE;3785.214
2026-02-07 01:00:00;SE;SUDESTE;S;SUL;4660.68
2026-02-07 02:00:00;N;NORTE;NE;NORDESTE;1112.36899999
2026-02-07 02:00:00;N;NORTE;SE;SUDESTE;7214.448
2026-02-07 02:00:00;NE;NORDESTE;SE;SUDESTE;4164.629
2026-02-07 02:00:00;SE;SUDESTE;S;SUL;4770.536
2026-02-07 03:00:00;N;NORTE;NE;NORDESTE;616.034
2026-02-07 03:00:00;N;NORTE;SE;SUDESTE;7091.459
2026-02-07 03:00:00;NE;NORDESTE;SE;SUDESTE;4799.60999999
2026-02-07 03:00:00;SE;SUDESTE;S;SUL;5875.482
2026-02-07 04:00:00;N;NORTE;NE;NORDESTE;1107.33099999
2026-02-07 04:00:00;N;NORTE;SE;SUDESTE;6516.656
2026-02-07 04:00:00;NE;NORDESTE;SE;SUDESTE;4373.006
2026-02-07 04:00:00;SE;SUDESTE;S;SUL;5574.117
2026-02-07 05:00:00;N;NORTE;NE;NORDESTE;1136.70599999
2026-02-07 05:00:00;N;NORTE;SE;SUDESTE;6389.698
2026-02-07 05:00:00;NE;NORDESTE;SE;SUDESTE;4481.865
2026-02-07 05:00:00;SE;SUDESTE;S;SUL;5447.10499999
2026-02-07 06:00:00;N;NORTE;NE;NORDESTE;608.41999999
2026-02-07 06:00:00;N;NORTE;SE;SUDESTE;4979.678
2026-02-07 06:00:00;NE;NORDESTE;SE;SUDESTE;4271.066
2026-02-07 06:00:00;SE;SUDESTE;S;SUL;4965.392
2026-02-07 07:00:00;N;NORTE;NE;NORDESTE;-1622.457
2026-02-07 07:00:00;N;NORTE;SE;SUDESTE;3956.1
2026-02-07 07:00:00;NE;NORDESTE;SE;SUDESTE;3495.07
2026-02-07 07:00:00;SE;SUDESTE;S;SUL;5206.847
2026-02-07 08:00:00;N;NORTE;NE;NORDESTE;-2995.857
2026-02-07 08:00:00;N;NORTE;SE;SUDESTE;3223.264
2026-02-07 08:00:00;NE;NORDESTE;SE;SUDESTE;3024.111
2026-02-07 08:00:00;SE;SUDESTE;S;SUL;4541.222
2026-02-07 09:00:00;N;NORTE;NE;NORDESTE;-3136.06
2026-02-07 09:00:00;N;NORTE;SE;SUDESTE;3508.878
2026-02-07 09:00:00;NE;NORDESTE;SE;SUDESTE;2919.061
2026-02-07 09:00:00;SE;SUDESTE;S;SUL;4329.464
2026-02-07 10:00:00;N;NORTE;NE;NORDESTE;-3262.27
2026-02-07 10:00:00;N;NORTE;SE;SUDESTE;3673.419
2026-02-07 10:00:00;NE;NORDESTE;SE;SUDESTE;2661.098
2026-02-07 10:00:00;SE;SUDESTE;S;SUL;4288.685
2026-02-07 11:00:00;N;NORTE;NE;NORDESTE;-3228.603
2026-02-07 11:00:00;N;NORTE;SE;SUDESTE;3655.001
2026-02-07 11:00:00;NE;NORDESTE;SE;SUDESTE;2589.786
2026-02-07 11:00:00;SE;SUDESTE;S;SUL;4210.116
2026-02-07 12:00:00;N;NORTE;NE;NORDESTE;-3107.388
2026-02-07 12:00:00;N;NORTE;SE;SUDESTE;3888.24
2026-02-07 12:00:00;NE;NORDESTE;SE;SUDESTE;2416.639
2026-02-07 12:00:00;SE;SUDESTE;S;SUL;4310.758
2026-02-07 13:00:00;N;NORTE;NE;NORDESTE;-2536.628
2026-02-07 13:00:00;N;NORTE;SE;SUDESTE;3570.421
2026-02-07 13:00:00;NE;NORDESTE;SE;SUDESTE;1850.545
2026-02-07 13:00:00;SE;SUDESTE;S;SUL;4366.786
2026-02-07 14:00:00;N;NORTE;NE;NORDESTE;-1650.247
2026-02-07 14:00:00;N;NORTE;SE;SUDESTE;3764.924
2026-02-07 14:00:00;NE;NORDESTE;SE;SUDESTE;1469.413
2026-02-07 14:00:00;SE;SUDESTE;S;SUL;4206.954
2026-02-07 15:00:00;N;NORTE;NE;NORDESTE;-910.492
2026-02-07 15:00:00;N;NORTE;SE;SUDESTE;4035.549
2026-02-07 15:00:00;NE;NORDESTE;SE;SUDESTE;1790.384
2026-02-07 15:00:00;SE;SUDESTE;S;SUL;4223.473
2026-02-07 16:00:00;N;NORTE;NE;NORDESTE;412.918
2026-02-07 16:00:00;N;NORTE;SE;SUDESTE;4887.693
2026-02-07 16:00:00;NE;NORDESTE;SE;SUDESTE;2454.91199999
2026-02-07 16:00:00;SE;SUDESTE;S;SUL;3477.803
2026-02-07 17:00:00;N;NORTE;NE;NORDESTE;1518.874
2026-02-07 17:00:00;N;NORTE;SE;SUDESTE;5893.147
2026-02-07 17:00:00;NE;NORDESTE;SE;SUDESTE;2232.167
2026-02-07 17:00:00;SE;SUDESTE;S;SUL;1995.531
2026-02-07 18:00:00;N;NORTE;NE;NORDESTE;2014.974
2026-02-07 18:00:00;N;NORTE;SE;SUDESTE;7745.165
2026-02-07 18:00:00;NE;NORDESTE;SE;SUDESTE;2558.411
2026-02-07 18:00:00;SE;SUDESTE;S;SUL;1717.447
2026-02-07 19:00:00;N;NORTE;NE;NORDESTE;1938.721
2026-02-07 19:00:00;N;NORTE;SE;SUDESTE;7746.769
2026-02-07 19:00:00;NE;NORDESTE;SE;SUDESTE;2733.426
2026-02-07 19:00:00;SE;SUDESTE;S;SUL;2490.453
2026-02-07 20:00:00;N;NORTE;NE;NORDESTE;2081.61499999
2026-02-07 20:00:00;N;NORTE;SE;SUDESTE;7606.427
2026-02-07 20:00:00;NE;NORDESTE;SE;SUDESTE;2473.616
2026-02-07 20:00:00;SE;SUDESTE;S;SUL;2705.071
2026-02-07 21:00:00;N;NORTE;NE;NORDESTE;2244.86
2026-02-07 21:00:00;N;NORTE;SE;SUDESTE;7344.655
2026-02-07 21:00:00;NE;NORDESTE;SE;SUDESTE;2105.212
2026-02-07 21:00:00;SE;SUDESTE;S;SUL;2011.895
2026-02-07 22:00:00;N;NORTE;NE;NORDESTE;1769.541
2026-02-07 22:00:00;N;NORTE;SE;SUDESTE;7265.33
2026-02-07 22:00:00;NE;NORDESTE;SE;SUDESTE;2143.114
2026-02-07 22:00:00;SE;SUDESTE;S;SUL;1744.662
2026-02-07 23:00:00;N;NORTE;NE;NORDESTE;1849.28
2026-02-07 23:00:00;N;NORTE;SE;SUDESTE;6949.266
2026-02-07 23:00:00;NE;NORDESTE;SE;SUDESTE;1682.116
2026-02-07 23:00:00;SE;SUDESTE;S;SUL;996.025
2026-02-08 00:00:00;N;NORTE;NE;NORDESTE;2179.857
2026-02-08 00:00:00;N;NORTE;SE;SUDESTE;6252.615
2026-02-08 00:00:00;NE;NORDESTE;SE;SUDESTE;701.625
2026-02-08 00:00:00;SE;SUDESTE;S;SUL;636.821
2026-02-08 01:00:00;N;NORTE;NE;NORDESTE;2872.259
2026-02-08 01:00:00;N;NORTE;SE;SUDESTE;5347.063
2026-02-08 01:00:00;NE;NORDESTE;SE;SUDESTE;-842.032
2026-02-08 01:00:00;SE;SUDESTE;S;SUL;-122.422
2026-02-08 02:00:00;N;NORTE;NE;NORDESTE;3394.047
2026-02-08 02:00:00;N;NORTE;SE;SUDESTE;4909.649
2026-02-08 02:00:00;NE;NORDESTE;SE;SUDESTE;-1188.733
2026-02-08 02:00:00;SE;SUDESTE;S;SUL;95.252
2026-02-08 03:00:00;N;NORTE;NE;NORDESTE;3578.084
2026-02-08 03:00:00;N;NORTE;SE;SUDESTE;4352.103
2026-02-08 03:00:00;NE;NORDESTE;SE;SUDESTE;-1638.19
2026-02-08 03:00:00;SE;SUDESTE;S;SUL;506.787
2026-02-08 04:00:00;N;NORTE;NE;NORDESTE;3402.062
2026-02-08 04:00:00;N;NORTE;SE;SUDESTE;2371.927
2026-02-08 04:00:00;NE;NORDESTE;SE;SUDESTE;-1698.204
2026-02-08 04:00:00;SE;SUDESTE;S;SUL;350.154
2026-02-08 05:00:00;N;NORTE;NE;NORDESTE;3093.02
2026-02-08 05:00:00;N;NORTE;SE;SUDESTE;308.80399999
2026-02-08 05:00:00;NE;NORDESTE;SE;SUDESTE;-1426.4
2026-02-08 05:00:00;SE;SUDESTE;S;SUL;101.504
2026-02-08 06:00:00;N;NORTE;NE;NORDESTE;1779.13
2026-02-08 06:00:00;N;NORTE;SE;SUDESTE;-44.211
2026-02-08 06:00:00;NE;NORDESTE;SE;SUDESTE;-1414.976
2026-02-08 06:00:00;SE;SUDESTE;S;SUL;256.858
2026-02-08 07:00:00;N;NORTE;NE;NORDESTE;614.667
2026-02-08 07:00:00;N;NORTE;SE;SUDESTE;578.349
2026-02-08 07:00:00;NE;NORDESTE;SE;SUDESTE;-386.72
2026-02-08 07:00:00;SE;SUDESTE;S;SUL;1548.066
2026-02-08 08:00:00;N;NORTE;NE;NORDESTE;-949.645
2026-02-08 08:00:00;N;NORTE;SE;SUDESTE;1459.935
2026-02-08 08:00:00;NE;NORDESTE;SE;SUDESTE;466.343
2026-02-08 08:00:00;SE;SUDESTE;S;SUL;3355.039
2026-02-08 09:00:00;N;NORTE;NE;NORDESTE;-2078.187
2026-02-08 09:00:00;N;NORTE;SE;SUDESTE;2428.657
2026-02-08 09:00:00;NE;NORDESTE;SE;SUDESTE;365.454
2026-02-08 09:00:00;SE;SUDESTE;S;SUL;3080.588
2026-02-08 10:00:00;N;NORTE;NE;NORDESTE;-2280.756
2026-02-08 10:00:00;N;NORTE;SE;SUDESTE;2950.008
2026-02-08 10:00:00;NE;NORDESTE;SE;SUDESTE;1049.32099999
2026-02-08 10:00:00;SE;SUDESTE;S;SUL;2965.494
2026-02-08 11:00:00;N;NORTE;NE;NORDESTE;-1952.289
2026-02-08 11:00:00;N;NORTE;SE;SUDESTE;2918.861
2026-02-08 11:00:00;NE;NORDESTE;SE;SUDESTE;869.889
2026-02-08 11:00:00;SE;SUDESTE;S;SUL;2923.961
2026-02-08 12:00:00;N;NORTE;NE;NORDESTE;-2057.472
2026-02-08 12:00:00;N;NORTE;SE;SUDESTE;2969.144
2026-02-08 12:00:00;NE;NORDESTE;SE;SUDESTE;538.362
2026-02-08 12:00:00;SE;SUDESTE;S;SUL;2830.051
2026-02-08 13:00:00;N;NORTE;NE;NORDESTE;-1954.779
2026-02-08 13:00:00;N;NORTE;SE;SUDESTE;2636.368
2026-02-08 13:00:00;NE;NORDESTE;SE;SUDESTE;-3.748
2026-02-08 13:00:00;SE;SUDESTE;S;SUL;2806.013
2026-02-08 14:00:00;N;NORTE;NE;NORDESTE;-1663.42
2026-02-08 14:00:00;N;NORTE;SE;SUDESTE;2396.161
2026-02-08 14:00:00;NE;NORDESTE;SE;SUDESTE;-165.463
2026-02-08 14:00:00;SE;SUDESTE;S;SUL;2896.963
2026-02-08 15:00:00;N;NORTE;NE;NORDESTE;-979.156
2026-02-08 15:00:00;N;NORTE;SE;SUDESTE;3097.88
2026-02-08 15:00:00;NE;NORDESTE;SE;SUDESTE;435.279
2026-02-08 15:00:00;SE;SUDESTE;S;SUL;3423.074
2026-02-08 16:00:00;N;NORTE;NE;NORDESTE;1070.459
2026-02-08 16:00:00;N;NORTE;SE;SUDESTE;3831.9
2026-02-08 16:00:00;NE;NORDESTE;SE;SUDESTE;1067.96
2026-02-08 16:00:00;SE;SUDESTE;S;SUL;3365.676
2026-02-08 17:00:00;N;NORTE;NE;NORDESTE;2469.54
2026-02-08 17:00:00;N;NORTE;SE;SUDESTE;5454.46
2026-02-08 17:00:00;NE;NORDESTE;SE;SUDESTE;512.186
2026-02-08 17:00:00;SE;SUDESTE;S;SUL;3224.767
2026-02-08 18:00:00;N;NORTE;NE;NORDESTE;2912.196
2026-02-08 18:00:00;N;NORTE;SE;SUDESTE;6522.034
2026-02-08 18:00:00;NE;NORDESTE;SE;SUDESTE;208.134
2026-02-08 18:00:00;SE;SUDESTE;S;SUL;2053.349
2026-02-08 19:00:00;N;NORTE;NE;NORDESTE;2481.312
2026-02-08 19:00:00;N;NORTE;SE;SUDESTE;7001.599
2026-02-08 19:00:00;NE;NORDESTE;SE;SUDESTE;1253.991
2026-02-08 19:00:00;SE;SUDESTE;S;SUL;1880.243
2026-02-08 20:00:00;N;NORTE;NE;NORDESTE;1452.302
2026-02-08 20:00:00;N;NORTE;SE;SUDESTE;7783.002
2026-02-08 20:00:00;NE;NORDESTE;SE;SUDESTE;2923.605
2026-02-08 20:00:00;SE;SUDESTE;S;SUL;3593.026
2026-02-08 21:00:00;N;NORTE;NE;NORDESTE;458.151
2026-02-08 21:00:00;N;NORTE;SE;SUDESTE;7911.771
2026-02-08 21:00:00;NE;NORDESTE;SE;SUDESTE;4386.184
2026-02-08 21:00:00;SE;SUDESTE;S;SUL;4830.577
2026-02-08 22:00:00;N;NORTE;NE;NORDESTE;402.322
2026-02-08 22:00:00;N;NORTE;SE;SUDESTE;7519.27
2026-02-08 22:00:00;NE;NORDESTE;SE;SUDESTE;3991.136
2026-02-08 22:00:00;SE;SUDESTE;S;SUL;4584.117
2026-02-08 23:00:00;N;NORTE;NE;NORDESTE;1054.769
2026-02-08 23:00:00;N;NORTE;SE;SUDESTE;6880.473
2026-02-08 23:00:00;NE;NORDESTE;SE;SUDESTE;2924.456
2026-02-08 23:00:00;SE;SUDESTE;S;SUL;3766.24
