nom_reservatorio;cod_resplanejamento;tip_reservatorio;nom_bacia;nom_ree;id_subsistema;nom_subsistema;ena_data;ena_bruta_res_mwmed;ena_bruta_res_percentualmlt;ena_armazenavel_res_mwmed;ena_armazenavel_res_percentualmlt;ena_queda_bruta;mlt_ena
14 DE JULHO;99;Fio dagua;JACUI;SUL;S;SUL;2026-01-01;143.375;282.9651;69.784;137.7258;138.133;50.6688
A. VERMELHA;18;Reservatório com Usina;GRANDE;PARANA;SE;SUDESTE;2026-01-01;487.568;29.4634;487.568;29.4634;458.467;1654.825
AIMORES;143;Fio dagua;DOCE;SUDESTE;SE;SUDESTE;2026-01-01;58.98;15.0503;58.98;15.0503;61.166;391.8856
APOLONIO SALES;173;Fio dagua;SAO FRANCISCO;NORDESTE;NE;NORDESTE;2026-01-01;214.889;49.2247;214.889;49.2247;35.472;436.5468
B. BONITA;37;Reservatório com Usina;TIETE;PARANA;SE;SUDESTE;2026-01-01;73.432;60.8937;61.888;51.3208;72.485;120.5904
B.COQUEIROS;312;Fio dagua;PARANAIBA;PARANA;SE;SUDESTE;2026-01-01;36.675;39.4845;36.675;39.4845;38.005;92.8846
BAGUARI;141;Fio dagua;DOCE;SUDESTE;SE;SUDESTE;2026-01-01;33.902;19.6708;33.902;19.6708;34.722;172.347
BAIXO IGUACU;83;Fio dagua;IGUACU;IGUACU;S;SUL;2026-01-01;109.796;58.6952;94.196;50.3557;109.436;187.0614
BALBINA;277;Reservatório com Usina;AMAZONAS;MANAUS-AMAPA;N;NORTE;2026-01-01;167.606;198.9625;167.606;198.9625;164.729;84.24
BARIRI;38;Fio dagua;TIETE;PARANA;SE;SUDESTE;2026-01-01;87.532;62.2415;53.899;38.3261;84.94;140.6328
BARRA BRAUNA;185;Fio dagua;PARAIBA DO SUL;SUDESTE;SE;SUDESTE;2026-01-01;13.184;29.0142;13.184;29.0142;13.072;45.4398
BARRA GRANDE;86;Reservatório com Usina;URUGUAI;SUL;S;SUL;2026-01-01;875.236;327.2012;865.329;323.4975;891.616;267.4917
BATALHA;20;Reservatório com Usina;PARANAIBA;PARANA;SE;SUDESTE;2026-01-01;14.342;21.9503;14.342;21.9503;12.915;65.3384
BELO MONTE;288;Fio dagua;AMAZONAS;BELO MONTE;N;NORTE;2026-01-01;3214.511;57.417;3214.511;57.417;3200.628;5598.54
BOA ESPERANÇA;190;Reservatório com Usina;PARNAIBA;NORDESTE;NE;NORDESTE;2026-01-01;155.594;64.6524;155.594;64.6524;149.384;240.6624
C. DOURADA;32;Fio dagua;PARANAIBA;PARANA;SE;SUDESTE;2026-01-01;214.936;29.0636;213.315;28.8444;225.937;739.5374
C.BRANCO-1;27;Reservatório com Usina;PARANAIBA;PARANA;SE;SUDESTE;2026-01-01;93.862;31.1084;65.224;21.617;92.998;301.726
C.BRANCO-2;28;Fio dagua;PARANAIBA;PARANA;SE;SUDESTE;2026-01-01;80.253;31.5056;58.158;22.8316;79.695;254.7259
CACHOEIRA CALDEIRAO;204;Fio dagua;ARAGUARI;MANAUS-AMAPA;N;NORTE;2026-01-01;58.802;74.8161;50.647;64.4402;60.169;78.5954
CACONDE;14;Reservatório com Usina;GRANDE;PARANA;SE;SUDESTE;2026-01-01;54.708;69.7268;54.708;69.7268;51.484;78.4605
CACU;311;Reservatório com Usina;PARANAIBA;PARANA;SE;SUDESTE;2026-01-01;26.808;39.6838;26.808;39.6838;27.531;67.554
CAMARGOS;1;Reservatório com Usina;GRANDE;PARANA;SE;SUDESTE;2026-01-01;13.197;26.2683;13.197;26.2683;12.083;50.2392
CAMPOS NOVOS;90;Reservatório com Usina;URUGUAI;SUL;S;SUL;2026-01-01;847.307;219.7875;847.307;219.7875;854.988;385.512
CANA BRAVA;252;Fio dagua;TOCANTINS;SUDESTE;SE;SUDESTE;2026-01-01;138.734;23.351;138.734;23.351;139.059;594.1248
CANASTRA;87;Fio dagua;JACUI;SUL;S;SUL;2026-01-01;;;;;;
CANDONGA;139;Fio dagua;DOCE;SUDESTE;SE;SUDESTE;2026-01-01;37.154;31.0186;37.154;31.0186;36.491;119.7798
CANOAS I;52;Fio dagua;PARANAPANEMA;PARANAPANEMA;SE;SUDESTE;2026-01-01;39.305;38.4235;39.305;38.4235;39.956;102.2943
CANOAS II;51;Fio dagua;PARANAPANEMA;PARANAPANEMA;SE;SUDESTE;2026-01-01;32.235;37.7484;32.235;37.7484;33.165;85.3944
CAPIVARA;61;Reservatório com Usina;PARANAPANEMA;PARANAPANEMA;SE;SUDESTE;2026-01-01;311.598;55.3732;311.598;55.3732;335.668;562.7232
CASTRO ALVES;97;Fio dagua;JACUI;SUL;S;SUL;2026-01-01;198.371;269.1981;138.498;187.9478;196.92;73.6896
CHAVANTES;49;Reservatório com Usina;PARANAPANEMA;PARANAPANEMA;SE;SUDESTE;2026-01-01;90.703;29.1928;90.703;29.1928;90.309;310.7031
COARACY NUNES;280;Fio dagua;ARAGUARI;MANAUS-AMAPA;N;NORTE;2026-01-01;74.778;74.2586;45.16;44.8463;75.38;100.6995
COLIDER;228;Fio dagua;AMAZONAS;TELES PIRES;SE;SUDESTE;2026-01-01;179.57;56.333;100.191;31.431;126.553;318.7652
CORUMBA;30;Reservatório com Usina;PARANAIBA;PARANA;SE;SUDESTE;2026-01-01;185.811;41.1742;185.811;41.1742;177.955;451.2798
CORUMBA-3;203;Reservatório com Usina;PARANAIBA;PARANA;SE;SUDESTE;2026-01-01;41.839;46.5401;35.939;39.9771;40.752;89.8989
CORUMBA-4;29;Reservatório com Usina;PARANAIBA;PARANA;SE;SUDESTE;2026-01-01;53.913;44.4135;49.244;40.5672;53.761;121.3888
CURUA-UNA;272;Reservatório com Usina;AMAZONAS;BELO MONTE;N;NORTE;2026-01-01;25.146;99.1839;25.146;99.1839;21.771;25.3529
D. FRANCISCA;114;Fio dagua;JACUI;SUL;S;SUL;2026-01-01;298.919;420.1416;67.691;95.1422;302.989;71.1472
DARDANELOS;310;Fio dagua;AMAZONAS;MADEIRA;SE;SUDESTE;2026-01-01;365.894;86.291;163.44;38.5451;351.876;424.0232
E. DA CUNHA;15;Fio dagua;GRANDE;PARANA;SE;SUDESTE;2026-01-01;72.642;62.8767;72.642;62.8767;72.707;115.5308
EMBORCAÇÃO;24;Reservatório com Usina;PARANAIBA;PARANA;SE;SUDESTE;2026-01-01;200.936;20.1498;200.936;20.1498;188.625;997.2102
ESPORA;290;Reservatório com Usina;PARANAIBA;PARANA;SE;SUDESTE;2026-01-01;22.739;70.6883;21.13;65.6864;20.989;32.168
ESTREITO;267;Fio dagua;TOCANTINS;NORTE;N;NORTE;2026-01-01;516.758;36.6905;512.538;36.3909;468.053;1408.425
FERREIRA GOMES;284;Fio dagua;ARAGUARI;MANAUS-AMAPA;N;NORTE;2026-01-01;62.579;73.8888;62.579;73.8888;67.94;84.6935
FONTES;132;Fio dagua;PARAIBA DO SUL;SUDESTE;SE;SUDESTE;2026-01-01;21.071;17.3334;21.071;17.3334;21.031;121.563
FOZ CHAPECO;103;Fio dagua;URUGUAI;SUL;S;SUL;2026-01-01;1566.214;405.1097;603.732;156.1585;1508.854;386.6148
FOZ DO RIO CLARO;315;Fio dagua;PARANAIBA;PARANA;SE;SUDESTE;2026-01-01;29.106;39.2026;29.106;39.2026;29.154;74.245
FUNDÃO;72;Fio dagua;IGUACU;IGUACU;S;SUL;2026-01-01;61.721;75.0505;60.89;74.04;62.57;82.2393
FUNIL;123;Reservatório com Usina;PARAIBA DO SUL;SUDESTE;SE;SUDESTE;2026-01-01;60.204;28.8741;60.204;28.8741;53.426;208.505
FUNIL-MG;4;Fio dagua;GRANDE;PARANA;SE;SUDESTE;2026-01-01;73.993;36.5771;73.993;36.5771;76.417;202.293
FURNAS;6;Reservatório com Usina;GRANDE;PARANA;SE;SUDESTE;2026-01-01;431.069;30.9889;431.069;30.9889;416.17;1391.043
G. B. MUNHOZ;74;Reservatório com Usina;IGUACU;IGUACU;S;SUL;2026-01-01;410.755;60.6672;410.755;60.6672;409.36;677.0622
G. P. SOUZA;115;Reservatório com Usina;CAPIVARI;SUL;S;SUL;2026-01-01;123.526;77.7602;123.526;77.7602;123.407;158.855
GARIBALDI;89;Reservatório com Usina;URUGUAI;SUL;S;SUL;2026-01-01;191.655;234.9545;175.046;214.5932;201.378;81.5711
GOV JAYME CANET JR;57;Reservatório com Usina;PARANAPANEMA;IGUACU;S;SUL;2026-01-01;158.187;49.4231;130.902;40.8983;159.581;320.067
GUAPORE;196;Fio dagua;AMAZONAS;MADEIRA;SE;SUDESTE;2026-01-01;60.34;108.4721;60.34;108.4721;60.253;55.6272
GUILM. AMORIM;192;Fio dagua;DOCE;SUDESTE;SE;SUDESTE;2026-01-01;24.722;16.5945;24.722;16.5945;24.693;148.9768
HENRY BORDEN;119;Fio dagua;TIETE;SUDESTE;SE;SUDESTE;2026-01-01;234.163;61.5225;234.163;61.5225;234.131;380.6136
I. SOLTEIRA;34;Reservatório com Usina;PARANA;PARANA;SE;SUDESTE;2026-01-01;1039.991;31.0143;1039.991;31.0143;1061.654;3353.2623
IBITINGA;39;Fio dagua;TIETE;PARANA;SE;SUDESTE;2026-01-01;109.518;69.4384;47.507;30.1212;109.968;157.7196
IGARAPAVA;10;Fio dagua;GRANDE;PARANA;SE;SUDESTE;2026-01-01;86.089;28.0248;86.089;28.0248;89.396;307.1891
ILHA POMBOS;130;Fio dagua;PARAIBA DO SUL;SUDESTE;SE;SUDESTE;2026-01-01;54.362;23.3401;54.362;23.3401;55.389;232.9124
IRAPE;148;Reservatório com Usina;JEQUITINHONHA;SUDESTE;SE;SUDESTE;2026-01-01;71.183;14.8425;71.183;14.8425;70.422;479.589
ITÁ;92;Fio dagua;URUGUAI;SUL;S;SUL;2026-01-01;3298.809;512.9081;2352.721;365.8077;3232.837;643.1579
ITAIPU;66;Fio dagua;PARANA;ITAIPU;SE;SUDESTE;2026-01-01;9522.73;63.3323;9522.73;63.3323;9861.598;15036.1432
ITAPEBI;154;Fio dagua;JEQUITINHONHA;NORDESTE;NE;NORDESTE;2026-01-01;42.793;7.7326;15.623;2.823;43.41;553.41
ITAUBA;113;Fio dagua;JACUI;SUL;S;SUL;2026-01-01;568.318;432.3796;215.546;163.9886;536.799;131.4396
ITIQUIRA I;304;Fio dagua;PARAGUAI;SUDESTE;SE;SUDESTE;2026-01-01;38.54;50.6562;36.235;47.6266;38.567;76.0815
ITIQUIRA II;305;Fio dagua;PARAGUAI;SUDESTE;SE;SUDESTE;2026-01-01;61.379;50.6569;61.379;50.6569;61.534;121.1661
ITUMBIARA;31;Reservatório com Usina;PARANAIBA;PARANA;SE;SUDESTE;2026-01-01;544.74;29.6447;544.74;29.6447;488.117;1837.5605
ITUTINGA;2;Fio dagua;GRANDE;PARANA;SE;SUDESTE;2026-01-01;15.492;26.2686;15.492;26.2686;15.928;58.9754
JACUI;112;Fio dagua;JACUI;SUL;S;SUL;2026-01-01;452.794;403.8869;0.0;0.0;473.695;112.1091
JAGUARA;9;Fio dagua;GRANDE;PARANA;SE;SUDESTE;2026-01-01;219.03;28.2333;219.03;28.2333;222.574;775.7848
JAGUARI;120;Reservatório com Usina;PARAIBA DO SUL;SUDESTE;SE;SUDESTE;2026-01-01;6.005;26.4337;5.488;24.1579;5.57;22.7172
JAURU;195;Fio dagua;PARAGUAI;SUDESTE;SE;SUDESTE;2026-01-01;71.968;80.6353;71.968;80.6353;71.996;89.2512
JIRAU;285;Fio dagua;AMAZONAS;MADEIRA;SE;SUDESTE;2026-01-01;4008.469;109.9863;2254.644;61.864;3673.53;3644.515
JUPIA;45;Fio dagua;PARANA;PARANA;SE;SUDESTE;2026-01-01;631.674;34.0147;631.674;34.0147;646.136;1857.06
JURUENA;309;Fio dagua;AMAZONAS;TELES PIRES;SE;SUDESTE;2026-01-01;41.949;88.3062;24.135;50.8062;43.531;47.504
JURUMIRIM;47;Reservatório com Usina;PARANAPANEMA;PARANAPANEMA;SE;SUDESTE;2026-01-01;29.236;31.0404;29.236;31.0404;29.115;94.1868
L. C. BARRETO;8;Fio dagua;GRANDE;PARANA;SE;SUDESTE;2026-01-01;300.981;28.3741;300.981;28.3741;303.301;1060.7587
LAJEADO;261;Fio dagua;TOCANTINS;SUDESTE;SE;SUDESTE;2026-01-01;357.49;24.9572;356.495;24.8878;349.102;1432.4115
LIMOEIRO;16;Fio dagua;GRANDE;PARANA;SE;SUDESTE;2026-01-01;20.866;60.165;16.006;46.1517;21.078;34.6813
LUIZ GONZAGA;172;Reservatório com Usina;SAO FRANCISCO;NORDESTE;NE;NORDESTE;2026-01-01;976.266;49.2027;976.266;49.2027;943.584;1984.17
M. MORAES;7;Reservatório com Usina;GRANDE;PARANA;SE;SUDESTE;2026-01-01;189.11;28.54;189.11;28.54;200.974;662.6139
MACHADINHO;91;Reservatório com Usina;URUGUAI;SUL;S;SUL;2026-01-01;1352.87;295.7831;1352.87;295.7831;1375.182;457.3859
MANSO;278;Reservatório com Usina;PARAGUAI;SUDESTE;SE;SUDESTE;2026-01-01;66.512;44.2328;66.512;44.2328;65.979;150.368
MARIMBONDO;17;Reservatório com Usina;GRANDE;PARANA;SE;SUDESTE;2026-01-01;472.969;28.4724;472.969;28.4724;431.135;1661.1515
MASCARENHAS;144;Fio dagua;DOCE;SUDESTE;SE;SUDESTE;2026-01-01;56.585;15.9289;56.585;15.9289;57.716;355.2354
MIRANDA;26;Reservatório com Usina;PARANAIBA;PARANA;SE;SUDESTE;2026-01-01;111.225;30.9552;111.225;30.9552;111.198;359.31
MONJOLINHO;94;Fio dagua;URUGUAI;SUL;S;SUL;2026-01-01;133.045;397.3865;96.325;287.7091;133.46;33.48
MONTE CLARO;98;Fio dagua;JACUI;SUL;S;SUL;2026-01-01;157.058;273.791;60.742;105.8883;157.71;57.3642
N. AVANHANDAVA;42;Fio dagua;TIETE;PARANA;SE;SUDESTE;2026-01-01;183.109;55.9761;183.109;55.9761;182.349;327.12
NILO PEÇANHA;131;Fio dagua;PARAIBA DO SUL;SUDESTE;SE;SUDESTE;2026-01-01;242.242;63.0419;242.242;63.0419;242.426;384.2553
NOVA PONTE;25;Reservatório com Usina;PARANAIBA;PARANA;SE;SUDESTE;2026-01-01;161.366;32.8524;161.366;32.8524;142.222;491.1852
OURINHOS;249;Fio dagua;PARANAPANEMA;PARANAPANEMA;SE;SUDESTE;2026-01-01;14.386;29.3797;14.386;29.3797;15.938;48.9658
P. AFONSO 1,2,3;174;Fio dagua;SAO FRANCISCO;NORDESTE;NE;NORDESTE;2026-01-01;838.375;49.2247;838.375;49.2247;149.211;1703.16
P. AFONSO 4;175;Fio dagua;SAO FRANCISCO;NORDESTE;NE;NORDESTE;2026-01-01;1199.979;49.2247;1199.979;49.2247;2071.178;2437.7598
P. COLOMBIA;12;Fio dagua;GRANDE;PARANA;SE;SUDESTE;2026-01-01;138.259;28.6202;138.259;28.6202;143.117;483.0812
PARAIBUNA;121;Reservatório com Usina;PARAIBA DO SUL;SUDESTE;SE;SUDESTE;2026-01-01;28.666;38.9624;28.666;38.9624;26.892;73.5735
PARANAPANEMA;53;Fio dagua;PARANAPANEMA;PARANAPANEMA;SE;SUDESTE;2026-01-01;12.793;30.3134;12.793;30.3134;13.342;42.2025
PASSO FUNDO;93;Reservatório com Usina;URUGUAI;SUL;S;SUL;2026-01-01;328.551;421.8574;328.551;421.8574;330.774;77.882
PASSO REAL;111;Reservatório com Usina;JACUI;SUL;S;SUL;2026-01-01;202.363;392.572;0.0;0.0;210.299;51.548
PASSO SAO JOAO;102;Fio dagua;URUGUAI;SUL;S;SUL;2026-01-01;229.467;515.222;42.155;94.6506;217.436;44.5375
PEDRA DO CAVALO;189;Reservatório com Usina;PARAGUACU;NORDESTE;NE;NORDESTE;2026-01-01;1.849;1.2744;1.849;1.2744;1.874;145.0899
PEIXE ANGICAL;257;Reservatório com Usina;TOCANTINS;SUDESTE;SE;SUDESTE;2026-01-01;173.92;23.9159;173.92;23.9159;169.648;727.216
PEREIRA PASSOS;133;Fio dagua;PARAIBA DO SUL;SUDESTE;SE;SUDESTE;2026-01-01;31.667;52.1007;31.667;52.1007;32.093;60.7804
PICADA;126;Fio dagua;PARAIBA DO SUL;SUDESTE;SE;SUDESTE;2026-01-01;26.267;36.6933;26.267;36.6933;26.206;71.5852
PIMENTAL;314;Fio dagua;AMAZONAS;BELO MONTE;N;NORTE;2026-01-01;112.729;80.3291;112.729;80.3291;107.425;140.334
PIRAJU;48;Fio dagua;PARANAPANEMA;PARANAPANEMA;SE;SUDESTE;2026-01-01;23.138;30.3137;23.138;30.3137;23.904;76.3286
PONTE DE PEDRA;281;Fio dagua;PARAGUAI;SUDESTE;SE;SUDESTE;2026-01-01;152.487;80.2092;121.539;63.9303;153.283;190.1116
PORTO ESTRELA;135;Reservatório com Usina;DOCE;SUDESTE;SE;SUDESTE;2026-01-01;22.363;16.2841;22.363;16.2841;21.203;137.3307
PORTO PRIMAVERA;46;Fio dagua;PARANA;PARANA;SE;SUDESTE;2026-01-01;754.787;38.4217;754.787;38.4217;778.374;1964.48
PROMISSÃO;40;Reservatório com Usina;TIETE;PARANA;SE;SUDESTE;2026-01-01;139.602;59.9094;105.522;45.2841;142.197;233.022
QUEBRA QUEIXO;95;Reservatório com Usina;URUGUAI;SUL;S;SUL;2026-01-01;53.685;89.4303;53.685;89.4303;53.256;60.03
QUEIMADO;162;Reservatório com Usina;SAO FRANCISCO;SUDESTE;SE;SUDESTE;2026-01-01;40.255;31.8698;40.255;31.8698;38.881;126.3108
RETIRO BAIXO;155;Reservatório com Usina;SAO FRANCISCO;SUDESTE;SE;SUDESTE;2026-01-01;21.866;20.615;21.866;20.615;21.776;106.0682
RONDON II;276;Reservatório com Usina;AMAZONAS;MADEIRA;SE;SUDESTE;2026-01-01;86.453;140.9067;86.453;140.9067;83.777;61.3548
ROSAL;217;Fio dagua;ITABAPOANA;SUDESTE;SE;SUDESTE;2026-01-01;26.031;25.2463;26.031;25.2463;26.031;103.1083
ROSANA;63;Fio dagua;PARANAPANEMA;PARANAPANEMA;SE;SUDESTE;2026-01-01;180.574;56.3705;180.574;56.3705;183.712;320.334
S.DO FACÃO;21;Reservatório com Usina;PARANAIBA;PARANA;SE;SUDESTE;2026-01-01;41.387;20.9116;41.387;20.9116;39.102;197.9145
S.R.VERDINHO;241;Fio dagua;PARANAIBA;PARANA;SE;SUDESTE;2026-01-01;42.722;44.4237;42.722;44.4237;43.296;96.1694
SA CARVALHO;193;Fio dagua;DOCE;SUDESTE;SE;SUDESTE;2026-01-01;22.033;14.6146;21.097;13.9937;22.061;150.7604
SALTO;262;Fio dagua;PARANAIBA;PARANA;SE;SUDESTE;2026-01-01;50.238;47.2841;50.238;47.2841;50.551;106.2472
SALTO CAXIAS;82;Fio dagua;IGUACU;IGUACU;S;SUL;2026-01-01;398.06;59.8259;398.06;59.8259;395.861;665.3644
SALTO GRANDE CM;134;Fio dagua;DOCE;SUDESTE;SE;SUDESTE;2026-01-01;39.458;17.1427;38.656;16.7943;39.327;230.174
SALTO GRANDE CS;50;Fio dagua;PARANAPANEMA;PARANAPANEMA;SE;SUDESTE;2026-01-01;36.388;37.5754;32.236;33.2879;37.857;96.8399
SALTO OSORIO;78;Fio dagua;IGUACU;IGUACU;S;SUL;2026-01-01;325.257;59.0156;325.257;59.0156;328.921;551.1373
SALTO PILAO;215;Fio dagua;ITAJAI;SUL;S;SUL;2026-01-01;224.552;110.6868;0.0;0.0;223.942;202.8715
SALTO SANTIAGO;77;Reservatório com Usina;IGUACU;IGUACU;S;SUL;2026-01-01;517.98;62.9751;517.98;62.9751;538.744;822.5162
SAMUEL;279;Reservatório com Usina;AMAZONAS;MADEIRA;SE;SUDESTE;2026-01-01;143.177;106.2257;143.177;106.2257;130.061;134.7856
SANTA BRANCA;122;Reservatório com Usina;PARAIBA DO SUL;SUDESTE;SE;SUDESTE;2026-01-01;16.923;38.3324;16.923;38.3324;14.5;44.148
SANTA CLARA-PR;71;Reservatório com Usina;IGUACU;IGUACU;S;SUL;2026-01-01;56.76;74.3084;56.76;74.3084;57.407;76.3844
SANTO ANTONIO;287;Fio dagua;AMAZONAS;MADEIRA;SE;SUDESTE;2026-01-01;3934.569;103.7035;2110.079;55.6154;3517.938;3794.0553
SAO DOMINGOS;153;Fio dagua;PARANA;PARANA;SE;SUDESTE;2026-01-01;23.008;50.282;14.102;30.8187;23.152;45.7579
SAO JOSE;101;Fio dagua;URUGUAI;SUL;S;SUL;2026-01-01;163.166;514.0997;23.443;73.8637;155.505;31.7382
SAO MANOEL;230;Fio dagua;AMAZONAS;TELES PIRES;SE;SUDESTE;2026-01-01;715.427;86.4848;517.971;62.6152;660.318;827.2283
SAO ROQUE;88;Reservatório com Usina;URUGUAI;SUL;S;SUL;2026-01-01;232.144;289.4654;232.144;289.4654;233.434;80.1975
SAO SALVADOR;253;Fio dagua;TOCANTINS;SUDESTE;SE;SUDESTE;2026-01-01;86.931;23.9077;86.931;23.9077;89.763;363.6108
SÃO SIMÃO;33;Reservatório com Usina;PARANAIBA;PARANA;SE;SUDESTE;2026-01-01;710.781;28.3441;710.781;28.3441;682.327;2507.683
SEGREDO;76;Reservatório com Usina;IGUACU;IGUACU;S;SUL;2026-01-01;487.175;66.8623;487.175;66.8623;484.145;728.624
SERRA DA MESA;251;Reservatório com Usina;TOCANTINS;SUDESTE;SE;SUDESTE;2026-01-01;324.813;22.7055;324.813;22.7055;318.688;1430.55
SIMPLICIO;129;Fio dagua;PARAIBA DO SUL;SUDESTE;SE;SUDESTE;2026-01-01;71.604;22.6213;71.604;22.6213;72.672;316.53285
SINOP;227;Reservatório com Usina;AMAZONAS;TELES PIRES;SE;SUDESTE;2026-01-01;191.03;55.9693;183.981;53.904;148.358;341.3124
SOBRADINHO;169;Reservatório com Usina;SAO FRANCISCO;NORDESTE;NE;NORDESTE;2026-01-01;576.48;52.957;576.48;52.957;529.114;1088.5805
SOBRAGI;127;Fio dagua;PARAIBA DO SUL;SUDESTE;SE;SUDESTE;2026-01-01;33.076;36.9358;22.33;24.9358;33.189;89.55
STA.CLARA-MG;283;Fio dagua;MUCURI;SUDESTE;SE;SUDESTE;2026-01-01;10.815;14.5819;10.815;14.5819;10.709;74.1675
STO ANTONIO DO JARI;286;Fio dagua;AMAZONAS;MANAUS-AMAPA;N;NORTE;2026-01-01;87.579;54.9073;87.579;54.9073;89.245;159.5035
SUIÇA;145;Fio dagua;SANTA MARIA VIT;SUDESTE;SE;SUDESTE;2026-01-01;4.248;10.0511;4.248;10.0511;4.212;42.264
TAQUARUÇU;62;Fio dagua;PARANAPANEMA;PARANAPANEMA;SE;SUDESTE;2026-01-01;193.311;55.2621;193.311;55.2621;191.415;349.8075
TELES PIRES;229;Fio dagua;AMAZONAS;TELES PIRES;SE;SUDESTE;2026-01-01;1592.035;87.0901;1221.072;66.7971;1615.999;1828.0318
TRÊS IRMÃOS;43;Reservatório com Usina;TIETE;PARANA;SE;SUDESTE;2026-01-01;222.752;45.0302;222.752;45.0302;225.098;494.6725
TRÊS MARIAS;156;Reservatório com Usina;SAO FRANCISCO;SUDESTE;SE;SUDESTE;2026-01-01;155.02;24.9509;155.02;24.9509;150.255;621.3
TUCURUI;275;Reservatório com Usina;TOCANTINS;NORTE;N;NORTE;2026-01-01;4019.368;49.5882;4019.368;49.5882;3648.173;8105.5008
VOLTA GRANDE;11;Fio dagua;GRANDE;PARANA;SE;SUDESTE;2026-01-01;148.597;28.1343;148.597;28.1343;146.604;528.1696
XINGO;178;Fio dagua;SAO FRANCISCO;NORDESTE;NE;NORDESTE;2026-01-01;2249.563;46.6279;2249.563;46.6279;2293.334;4824.4975
14 DE JULHO;99;Fio dagua;JACUI;SUL;S;SUL;2026-01-02;125.496;247.679;101.669;200.6541;119.125;50.6688
A. VERMELHA;18;Reservatório com Usina;GRANDE;PARANA;SE;SUDESTE;2026-01-02;487.836;29.4796;487.836;29.4796;451.459;1654.825
AIMORES;143;Fio dagua;DOCE;SUDESTE;SE;SUDESTE;2026-01-02;62.213;15.8753;62.213;15.8753;64.41;391.8856
APOLONIO SALES;173;Fio dagua;SAO FRANCISCO;NORDESTE;NE;NORDESTE;2026-01-02;224.499;51.4261;224.499;51.4261;33.057;436.5468
B. BONITA;37;Reservatório com Usina;TIETE;PARANA;SE;SUDESTE;2026-01-02;63.377;52.5556;51.833;42.9827;63.442;120.5904
B.COQUEIROS;312;Fio dagua;PARANAIBA;PARANA;SE;SUDESTE;2026-01-02;37.993;40.9034;37.993;40.9034;39.234;92.8846
BAGUARI;141;Fio dagua;DOCE;SUDESTE;SE;SUDESTE;2026-01-02;38.935;22.5911;38.935;22.5911;40.0;172.347
BAIXO IGUACU;83;Fio dagua;IGUACU;IGUACU;S;SUL;2026-01-02;144.125;77.0469;144.125;77.0469;140.416;187.0614
BALBINA;277;Reservatório com Usina;AMAZONAS;MANAUS-AMAPA;N;NORTE;2026-01-02;148.497;176.2785;148.497;176.2785;142.23;84.24
BARIRI;38;Fio dagua;TIETE;PARANA;SE;SUDESTE;2026-01-02;86.507;61.5127;73.94;52.5766;84.061;140.6328
BARRA BRAUNA;185;Fio dagua;PARAIBA DO SUL;SUDESTE;SE;SUDESTE;2026-01-02;14.742;32.4429;14.742;32.4429;14.598;45.4398
BARRA GRANDE;86;Reservatório com Usina;URUGUAI;SUL;S;SUL;2026-01-02;568.724;212.6137;558.817;208.91;579.294;267.4917
BATALHA;20;Reservatório com Usina;PARANAIBA;PARANA;SE;SUDESTE;2026-01-02;14.183;21.707;14.183;21.707;12.757;65.3384
BELO MONTE;288;Fio dagua;AMAZONAS;BELO MONTE;N;NORTE;2026-01-02;3318.518;59.2747;3318.518;59.2747;3300.119;5598.54
BOA ESPERANÇA;190;Reservatório com Usina;PARNAIBA;NORDESTE;NE;NORDESTE;2026-01-02;157.57;65.4735;157.57;65.4735;151.057;240.6624
C. DOURADA;32;Fio dagua;PARANAIBA;PARANA;SE;SUDESTE;2026-01-02;221.394;29.9368;220.853;29.8637;228.583;739.5374
C.BRANCO-1;27;Reservatório com Usina;PARANAIBA;PARANA;SE;SUDESTE;2026-01-02;89.705;29.7306;64.135;21.256;88.578;301.726
C.BRANCO-2;28;Fio dagua;PARANAIBA;PARANA;SE;SUDESTE;2026-01-02;75.584;29.6727;75.584;29.6727;75.272;254.7259
CACHOEIRA CALDEIRAO;204;Fio dagua;ARAGUARI;MANAUS-AMAPA;N;NORTE;2026-01-02;61.798;78.628;58.845;74.8708;62.917;78.5954
CACONDE;14;Reservatório com Usina;GRANDE;PARANA;SE;SUDESTE;2026-01-02;69.326;88.3578;69.326;88.3578;65.392;78.4605
CACU;311;Reservatório com Usina;PARANAIBA;PARANA;SE;SUDESTE;2026-01-02;27.828;41.1937;27.828;41.1937;28.415;67.554
CAMARGOS;1;Reservatório com Usina;GRANDE;PARANA;SE;SUDESTE;2026-01-02;15.501;30.8544;15.501;30.8544;14.238;50.2392
CAMPOS NOVOS;90;Reservatório com Usina;URUGUAI;SUL;S;SUL;2026-01-02;1025.125;265.9126;1025.125;265.9126;1035.171;385.512
CANA BRAVA;252;Fio dagua;TOCANTINS;SUDESTE;SE;SUDESTE;2026-01-02;137.326;23.114;137.326;23.114;136.483;594.1248
CANASTRA;87;Fio dagua;JACUI;SUL;S;SUL;2026-01-02;;;;;;
CANDONGA;139;Fio dagua;DOCE;SUDESTE;SE;SUDESTE;2026-01-02;45.48;37.9697;45.48;37.9697;44.229;119.7798
CANOAS I;52;Fio dagua;PARANAPANEMA;PARANAPANEMA;SE;SUDESTE;2026-01-02;45.654;44.6301;45.654;44.6301;46.411;102.2943
CANOAS II;51;Fio dagua;PARANAPANEMA;PARANAPANEMA;SE;SUDESTE;2026-01-02;37.438;43.8413;37.438;43.8413;38.413;85.3944
CAPIVARA;61;Reservatório com Usina;PARANAPANEMA;PARANAPANEMA;SE;SUDESTE;2026-01-02;415.73;73.8782;415.73;73.8782;445.564;562.7232
CASTRO ALVES;97;Fio dagua;JACUI;SUL;S;SUL;2026-01-02;183.433;248.9266;126.631;171.8438;182.434;73.6896
CHAVANTES;49;Reservatório com Usina;PARANAPANEMA;PARANAPANEMA;SE;SUDESTE;2026-01-02;99.308;31.9623;99.308;31.9623;98.905;310.7031
COARACY NUNES;280;Fio dagua;ARAGUARI;MANAUS-AMAPA;N;NORTE;2026-01-02;78.817;78.2695;39.147;38.8751;78.669;100.6995
COLIDER;228;Fio dagua;AMAZONAS;TELES PIRES;SE;SUDESTE;2026-01-02;180.522;56.6317;67.894;21.2991;124.997;318.7652
CORUMBA;30;Reservatório com Usina;PARANAIBA;PARANA;SE;SUDESTE;2026-01-02;189.94;42.0892;189.94;42.0892;180.788;451.2798
CORUMBA-3;203;Reservatório com Usina;PARANAIBA;PARANA;SE;SUDESTE;2026-01-02;35.765;39.7836;31.947;35.5366;34.301;89.8989
CORUMBA-4;29;Reservatório com Usina;PARANAIBA;PARANA;SE;SUDESTE;2026-01-02;42.842;35.2932;39.924;32.8894;42.086;121.3888
CURUA-UNA;272;Reservatório com Usina;AMAZONAS;BELO MONTE;N;NORTE;2026-01-02;24.399;96.2375;24.399;96.2375;21.188;25.3529
D. FRANCISCA;114;Fio dagua;JACUI;SUL;S;SUL;2026-01-02;258.284;363.0276;79.41;111.6137;260.25;71.1472
DARDANELOS;310;Fio dagua;AMAZONAS;MADEIRA;SE;SUDESTE;2026-01-02;357.344;84.2746;259.158;61.1188;344.057;424.0232
E. DA CUNHA;15;Fio dagua;GRANDE;PARANA;SE;SUDESTE;2026-01-02;96.093;83.1752;96.093;83.1752;95.815;115.5308
EMBORCAÇÃO;24;Reservatório com Usina;PARANAIBA;PARANA;SE;SUDESTE;2026-01-02;203.148;20.3716;203.148;20.3716;190.813;997.2102
ESPORA;290;Reservatório com Usina;PARANAIBA;PARANA;SE;SUDESTE;2026-01-02;22.847;71.024;22.847;71.024;21.089;32.168
ESTREITO;267;Fio dagua;TOCANTINS;NORTE;N;NORTE;2026-01-02;514.96;36.5628;514.96;36.5628;458.891;1408.425
FERREIRA GOMES;284;Fio dagua;ARAGUARI;MANAUS-AMAPA;N;NORTE;2026-01-02;66.071;78.0119;66.071;78.0119;69.763;84.6935
FONTES;132;Fio dagua;PARAIBA DO SUL;SUDESTE;SE;SUDESTE;2026-01-02;25.258;20.7777;25.258;20.7777;25.209;121.563
FOZ CHAPECO;103;Fio dagua;URUGUAI;SUL;S;SUL;2026-01-02;2265.513;585.9871;1080.435;279.4603;2145.083;386.6148
FOZ DO RIO CLARO;315;Fio dagua;PARANAIBA;PARANA;SE;SUDESTE;2026-01-02;29.813;40.1549;29.813;40.1549;29.851;74.245
FUNDÃO;72;Fio dagua;IGUACU;IGUACU;S;SUL;2026-01-02;69.222;84.1714;65.069;79.1215;69.736;82.2393
FUNIL;123;Reservatório com Usina;PARAIBA DO SUL;SUDESTE;SE;SUDESTE;2026-01-02;63.02;30.2247;63.02;30.2247;55.749;208.505
FUNIL-MG;4;Fio dagua;GRANDE;PARANA;SE;SUDESTE;2026-01-02;75.267;37.2069;75.267;37.2069;77.389;202.293
FURNAS;6;Reservatório com Usina;GRANDE;PARANA;SE;SUDESTE;2026-01-02;489.101;35.1607;489.101;35.1607;470.465;1391.043
G. B. MUNHOZ;74;Reservatório com Usina;IGUACU;IGUACU;S;SUL;2026-01-02;480.561;70.9774;480.561;70.9774;477.513;677.0622
G. P. SOUZA;115;Reservatório com Usina;CAPIVARI;SUL;S;SUL;2026-01-02;110.881;69.8001;110.881;69.8001;110.77;158.855
GARIBALDI;89;Reservatório com Usina;URUGUAI;SUL;S;SUL;2026-01-02;241.69;296.2937;222.866;273.2169;242.824;81.5711
GOV JAYME CANET JR;57;Reservatório com Usina;PARANAPANEMA;IGUACU;S;SUL;2026-01-02;156.119;48.777;134.082;41.8919;156.703;320.067
GUAPORE;196;Fio dagua;AMAZONAS;MADEIRA;SE;SUDESTE;2026-01-02;59.846;107.5841;59.846;107.5841;59.742;55.6272
GUILM. AMORIM;192;Fio dagua;DOCE;SUDESTE;SE;SUDESTE;2026-01-02;38.06;25.5476;38.06;25.5476;37.886;148.9768
HENRY BORDEN;119;Fio dagua;TIETE;SUDESTE;SE;SUDESTE;2026-01-02;247.569;65.0447;247.569;65.0447;247.491;380.6136
I. SOLTEIRA;34;Reservatório com Usina;PARANA;PARANA;SE;SUDESTE;2026-01-02;1026.38;30.6084;1026.38;30.6084;1045.005;3353.2623
IBITINGA;39;Fio dagua;TIETE;PARANA;SE;SUDESTE;2026-01-02;109.005;69.1132;102.057;64.7079;109.4;157.7196
IGARAPAVA;10;Fio dagua;GRANDE;PARANA;SE;SUDESTE;2026-01-02;91.671;29.8419;91.671;29.8419;94.217;307.1891
ILHA POMBOS;130;Fio dagua;PARAIBA DO SUL;SUDESTE;SE;SUDESTE;2026-01-02;58.231;25.0012;58.231;25.0012;59.24;232.9124
IRAPE;148;Reservatório com Usina;JEQUITINHONHA;SUDESTE;SE;SUDESTE;2026-01-02;80.004;16.6818;80.004;16.6818;78.899;479.589
ITÁ;92;Fio dagua;URUGUAI;SUL;S;SUL;2026-01-02;2727.408;424.0651;1631.219;253.6265;2666.43;643.1579
ITAIPU;66;Fio dagua;PARANA;ITAIPU;SE;SUDESTE;2026-01-02;9028.099;60.0427;9028.099;60.0427;9301.579;15036.1432
ITAPEBI;154;Fio dagua;JEQUITINHONHA;NORDESTE;NE;NORDESTE;2026-01-02;35.771;6.4637;2.166;0.3914;36.393;553.41
ITAUBA;113;Fio dagua;JACUI;SUL;S;SUL;2026-01-02;508.951;387.2128;407.727;310.201;474.24;131.4396
ITIQUIRA I;304;Fio dagua;PARAGUAI;SUDESTE;SE;SUDESTE;2026-01-02;38.54;50.6562;38.54;50.6562;38.497;76.0815
ITIQUIRA II;305;Fio dagua;PARAGUAI;SUDESTE;SE;SUDESTE;2026-01-02;61.379;50.6569;61.379;50.6569;61.476;121.1661
ITUMBIARA;31;Reservatório com Usina;PARANAIBA;PARANA;SE;SUDESTE;2026-01-02;564.978;30.7461;564.978;30.7461;506.683;1837.5605
ITUTINGA;2;Fio dagua;GRANDE;PARANA;SE;SUDESTE;2026-01-02;18.197;30.8552;18.197;30.8552;18.632;58.9754
JACUI;112;Fio dagua;JACUI;SUL;S;SUL;2026-01-02;475.303;423.9647;42.768;38.1486;493.329;112.1091
JAGUARA;9;Fio dagua;GRANDE;PARANA;SE;SUDESTE;2026-01-02;237.082;30.5603;237.082;30.5603;241.939;775.7848
JAGUARI;120;Reservatório com Usina;PARAIBA DO SUL;SUDESTE;SE;SUDESTE;2026-01-02;4.492;19.7736;2.427;10.6835;4.173;22.7172
JAURU;195;Fio dagua;PARAGUAI;SUDESTE;SE;SUDESTE;2026-01-02;72.907;81.6874;72.907;81.6874;72.6;89.2512
JIRAU;285;Fio dagua;AMAZONAS;MADEIRA;SE;SUDESTE;2026-01-02;4203.839;115.347;3425.894;94.0014;3820.614;3644.515
JUPIA;45;Fio dagua;PARANA;PARANA;SE;SUDESTE;2026-01-02;635.771;34.2354;635.771;34.2354;653.727;1857.06
JURUENA;309;Fio dagua;AMAZONAS;TELES PIRES;SE;SUDESTE;2026-01-02;42.525;89.5188;37.775;79.5196;43.895;47.504
JURUMIRIM;47;Reservatório com Usina;PARANAPANEMA;PARANAPANEMA;SE;SUDESTE;2026-01-02;33.675;35.7534;33.675;35.7534;33.536;94.1868
L. C. BARRETO;8;Fio dagua;GRANDE;PARANA;SE;SUDESTE;2026-01-02;328.862;31.0025;328.862;31.0025;329.999;1060.7587
LAJEADO;261;Fio dagua;TOCANTINS;SUDESTE;SE;SUDESTE;2026-01-02;375.556;26.2184;375.225;26.1953;371.251;1432.4115
LIMOEIRO;16;Fio dagua;GRANDE;PARANA;SE;SUDESTE;2026-01-02;27.855;80.3171;27.855;80.3171;27.716;34.6813
LUIZ GONZAGA;172;Reservatório com Usina;SAO FRANCISCO;NORDESTE;NE;NORDESTE;2026-01-02;1019.927;51.4032;1019.927;51.4032;985.582;1984.17
M. MORAES;7;Reservatório com Usina;GRANDE;PARANA;SE;SUDESTE;2026-01-02;210.308;31.7391;210.308;31.7391;222.295;662.6139
MACHADINHO;91;Reservatório com Usina;URUGUAI;SUL;S;SUL;2026-01-02;1235.153;270.0461;1235.153;270.0461;1253.108;457.3859
MANSO;278;Reservatório com Usina;PARAGUAI;SUDESTE;SE;SUDESTE;2026-01-02;65.319;43.4394;65.319;43.4394;64.817;150.368
MARIMBONDO;17;Reservatório com Usina;GRANDE;PARANA;SE;SUDESTE;2026-01-02;492.302;29.6362;492.302;29.6362;437.989;1661.1515
MASCARENHAS;144;Fio dagua;DOCE;SUDESTE;SE;SUDESTE;2026-01-02;58.498;16.4674;58.498;16.4674;58.983;355.2354
MIRANDA;26;Reservatório com Usina;PARANAIBA;PARANA;SE;SUDESTE;2026-01-02;107.397;29.8898;107.397;29.8898;107.356;359.31
MONJOLINHO;94;Fio dagua;URUGUAI;SUL;S;SUL;2026-01-02;117.407;350.678;87.707;261.9683;117.104;33.48
MONTE CLARO;98;Fio dagua;JACUI;SUL;S;SUL;2026-01-02;137.143;239.0742;93.235;162.5317;137.125;57.3642
N. AVANHANDAVA;42;Fio dagua;TIETE;PARANA;SE;SUDESTE;2026-01-02;203.661;62.2588;203.661;62.2588;201.552;327.12
NILO PEÇANHA;131;Fio dagua;PARAIBA DO SUL;SUDESTE;SE;SUDESTE;2026-01-02;258.741;67.3357;258.741;67.3357;259.08;384.2553
NOVA PONTE;25;Reservatório com Usina;PARANAIBA;PARANA;SE;SUDESTE;2026-01-02;162.043;32.9902;162.043;32.9902;142.563;491.1852
OURINHOS;249;Fio dagua;PARANAPANEMA;PARANAPANEMA;SE;SUDESTE;2026-01-02;15.772;32.2102;15.772;32.2102;16.875;48.9658
P. AFONSO 1,2,3;174;Fio dagua;SAO FRANCISCO;NORDESTE;NE;NORDESTE;2026-01-02;875.87;51.4262;875.87;51.4262;138.8;1703.16
P. AFONSO 4;175;Fio dagua;SAO FRANCISCO;NORDESTE;NE;NORDESTE;2026-01-02;1253.646;51.4261;1253.646;51.4261;2185.569;2437.7598
P. COLOMBIA;12;Fio dagua;GRANDE;PARANA;SE;SUDESTE;2026-01-02;143.902;29.7884;143.902;29.7884;148.57;483.0812
PARAIBUNA;121;Reservatório com Usina;PARAIBA DO SUL;SUDESTE;SE;SUDESTE;2026-01-02;27.86;37.8669;27.86;37.8669;26.136;73.5735
PARANAPANEMA;53;Fio dagua;PARANAPANEMA;PARANAPANEMA;SE;SUDESTE;2026-01-02;14.677;34.7776;14.677;34.7776;15.315;42.2025
PASSO FUNDO;93;Reservatório com Usina;URUGUAI;SUL;S;SUL;2026-01-02;271.363;348.4284;271.363;348.4284;273.06;77.882
PASSO REAL;111;Reservatório com Usina;JACUI;SUL;S;SUL;2026-01-02;219.723;426.2493;98.217;190.535;229.474;51.548
PASSO SAO JOAO;102;Fio dagua;URUGUAI;SUL;S;SUL;2026-01-02;230.088;516.6163;78.661;176.6175;218.347;44.5375
PEDRA DO CAVALO;189;Reservatório com Usina;PARAGUACU;NORDESTE;NE;NORDESTE;2026-01-02;1.678;1.1565;1.678;1.1565;1.702;145.0899
PEIXE ANGICAL;257;Reservatório com Usina;TOCANTINS;SUDESTE;SE;SUDESTE;2026-01-02;188.115;25.8678;188.115;25.8678;187.309;727.216
PEREIRA PASSOS;133;Fio dagua;PARAIBA DO SUL;SUDESTE;SE;SUDESTE;2026-01-02;34.153;56.1908;34.153;56.1908;34.558;60.7804
PICADA;126;Fio dagua;PARAIBA DO SUL;SUDESTE;SE;SUDESTE;2026-01-02;23.311;32.564;23.311;32.564;23.293;71.5852
PIMENTAL;314;Fio dagua;AMAZONAS;BELO MONTE;N;NORTE;2026-01-02;113.447;80.8407;113.447;80.8407;108.991;140.334
PIRAJU;48;Fio dagua;PARANAPANEMA;PARANAPANEMA;SE;SUDESTE;2026-01-02;26.544;34.776;26.544;34.776;27.423;76.3286
PONTE DE PEDRA;281;Fio dagua;PARAGUAI;SUDESTE;SE;SUDESTE;2026-01-02;147.336;77.4997;116.388;61.2209;147.843;190.1116
PORTO ESTRELA;135;Reservatório com Usina;DOCE;SUDESTE;SE;SUDESTE;2026-01-02;21.748;15.8362;21.748;15.8362;20.59;137.3307
PORTO PRIMAVERA;46;Fio dagua;PARANA;PARANA;SE;SUDESTE;2026-01-02;738.944;37.6152;738.944;37.6152;762.789;1964.48
PROMISSÃO;40;Reservatório com Usina;TIETE;PARANA;SE;SUDESTE;2026-01-02;154.921;66.4834;101.032;43.3573;158.44;233.022
QUEBRA QUEIXO;95;Reservatório com Usina;URUGUAI;SUL;S;SUL;2026-01-02;70.856;118.0343;70.856;118.0343;70.498;60.03
QUEIMADO;162;Reservatório com Usina;SAO FRANCISCO;SUDESTE;SE;SUDESTE;2026-01-02;43.569;34.4935;43.569;34.4935;42.086;126.3108
RETIRO BAIXO;155;Reservatório com Usina;SAO FRANCISCO;SUDESTE;SE;SUDESTE;2026-01-02;19.661;18.5362;19.661;18.5362;19.596;106.0682
RONDON II;276;Reservatório com Usina;AMAZONAS;MADEIRA;SE;SUDESTE;2026-01-02;85.907;140.0168;85.907;140.0168;83.277;61.3548
ROSAL;217;Fio dagua;ITABAPOANA;SUDESTE;SE;SUDESTE;2026-01-02;29.293;28.4099;27.603;26.7709;29.161;103.1083
ROSANA;63;Fio dagua;PARANAPANEMA;PARANAPANEMA;SE;SUDESTE;2026-01-02;200.864;62.7046;200.864;62.7046;207.532;320.334
S.DO FACÃO;21;Reservatório com Usina;PARANAIBA;PARANA;SE;SUDESTE;2026-01-02;42.289;21.3673;42.289;21.3673;39.931;197.9145
S.R.VERDINHO;241;Fio dagua;PARANAIBA;PARANA;SE;SUDESTE;2026-01-02;44.133;45.8909;44.133;45.8909;44.653;96.1694
SA CARVALHO;193;Fio dagua;DOCE;SUDESTE;SE;SUDESTE;2026-01-02;34.132;22.6399;33.195;22.0184;34.164;150.7604
SALTO;262;Fio dagua;PARANAIBA;PARANA;SE;SUDESTE;2026-01-02;49.77;46.8436;49.77;46.8436;49.952;106.2472
SALTO CAXIAS;82;Fio dagua;IGUACU;IGUACU;S;SUL;2026-01-02;515.33;77.4508;515.33;77.4508;512.962;665.3644
SALTO GRANDE CM;134;Fio dagua;DOCE;SUDESTE;SE;SUDESTE;2026-01-02;37.838;16.4389;37.036;16.0904;37.683;230.174
SALTO GRANDE CS;50;Fio dagua;PARANAPANEMA;PARANAPANEMA;SE;SUDESTE;2026-01-02;42.368;43.7506;34.508;35.6341;44.74;96.8399
SALTO OSORIO;78;Fio dagua;IGUACU;IGUACU;S;SUL;2026-01-02;397.744;72.1679;397.744;72.1679;402.635;551.1373
SALTO PILAO;215;Fio dagua;ITAJAI;SUL;S;SUL;2026-01-02;239.318;117.9653;144.056;71.0085;238.946;202.8715
SALTO SANTIAGO;77;Reservatório com Usina;IGUACU;IGUACU;S;SUL;2026-01-02;620.866;75.4837;620.866;75.4837;644.431;822.5162
SAMUEL;279;Reservatório com Usina;AMAZONAS;MADEIRA;SE;SUDESTE;2026-01-02;158.655;117.7092;158.655;117.7092;142.685;134.7856
SANTA BRANCA;122;Reservatório com Usina;PARAIBA DO SUL;SUDESTE;SE;SUDESTE;2026-01-02;16.861;38.192;16.861;38.192;14.479;44.148
SANTA CLARA-PR;71;Reservatório com Usina;IGUACU;IGUACU;S;SUL;2026-01-02;64.098;83.915;64.098;83.915;64.53;76.3844
SANTO ANTONIO;287;Fio dagua;AMAZONAS;MADEIRA;SE;SUDESTE;2026-01-02;4197.363;110.63;3231.568;85.1745;3617.79;3794.0553
SAO DOMINGOS;153;Fio dagua;PARANA;PARANA;SE;SUDESTE;2026-01-02;25.023;54.6856;23.18;50.6579;24.917;45.7579
SAO JOSE;101;Fio dagua;URUGUAI;SUL;S;SUL;2026-01-02;163.934;516.5195;35.667;112.3788;155.692;31.7382
SAO MANOEL;230;Fio dagua;AMAZONAS;TELES PIRES;SE;SUDESTE;2026-01-02;697.64;84.3346;687.212;83.074;636.578;827.2283
SAO ROQUE;88;Reservatório com Usina;URUGUAI;SUL;S;SUL;2026-01-02;257.941;321.6322;257.941;321.6322;261.171;80.1975
SAO SALVADOR;253;Fio dagua;TOCANTINS;SUDESTE;SE;SUDESTE;2026-01-02;87.069;23.9457;87.069;23.9457;90.417;363.6108
SÃO SIMÃO;33;Reservatório com Usina;PARANAIBA;PARANA;SE;SUDESTE;2026-01-02;721.026;28.7527;721.026;28.7527;691.541;2507.683
SEGREDO;76;Reservatório com Usina;IGUACU;IGUACU;S;SUL;2026-01-02;548.131;75.2282;548.131;75.2282;545.744;728.624
SERRA DA MESA;251;Reservatório com Usina;TOCANTINS;SUDESTE;SE;SUDESTE;2026-01-02;314.565;21.9891;314.565;21.9891;306.818;1430.55
SIMPLICIO;129;Fio dagua;PARAIBA DO SUL;SUDESTE;SE;SUDESTE;2026-01-02;89.83;28.3794;89.83;28.3794;90.541;316.53285
SINOP;227;Reservatório com Usina;AMAZONAS;TELES PIRES;SE;SUDESTE;2026-01-02;197.3;57.8063;190.25;55.7407;153.301;341.3124
SOBRADINHO;169;Reservatório com Usina;SAO FRANCISCO;NORDESTE;NE;NORDESTE;2026-01-02;583.829;53.6321;583.829;53.6321;536.495;1088.5805
SOBRAGI;127;Fio dagua;PARAIBA DO SUL;SUDESTE;SE;SUDESTE;2026-01-02;29.415;32.8476;22.968;25.6482;29.494;89.55
STA.CLARA-MG;283;Fio dagua;MUCURI;SUDESTE;SE;SUDESTE;2026-01-02;9.534;12.8547;9.534;12.8547;9.428;74.1675
STO ANTONIO DO JARI;286;Fio dagua;AMAZONAS;MANAUS-AMAPA;N;NORTE;2026-01-02;87.931;55.1279;87.931;55.1279;91.241;159.5035
SUIÇA;145;Fio dagua;SANTA MARIA VIT;SUDESTE;SE;SUDESTE;2026-01-02;5.262;12.4503;5.262;12.4503;5.22;42.264
TAQUARUÇU;62;Fio dagua;PARANAPANEMA;PARANAPANEMA;SE;SUDESTE;2026-01-02;235.935;67.4471;235.935;67.4471;230.447;349.8075
TELES PIRES;229;Fio dagua;AMAZONAS;TELES PIRES;SE;SUDESTE;2026-01-02;1526.722;83.5173;1478.709;80.8908;1547.519;1828.0318
TRÊS IRMÃOS;43;Reservatório com Usina;TIETE;PARANA;SE;SUDESTE;2026-01-02;252.911;51.127;252.911;51.127;255.964;494.6725
TRÊS MARIAS;156;Reservatório com Usina;SAO FRANCISCO;SUDESTE;SE;SUDESTE;2026-01-02;149.19;24.0126;149.19;24.0126;144.068;621.3
TUCURUI;275;Reservatório com Usina;TOCANTINS;NORTE;N;NORTE;2026-01-02;3816.95;47.0909;3816.95;47.0909;3455.64;8105.5008
VOLTA GRANDE;11;Fio dagua;GRANDE;PARANA;SE;SUDESTE;2026-01-02;155.855;29.5085;155.855;29.5085;153.934;528.1696
XINGO;178;Fio dagua;SAO FRANCISCO;NORDESTE;NE;NORDESTE;2026-01-02;2378.558;49.3017;2378.558;49.3017;2424.043;4824.4975
14 DE JULHO;99;Fio dagua;JACUI;SUL;S;SUL;2026-01-03;104.758;206.7505;85.757;169.2501;101.145;50.6688
A. VERMELHA;18;Reservatório com Usina;GRANDE;PARANA;SE;SUDESTE;2026-01-03;506.192;30.5889;506.192;30.5889;473.566;1654.825
AIMORES;143;Fio dagua;DOCE;SUDESTE;SE;SUDESTE;2026-01-03;69.961;17.8524;69.961;17.8524;72.359;391.8856
APOLONIO SALES;173;Fio dagua;SAO FRANCISCO;NORDESTE;NE;NORDESTE;2026-01-03;229.274;52.5199;229.274;52.5199;53.083;436.5468
B. BONITA;37;Reservatório com Usina;TIETE;PARANA;SE;SUDESTE;2026-01-03;59.885;49.6598;48.341;40.0869;59.619;120.5904
B.COQUEIROS;312;Fio dagua;PARANAIBA;PARANA;SE;SUDESTE;2026-01-03;39.699;42.7401;39.699;42.7401;41.128;92.8846
BAGUARI;141;Fio dagua;DOCE;SUDESTE;SE;SUDESTE;2026-01-03;43.988;25.5229;43.988;25.5229;45.377;172.347
BAIXO IGUACU;83;Fio dagua;IGUACU;IGUACU;S;SUL;2026-01-03;173.493;92.7466;163.579;87.4467;165.566;187.0614
BALBINA;277;Reservatório com Usina;AMAZONAS;MANAUS-AMAPA;N;NORTE;2026-01-03;134.886;160.1211;134.886;160.1211;123.604;84.24
BARIRI;38;Fio dagua;TIETE;PARANA;SE;SUDESTE;2026-01-03;75.596;53.7542;75.596;53.7542;75.027;140.6328
BARRA BRAUNA;185;Fio dagua;PARAIBA DO SUL;SUDESTE;SE;SUDESTE;2026-01-03;14.679;32.3043;14.679;32.3043;14.333;45.4398
BARRA GRANDE;86;Reservatório com Usina;URUGUAI;SUL;S;SUL;2026-01-03;412.73;154.2964;402.823;150.5927;420.75;267.4917
BATALHA;20;Reservatório com Usina;PARANAIBA;PARANA;SE;SUDESTE;2026-01-03;14.126;21.6198;14.126;21.6198;12.684;65.3384
BELO MONTE;288;Fio dagua;AMAZONAS;BELO MONTE;N;NORTE;2026-01-03;3361.457;60.0417;3361.457;60.0417;3359.298;5598.54
BOA ESPERANÇA;190;Reservatório com Usina;PARNAIBA;NORDESTE;NE;NORDESTE;2026-01-03;156.378;64.9782;156.378;64.9782;149.693;240.6624
C. DOURADA;32;Fio dagua;PARANAIBA;PARANA;SE;SUDESTE;2026-01-03;223.599;30.235;222.248;30.0523;233.979;739.5374
C.BRANCO-1;27;Reservatório com Usina;PARANAIBA;PARANA;SE;SUDESTE;2026-01-03;90.39;29.9576;53.058;17.5848;88.444;301.726
C.BRANCO-2;28;Fio dagua;PARANAIBA;PARANA;SE;SUDESTE;2026-01-03;74.187;29.1242;58.762;23.0687;73.462;254.7259
CACHOEIRA CALDEIRAO;204;Fio dagua;ARAGUARI;MANAUS-AMAPA;N;NORTE;2026-01-03;63.186;80.394;57.14;72.7015;65.589;78.5954
CACONDE;14;Reservatório com Usina;GRANDE;PARANA;SE;SUDESTE;2026-01-03;67.6;86.158;67.6;86.158;63.869;78.4605
CACU;311;Reservatório com Usina;PARANAIBA;PARANA;SE;SUDESTE;2026-01-03;29.136;43.1299;29.136;43.1299;29.889;67.554
CAMARGOS;1;Reservatório com Usina;GRANDE;PARANA;SE;SUDESTE;2026-01-03;15.558;30.9678;15.558;30.9678;14.369;50.2392
CAMPOS NOVOS;90;Reservatório com Usina;URUGUAI;SUL;S;SUL;2026-01-03;1078.486;279.7542;1078.486;279.7542;1090.763;385.512
CANA BRAVA;252;Fio dagua;TOCANTINS;SUDESTE;SE;SUDESTE;2026-01-03;143.967;24.2318;143.967;24.2318;142.456;594.1248
CANASTRA;87;Fio dagua;JACUI;SUL;S;SUL;2026-01-03;;;;;;
CANDONGA;139;Fio dagua;DOCE;SUDESTE;SE;SUDESTE;2026-01-03;40.117;33.4923;40.117;33.4923;39.014;119.7798
CANOAS I;52;Fio dagua;PARANAPANEMA;PARANAPANEMA;SE;SUDESTE;2026-01-03;51.242;50.0927;51.242;50.0927;52.311;102.2943
CANOAS II;51;Fio dagua;PARANAPANEMA;PARANAPANEMA;SE;SUDESTE;2026-01-03;41.864;49.0243;41.864;49.0243;43.013;85.3944
CAPIVARA;61;Reservatório com Usina;PARANAPANEMA;PARANAPANEMA;SE;SUDESTE;2026-01-03;465.282;82.684;465.282;82.684;500.798;562.7232
CASTRO ALVES;97;Fio dagua;JACUI;SUL;S;SUL;2026-01-03;133.501;181.1667;122.755;166.5839;132.509;73.6896
CHAVANTES;49;Reservatório com Usina;PARANAPANEMA;PARANAPANEMA;SE;SUDESTE;2026-01-03;110.272;35.4911;110.272;35.4911;110.013;310.7031
COARACY NUNES;280;Fio dagua;ARAGUARI;MANAUS-AMAPA;N;NORTE;2026-01-03;80.764;80.203;70.533;70.043;80.051;100.6995
COLIDER;228;Fio dagua;AMAZONAS;TELES PIRES;SE;SUDESTE;2026-01-03;182.719;57.3209;125.989;39.5241;128.691;318.7652
CORUMBA;30;Reservatório com Usina;PARANAIBA;PARANA;SE;SUDESTE;2026-01-03;166.766;36.954;166.766;36.954;158.05;451.2798
CORUMBA-3;203;Reservatório com Usina;PARANAIBA;PARANA;SE;SUDESTE;2026-01-03;32.235;35.8569;28.764;31.9959;30.916;89.8989
CORUMBA-4;29;Reservatório com Usina;PARANAIBA;PARANA;SE;SUDESTE;2026-01-03;44.552;36.7019;41.634;34.2981;43.752;121.3888
CURUA-UNA;272;Reservatório com Usina;AMAZONAS;BELO MONTE;N;NORTE;2026-01-03;23.187;91.457;23.187;91.457;20.099;25.3529
D. FRANCISCA;114;Fio dagua;JACUI;SUL;S;SUL;2026-01-03;213.589;300.2072;135.394;190.3012;219.566;71.1472
DARDANELOS;310;Fio dagua;AMAZONAS;MADEIRA;SE;SUDESTE;2026-01-03;349.463;82.416;196.536;46.3503;339.016;424.0232
E. DA CUNHA;15;Fio dagua;GRANDE;PARANA;SE;SUDESTE;2026-01-03;100.954;87.3828;100.954;87.3828;98.556;115.5308
EMBORCAÇÃO;24;Reservatório com Usina;PARANAIBA;PARANA;SE;SUDESTE;2026-01-03;209.507;21.0093;209.507;21.0093;196.998;997.2102
ESPORA;290;Reservatório com Usina;PARANAIBA;PARANA;SE;SUDESTE;2026-01-03;22.843;71.0116;22.843;71.0116;21.09;32.168
ESTREITO;267;Fio dagua;TOCANTINS;NORTE;N;NORTE;2026-01-03;542.139;38.4926;542.139;38.4926;518.335;1408.425
FERREIRA GOMES;284;Fio dagua;ARAGUARI;MANAUS-AMAPA;N;NORTE;2026-01-03;67.855;80.1183;67.855;80.1183;72.131;84.6935
FONTES;132;Fio dagua;PARAIBA DO SUL;SUDESTE;SE;SUDESTE;2026-01-03;25.042;20.6;25.042;20.6;24.996;121.563
FOZ CHAPECO;103;Fio dagua;URUGUAI;SUL;S;SUL;2026-01-03;1605.321;415.2249;1348.479;348.7914;1561.066;386.6148
FOZ DO RIO CLARO;315;Fio dagua;PARANAIBA;PARANA;SE;SUDESTE;2026-01-03;31.003;41.7577;31.003;41.7577;30.938;74.245
FUNDÃO;72;Fio dagua;IGUACU;IGUACU;S;SUL;2026-01-03;64.662;78.6266;45.556;55.3944;65.384;82.2393
FUNIL;123;Reservatório com Usina;PARAIBA DO SUL;SUDESTE;SE;SUDESTE;2026-01-03;63.41;30.4117;63.41;30.4117;55.849;208.505
FUNIL-MG;4;Fio dagua;GRANDE;PARANA;SE;SUDESTE;2026-01-03;69.525;34.3685;69.525;34.3685;71.591;202.293
FURNAS;6;Reservatório com Usina;GRANDE;PARANA;SE;SUDESTE;2026-01-03;536.108;38.54;536.108;38.54;512.181;1391.043
G. B. MUNHOZ;74;Reservatório com Usina;IGUACU;IGUACU;S;SUL;2026-01-03;555.114;81.9886;555.114;81.9886;549.958;677.0622
G. P. SOUZA;115;Reservatório com Usina;CAPIVARI;SUL;S;SUL;2026-01-03;87.307;54.9602;87.307;54.9602;87.208;158.855
GARIBALDI;89;Reservatório com Usina;URUGUAI;SUL;S;SUL;2026-01-03;248.773;304.9769;248.773;304.9769;249.243;81.5711
GOV JAYME CANET JR;57;Reservatório com Usina;PARANAPANEMA;IGUACU;S;SUL;2026-01-03;149.949;46.8493;113.22;35.3738;150.754;320.067
GUAPORE;196;Fio dagua;AMAZONAS;MADEIRA;SE;SUDESTE;2026-01-03;59.907;107.6937;59.907;107.6937;59.797;55.6272
GUILM. AMORIM;192;Fio dagua;DOCE;SUDESTE;SE;SUDESTE;2026-01-03;64.241;43.1215;64.241;43.1215;63.775;148.9768
HENRY BORDEN;119;Fio dagua;TIETE;SUDESTE;SE;SUDESTE;2026-01-03;250.58;65.8358;250.58;65.8358;250.501;380.6136
I. SOLTEIRA;34;Reservatório com Usina;PARANA;PARANA;SE;SUDESTE;2026-01-03;1038.269;30.963;1038.269;30.963;1059.664;3353.2623
IBITINGA;39;Fio dagua;TIETE;PARANA;SE;SUDESTE;2026-01-03;96.76;61.3494;96.76;61.3494;97.016;157.7196
IGARAPAVA;10;Fio dagua;GRANDE;PARANA;SE;SUDESTE;2026-01-03;102.892;33.4947;102.892;33.4947;106.601;307.1891
ILHA POMBOS;130;Fio dagua;PARAIBA DO SUL;SUDESTE;SE;SUDESTE;2026-01-03;62.065;26.6474;62.065;26.6474;62.673;232.9124
IRAPE;148;Reservatório com Usina;JEQUITINHONHA;SUDESTE;SE;SUDESTE;2026-01-03;99.159;20.6758;99.159;20.6758;98.265;479.589
ITÁ;92;Fio dagua;URUGUAI;SUL;S;SUL;2026-01-03;1904.766;296.1584;1664.605;258.8175;1888.951;643.1579
ITAIPU;66;Fio dagua;PARANA;ITAIPU;SE;SUDESTE;2026-01-03;8658.044;57.5815;8658.044;57.5815;8911.149;15036.1432
ITAPEBI;154;Fio dagua;JEQUITINHONHA;NORDESTE;NE;NORDESTE;2026-01-03;33.033;5.969;9.438;1.7054;33.444;553.41
ITAUBA;113;Fio dagua;JACUI;SUL;S;SUL;2026-01-03;427.148;324.9766;427.148;324.9766;409.569;131.4396
ITIQUIRA I;304;Fio dagua;PARAGUAI;SUDESTE;SE;SUDESTE;2026-01-03;38.579;50.7075;38.579;50.7075;38.575;76.0815
ITIQUIRA II;305;Fio dagua;PARAGUAI;SUDESTE;SE;SUDESTE;2026-01-03;61.44;50.7073;61.44;50.7073;61.604;121.1661
ITUMBIARA;31;Reservatório com Usina;PARANAIBA;PARANA;SE;SUDESTE;2026-01-03;559.131;30.4279;559.131;30.4279;501.44;1837.5605
ITUTINGA;2;Fio dagua;GRANDE;PARANA;SE;SUDESTE;2026-01-03;18.263;30.9671;18.263;30.9671;18.725;58.9754
JACUI;112;Fio dagua;JACUI;SUL;S;SUL;2026-01-03;376.559;335.8862;18.764;16.7373;389.641;112.1091
JAGUARA;9;Fio dagua;GRANDE;PARANA;SE;SUDESTE;2026-01-03;269.888;34.789;269.888;34.789;271.378;775.7848
JAGUARI;120;Reservatório com Usina;PARAIBA DO SUL;SUDESTE;SE;SUDESTE;2026-01-03;4.058;17.8631;0.0;0.0;3.755;22.7172
JAURU;195;Fio dagua;PARAGUAI;SUDESTE;SE;SUDESTE;2026-01-03;75.064;84.1042;75.064;84.1042;74.898;89.2512
JIRAU;285;Fio dagua;AMAZONAS;MADEIRA;SE;SUDESTE;2026-01-03;4308.688;118.2239;3181.528;87.2963;3900.786;3644.515
JUPIA;45;Fio dagua;PARANA;PARANA;SE;SUDESTE;2026-01-03;655.45;35.295;655.45;35.295;673.962;1857.06
JURUENA;309;Fio dagua;AMAZONAS;TELES PIRES;SE;SUDESTE;2026-01-03;42.273;88.9883;27.428;57.7383;43.648;47.504
JURUMIRIM;47;Reservatório com Usina;PARANAPANEMA;PARANAPANEMA;SE;SUDESTE;2026-01-03;35.442;37.6295;35.442;37.6295;35.318;94.1868
L. C. BARRETO;8;Fio dagua;GRANDE;PARANA;SE;SUDESTE;2026-01-03;377.192;35.5587;377.192;35.5587;381.641;1060.7587
LAJEADO;261;Fio dagua;TOCANTINS;SUDESTE;SE;SUDESTE;2026-01-03;412.734;28.8139;412.734;28.8139;421.509;1432.4115
LIMOEIRO;16;Fio dagua;GRANDE;PARANA;SE;SUDESTE;2026-01-03;29.994;86.4846;29.994;86.4846;29.166;34.6813
LUIZ GONZAGA;172;Reservatório com Usina;SAO FRANCISCO;NORDESTE;NE;NORDESTE;2026-01-03;1041.618;52.4964;1041.618;52.4964;1006.954;1984.17
M. MORAES;7;Reservatório com Usina;GRANDE;PARANA;SE;SUDESTE;2026-01-03;242.616;36.615;242.616;36.615;256.081;662.6139
MACHADINHO;91;Reservatório com Usina;URUGUAI;SUL;S;SUL;2026-01-03;1084.207;237.0443;1084.207;237.0443;1097.848;457.3859
MANSO;278;Reservatório com Usina;PARAGUAI;SUDESTE;SE;SUDESTE;2026-01-03;65.126;43.3111;65.126;43.3111;64.593;150.368
MARIMBONDO;17;Reservatório com Usina;GRANDE;PARANA;SE;SUDESTE;2026-01-03;542.157;32.6374;542.157;32.6374;472.951;1661.1515
MASCARENHAS;144;Fio dagua;DOCE;SUDESTE;SE;SUDESTE;2026-01-03;64.585;18.1809;64.585;18.1809;65.178;355.2354
MIRANDA;26;Reservatório com Usina;PARANAIBA;PARANA;SE;SUDESTE;2026-01-03;109.435;30.457;109.435;30.457;109.128;359.31
MONJOLINHO;94;Fio dagua;URUGUAI;SUL;S;SUL;2026-01-03;103.172;308.1601;90.752;271.0633;103.612;33.48
MONTE CLARO;98;Fio dagua;JACUI;SUL;S;SUL;2026-01-03;112.632;196.3455;74.035;129.0613;112.788;57.3642
N. AVANHANDAVA;42;Fio dagua;TIETE;PARANA;SE;SUDESTE;2026-01-03;211.395;64.6231;211.395;64.6231;209.137;327.12
NILO PEÇANHA;131;Fio dagua;PARAIBA DO SUL;SUDESTE;SE;SUDESTE;2026-01-03;266.722;69.4127;266.722;69.4127;267.158;384.2553
NOVA PONTE;25;Reservatório com Usina;PARANAIBA;PARANA;SE;SUDESTE;2026-01-03;167.061;34.0118;167.061;34.0118;146.668;491.1852
OURINHOS;249;Fio dagua;PARANAPANEMA;PARANAPANEMA;SE;SUDESTE;2026-01-03;17.49;35.7188;17.49;35.7188;19.424;48.9658
P. AFONSO 1,2,3;174;Fio dagua;SAO FRANCISCO;NORDESTE;NE;NORDESTE;2026-01-03;894.497;52.5198;894.497;52.5198;221.402;1703.16
P. AFONSO 4;175;Fio dagua;SAO FRANCISCO;NORDESTE;NE;NORDESTE;2026-01-03;1280.308;52.5199;1280.308;52.5199;2129.187;2437.7598
P. COLOMBIA;12;Fio dagua;GRANDE;PARANA;SE;SUDESTE;2026-01-03;157.54;32.6115;157.54;32.6115;162.223;483.0812
PARAIBUNA;121;Reservatório com Usina;PARAIBA DO SUL;SUDESTE;SE;SUDESTE;2026-01-03;28.07;38.1523;28.07;38.1523;26.232;73.5735
PARANAPANEMA;53;Fio dagua;PARANAPANEMA;PARANAPANEMA;SE;SUDESTE;2026-01-03;15.741;37.2987;15.741;37.2987;16.457;42.2025
PASSO FUNDO;93;Reservatório com Usina;URUGUAI;SUL;S;SUL;2026-01-03;242.458;311.3146;242.458;311.3146;244.588;77.882
PASSO REAL;111;Reservatório com Usina;JACUI;SUL;S;SUL;2026-01-03;170.782;331.3067;57.008;110.5921;180.292;51.548
PASSO SAO JOAO;102;Fio dagua;URUGUAI;SUL;S;SUL;2026-01-03;226.655;508.9082;58.685;131.7654;215.089;44.5375
PEDRA DO CAVALO;189;Reservatório com Usina;PARAGUACU;NORDESTE;NE;NORDESTE;2026-01-03;1.972;1.3592;1.972;1.3592;1.999;145.0899
PEIXE ANGICAL;257;Reservatório com Usina;TOCANTINS;SUDESTE;SE;SUDESTE;2026-01-03;219.935;30.2434;219.935;30.2434;227.084;727.216
PEREIRA PASSOS;133;Fio dagua;PARAIBA DO SUL;SUDESTE;SE;SUDESTE;2026-01-03;35.088;57.7291;35.088;57.7291;35.467;60.7804
PICADA;126;Fio dagua;PARAIBA DO SUL;SUDESTE;SE;SUDESTE;2026-01-03;21.891;30.5803;21.891;30.5803;21.961;71.5852
PIMENTAL;314;Fio dagua;AMAZONAS;BELO MONTE;N;NORTE;2026-01-03;114.166;81.3531;114.166;81.3531;111.013;140.334
PIRAJU;48;Fio dagua;PARANAPANEMA;PARANAPANEMA;SE;SUDESTE;2026-01-03;28.47;37.2993;28.47;37.2993;29.401;76.3286
PONTE DE PEDRA;281;Fio dagua;PARAGUAI;SUDESTE;SE;SUDESTE;2026-01-03;143.026;75.2327;112.077;58.9533;143.363;190.1116
PORTO ESTRELA;135;Reservatório com Usina;DOCE;SUDESTE;SE;SUDESTE;2026-01-03;21.063;15.3374;21.063;15.3374;20.004;137.3307
PORTO PRIMAVERA;46;Fio dagua;PARANA;PARANA;SE;SUDESTE;2026-01-03;733.763;37.3515;733.763;37.3515;757.067;1964.48
PROMISSÃO;40;Reservatório com Usina;TIETE;PARANA;SE;SUDESTE;2026-01-03;152.868;65.6024;0.0;0.0;153.436;233.022
QUEBRA QUEIXO;95;Reservatório com Usina;URUGUAI;SUL;S;SUL;2026-01-03;90.128;150.1383;90.128;150.1383;89.984;60.03
QUEIMADO;162;Reservatório com Usina;SAO FRANCISCO;SUDESTE;SE;SUDESTE;2026-01-03;46.653;36.9351;46.653;36.9351;45.024;126.3108
RETIRO BAIXO;155;Reservatório com Usina;SAO FRANCISCO;SUDESTE;SE;SUDESTE;2026-01-03;23.315;21.9811;23.315;21.9811;23.25;106.0682
RONDON II;276;Reservatório com Usina;AMAZONAS;MADEIRA;SE;SUDESTE;2026-01-03;65.083;106.0765;65.083;106.0765;63.037;61.3548
ROSAL;217;Fio dagua;ITABAPOANA;SUDESTE;SE;SUDESTE;2026-01-03;32.521;31.5406;30.831;29.9016;32.23;103.1083
ROSANA;63;Fio dagua;PARANAPANEMA;PARANAPANEMA;SE;SUDESTE;2026-01-03;240.532;75.0879;240.532;75.0879;243.76;320.334
S.DO FACÃO;21;Reservatório com Usina;PARANAIBA;PARANA;SE;SUDESTE;2026-01-03;42.023;21.2329;42.023;21.2329;39.652;197.9145
S.R.VERDINHO;241;Fio dagua;PARANAIBA;PARANA;SE;SUDESTE;2026-01-03;45.046;46.8403;45.046;46.8403;45.546;96.1694
SA CARVALHO;193;Fio dagua;DOCE;SUDESTE;SE;SUDESTE;2026-01-03;57.045;37.8382;40.19;26.6582;57.016;150.7604
SALTO;262;Fio dagua;PARANAIBA;PARANA;SE;SUDESTE;2026-01-03;50.729;47.7462;50.729;47.7462;50.965;106.2472
SALTO CAXIAS;82;Fio dagua;IGUACU;IGUACU;S;SUL;2026-01-03;609.942;91.6704;609.942;91.6704;606.288;665.3644
SALTO GRANDE CM;134;Fio dagua;DOCE;SUDESTE;SE;SUDESTE;2026-01-03;36.683;15.9371;35.881;15.5886;36.478;230.174
SALTO GRANDE CS;50;Fio dagua;PARANAPANEMA;PARANAPANEMA;SE;SUDESTE;2026-01-03;47.151;48.6896;31.134;32.15;49.954;96.8399
SALTO OSORIO;78;Fio dagua;IGUACU;IGUACU;S;SUL;2026-01-03;454.289;82.4276;454.289;82.4276;460.748;551.1373
SALTO PILAO;215;Fio dagua;ITAJAI;SUL;S;SUL;2026-01-03;314.486;155.0173;85.153;41.9739;313.663;202.8715
SALTO SANTIAGO;77;Reservatório com Usina;IGUACU;IGUACU;S;SUL;2026-01-03;683.304;83.0748;683.304;83.0748;708.685;822.5162
SAMUEL;279;Reservatório com Usina;AMAZONAS;MADEIRA;SE;SUDESTE;2026-01-03;168.847;125.2708;168.847;125.2708;149.176;134.7856
SANTA BRANCA;122;Reservatório com Usina;PARAIBA DO SUL;SUDESTE;SE;SUDESTE;2026-01-03;16.857;38.1829;16.857;38.1829;14.509;44.148
SANTA CLARA-PR;71;Reservatório com Usina;IGUACU;IGUACU;S;SUL;2026-01-03;59.75;78.2228;59.75;78.2228;60.312;76.3844
SANTO ANTONIO;287;Fio dagua;AMAZONAS;MADEIRA;SE;SUDESTE;2026-01-03;4395.419;115.8502;3317.6;87.4421;3729.951;3794.0553
SAO DOMINGOS;153;Fio dagua;PARANA;PARANA;SE;SUDESTE;2026-01-03;24.199;52.8849;16.522;36.1074;24.182;45.7579
SAO JOSE;101;Fio dagua;URUGUAI;SUL;S;SUL;2026-01-03;159.838;503.6139;46.407;146.2181;152.94;31.7382
SAO MANOEL;230;Fio dagua;AMAZONAS;TELES PIRES;SE;SUDESTE;2026-01-03;691.759;83.6237;691.759;83.6237;621.995;827.2283
SAO ROQUE;88;Reservatório com Usina;URUGUAI;SUL;S;SUL;2026-01-03;202.401;252.3782;202.401;252.3782;206.594;80.1975
SAO SALVADOR;253;Fio dagua;TOCANTINS;SUDESTE;SE;SUDESTE;2026-01-03;91.193;25.0798;91.193;25.0798;93.666;363.6108
SÃO SIMÃO;33;Reservatório com Usina;PARANAIBA;PARANA;SE;SUDESTE;2026-01-03;765.142;30.5119;765.142;30.5119;734.401;2507.683
SEGREDO;76;Reservatório com Usina;IGUACU;IGUACU;S;SUL;2026-01-03;573.886;78.763;573.886;78.763;573.244;728.624
SERRA DA MESA;251;Reservatório com Usina;TOCANTINS;SUDESTE;SE;SUDESTE;2026-01-03;323.668;22.6254;323.668;22.6254;314.368;1430.55
SIMPLICIO;129;Fio dagua;PARAIBA DO SUL;SUDESTE;SE;SUDESTE;2026-01-03;93.227;29.4526;93.227;29.4526;94.126;316.53285
SINOP;227;Reservatório com Usina;AMAZONAS;TELES PIRES;SE;SUDESTE;2026-01-03;192.436;56.3812;185.386;54.3156;156.655;341.3124
SOBRADINHO;169;Reservatório com Usina;SAO FRANCISCO;NORDESTE;NE;NORDESTE;2026-01-03;562.863;51.7061;562.863;51.7061;516.821;1088.5805
SOBRAGI;127;Fio dagua;PARAIBA DO SUL;SUDESTE;SE;SUDESTE;2026-01-03;26.65;29.7599;23.068;25.7599;26.737;89.55
STA.CLARA-MG;283;Fio dagua;MUCURI;SUDESTE;SE;SUDESTE;2026-01-03;8.81;11.8785;8.81;11.8785;8.702;74.1675
STO ANTONIO DO JARI;286;Fio dagua;AMAZONAS;MANAUS-AMAPA;N;NORTE;2026-01-03;88.817;55.6834;88.817;55.6834;91.747;159.5035
SUIÇA;145;Fio dagua;SANTA MARIA VIT;SUDESTE;SE;SUDESTE;2026-01-03;10.186;24.1009;10.186;24.1009;10.101;42.264
TAQUARUÇU;62;Fio dagua;PARANAPANEMA;PARANAPANEMA;SE;SUDESTE;2026-01-03;279.873;80.0077;279.873;80.0077;274.389;349.8075
TELES PIRES;229;Fio dagua;AMAZONAS;TELES PIRES;SE;SUDESTE;2026-01-03;1534.955;83.9676;1510.191;82.613;1553.669;1828.0318
TRÊS IRMÃOS;43;Reservatório com Usina;TIETE;PARANA;SE;SUDESTE;2026-01-03;285.646;57.7445;285.646;57.7445;288.843;494.6725
TRÊS MARIAS;156;Reservatório com Usina;SAO FRANCISCO;SUDESTE;SE;SUDESTE;2026-01-03;148.14;23.8436;148.14;23.8436;142.965;621.3
TUCURUI;275;Reservatório com Usina;TOCANTINS;NORTE;N;NORTE;2026-01-03;3629.35;44.7764;3629.35;44.7764;3280.413;8105.5008
VOLTA GRANDE;11;Fio dagua;GRANDE;PARANA;SE;SUDESTE;2026-01-03;172.918;32.7391;172.918;32.7391;171.915;528.1696
XINGO;178;Fio dagua;SAO FRANCISCO;NORDESTE;NE;NORDESTE;2026-01-03;2484.934;51.5066;2484.934;51.5066;2533.908;4824.4975
14 DE JULHO;99;Fio dagua;JACUI;SUL;S;SUL;2026-01-04;86.478;170.6731;66.874;131.9826;82.83;50.6688
A. VERMELHA;18;Reservatório com Usina;GRANDE;PARANA;SE;SUDESTE;2026-01-04;550.144;33.2448;550.144;33.2448;514.789;1654.825
AIMORES;143;Fio dagua;DOCE;SUDESTE;SE;SUDESTE;2026-01-04;78.441;20.0163;78.441;20.0163;81.157;391.8856
APOLONIO SALES;173;Fio dagua;SAO FRANCISCO;NORDESTE;NE;NORDESTE;2026-01-04;232.197;53.1895;232.197;53.1895;29.12;436.5468
B. BONITA;37;Reservatório com Usina;TIETE;PARANA;SE;SUDESTE;2026-01-04;57.542;47.7169;45.821;37.9972;58.347;120.5904
B.COQUEIROS;312;Fio dagua;PARANAIBA;PARANA;SE;SUDESTE;2026-01-04;38.729;41.6958;38.729;41.6958;40.134;92.8846
BAGUARI;141;Fio dagua;DOCE;SUDESTE;SE;SUDESTE;2026-01-04;47.97;27.8334;47.97;27.8334;49.104;172.347
BAIXO IGUACU;83;Fio dagua;IGUACU;IGUACU;S;SUL;2026-01-04;175.298;93.7115;162.176;86.6967;167.289;187.0614
BALBINA;277;Reservatório com Usina;AMAZONAS;MANAUS-AMAPA;N;NORTE;2026-01-04;123.113;146.1455;123.113;146.1455;117.312;84.24
BARIRI;38;Fio dagua;TIETE;PARANA;SE;SUDESTE;2026-01-04;69.485;49.4088;55.07;39.1587;69.745;140.6328
BARRA BRAUNA;185;Fio dagua;PARAIBA DO SUL;SUDESTE;SE;SUDESTE;2026-01-04;17.449;38.4003;17.449;38.4003;17.191;45.4398
BARRA GRANDE;86;Reservatório com Usina;URUGUAI;SUL;S;SUL;2026-01-04;308.083;115.1748;298.175;111.4707;314.189;267.4917
BATALHA;20;Reservatório com Usina;PARANAIBA;PARANA;SE;SUDESTE;2026-01-04;19.527;29.8859;19.527;29.8859;17.588;65.3384
BELO MONTE;288;Fio dagua;AMAZONAS;BELO MONTE;N;NORTE;2026-01-04;3329.953;59.479;3329.953;59.479;3333.75;5598.54
BOA ESPERANÇA;190;Reservatório com Usina;PARNAIBA;NORDESTE;NE;NORDESTE;2026-01-04;152.987;63.5691;152.987;63.5691;146.448;240.6624
C. DOURADA;32;Fio dagua;PARANAIBA;PARANA;SE;SUDESTE;2026-01-04;224.606;30.3711;224.606;30.3711;238.452;739.5374
C.BRANCO-1;27;Reservatório com Usina;PARANAIBA;PARANA;SE;SUDESTE;2026-01-04;91.341;30.2728;65.771;21.7983;90.307;301.726
C.BRANCO-2;28;Fio dagua;PARANAIBA;PARANA;SE;SUDESTE;2026-01-04;74.95;29.4238;53.688;21.0768;74.544;254.7259
CACHOEIRA CALDEIRAO;204;Fio dagua;ARAGUARI;MANAUS-AMAPA;N;NORTE;2026-01-04;62.664;79.7299;61.117;77.7615;63.879;78.5954
CACONDE;14;Reservatório com Usina;GRANDE;PARANA;SE;SUDESTE;2026-01-04;58.152;74.1163;58.152;74.1163;55.009;78.4605
CACU;311;Reservatório com Usina;PARANAIBA;PARANA;SE;SUDESTE;2026-01-04;27.797;41.1478;27.797;41.1478;28.516;67.554
CAMARGOS;1;Reservatório com Usina;GRANDE;PARANA;SE;SUDESTE;2026-01-04;15.012;29.881;15.012;29.881;13.89;50.2392
CAMPOS NOVOS;90;Reservatório com Usina;URUGUAI;SUL;S;SUL;2026-01-04;915.607;237.5042;915.607;237.5042;926.289;385.512
CANA BRAVA;252;Fio dagua;TOCANTINS;SUDESTE;SE;SUDESTE;2026-01-04;170.312;28.666;170.312;28.666;167.431;594.1248
CANASTRA;87;Fio dagua;JACUI;SUL;S;SUL;2026-01-04;;;;;;
CANDONGA;139;Fio dagua;DOCE;SUDESTE;SE;SUDESTE;2026-01-04;39.455;32.9396;39.455;32.9396;38.282;119.7798
CANOAS I;52;Fio dagua;PARANAPANEMA;PARANAPANEMA;SE;SUDESTE;2026-01-04;55.622;54.3745;55.622;54.3745;56.339;102.2943
CANOAS II;51;Fio dagua;PARANAPANEMA;PARANAPANEMA;SE;SUDESTE;2026-01-04;45.331;53.0843;45.331;53.0843;46.64;85.3944
CAPIVARA;61;Reservatório com Usina;PARANAPANEMA;PARANAPANEMA;SE;SUDESTE;2026-01-04;435.809;77.4464;435.809;77.4464;472.063;562.7232
CASTRO ALVES;97;Fio dagua;JACUI;SUL;S;SUL;2026-01-04;111.218;150.9277;111.218;150.9277;110.158;73.6896
CHAVANTES;49;Reservatório com Usina;PARANAPANEMA;PARANAPANEMA;SE;SUDESTE;2026-01-04;119.241;38.3778;119.241;38.3778;118.927;310.7031
COARACY NUNES;280;Fio dagua;ARAGUARI;MANAUS-AMAPA;N;NORTE;2026-01-04;80.299;79.7412;51.759;51.3995;80.188;100.6995
COLIDER;228;Fio dagua;AMAZONAS;TELES PIRES;SE;SUDESTE;2026-01-04;173.135;54.3143;164.407;51.5762;126.441;318.7652
CORUMBA;30;Reservatório com Usina;PARANAIBA;PARANA;SE;SUDESTE;2026-01-04;161.164;35.7127;161.164;35.7127;152.651;451.2798
CORUMBA-3;203;Reservatório com Usina;PARANAIBA;PARANA;SE;SUDESTE;2026-01-04;38.611;42.9494;34.793;38.7024;37.217;89.8989
CORUMBA-4;29;Reservatório com Usina;PARANAIBA;PARANA;SE;SUDESTE;2026-01-04;64.12;52.822;61.202;50.4182;63.008;121.3888
CURUA-UNA;272;Reservatório com Usina;AMAZONAS;BELO MONTE;N;NORTE;2026-01-04;22.353;88.1674;20.841;82.2036;19.828;25.3529
D. FRANCISCA;114;Fio dagua;JACUI;SUL;S;SUL;2026-01-04;176.344;247.858;119.964;168.6138;181.831;71.1472
DARDANELOS;310;Fio dagua;AMAZONAS;MADEIRA;SE;SUDESTE;2026-01-04;355.537;83.8485;173.936;41.0204;349.323;424.0232
E. DA CUNHA;15;Fio dagua;GRANDE;PARANA;SE;SUDESTE;2026-01-04;90.467;78.3055;90.467;78.3055;89.541;115.5308
EMBORCAÇÃO;24;Reservatório com Usina;PARANAIBA;PARANA;SE;SUDESTE;2026-01-04;254.978;25.5691;254.978;25.5691;239.814;997.2102
ESPORA;290;Reservatório com Usina;PARANAIBA;PARANA;SE;SUDESTE;2026-01-04;21.597;67.1381;21.597;67.1381;19.939;32.168
ESTREITO;267;Fio dagua;TOCANTINS;NORTE;N;NORTE;2026-01-04;582.242;41.3399;582.242;41.3399;557.428;1408.425
FERREIRA GOMES;284;Fio dagua;ARAGUARI;MANAUS-AMAPA;N;NORTE;2026-01-04;67.63;79.8526;67.63;79.8526;71.892;84.6935
FONTES;132;Fio dagua;PARAIBA DO SUL;SUDESTE;SE;SUDESTE;2026-01-04;32.201;26.4891;32.201;26.4891;32.142;121.563
FOZ CHAPECO;103;Fio dagua;URUGUAI;SUL;S;SUL;2026-01-04;1139.085;294.6305;1085.013;280.6445;1117.325;386.6148
FOZ DO RIO CLARO;315;Fio dagua;PARANAIBA;PARANA;SE;SUDESTE;2026-01-04;31.425;42.3261;31.425;42.3261;31.347;74.245
FUNDÃO;72;Fio dagua;IGUACU;IGUACU;S;SUL;2026-01-04;53.173;64.6564;20.776;25.2629;53.482;82.2393
FUNIL;123;Reservatório com Usina;PARAIBA DO SUL;SUDESTE;SE;SUDESTE;2026-01-04;60.84;29.1792;60.84;29.1792;53.567;208.505
FUNIL-MG;4;Fio dagua;GRANDE;PARANA;SE;SUDESTE;2026-01-04;66.444;32.8454;66.444;32.8454;68.52;202.293
FURNAS;6;Reservatório com Usina;GRANDE;PARANA;SE;SUDESTE;2026-01-04;567.149;40.7715;567.149;40.7715;544.409;1391.043
G. B. MUNHOZ;74;Reservatório com Usina;IGUACU;IGUACU;S;SUL;2026-01-04;513.408;75.8288;513.408;75.8288;508.008;677.0622
G. P. SOUZA;115;Reservatório com Usina;CAPIVARI;SUL;S;SUL;2026-01-04;76.505;48.1603;76.505;48.1603;76.414;158.855
GARIBALDI;89;Reservatório com Usina;URUGUAI;SUL;S;SUL;2026-01-04;195.103;239.1815;195.103;239.1815;194.969;81.5711
GOV JAYME CANET JR;57;Reservatório com Usina;PARANAPANEMA;IGUACU;S;SUL;2026-01-04;138.531;43.2819;103.901;32.4623;139.24;320.067
GUAPORE;196;Fio dagua;AMAZONAS;MADEIRA;SE;SUDESTE;2026-01-04;57.821;103.9438;57.821;103.9438;57.738;55.6272
GUILM. AMORIM;192;Fio dagua;DOCE;SUDESTE;SE;SUDESTE;2026-01-04;60.819;40.8245;60.819;40.8245;60.34;148.9768
HENRY BORDEN;119;Fio dagua;TIETE;SUDESTE;SE;SUDESTE;2026-01-04;581.828;152.8658;581.828;152.8658;581.57;380.6136
I. SOLTEIRA;34;Reservatório com Usina;PARANA;PARANA;SE;SUDESTE;2026-01-04;1080.987;32.2369;1080.987;32.2369;1107.612;3353.2623
IBITINGA;39;Fio dagua;TIETE;PARANA;SE;SUDESTE;2026-01-04;83.541;52.9681;83.541;52.9681;84.493;157.7196
IGARAPAVA;10;Fio dagua;GRANDE;PARANA;SE;SUDESTE;2026-01-04;114.266;37.1973;114.266;37.1973;118.925;307.1891
ILHA POMBOS;130;Fio dagua;PARAIBA DO SUL;SUDESTE;SE;SUDESTE;2026-01-04;71.535;30.7133;71.535;30.7133;72.663;232.9124
IRAPE;148;Reservatório com Usina;JEQUITINHONHA;SUDESTE;SE;SUDESTE;2026-01-04;129.576;27.0181;129.576;27.0181;128.479;479.589
ITÁ;92;Fio dagua;URUGUAI;SUL;S;SUL;2026-01-04;1415.775;220.1287;1415.775;220.1287;1410.56;643.1579
ITAIPU;66;Fio dagua;PARANA;ITAIPU;SE;SUDESTE;2026-01-04;8356.482;55.576;8356.482;55.576;8656.797;15036.1432
ITAPEBI;154;Fio dagua;JEQUITINHONHA;NORDESTE;NE;NORDESTE;2026-01-04;33.405;6.0362;16.245;2.9354;33.63;553.41
ITAUBA;113;Fio dagua;JACUI;SUL;S;SUL;2026-01-04;359.691;273.655;359.691;273.655;347.742;131.4396
ITIQUIRA I;304;Fio dagua;PARAGUAI;SUDESTE;SE;SUDESTE;2026-01-04;38.302;50.3434;38.302;50.3434;38.311;76.0815
ITIQUIRA II;305;Fio dagua;PARAGUAI;SUDESTE;SE;SUDESTE;2026-01-04;60.999;50.3433;60.999;50.3433;61.176;121.1661
ITUMBIARA;31;Reservatório com Usina;PARANAIBA;PARANA;SE;SUDESTE;2026-01-04;561.204;30.5407;561.204;30.5407;511.527;1837.5605
ITUTINGA;2;Fio dagua;GRANDE;PARANA;SE;SUDESTE;2026-01-04;17.622;29.8803;17.622;29.8803;18.037;58.9754
JACUI;112;Fio dagua;JACUI;SUL;S;SUL;2026-01-04;335.373;299.1488;0.0;0.0;346.361;112.1091
JAGUARA;9;Fio dagua;GRANDE;PARANA;SE;SUDESTE;2026-01-04;297.421;38.3381;297.421;38.3381;301.154;775.7848
JAGUARI;120;Reservatório com Usina;PARAIBA DO SUL;SUDESTE;SE;SUDESTE;2026-01-04;2.922;12.8625;0.0;0.0;2.676;22.7172
JAURU;195;Fio dagua;PARAGUAI;SUDESTE;SE;SUDESTE;2026-01-04;75.678;84.7921;75.678;84.7921;75.351;89.2512
JIRAU;285;Fio dagua;AMAZONAS;MADEIRA;SE;SUDESTE;2026-01-04;4353.99;119.4669;2811.275;77.1371;3944.346;3644.515
JUPIA;45;Fio dagua;PARANA;PARANA;SE;SUDESTE;2026-01-04;679.059;36.5663;679.059;36.5663;697.577;1857.06
JURUENA;309;Fio dagua;AMAZONAS;TELES PIRES;SE;SUDESTE;2026-01-04;41.904;88.2115;26.466;55.7132;43.229;47.504
JURUMIRIM;47;Reservatório com Usina;PARANAPANEMA;PARANAPANEMA;SE;SUDESTE;2026-01-04;35.006;37.1666;35.006;37.1666;34.905;94.1868
L. C. BARRETO;8;Fio dagua;GRANDE;PARANA;SE;SUDESTE;2026-01-04;412.587;38.8955;412.587;38.8955;419.072;1060.7587
LAJEADO;261;Fio dagua;TOCANTINS;SUDESTE;SE;SUDESTE;2026-01-04;456.035;31.8369;456.035;31.8369;473.689;1432.4115
LIMOEIRO;16;Fio dagua;GRANDE;PARANA;SE;SUDESTE;2026-01-04;27.423;79.0714;27.423;79.0714;26.826;34.6813
LUIZ GONZAGA;172;Reservatório com Usina;SAO FRANCISCO;NORDESTE;NE;NORDESTE;2026-01-04;1054.898;53.1657;1054.898;53.1657;1019.792;1984.17
M. MORAES;7;Reservatório com Usina;GRANDE;PARANA;SE;SUDESTE;2026-01-04;261.505;39.4657;261.505;39.4657;276.214;662.6139
MACHADINHO;91;Reservatório com Usina;URUGUAI;SUL;S;SUL;2026-01-04;938.08;205.096;938.08;205.096;951.91;457.3859
MANSO;278;Reservatório com Usina;PARAGUAI;SUDESTE;SE;SUDESTE;2026-01-04;65.232;43.3816;65.232;43.3816;64.709;150.368
MARIMBONDO;17;Reservatório com Usina;GRANDE;PARANA;SE;SUDESTE;2026-01-04;619.172;37.2737;619.172;37.2737;548.478;1661.1515
MASCARENHAS;144;Fio dagua;DOCE;SUDESTE;SE;SUDESTE;2026-01-04;73.486;20.6866;73.486;20.6866;75.02;355.2354
MIRANDA;26;Reservatório com Usina;PARANAIBA;PARANA;SE;SUDESTE;2026-01-04;110.283;30.693;110.283;30.693;110.54;359.31
MONJOLINHO;94;Fio dagua;URUGUAI;SUL;S;SUL;2026-01-04;63.391;189.3399;57.991;173.2109;63.753;33.48
MONTE CLARO;98;Fio dagua;JACUI;SUL;S;SUL;2026-01-04;92.863;161.8832;62.764;109.4132;92.851;57.3642
N. AVANHANDAVA;42;Fio dagua;TIETE;PARANA;SE;SUDESTE;2026-01-04;198.374;60.6426;198.374;60.6426;195.932;327.12
NILO PEÇANHA;131;Fio dagua;PARAIBA DO SUL;SUDESTE;SE;SUDESTE;2026-01-04;269.65;70.1747;269.65;70.1747;270.092;384.2553
NOVA PONTE;25;Reservatório com Usina;PARANAIBA;PARANA;SE;SUDESTE;2026-01-04;163.88;33.3642;163.88;33.3642;145.123;491.1852
OURINHOS;249;Fio dagua;PARANAPANEMA;PARANAPANEMA;SE;SUDESTE;2026-01-04;18.964;38.7291;18.964;38.7291;20.941;48.9658
P. AFONSO 1,2,3;174;Fio dagua;SAO FRANCISCO;NORDESTE;NE;NORDESTE;2026-01-04;905.901;53.1894;905.901;53.1894;121.306;1703.16
P. AFONSO 4;175;Fio dagua;SAO FRANCISCO;NORDESTE;NE;NORDESTE;2026-01-04;1296.63;53.1894;1296.63;53.1894;2288.941;2437.7598
P. COLOMBIA;12;Fio dagua;GRANDE;PARANA;SE;SUDESTE;2026-01-04;173.062;35.8246;173.062;35.8246;179.612;483.0812
PARAIBUNA;121;Reservatório com Usina;PARAIBA DO SUL;SUDESTE;SE;SUDESTE;2026-01-04;34.839;47.3526;34.839;47.3526;32.346;73.5735
PARANAPANEMA;53;Fio dagua;PARANAPANEMA;PARANAPANEMA;SE;SUDESTE;2026-01-04;15.819;37.4836;15.819;37.4836;16.528;42.2025
PASSO FUNDO;93;Reservatório com Usina;URUGUAI;SUL;S;SUL;2026-01-04;131.554;168.9145;131.554;168.9145;132.751;77.882
PASSO REAL;111;Reservatório com Usina;JACUI;SUL;S;SUL;2026-01-04;153.735;298.2366;39.961;77.5219;162.824;51.548
PASSO SAO JOAO;102;Fio dagua;URUGUAI;SUL;S;SUL;2026-01-04;176.732;396.8162;95.801;215.1019;174.043;44.5375
PEDRA DO CAVALO;189;Reservatório com Usina;PARAGUACU;NORDESTE;NE;NORDESTE;2026-01-04;2.684;1.8499;2.684;1.8499;2.721;145.0899
PEIXE ANGICAL;257;Reservatório com Usina;TOCANTINS;SUDESTE;SE;SUDESTE;2026-01-04;251.535;34.5888;251.535;34.5888;263.017;727.216
PEREIRA PASSOS;133;Fio dagua;PARAIBA DO SUL;SUDESTE;SE;SUDESTE;2026-01-04;36.297;59.7183;36.297;59.7183;36.534;60.7804
PICADA;126;Fio dagua;PARAIBA DO SUL;SUDESTE;SE;SUDESTE;2026-01-04;26.152;36.5327;26.152;36.5327;26.123;71.5852
PIMENTAL;314;Fio dagua;AMAZONAS;BELO MONTE;N;NORTE;2026-01-04;114.885;81.8654;114.885;81.8654;114.39;140.334
PIRAJU;48;Fio dagua;PARANAPANEMA;PARANAPANEMA;SE;SUDESTE;2026-01-04;28.611;37.484;28.611;37.484;29.535;76.3286
PONTE DE PEDRA;281;Fio dagua;PARAGUAI;SUDESTE;SE;SUDESTE;2026-01-04;143.844;75.6629;112.895;59.3835;144.583;190.1116
PORTO ESTRELA;135;Reservatório com Usina;DOCE;SUDESTE;SE;SUDESTE;2026-01-04;24.724;18.0033;24.724;18.0033;23.732;137.3307
PORTO PRIMAVERA;46;Fio dagua;PARANA;PARANA;SE;SUDESTE;2026-01-04;744.636;37.905;744.636;37.905;767.906;1964.48
PROMISSÃO;40;Reservatório com Usina;TIETE;PARANA;SE;SUDESTE;2026-01-04;137.149;58.8567;73.462;31.5258;139.131;233.022
QUEBRA QUEIXO;95;Reservatório com Usina;URUGUAI;SUL;S;SUL;2026-01-04;87.882;146.3968;87.882;146.3968;87.838;60.03
QUEIMADO;162;Reservatório com Usina;SAO FRANCISCO;SUDESTE;SE;SUDESTE;2026-01-04;52.083;41.234;52.083;41.234;50.346;126.3108
RETIRO BAIXO;155;Reservatório com Usina;SAO FRANCISCO;SUDESTE;SE;SUDESTE;2026-01-04;29.17;27.5012;29.17;27.5012;29.277;106.0682
RONDON II;276;Reservatório com Usina;AMAZONAS;MADEIRA;SE;SUDESTE;2026-01-04;64.653;105.3756;64.653;105.3756;62.524;61.3548
ROSAL;217;Fio dagua;ITABAPOANA;SUDESTE;SE;SUDESTE;2026-01-04;78.768;76.3935;48.343;46.8857;78.049;103.1083
ROSANA;63;Fio dagua;PARANAPANEMA;PARANAPANEMA;SE;SUDESTE;2026-01-04;263.165;82.1533;263.165;82.1533;268.909;320.334
S.DO FACÃO;21;Reservatório com Usina;PARANAIBA;PARANA;SE;SUDESTE;2026-01-04;53.087;26.8232;53.087;26.8232;50.106;197.9145
S.R.VERDINHO;241;Fio dagua;PARANAIBA;PARANA;SE;SUDESTE;2026-01-04;45.353;47.1595;45.353;47.1595;45.92;96.1694
SA CARVALHO;193;Fio dagua;DOCE;SUDESTE;SE;SUDESTE;2026-01-04;58.385;38.727;51.83;34.3791;58.332;150.7604
SALTO;262;Fio dagua;PARANAIBA;PARANA;SE;SUDESTE;2026-01-04;50.787;47.8008;50.787;47.8008;51.014;106.2472
SALTO CAXIAS;82;Fio dagua;IGUACU;IGUACU;S;SUL;2026-01-04;608.291;91.4222;608.291;91.4222;605.401;665.3644
SALTO GRANDE CM;134;Fio dagua;DOCE;SUDESTE;SE;SUDESTE;2026-01-04;43.765;19.0139;42.963;18.6654;43.449;230.174
SALTO GRANDE CS;50;Fio dagua;PARANAPANEMA;PARANAPANEMA;SE;SUDESTE;2026-01-04;50.911;52.5723;34.747;35.8809;53.408;96.8399
SALTO OSORIO;78;Fio dagua;IGUACU;IGUACU;S;SUL;2026-01-04;463.542;84.1064;463.542;84.1064;469.927;551.1373
SALTO PILAO;215;Fio dagua;ITAJAI;SUL;S;SUL;2026-01-04;215.591;106.2697;115.037;56.7044;215.288;202.8715
SALTO SANTIAGO;77;Reservatório com Usina;IGUACU;IGUACU;S;SUL;2026-01-04;675.793;82.1617;675.793;82.1617;700.209;822.5162
SAMUEL;279;Reservatório com Usina;AMAZONAS;MADEIRA;SE;SUDESTE;2026-01-04;179.083;132.8651;179.083;132.8651;156.134;134.7856
SANTA BRANCA;122;Reservatório com Usina;PARAIBA DO SUL;SUDESTE;SE;SUDESTE;2026-01-04;20.065;45.4494;20.065;45.4494;17.285;44.148
SANTA CLARA-PR;71;Reservatório com Usina;IGUACU;IGUACU;S;SUL;2026-01-04;48.163;63.0535;48.163;63.0535;48.578;76.3844
SANTO ANTONIO;287;Fio dagua;AMAZONAS;MADEIRA;SE;SUDESTE;2026-01-04;4499.335;118.5891;3214.151;84.7154;3813.14;3794.0553
SAO DOMINGOS;153;Fio dagua;PARANA;PARANA;SE;SUDESTE;2026-01-04;23.017;50.3017;16.261;35.537;23.068;45.7579
SAO JOSE;101;Fio dagua;URUGUAI;SUL;S;SUL;2026-01-04;108.126;340.6809;50.096;157.8413;106.383;31.7382
SAO MANOEL;230;Fio dagua;AMAZONAS;TELES PIRES;SE;SUDESTE;2026-01-04;675.763;81.69;675.763;81.69;601.883;827.2283
SAO ROQUE;88;Reservatório com Usina;URUGUAI;SUL;S;SUL;2026-01-04;164.661;205.3194;164.661;205.3194;169.488;80.1975
SAO SALVADOR;253;Fio dagua;TOCANTINS;SUDESTE;SE;SUDESTE;2026-01-04;101.327;27.8669;101.327;27.8669;101.948;363.6108
SÃO SIMÃO;33;Reservatório com Usina;PARANAIBA;PARANA;SE;SUDESTE;2026-01-04;813.948;32.4582;813.948;32.4582;779.498;2507.683
SEGREDO;76;Reservatório com Usina;IGUACU;IGUACU;S;SUL;2026-01-04;571.608;78.4503;571.608;78.4503;571.922;728.624
SERRA DA MESA;251;Reservatório com Usina;TOCANTINS;SUDESTE;SE;SUDESTE;2026-01-04;415.005;29.0102;415.005;29.0102;404.966;1430.55
SIMPLICIO;129;Fio dagua;PARAIBA DO SUL;SUDESTE;SE;SUDESTE;2026-01-04;94.633;29.8967;94.633;29.8967;94.789;316.53285
SINOP;227;Reservatório com Usina;AMAZONAS;TELES PIRES;SE;SUDESTE;2026-01-04;172.239;50.4637;165.189;48.3982;141.181;341.3124
SOBRADINHO;169;Reservatório com Usina;SAO FRANCISCO;NORDESTE;NE;NORDESTE;2026-01-04;529.06;48.6009;529.06;48.6009;486.55;1088.5805
SOBRAGI;127;Fio dagua;PARAIBA DO SUL;SUDESTE;SE;SUDESTE;2026-01-04;32.546;36.3439;19.651;21.9442;32.669;89.55
STA.CLARA-MG;283;Fio dagua;MUCURI;SUDESTE;SE;SUDESTE;2026-01-04;8.154;10.994;8.154;10.994;8.042;74.1675
STO ANTONIO DO JARI;286;Fio dagua;AMAZONAS;MANAUS-AMAPA;N;NORTE;2026-01-04;87.954;55.1424;87.954;55.1424;90.48;159.5035
SUIÇA;145;Fio dagua;SANTA MARIA VIT;SUDESTE;SE;SUDESTE;2026-01-04;19.885;47.0495;19.885;47.0495;19.664;42.264
TAQUARUÇU;62;Fio dagua;PARANAPANEMA;PARANAPANEMA;SE;SUDESTE;2026-01-04;281.123;80.3651;281.123;80.3651;274.469;349.8075
TELES PIRES;229;Fio dagua;AMAZONAS;TELES PIRES;SE;SUDESTE;2026-01-04;1481.828;81.0614;1481.828;81.0614;1497.245;1828.0318
TRÊS IRMÃOS;43;Reservatório com Usina;TIETE;PARANA;SE;SUDESTE;2026-01-04;291.378;58.9032;291.378;58.9032;294.831;494.6725
TRÊS MARIAS;156;Reservatório com Usina;SAO FRANCISCO;SUDESTE;SE;SUDESTE;2026-01-04;161.996;26.0737;161.996;26.0737;156.499;621.3
TUCURUI;275;Reservatório com Usina;TOCANTINS;NORTE;N;NORTE;2026-01-04;3472.483;42.8411;3472.483;42.8411;3139.2;8105.5008
VOLTA GRANDE;11;Fio dagua;GRANDE;PARANA;SE;SUDESTE;2026-01-04;190.94;36.1513;190.94;36.1513;190.248;528.1696
XINGO;178;Fio dagua;SAO FRANCISCO;NORDESTE;NE;NORDESTE;2026-01-04;2537.783;52.602;2537.783;52.602;2590.344;4824.4975
14 DE JULHO;99;Fio dagua;JACUI;SUL;S;SUL;2026-01-05;72.218;142.5295;72.218;142.5295;68.808;50.6688
A. VERMELHA;18;Reservatório com Usina;GRANDE;PARANA;SE;SUDESTE;2026-01-05;612.077;36.9874;612.077;36.9874;732.746;1654.825
AIMORES;143;Fio dagua;DOCE;SUDESTE;SE;SUDESTE;2026-01-05;100.934;25.756;100.934;25.756;104.534;391.8856
APOLONIO SALES;173;Fio dagua;SAO FRANCISCO;NORDESTE;NE;NORDESTE;2026-01-05;223.858;51.2793;223.858;51.2793;23.845;436.5468
B. BONITA;37;Reservatório com Usina;TIETE;PARANA;SE;SUDESTE;2026-01-05;55.686;46.1778;43.254;35.8685;56.854;120.5904
B.COQUEIROS;312;Fio dagua;PARANAIBA;PARANA;SE;SUDESTE;2026-01-05;34.975;37.6543;34.975;37.6543;36.137;92.8846
BAGUARI;141;Fio dagua;DOCE;SUDESTE;SE;SUDESTE;2026-01-05;64.775;37.5841;64.775;37.5841;65.759;172.347
BAIXO IGUACU;83;Fio dagua;IGUACU;IGUACU;S;SUL;2026-01-05;157.175;84.0232;144.782;77.3981;155.582;187.0614
BALBINA;277;Reservatório com Usina;AMAZONAS;MANAUS-AMAPA;N;NORTE;2026-01-05;113.666;134.9311;113.666;134.9311;104.502;84.24
BARIRI;38;Fio dagua;TIETE;PARANA;SE;SUDESTE;2026-01-05;66.999;47.6411;66.63;47.3787;67.432;140.6328
BARRA BRAUNA;185;Fio dagua;PARAIBA DO SUL;SUDESTE;SE;SUDESTE;2026-01-05;25.245;55.557;25.245;55.557;25.073;45.4398
BARRA GRANDE;86;Reservatório com Usina;URUGUAI;SUL;S;SUL;2026-01-05;214.446;80.1692;210.2;78.5819;217.957;267.4917
BATALHA;20;Reservatório com Usina;PARANAIBA;PARANA;SE;SUDESTE;2026-01-05;25.645;39.2495;25.645;39.2495;23.119;65.3384
BELO MONTE;288;Fio dagua;AMAZONAS;BELO MONTE;N;NORTE;2026-01-05;3283.994;58.658;3283.994;58.658;3270.543;5598.54
BOA ESPERANÇA;190;Reservatório com Usina;PARNAIBA;NORDESTE;NE;NORDESTE;2026-01-05;164.161;68.2122;164.161;68.2122;157.338;240.6624
C. DOURADA;32;Fio dagua;PARANAIBA;PARANA;SE;SUDESTE;2026-01-05;251.651;34.0282;250.03;33.809;270.276;739.5374
C.BRANCO-1;27;Reservatório com Usina;PARANAIBA;PARANA;SE;SUDESTE;2026-01-05;96.839;32.095;84.565;28.0271;96.185;301.726
C.BRANCO-2;28;Fio dagua;PARANAIBA;PARANA;SE;SUDESTE;2026-01-05;77.927;30.5925;70.006;27.4829;77.792;254.7259
CACHOEIRA CALDEIRAO;204;Fio dagua;ARAGUARI;MANAUS-AMAPA;N;NORTE;2026-01-05;53.95;68.6427;53.809;68.4633;56.002;78.5954
CACONDE;14;Reservatório com Usina;GRANDE;PARANA;SE;SUDESTE;2026-01-05;55.228;70.3896;55.228;70.3896;52.334;78.4605
CACU;311;Reservatório com Usina;PARANAIBA;PARANA;SE;SUDESTE;2026-01-05;24.633;36.4642;24.633;36.4642;25.116;67.554
CAMARGOS;1;Reservatório com Usina;GRANDE;PARANA;SE;SUDESTE;2026-01-05;17.636;35.1041;17.636;35.1041;16.481;50.2392
CAMPOS NOVOS;90;Reservatório com Usina;URUGUAI;SUL;S;SUL;2026-01-05;750.624;194.7083;750.624;194.7083;756.155;385.512
CANA BRAVA;252;Fio dagua;TOCANTINS;SUDESTE;SE;SUDESTE;2026-01-05;250.147;42.1034;250.147;42.1034;245.514;594.1248
CANASTRA;87;Fio dagua;JACUI;SUL;S;SUL;2026-01-05;;;;;;
CANDONGA;139;Fio dagua;DOCE;SUDESTE;SE;SUDESTE;2026-01-05;60.3;50.3424;60.3;50.3424;57.802;119.7798
CANOAS I;52;Fio dagua;PARANAPANEMA;PARANAPANEMA;SE;SUDESTE;2026-01-05;56.342;55.0783;56.342;55.0783;57.483;102.2943
CANOAS II;51;Fio dagua;PARANAPANEMA;PARANAPANEMA;SE;SUDESTE;2026-01-05;45.658;53.4672;45.658;53.4672;46.88;85.3944
CAPIVARA;61;Reservatório com Usina;PARANAPANEMA;PARANAPANEMA;SE;SUDESTE;2026-01-05;392.375;69.7279;392.375;69.7279;423.133;562.7232
CASTRO ALVES;97;Fio dagua;JACUI;SUL;S;SUL;2026-01-05;89.134;120.9587;89.134;120.9587;87.234;73.6896
CHAVANTES;49;Reservatório com Usina;PARANAPANEMA;PARANAPANEMA;SE;SUDESTE;2026-01-05;119.049;38.316;119.049;38.316;118.702;310.7031
COARACY NUNES;280;Fio dagua;ARAGUARI;MANAUS-AMAPA;N;NORTE;2026-01-05;70.012;69.5257;63.909;63.4651;68.837;100.6995
COLIDER;228;Fio dagua;AMAZONAS;TELES PIRES;SE;SUDESTE;2026-01-05;158.19;49.6259;156.735;49.1694;119.568;318.7652
CORUMBA;30;Reservatório com Usina;PARANAIBA;PARANA;SE;SUDESTE;2026-01-05;190.337;42.1772;190.337;42.1772;180.202;451.2798
CORUMBA-3;203;Reservatório com Usina;PARANAIBA;PARANA;SE;SUDESTE;2026-01-05;48.802;54.2854;45.331;50.4244;46.866;89.8989
CORUMBA-4;29;Reservatório com Usina;PARANAIBA;PARANA;SE;SUDESTE;2026-01-05;75.191;61.9423;72.273;59.5384;73.672;121.3888
CURUA-UNA;272;Reservatório com Usina;AMAZONAS;BELO MONTE;N;NORTE;2026-01-05;21.612;85.2447;21.612;85.2447;18.622;25.3529
D. FRANCISCA;114;Fio dagua;JACUI;SUL;S;SUL;2026-01-05;146.966;206.5661;87.565;123.0758;150.733;71.1472
DARDANELOS;310;Fio dagua;AMAZONAS;MADEIRA;SE;SUDESTE;2026-01-05;361.68;85.2972;259.149;61.1167;355.024;424.0232
E. DA CUNHA;15;Fio dagua;GRANDE;PARANA;SE;SUDESTE;2026-01-05;83.16;71.9808;83.16;71.9808;82.747;115.5308
EMBORCAÇÃO;24;Reservatório com Usina;PARANAIBA;PARANA;SE;SUDESTE;2026-01-05;384.511;38.5587;384.511;38.5587;362.274;997.2102
ESPORA;290;Reservatório com Usina;PARANAIBA;PARANA;SE;SUDESTE;2026-01-05;19.45;60.4638;19.45;60.4638;17.94;32.168
ESTREITO;267;Fio dagua;TOCANTINS;NORTE;N;NORTE;2026-01-05;650.998;46.2217;623.568;44.2741;592.722;1408.425
FERREIRA GOMES;284;Fio dagua;ARAGUARI;MANAUS-AMAPA;N;NORTE;2026-01-05;59.648;70.4281;59.648;70.4281;63.727;84.6935
FONTES;132;Fio dagua;PARAIBA DO SUL;SUDESTE;SE;SUDESTE;2026-01-05;41.764;34.3558;41.764;34.3558;41.689;121.563
FOZ CHAPECO;103;Fio dagua;URUGUAI;SUL;S;SUL;2026-01-05;858.132;221.9605;823.886;213.1026;850.691;386.6148
FOZ DO RIO CLARO;315;Fio dagua;PARANAIBA;PARANA;SE;SUDESTE;2026-01-05;29.686;39.9838;29.686;39.9838;29.579;74.245
FUNDÃO;72;Fio dagua;IGUACU;IGUACU;S;SUL;2026-01-05;45.796;55.6863;45.796;55.6863;46.333;82.2393
FUNIL;123;Reservatório com Usina;PARAIBA DO SUL;SUDESTE;SE;SUDESTE;2026-01-05;58.281;27.9518;58.281;27.9518;51.017;208.505
FUNIL-MG;4;Fio dagua;GRANDE;PARANA;SE;SUDESTE;2026-01-05;77.585;38.3528;77.585;38.3528;80.225;202.293
FURNAS;6;Reservatório com Usina;GRANDE;PARANA;SE;SUDESTE;2026-01-05;557.295;40.0631;557.295;40.0631;535.814;1391.043
G. B. MUNHOZ;74;Reservatório com Usina;IGUACU;IGUACU;S;SUL;2026-01-05;456.115;67.3668;456.115;67.3668;450.534;677.0622
G. P. SOUZA;115;Reservatório com Usina;CAPIVARI;SUL;S;SUL;2026-01-05;70.849;44.5998;70.849;44.5998;70.76;158.855
GARIBALDI;89;Reservatório com Usina;URUGUAI;SUL;S;SUL;2026-01-05;159.547;195.5926;159.547;195.5926;157.686;81.5711
GOV JAYME CANET JR;57;Reservatório com Usina;PARANAPANEMA;IGUACU;S;SUL;2026-01-05;137.062;42.8229;129.716;40.5278;137.056;320.067
GUAPORE;196;Fio dagua;AMAZONAS;MADEIRA;SE;SUDESTE;2026-01-05;55.998;100.6666;55.998;100.6666;55.917;55.6272
GUILM. AMORIM;192;Fio dagua;DOCE;SUDESTE;SE;SUDESTE;2026-01-05;121.718;81.7027;119.705;80.3514;121.407;148.9768
HENRY BORDEN;119;Fio dagua;TIETE;SUDESTE;SE;SUDESTE;2026-01-05;516.782;135.776;516.782;135.776;516.366;380.6136
I. SOLTEIRA;34;Reservatório com Usina;PARANA;PARANA;SE;SUDESTE;2026-01-05;1148.919;34.2627;1148.919;34.2627;1176.703;3353.2623
IBITINGA;39;Fio dagua;TIETE;PARANA;SE;SUDESTE;2026-01-05;76.795;48.6908;76.795;48.6908;77.67;157.7196
IGARAPAVA;10;Fio dagua;GRANDE;PARANA;SE;SUDESTE;2026-01-05;122.48;39.8712;122.48;39.8712;126.895;307.1891
ILHA POMBOS;130;Fio dagua;PARAIBA DO SUL;SUDESTE;SE;SUDESTE;2026-01-05;78.128;33.5439;78.128;33.5439;79.237;232.9124
IRAPE;148;Reservatório com Usina;JEQUITINHONHA;SUDESTE;SE;SUDESTE;2026-01-05;157.785;32.9;157.785;32.9;156.496;479.589
ITÁ;92;Fio dagua;URUGUAI;SUL;S;SUL;2026-01-05;1183.965;184.0862;1183.965;184.0862;1186.121;643.1579
ITAIPU;66;Fio dagua;PARANA;ITAIPU;SE;SUDESTE;2026-01-05;8299.105;55.1944;8299.105;55.1944;8599.555;15036.1432
ITAPEBI;154;Fio dagua;JEQUITINHONHA;NORDESTE;NE;NORDESTE;2026-01-05;36.844;6.6576;16.109;2.9109;37.052;553.41
ITAUBA;113;Fio dagua;JACUI;SUL;S;SUL;2026-01-05;298.058;226.7642;298.058;226.7642;288.264;131.4396
ITIQUIRA I;304;Fio dagua;PARAGUAI;SUDESTE;SE;SUDESTE;2026-01-05;37.826;49.7177;37.826;49.7177;37.852;76.0815
ITIQUIRA II;305;Fio dagua;PARAGUAI;SUDESTE;SE;SUDESTE;2026-01-05;60.24;49.7169;60.24;49.7169;60.393;121.1661
ITUMBIARA;31;Reservatório com Usina;PARANAIBA;PARANA;SE;SUDESTE;2026-01-05;657.221;35.766;657.221;35.766;600.385;1837.5605
ITUTINGA;2;Fio dagua;GRANDE;PARANA;SE;SUDESTE;2026-01-05;20.702;35.1028;20.702;35.1028;21.146;58.9754
JACUI;112;Fio dagua;JACUI;SUL;S;SUL;2026-01-05;267.662;238.7514;0.0;0.0;277.108;112.1091
JAGUARA;9;Fio dagua;GRANDE;PARANA;SE;SUDESTE;2026-01-05;314.755;40.5725;314.755;40.5725;319.99;775.7848
JAGUARI;120;Reservatório com Usina;PARAIBA DO SUL;SUDESTE;SE;SUDESTE;2026-01-05;2.452;10.7936;0.0;0.0;2.243;22.7172
JAURU;195;Fio dagua;PARAGUAI;SUDESTE;SE;SUDESTE;2026-01-05;73.604;82.4684;73.604;82.4684;73.513;89.2512
JIRAU;285;Fio dagua;AMAZONAS;MADEIRA;SE;SUDESTE;2026-01-05;4353.164;119.4443;3505.004;96.172;3935.96;3644.515
JUPIA;45;Fio dagua;PARANA;PARANA;SE;SUDESTE;2026-01-05;714.082;38.4523;714.082;38.4523;731.472;1857.06
JURUENA;309;Fio dagua;AMAZONAS;TELES PIRES;SE;SUDESTE;2026-01-05;41.456;87.2684;37.3;78.5197;42.83;47.504
JURUMIRIM;47;Reservatório com Usina;PARANAPANEMA;PARANAPANEMA;SE;SUDESTE;2026-01-05;34.268;36.383;34.268;36.383;34.179;94.1868
L. C. BARRETO;8;Fio dagua;GRANDE;PARANA;SE;SUDESTE;2026-01-05;433.644;40.8806;433.644;40.8806;439.681;1060.7587
LAJEADO;261;Fio dagua;TOCANTINS;SUDESTE;SE;SUDESTE;2026-01-05;516.659;36.0692;516.659;36.0692;536.238;1432.4115
LIMOEIRO;16;Fio dagua;GRANDE;PARANA;SE;SUDESTE;2026-01-05;25.123;72.4396;25.123;72.4396;24.625;34.6813
LUIZ GONZAGA;172;Reservatório com Usina;SAO FRANCISCO;NORDESTE;NE;NORDESTE;2026-01-05;1017.015;51.2564;1017.015;51.2564;983.17;1984.17
M. MORAES;7;Reservatório com Usina;GRANDE;PARANA;SE;SUDESTE;2026-01-05;273.032;41.2053;273.032;41.2053;288.458;662.6139
MACHADINHO;91;Reservatório com Usina;URUGUAI;SUL;S;SUL;2026-01-05;754.652;164.9924;754.652;164.9924;762.438;457.3859
MANSO;278;Reservatório com Usina;PARAGUAI;SUDESTE;SE;SUDESTE;2026-01-05;64.516;42.9054;64.516;42.9054;64.01;150.368
MARIMBONDO;17;Reservatório com Usina;GRANDE;PARANA;SE;SUDESTE;2026-01-05;687.224;41.3703;687.224;41.3703;614.654;1661.1515
MASCARENHAS;144;Fio dagua;DOCE;SUDESTE;SE;SUDESTE;2026-01-05;100.029;28.1585;96.449;27.1507;99.191;355.2354
MIRANDA;26;Reservatório com Usina;PARANAIBA;PARANA;SE;SUDESTE;2026-01-05;118.201;32.8967;118.201;32.8967;119.42;359.31
MONJOLINHO;94;Fio dagua;URUGUAI;SUL;S;SUL;2026-01-05;45.83;136.8877;44.21;132.049;45.928;33.48
MONTE CLARO;98;Fio dagua;JACUI;SUL;S;SUL;2026-01-05;77.608;135.29;59.903;104.4258;76.777;57.3642
N. AVANHANDAVA;42;Fio dagua;TIETE;PARANA;SE;SUDESTE;2026-01-05;174.418;53.3193;174.418;53.3193;170.562;327.12
NILO PEÇANHA;131;Fio dagua;PARAIBA DO SUL;SUDESTE;SE;SUDESTE;2026-01-05;271.881;70.7553;271.881;70.7553;271.867;384.2553
NOVA PONTE;25;Reservatório com Usina;PARANAIBA;PARANA;SE;SUDESTE;2026-01-05;184.417;37.5453;184.417;37.5453;161.443;491.1852
OURINHOS;249;Fio dagua;PARANAPANEMA;PARANAPANEMA;SE;SUDESTE;2026-01-05;19.1;39.0068;19.1;39.0068;21.436;48.9658
P. AFONSO 1,2,3;174;Fio dagua;SAO FRANCISCO;NORDESTE;NE;NORDESTE;2026-01-05;873.369;51.2793;873.369;51.2793;99.475;1703.16
P. AFONSO 4;175;Fio dagua;SAO FRANCISCO;NORDESTE;NE;NORDESTE;2026-01-05;1250.067;51.2793;1250.067;51.2793;2229.918;2437.7598
P. COLOMBIA;12;Fio dagua;GRANDE;PARANA;SE;SUDESTE;2026-01-05;187.883;38.8926;187.883;38.8926;194.569;483.0812
PARAIBUNA;121;Reservatório com Usina;PARAIBA DO SUL;SUDESTE;SE;SUDESTE;2026-01-05;49.462;67.228;49.462;67.228;45.905;73.5735
PARANAPANEMA;53;Fio dagua;PARANAPANEMA;PARANAPANEMA;SE;SUDESTE;2026-01-05;15.528;36.794;15.528;36.794;16.214;42.2025
PASSO FUNDO;93;Reservatório com Usina;URUGUAI;SUL;S;SUL;2026-01-05;105.163;135.0286;105.163;135.0286;106.083;77.882
PASSO REAL;111;Reservatório com Usina;JACUI;SUL;S;SUL;2026-01-05;121.642;235.9781;10.446;20.2646;128.505;51.548
PASSO SAO JOAO;102;Fio dagua;URUGUAI;SUL;S;SUL;2026-01-05;128.036;287.4791;82.226;184.6219;127.481;44.5375
PEDRA DO CAVALO;189;Reservatório com Usina;PARAGUACU;NORDESTE;NE;NORDESTE;2026-01-05;4.03;2.7776;4.03;2.7776;4.085;145.0899
PEIXE ANGICAL;257;Reservatório com Usina;TOCANTINS;SUDESTE;SE;SUDESTE;2026-01-05;292.1;40.1669;292.1;40.1669;309.711;727.216
PEREIRA PASSOS;133;Fio dagua;PARAIBA DO SUL;SUDESTE;SE;SUDESTE;2026-01-05;37.713;62.048;37.713;62.048;38.05;60.7804
PICADA;126;Fio dagua;PARAIBA DO SUL;SUDESTE;SE;SUDESTE;2026-01-05;35.181;49.1456;35.181;49.1456;35.107;71.5852
PIMENTAL;314;Fio dagua;AMAZONAS;BELO MONTE;N;NORTE;2026-01-05;115.603;82.377;115.603;82.377;114.297;140.334
PIRAJU;48;Fio dagua;PARANAPANEMA;PARANAPANEMA;SE;SUDESTE;2026-01-05;28.085;36.7949;28.085;36.7949;28.992;76.3286
PONTE DE PEDRA;281;Fio dagua;PARAGUAI;SUDESTE;SE;SUDESTE;2026-01-05;142.407;74.9071;111.458;58.6277;142.743;190.1116
PORTO ESTRELA;135;Reservatório com Usina;DOCE;SUDESTE;SE;SUDESTE;2026-01-05;32.399;23.592;32.399;23.592;31.339;137.3307
PORTO PRIMAVERA;46;Fio dagua;PARANA;PARANA;SE;SUDESTE;2026-01-05;767.482;39.0679;767.482;39.0679;793.029;1964.48
PROMISSÃO;40;Reservatório com Usina;TIETE;PARANA;SE;SUDESTE;2026-01-05;118.428;50.8227;84.348;36.1974;120.531;233.022
QUEBRA QUEIXO;95;Reservatório com Usina;URUGUAI;SUL;S;SUL;2026-01-05;83.431;138.9822;83.431;138.9822;83.284;60.03
QUEIMADO;162;Reservatório com Usina;SAO FRANCISCO;SUDESTE;SE;SUDESTE;2026-01-05;57.791;45.753;57.791;45.753;55.902;126.3108
RETIRO BAIXO;155;Reservatório com Usina;SAO FRANCISCO;SUDESTE;SE;SUDESTE;2026-01-05;40.533;38.2141;40.533;38.2141;40.497;106.0682
RONDON II;276;Reservatório com Usina;AMAZONAS;MADEIRA;SE;SUDESTE;2026-01-05;66.51;108.4023;66.51;108.4023;65.303;61.3548
ROSAL;217;Fio dagua;ITABAPOANA;SUDESTE;SE;SUDESTE;2026-01-05;111.932;108.5577;46.01;44.623;110.957;103.1083
ROSANA;63;Fio dagua;PARANAPANEMA;PARANAPANEMA;SE;SUDESTE;2026-01-05;248.627;77.6149;248.627;77.6149;254.176;320.334
S.DO FACÃO;21;Reservatório com Usina;PARANAIBA;PARANA;SE;SUDESTE;2026-01-05;70.613;35.6785;70.613;35.6785;66.829;197.9145
S.R.VERDINHO;241;Fio dagua;PARANAIBA;PARANA;SE;SUDESTE;2026-01-05;45.776;47.5993;45.776;47.5993;46.283;96.1694
SA CARVALHO;193;Fio dagua;DOCE;SUDESTE;SE;SUDESTE;2026-01-05;106.328;70.5278;65.127;43.199;105.88;150.7604
SALTO;262;Fio dagua;PARANAIBA;PARANA;SE;SUDESTE;2026-01-05;51.705;48.6648;51.705;48.6648;51.916;106.2472
SALTO CAXIAS;82;Fio dagua;IGUACU;IGUACU;S;SUL;2026-01-05;545.067;81.9201;545.067;81.9201;542.9;665.3644
SALTO GRANDE CM;134;Fio dagua;DOCE;SUDESTE;SE;SUDESTE;2026-01-05;57.736;25.0836;56.934;24.7352;57.369;230.174
SALTO GRANDE CS;50;Fio dagua;PARANAPANEMA;PARANAPANEMA;SE;SUDESTE;2026-01-05;50.885;52.5455;35.313;36.4653;52.409;96.8399
SALTO OSORIO;78;Fio dagua;IGUACU;IGUACU;S;SUL;2026-01-05;431.738;78.3358;431.738;78.3358;437.557;551.1373
SALTO PILAO;215;Fio dagua;ITAJAI;SUL;S;SUL;2026-01-05;218.096;107.5045;168.701;83.1566;217.944;202.8715
SALTO SANTIAGO;77;Reservatório com Usina;IGUACU;IGUACU;S;SUL;2026-01-05;617.324;75.0531;617.324;75.0531;635.935;822.5162
SAMUEL;279;Reservatório com Usina;AMAZONAS;MADEIRA;SE;SUDESTE;2026-01-05;191.597;142.1495;191.597;142.1495;172.808;134.7856
SANTA BRANCA;122;Reservatório com Usina;PARAIBA DO SUL;SUDESTE;SE;SUDESTE;2026-01-05;27.828;63.0334;27.828;63.0334;23.999;44.148
SANTA CLARA-PR;71;Reservatório com Usina;IGUACU;IGUACU;S;SUL;2026-01-05;41.516;54.3514;41.516;54.3514;41.888;76.3844
SANTO ANTONIO;287;Fio dagua;AMAZONAS;MADEIRA;SE;SUDESTE;2026-01-05;4540.701;119.6794;3646.571;96.1128;3800.316;3794.0553
SAO DOMINGOS;153;Fio dagua;PARANA;PARANA;SE;SUDESTE;2026-01-05;24.949;54.5239;20.342;44.4557;24.953;45.7579
SAO JOSE;101;Fio dagua;URUGUAI;SUL;S;SUL;2026-01-05;82.29;259.2775;43.416;136.7941;82.096;31.7382
SAO MANOEL;230;Fio dagua;AMAZONAS;TELES PIRES;SE;SUDESTE;2026-01-05;679.948;82.1959;670.427;81.045;608.081;827.2283
SAO ROQUE;88;Reservatório com Usina;URUGUAI;SUL;S;SUL;2026-01-05;142.626;177.8434;142.626;177.8434;147.45;80.1975
SAO SALVADOR;253;Fio dagua;TOCANTINS;SUDESTE;SE;SUDESTE;2026-01-05;128.456;35.3279;128.456;35.3279;128.703;363.6108
SÃO SIMÃO;33;Reservatório com Usina;PARANAIBA;PARANA;SE;SUDESTE;2026-01-05;905.238;36.0986;905.238;36.0986;868.35;2507.683
SEGREDO;76;Reservatório com Usina;IGUACU;IGUACU;S;SUL;2026-01-05;518.2;71.1204;518.2;71.1204;518.027;728.624
SERRA DA MESA;251;Reservatório com Usina;TOCANTINS;SUDESTE;SE;SUDESTE;2026-01-05;696.038;48.6553;696.038;48.6553;683.216;1430.55
SIMPLICIO;129;Fio dagua;PARAIBA DO SUL;SUDESTE;SE;SUDESTE;2026-01-05;137.224;43.3522;137.224;43.3522;136.703;316.53285
SINOP;227;Reservatório com Usina;AMAZONAS;TELES PIRES;SE;SUDESTE;2026-01-05;163.981;48.0443;156.931;45.9787;131.403;341.3124
SOBRADINHO;169;Reservatório com Usina;SAO FRANCISCO;NORDESTE;NE;NORDESTE;2026-01-05;467.58;42.9532;467.58;42.9532;429.671;1088.5805
SOBRAGI;127;Fio dagua;PARAIBA DO SUL;SUDESTE;SE;SUDESTE;2026-01-05;38.972;43.5198;22.495;25.12;39.1;89.55
STA.CLARA-MG;283;Fio dagua;MUCURI;SUDESTE;SE;SUDESTE;2026-01-05;7.866;10.6057;7.866;10.6057;7.78;74.1675
STO ANTONIO DO JARI;286;Fio dagua;AMAZONAS;MANAUS-AMAPA;N;NORTE;2026-01-05;87.977;55.1568;87.977;55.1568;90.914;159.5035
SUIÇA;145;Fio dagua;SANTA MARIA VIT;SUDESTE;SE;SUDESTE;2026-01-05;44.441;105.151;44.441;105.151;44.264;42.264
TAQUARUÇU;62;Fio dagua;PARANAPANEMA;PARANAPANEMA;SE;SUDESTE;2026-01-05;255.395;73.0102;255.395;73.0102;363.666;349.8075
TELES PIRES;229;Fio dagua;AMAZONAS;TELES PIRES;SE;SUDESTE;2026-01-05;1516.286;82.9464;1506.178;82.3934;1533.417;1828.0318
TRÊS IRMÃOS;43;Reservatório com Usina;TIETE;PARANA;SE;SUDESTE;2026-01-05;299.549;60.555;299.549;60.555;304.218;494.6725
TRÊS MARIAS;156;Reservatório com Usina;SAO FRANCISCO;SUDESTE;SE;SUDESTE;2026-01-05;212.781;34.2477;212.781;34.2477;207.348;621.3
TUCURUI;275;Reservatório com Usina;TOCANTINS;NORTE;N;NORTE;2026-01-05;3369.466;41.5701;3369.466;41.5701;3080.508;8105.5008
VOLTA GRANDE;11;Fio dagua;GRANDE;PARANA;SE;SUDESTE;2026-01-05;206.463;39.0903;206.463;39.0903;206.088;528.1696
XINGO;178;Fio dagua;SAO FRANCISCO;NORDESTE;NE;NORDESTE;2026-01-05;2570.136;53.2726;2570.136;53.2726;2625.732;4824.4975
14 DE JULHO;99;Fio dagua;JACUI;SUL;S;SUL;2026-01-06;57.419;113.3222;57.419;113.3222;54.113;50.6688
A. VERMELHA;18;Reservatório com Usina;GRANDE;PARANA;SE;SUDESTE;2026-01-06;669.686;40.4687;669.686;40.4687;627.672;1654.825
AIMORES;143;Fio dagua;DOCE;SUDESTE;SE;SUDESTE;2026-01-06;192.351;49.0835;192.351;49.0835;199.279;391.8856
APOLONIO SALES;173;Fio dagua;SAO FRANCISCO;NORDESTE;NE;NORDESTE;2026-01-06;210.414;48.1996;210.414;48.1996;20.61;436.5468
B. BONITA;37;Reservatório com Usina;TIETE;PARANA;SE;SUDESTE;2026-01-06;46.748;38.7659;34.316;28.4567;47.867;120.5904
B.COQUEIROS;312;Fio dagua;PARANAIBA;PARANA;SE;SUDESTE;2026-01-06;32.455;34.9412;32.455;34.9412;33.65;92.8846
BAGUARI;141;Fio dagua;DOCE;SUDESTE;SE;SUDESTE;2026-01-06;135.64;78.7017;133.772;77.6178;135.404;172.347
BAIXO IGUACU;83;Fio dagua;IGUACU;IGUACU;S;SUL;2026-01-06;129.918;69.4521;122.628;65.5549;124.225;187.0614
BALBINA;277;Reservatório com Usina;AMAZONAS;MANAUS-AMAPA;N;NORTE;2026-01-06;105.283;124.9798;105.283;124.9798;96.841;84.24
BARIRI;38;Fio dagua;TIETE;PARANA;SE;SUDESTE;2026-01-06;59.903;42.5953;59.903;42.5953;60.614;140.6328
BARRA BRAUNA;185;Fio dagua;PARAIBA DO SUL;SUDESTE;SE;SUDESTE;2026-01-06;29.293;64.4655;29.293;64.4655;28.799;45.4398
BARRA GRANDE;86;Reservatório com Usina;URUGUAI;SUL;S;SUL;2026-01-06;202.048;75.5343;189.311;70.7727;206.356;267.4917
BATALHA;20;Reservatório com Usina;PARANAIBA;PARANA;SE;SUDESTE;2026-01-06;28.049;42.9288;28.049;42.9288;25.179;65.3384
BELO MONTE;288;Fio dagua;AMAZONAS;BELO MONTE;N;NORTE;2026-01-06;3245.966;57.9788;3245.966;57.9788;3256.901;5598.54
BOA ESPERANÇA;190;Reservatório com Usina;PARNAIBA;NORDESTE;NE;NORDESTE;2026-01-06;190.657;79.2218;190.657;79.2218;182.282;240.6624
C. DOURADA;32;Fio dagua;PARANAIBA;PARANA;SE;SUDESTE;2026-01-06;304.729;41.2054;304.729;41.2054;333.95;739.5374
C.BRANCO-1;27;Reservatório com Usina;PARANAIBA;PARANA;SE;SUDESTE;2026-01-06;112.375;37.2441;100.613;33.3458;110.786;301.726
C.BRANCO-2;28;Fio dagua;PARANAIBA;PARANA;SE;SUDESTE;2026-01-06;86.774;34.0656;78.019;30.6286;86.699;254.7259
CACHOEIRA CALDEIRAO;204;Fio dagua;ARAGUARI;MANAUS-AMAPA;N;NORTE;2026-01-06;45.256;57.581;45.256;57.581;46.454;78.5954
CACONDE;14;Reservatório com Usina;GRANDE;PARANA;SE;SUDESTE;2026-01-06;43.764;55.7784;43.764;55.7784;41.499;78.4605
CACU;311;Reservatório com Usina;PARANAIBA;PARANA;SE;SUDESTE;2026-01-06;23.226;34.3814;21.039;31.144;23.878;67.554
CAMARGOS;1;Reservatório com Usina;GRANDE;PARANA;SE;SUDESTE;2026-01-06;19.915;39.6404;19.915;39.6404;18.662;50.2392
CAMPOS NOVOS;90;Reservatório com Usina;URUGUAI;SUL;S;SUL;2026-01-06;662.759;171.9166;662.759;171.9166;669.667;385.512
CANA BRAVA;252;Fio dagua;TOCANTINS;SUDESTE;SE;SUDESTE;2026-01-06;344.635;58.0072;344.635;58.0072;333.984;594.1248
CANASTRA;87;Fio dagua;JACUI;SUL;S;SUL;2026-01-06;;;;;;
CANDONGA;139;Fio dagua;DOCE;SUDESTE;SE;SUDESTE;2026-01-06;92.406;77.1466;92.406;77.1466;86.047;119.7798
CANOAS I;52;Fio dagua;PARANAPANEMA;PARANAPANEMA;SE;SUDESTE;2026-01-06;52.181;51.0107;52.181;51.0107;53.429;102.2943
CANOAS II;51;Fio dagua;PARANAPANEMA;PARANAPANEMA;SE;SUDESTE;2026-01-06;41.913;49.0817;41.913;49.0817;43.182;85.3944
CAPIVARA;61;Reservatório com Usina;PARANAPANEMA;PARANAPANEMA;SE;SUDESTE;2026-01-06;359.881;63.9535;359.881;63.9535;387.927;562.7232
CASTRO ALVES;97;Fio dagua;JACUI;SUL;S;SUL;2026-01-06;64.125;87.0204;64.125;87.0204;62.033;73.6896
CHAVANTES;49;Reservatório com Usina;PARANAPANEMA;PARANAPANEMA;SE;SUDESTE;2026-01-06;106.232;34.1908;106.232;34.1908;105.967;310.7031
COARACY NUNES;280;Fio dagua;ARAGUARI;MANAUS-AMAPA;N;NORTE;2026-01-06;58.878;58.469;58.878;58.469;58.738;100.6995
COLIDER;228;Fio dagua;AMAZONAS;TELES PIRES;SE;SUDESTE;2026-01-06;156.523;49.1029;156.523;49.1029;120.928;318.7652
CORUMBA;30;Reservatório com Usina;PARANAIBA;PARANA;SE;SUDESTE;2026-01-06;219.025;48.5342;219.025;48.5342;209.518;451.2798
CORUMBA-3;203;Reservatório com Usina;PARANAIBA;PARANA;SE;SUDESTE;2026-01-06;65.234;72.5637;58.639;65.2277;63.919;89.8989
CORUMBA-4;29;Reservatório com Usina;PARANAIBA;PARANA;SE;SUDESTE;2026-01-06;117.274;96.6102;111.438;91.8025;117.349;121.3888
CURUA-UNA;272;Reservatório com Usina;AMAZONAS;BELO MONTE;N;NORTE;2026-01-06;20.87;82.318;20.87;82.318;18.156;25.3529
D. FRANCISCA;114;Fio dagua;JACUI;SUL;S;SUL;2026-01-06;117.826;165.6088;72.855;102.4004;120.753;71.1472
DARDANELOS;310;Fio dagua;AMAZONAS;MADEIRA;SE;SUDESTE;2026-01-06;398.999;94.0984;192.201;45.3279;391.493;424.0232
E. DA CUNHA;15;Fio dagua;GRANDE;PARANA;SE;SUDESTE;2026-01-06;70.054;60.6366;70.054;60.6366;69.98;115.5308
EMBORCAÇÃO;24;Reservatório com Usina;PARANAIBA;PARANA;SE;SUDESTE;2026-01-06;477.85;47.9187;477.85;47.9187;450.215;997.2102
ESPORA;290;Reservatório com Usina;PARANAIBA;PARANA;SE;SUDESTE;2026-01-06;20.37;63.3238;18.36;57.0754;18.794;32.168
ESTREITO;267;Fio dagua;TOCANTINS;NORTE;N;NORTE;2026-01-06;737.62;52.372;686.769;48.7615;669.368;1408.425
FERREIRA GOMES;284;Fio dagua;ARAGUARI;MANAUS-AMAPA;N;NORTE;2026-01-06;50.333;59.4296;50.333;59.4296;54.286;84.6935
FONTES;132;Fio dagua;PARAIBA DO SUL;SUDESTE;SE;SUDESTE;2026-01-06;31.309;25.7554;31.309;25.7554;31.253;121.563
FOZ CHAPECO;103;Fio dagua;URUGUAI;SUL;S;SUL;2026-01-06;706.212;182.6655;671.966;173.8076;697.169;386.6148
FOZ DO RIO CLARO;315;Fio dagua;PARANAIBA;PARANA;SE;SUDESTE;2026-01-06;27.126;36.5358;26.647;35.8906;27.028;74.245
FUNDÃO;72;Fio dagua;IGUACU;IGUACU;S;SUL;2026-01-06;41.801;50.8285;23.525;28.6055;42.694;82.2393
FUNIL;123;Reservatório com Usina;PARAIBA DO SUL;SUDESTE;SE;SUDESTE;2026-01-06;58.833;28.2166;58.833;28.2166;51.427;208.505
FUNIL-MG;4;Fio dagua;GRANDE;PARANA;SE;SUDESTE;2026-01-06;82.113;40.5911;82.113;40.5911;84.303;202.293
FURNAS;6;Reservatório com Usina;GRANDE;PARANA;SE;SUDESTE;2026-01-06;561.1;40.3366;561.1;40.3366;543.756;1391.043
G. B. MUNHOZ;74;Reservatório com Usina;IGUACU;IGUACU;S;SUL;2026-01-06;407.659;60.21;407.659;60.21;403.272;677.0622
G. P. SOUZA;115;Reservatório com Usina;CAPIVARI;SUL;S;SUL;2026-01-06;73.137;46.0401;73.137;46.0401;73.043;158.855
GARIBALDI;89;Reservatório com Usina;URUGUAI;SUL;S;SUL;2026-01-06;137.516;168.5842;137.516;168.5842;134.561;81.5711
GOV JAYME CANET JR;57;Reservatório com Usina;PARANAPANEMA;IGUACU;S;SUL;2026-01-06;127.345;39.787;127.345;39.787;126.977;320.067
GUAPORE;196;Fio dagua;AMAZONAS;MADEIRA;SE;SUDESTE;2026-01-06;55.457;99.694;55.457;99.694;55.412;55.6272
GUILM. AMORIM;192;Fio dagua;DOCE;SUDESTE;SE;SUDESTE;2026-01-06;191.153;128.3106;156.929;105.3379;189.981;148.9768
HENRY BORDEN;119;Fio dagua;TIETE;SUDESTE;SE;SUDESTE;2026-01-06;359.424;94.4328;359.424;94.4328;359.411;380.6136
I. SOLTEIRA;34;Reservatório com Usina;PARANA;PARANA;SE;SUDESTE;2026-01-06;1242.525;37.0542;1242.525;37.0542;1272.574;3353.2623
IBITINGA;39;Fio dagua;TIETE;PARANA;SE;SUDESTE;2026-01-06;74.969;47.5331;74.969;47.5331;75.677;157.7196
IGARAPAVA;10;Fio dagua;GRANDE;PARANA;SE;SUDESTE;2026-01-06;125.955;41.0024;125.955;41.0024;131.016;307.1891
ILHA POMBOS;130;Fio dagua;PARAIBA DO SUL;SUDESTE;SE;SUDESTE;2026-01-06;80.76;34.674;80.76;34.674;81.83;232.9124
IRAPE;148;Reservatório com Usina;JEQUITINHONHA;SUDESTE;SE;SUDESTE;2026-01-06;640.353;133.5212;640.353;133.5212;636.312;479.589
ITÁ;92;Fio dagua;URUGUAI;SUL;S;SUL;2026-01-06;937.491;145.7637;937.491;145.7637;932.287;643.1579
ITAIPU;66;Fio dagua;PARANA;ITAIPU;SE;SUDESTE;2026-01-06;8269.643;54.9984;8269.643;54.9984;8537.657;15036.1432
ITAPEBI;154;Fio dagua;JEQUITINHONHA;NORDESTE;NE;NORDESTE;2026-01-06;59.009;10.6628;35.414;6.3992;59.517;553.41
ITAUBA;113;Fio dagua;JACUI;SUL;S;SUL;2026-01-06;243.73;185.4312;243.73;185.4312;233.611;131.4396
ITIQUIRA I;304;Fio dagua;PARAGUAI;SUDESTE;SE;SUDESTE;2026-01-06;37.572;49.3839;36.803;48.3731;37.551;76.0815
ITIQUIRA II;305;Fio dagua;PARAGUAI;SUDESTE;SE;SUDESTE;2026-01-06;59.836;49.3834;59.836;49.3834;59.957;121.1661
ITUMBIARA;31;Reservatório com Usina;PARANAIBA;PARANA;SE;SUDESTE;2026-01-06;805.73;43.8478;805.73;43.8478;735.537;1837.5605
ITUTINGA;2;Fio dagua;GRANDE;PARANA;SE;SUDESTE;2026-01-06;23.378;39.6403;23.378;39.6403;23.945;58.9754
JACUI;112;Fio dagua;JACUI;SUL;S;SUL;2026-01-06;228.146;203.5036;0.0;0.0;236.999;112.1091
JAGUARA;9;Fio dagua;GRANDE;PARANA;SE;SUDESTE;2026-01-06;318.024;40.9938;318.024;40.9938;323.602;775.7848
JAGUARI;120;Reservatório com Usina;PARAIBA DO SUL;SUDESTE;SE;SUDESTE;2026-01-06;2.442;10.7496;0.0;0.0;2.232;22.7172
JAURU;195;Fio dagua;PARAGUAI;SUDESTE;SE;SUDESTE;2026-01-06;72.108;80.7922;72.108;80.7922;71.949;89.2512
JIRAU;285;Fio dagua;AMAZONAS;MADEIRA;SE;SUDESTE;2026-01-06;4302.337;118.0496;3746.662;102.8028;3887.487;3644.515
JUPIA;45;Fio dagua;PARANA;PARANA;SE;SUDESTE;2026-01-06;749.77;40.374;749.77;40.374;768.759;1857.06
JURUENA;309;Fio dagua;AMAZONAS;TELES PIRES;SE;SUDESTE;2026-01-06;41.144;86.6117;34.613;72.8633;42.52;47.504
JURUMIRIM;47;Reservatório com Usina;PARANAPANEMA;PARANAPANEMA;SE;SUDESTE;2026-01-06;32.701;34.7193;32.701;34.7193;32.616;94.1868
L. C. BARRETO;8;Fio dagua;GRANDE;PARANA;SE;SUDESTE;2026-01-06;433.883;40.9031;433.883;40.9031;439.924;1060.7587
LAJEADO;261;Fio dagua;TOCANTINS;SUDESTE;SE;SUDESTE;2026-01-06;561.259;39.1828;561.259;39.1828;566.152;1432.4115
LIMOEIRO;16;Fio dagua;GRANDE;PARANA;SE;SUDESTE;2026-01-06;21.421;61.7653;21.421;61.7653;21.38;34.6813
LUIZ GONZAGA;172;Reservatório com Usina;SAO FRANCISCO;NORDESTE;NE;NORDESTE;2026-01-06;955.937;48.1782;955.937;48.1782;924.313;1984.17
M. MORAES;7;Reservatório com Usina;GRANDE;PARANA;SE;SUDESTE;2026-01-06;268.638;40.5422;268.638;40.5422;283.95;662.6139
MACHADINHO;91;Reservatório com Usina;URUGUAI;SUL;S;SUL;2026-01-06;634.713;138.7697;634.713;138.7697;640.282;457.3859
MANSO;278;Reservatório com Usina;PARAGUAI;SUDESTE;SE;SUDESTE;2026-01-06;66.69;44.3512;66.69;44.3512;66.144;150.368
MARIMBONDO;17;Reservatório com Usina;GRANDE;PARANA;SE;SUDESTE;2026-01-06;741.511;44.6384;741.511;44.6384;662.818;1661.1515
MASCARENHAS;144;Fio dagua;DOCE;SUDESTE;SE;SUDESTE;2026-01-06;204.205;57.4844;198.039;55.7487;190.546;355.2354
MIRANDA;26;Reservatório com Usina;PARANAIBA;PARANA;SE;SUDESTE;2026-01-06;139.679;38.8742;139.679;38.8742;140.761;359.31
MONJOLINHO;94;Fio dagua;URUGUAI;SUL;S;SUL;2026-01-06;44.118;131.7742;44.118;131.7742;43.911;33.48
MONTE CLARO;98;Fio dagua;JACUI;SUL;S;SUL;2026-01-06;60.647;105.7227;48.253;84.1169;59.814;57.3642
N. AVANHANDAVA;42;Fio dagua;TIETE;PARANA;SE;SUDESTE;2026-01-06;149.774;45.7856;149.774;45.7856;147.245;327.12
NILO PEÇANHA;131;Fio dagua;PARAIBA DO SUL;SUDESTE;SE;SUDESTE;2026-01-06;259.95;67.6503;259.95;67.6503;259.937;384.2553
NOVA PONTE;25;Reservatório com Usina;PARANAIBA;PARANA;SE;SUDESTE;2026-01-06;225.056;45.819;225.056;45.819;198.962;491.1852
OURINHOS;249;Fio dagua;PARANAPANEMA;PARANAPANEMA;SE;SUDESTE;2026-01-06;17.29;35.3104;17.29;35.3104;19.186;48.9658
P. AFONSO 1,2,3;174;Fio dagua;SAO FRANCISCO;NORDESTE;NE;NORDESTE;2026-01-06;820.918;48.1997;820.918;48.1997;86.173;1703.16
P. AFONSO 4;175;Fio dagua;SAO FRANCISCO;NORDESTE;NE;NORDESTE;2026-01-06;1174.993;48.1997;1174.993;48.1997;2106.327;2437.7598
P. COLOMBIA;12;Fio dagua;GRANDE;PARANA;SE;SUDESTE;2026-01-06;198.603;41.1117;198.603;41.1117;207.372;483.0812
PARAIBUNA;121;Reservatório com Usina;PARAIBA DO SUL;SUDESTE;SE;SUDESTE;2026-01-06;50.71;68.9243;49.308;67.0187;47.018;73.5735
PARANAPANEMA;53;Fio dagua;PARANAPANEMA;PARANAPANEMA;SE;SUDESTE;2026-01-06;14.817;35.1093;14.817;35.1093;15.471;42.2025
PASSO FUNDO;93;Reservatório com Usina;URUGUAI;SUL;S;SUL;2026-01-06;106.187;136.3434;106.187;136.3434;107.111;77.882
PASSO REAL;111;Reservatório com Usina;JACUI;SUL;S;SUL;2026-01-06;104.352;202.4366;50.226;97.4354;109.983;51.548
PASSO SAO JOAO;102;Fio dagua;URUGUAI;SUL;S;SUL;2026-01-06;107.346;241.0239;71.207;159.881;107.37;44.5375
PEDRA DO CAVALO;189;Reservatório com Usina;PARAGUACU;NORDESTE;NE;NORDESTE;2026-01-06;5.453;3.7584;5.453;3.7584;5.526;145.0899
PEIXE ANGICAL;257;Reservatório com Usina;TOCANTINS;SUDESTE;SE;SUDESTE;2026-01-06;330.594;45.4602;330.594;45.4602;339.479;727.216
PEREIRA PASSOS;133;Fio dagua;PARAIBA DO SUL;SUDESTE;SE;SUDESTE;2026-01-06;35.023;57.6222;35.023;57.6222;35.224;60.7804
PICADA;126;Fio dagua;PARAIBA DO SUL;SUDESTE;SE;SUDESTE;2026-01-06;27.791;38.8223;27.791;38.8223;44.643;71.5852
PIMENTAL;314;Fio dagua;AMAZONAS;BELO MONTE;N;NORTE;2026-01-06;116.321;82.8887;116.321;82.8887;115.73;140.334
PIRAJU;48;Fio dagua;PARANAPANEMA;PARANAPANEMA;SE;SUDESTE;2026-01-06;26.798;35.1087;26.798;35.1087;27.664;76.3286
PONTE DE PEDRA;281;Fio dagua;PARAGUAI;SUDESTE;SE;SUDESTE;2026-01-06;145.126;76.3373;114.177;60.0579;145.155;190.1116
PORTO ESTRELA;135;Reservatório com Usina;DOCE;SUDESTE;SE;SUDESTE;2026-01-06;126.519;92.1273;126.519;92.1273;123.789;137.3307
PORTO PRIMAVERA;46;Fio dagua;PARANA;PARANA;SE;SUDESTE;2026-01-06;795.058;40.4717;795.058;40.4717;821.523;1964.48
PROMISSÃO;40;Reservatório com Usina;TIETE;PARANA;SE;SUDESTE;2026-01-06;103.499;44.416;58.556;25.129;105.337;233.022
QUEBRA QUEIXO;95;Reservatório com Usina;URUGUAI;SUL;S;SUL;2026-01-06;71.86;119.7068;71.86;119.7068;71.927;60.03
QUEIMADO;162;Reservatório com Usina;SAO FRANCISCO;SUDESTE;SE;SUDESTE;2026-01-06;67.847;53.7143;67.847;53.7143;65.626;126.3108
RETIRO BAIXO;155;Reservatório com Usina;SAO FRANCISCO;SUDESTE;SE;SUDESTE;2026-01-06;76.894;72.4949;76.894;72.4949;76.928;106.0682
RONDON II;276;Reservatório com Usina;AMAZONAS;MADEIRA;SE;SUDESTE;2026-01-06;67.212;109.5464;67.212;109.5464;66.15;61.3548
ROSAL;217;Fio dagua;ITABAPOANA;SUDESTE;SE;SUDESTE;2026-01-06;154.02;149.3769;50.912;49.3772;152.541;103.1083
ROSANA;63;Fio dagua;PARANAPANEMA;PARANAPANEMA;SE;SUDESTE;2026-01-06;224.919;70.2139;224.919;70.2139;231.161;320.334
S.DO FACÃO;21;Reservatório com Usina;PARANAIBA;PARANA;SE;SUDESTE;2026-01-06;81.151;41.0031;81.151;41.0031;77.23;197.9145
S.R.VERDINHO;241;Fio dagua;PARANAIBA;PARANA;SE;SUDESTE;2026-01-06;46.232;48.0735;46.232;48.0735;46.81;96.1694
SA CARVALHO;193;Fio dagua;DOCE;SUDESTE;SE;SUDESTE;2026-01-06;171.062;113.4661;62.439;41.416;169.344;150.7604
SALTO;262;Fio dagua;PARANAIBA;PARANA;SE;SUDESTE;2026-01-06;51.539;48.5086;51.539;48.5086;51.708;106.2472
SALTO CAXIAS;82;Fio dagua;IGUACU;IGUACU;S;SUL;2026-01-06;453.477;68.1547;453.477;68.1547;452.447;665.3644
SALTO GRANDE CM;134;Fio dagua;DOCE;SUDESTE;SE;SUDESTE;2026-01-06;235.756;102.4251;234.954;102.0767;234.206;230.174
SALTO GRANDE CS;50;Fio dagua;PARANAPANEMA;PARANAPANEMA;SE;SUDESTE;2026-01-06;46.207;47.7148;38.051;39.2927;47.645;96.8399
SALTO OSORIO;78;Fio dagua;IGUACU;IGUACU;S;SUL;2026-01-06;377.492;68.4933;377.492;68.4933;380.35;551.1373
SALTO PILAO;215;Fio dagua;ITAJAI;SUL;S;SUL;2026-01-06;205.077;101.0871;168.031;82.8263;204.841;202.8715
SALTO SANTIAGO;77;Reservatório com Usina;IGUACU;IGUACU;S;SUL;2026-01-06;535.278;65.0781;535.278;65.0781;552.121;822.5162
SAMUEL;279;Reservatório com Usina;AMAZONAS;MADEIRA;SE;SUDESTE;2026-01-06;202.018;149.881;202.018;149.881;181.684;134.7856
SANTA BRANCA;122;Reservatório com Usina;PARAIBA DO SUL;SUDESTE;SE;SUDESTE;2026-01-06;30.337;68.7166;30.337;68.7166;26.162;44.148
SANTA CLARA-PR;71;Reservatório com Usina;IGUACU;IGUACU;S;SUL;2026-01-06;37.997;49.7445;37.997;49.7445;38.199;76.3844
SANTO ANTONIO;287;Fio dagua;AMAZONAS;MADEIRA;SE;SUDESTE;2026-01-06;4534.049;119.504;3974.245;104.7493;3784.683;3794.0553
SAO DOMINGOS;153;Fio dagua;PARANA;PARANA;SE;SUDESTE;2026-01-06;28.554;62.4023;18.42;40.2553;28.484;45.7579
SAO JOSE;101;Fio dagua;URUGUAI;SUL;S;SUL;2026-01-06;73.304;230.9646;46.261;145.7581;73.096;31.7382
SAO MANOEL;230;Fio dagua;AMAZONAS;TELES PIRES;SE;SUDESTE;2026-01-06;671.558;81.1817;671.558;81.1817;603.289;827.2283
SAO ROQUE;88;Reservatório com Usina;URUGUAI;SUL;S;SUL;2026-01-06;100.732;125.6049;100.732;125.6049;103.974;80.1975
SAO SALVADOR;253;Fio dagua;TOCANTINS;SUDESTE;SE;SUDESTE;2026-01-06;175.595;48.292;165.924;45.6323;172.319;363.6108
SÃO SIMÃO;33;Reservatório com Usina;PARANAIBA;PARANA;SE;SUDESTE;2026-01-06;1064.443;42.4473;1064.443;42.4473;1021.831;2507.683
SEGREDO;76;Reservatório com Usina;IGUACU;IGUACU;S;SUL;2026-01-06;466.084;63.9677;466.084;63.9677;465.563;728.624
SERRA DA MESA;251;Reservatório com Usina;TOCANTINS;SUDESTE;SE;SUDESTE;2026-01-06;930.378;65.0364;930.378;65.0364;912.67;1430.55
SIMPLICIO;129;Fio dagua;PARAIBA DO SUL;SUDESTE;SE;SUDESTE;2026-01-06;124.944;39.4727;124.944;39.4727;125.694;316.53285
SINOP;227;Reservatório com Usina;AMAZONAS;TELES PIRES;SE;SUDESTE;2026-01-06;174.12;51.0148;167.07;48.9493;137.768;341.3124
SOBRADINHO;169;Reservatório com Usina;SAO FRANCISCO;NORDESTE;NE;NORDESTE;2026-01-06;435.829;40.0365;435.829;40.0365;400.02;1088.5805
SOBRAGI;127;Fio dagua;PARAIBA DO SUL;SUDESTE;SE;SUDESTE;2026-01-06;36.952;41.2641;21.908;24.4645;37.027;89.55
STA.CLARA-MG;283;Fio dagua;MUCURI;SUDESTE;SE;SUDESTE;2026-01-06;7.965;10.7392;7.965;10.7392;7.879;74.1675
STO ANTONIO DO JARI;286;Fio dagua;AMAZONAS;MANAUS-AMAPA;N;NORTE;2026-01-06;88.514;55.4935;88.514;55.4935;90.507;159.5035
SUIÇA;145;Fio dagua;SANTA MARIA VIT;SUDESTE;SE;SUDESTE;2026-01-06;95.897;226.9;72.652;171.9004;95.453;42.264
TAQUARUÇU;62;Fio dagua;PARANAPANEMA;PARANAPANEMA;SE;SUDESTE;2026-01-06;231.966;66.3125;231.966;66.3125;227.516;349.8075
TELES PIRES;229;Fio dagua;AMAZONAS;TELES PIRES;SE;SUDESTE;2026-01-06;1476.031;80.7443;1476.031;80.7443;1495.346;1828.0318
TRÊS IRMÃOS;43;Reservatório com Usina;TIETE;PARANA;SE;SUDESTE;2026-01-06;285.316;57.6778;285.316;57.6778;289.763;494.6725
TRÊS MARIAS;156;Reservatório com Usina;SAO FRANCISCO;SUDESTE;SE;SUDESTE;2026-01-06;379.651;61.1059;379.651;61.1059;366.313;621.3
TUCURUI;275;Reservatório com Usina;TOCANTINS;NORTE;N;NORTE;2026-01-06;3421.32;42.2099;3421.32;42.2099;3108.74;8105.5008
VOLTA GRANDE;11;Fio dagua;GRANDE;PARANA;SE;SUDESTE;2026-01-06;215.802;40.8585;215.802;40.8585;215.02;528.1696
XINGO;178;Fio dagua;SAO FRANCISCO;NORDESTE;NE;NORDESTE;2026-01-06;2477.84;51.3595;2477.84;51.3595;2531.646;4824.4975
14 DE JULHO;99;Fio dagua;JACUI;SUL;S;SUL;2026-01-07;48.331;95.3861;48.331;95.3861;47.108;50.6688
A. VERMELHA;18;Reservatório com Usina;GRANDE;PARANA;SE;SUDESTE;2026-01-07;718.993;43.4483;718.993;43.4483;673.474;1654.825
AIMORES;143;Fio dagua;DOCE;SUDESTE;SE;SUDESTE;2026-01-07;281.395;71.8054;281.395;71.8054;291.825;391.8856
APOLONIO SALES;173;Fio dagua;SAO FRANCISCO;NORDESTE;NE;NORDESTE;2026-01-07;185.963;42.5986;185.963;42.5986;27.757;436.5468
B. BONITA;37;Reservatório com Usina;TIETE;PARANA;SE;SUDESTE;2026-01-07;37.166;30.82;24.734;20.5108;38.112;120.5904
B.COQUEIROS;312;Fio dagua;PARANAIBA;PARANA;SE;SUDESTE;2026-01-07;35.894;38.6437;35.894;38.6437;37.196;92.8846
BAGUARI;141;Fio dagua;DOCE;SUDESTE;SE;SUDESTE;2026-01-07;181.635;105.3891;133.412;77.4089;176.997;172.347
BAIXO IGUACU;83;Fio dagua;IGUACU;IGUACU;S;SUL;2026-01-07;107.532;57.4849;87.995;47.0407;107.314;187.0614
BALBINA;277;Reservatório com Usina;AMAZONAS;MANAUS-AMAPA;N;NORTE;2026-01-07;100.58;119.397;100.58;119.397;94.643;84.24
BARIRI;38;Fio dagua;TIETE;PARANA;SE;SUDESTE;2026-01-07;52.25;37.1535;52.25;37.1535;53.318;140.6328
BARRA BRAUNA;185;Fio dagua;PARAIBA DO SUL;SUDESTE;SE;SUDESTE;2026-01-07;27.031;59.4875;27.031;59.4875;26.587;45.4398
BARRA GRANDE;86;Reservatório com Usina;URUGUAI;SUL;S;SUL;2026-01-07;121.093;45.2698;109.771;41.0372;123.509;267.4917
BATALHA;20;Reservatório com Usina;PARANAIBA;PARANA;SE;SUDESTE;2026-01-07;36.146;55.3212;36.146;55.3212;32.925;65.3384
BELO MONTE;288;Fio dagua;AMAZONAS;BELO MONTE;N;NORTE;2026-01-07;3255.731;58.1532;3255.731;58.1532;3279.031;5598.54
BOA ESPERANÇA;190;Reservatório com Usina;PARNAIBA;NORDESTE;NE;NORDESTE;2026-01-07;208.536;86.6508;208.536;86.6508;199.327;240.6624
C. DOURADA;32;Fio dagua;PARANAIBA;PARANA;SE;SUDESTE;2026-01-07;352.414;47.6533;348.901;47.1783;373.468;739.5374
C.BRANCO-1;27;Reservatório com Usina;PARANAIBA;PARANA;SE;SUDESTE;2026-01-07;129.66;42.9728;117.898;39.0745;127.508;301.726
C.BRANCO-2;28;Fio dagua;PARANAIBA;PARANA;SE;SUDESTE;2026-01-07;100.189;39.3321;91.435;35.8954;100.104;254.7259
CACHOEIRA CALDEIRAO;204;Fio dagua;ARAGUARI;MANAUS-AMAPA;N;NORTE;2026-01-07;41.218;52.4433;41.078;52.2651;42.707;78.5954
CACONDE;14;Reservatório com Usina;GRANDE;PARANA;SE;SUDESTE;2026-01-07;40.097;51.1047;40.097;51.1047;38.047;78.4605
CACU;311;Reservatório com Usina;PARANAIBA;PARANA;SE;SUDESTE;2026-01-07;26.954;39.8999;26.954;39.8999;27.631;67.554
CAMARGOS;1;Reservatório com Usina;GRANDE;PARANA;SE;SUDESTE;2026-01-07;18.096;36.0197;18.096;36.0197;16.966;50.2392
CAMPOS NOVOS;90;Reservatório com Usina;URUGUAI;SUL;S;SUL;2026-01-07;500.041;129.7083;500.041;129.7083;504.065;385.512
CANA BRAVA;252;Fio dagua;TOCANTINS;SUDESTE;SE;SUDESTE;2026-01-07;415.176;69.8803;415.176;69.8803;400.441;594.1248
CANASTRA;87;Fio dagua;JACUI;SUL;S;SUL;2026-01-07;;;;;;
CANDONGA;139;Fio dagua;DOCE;SUDESTE;SE;SUDESTE;2026-01-07;91.789;76.6315;73.327;61.2182;87.285;119.7798
CANOAS I;52;Fio dagua;PARANAPANEMA;PARANAPANEMA;SE;SUDESTE;2026-01-07;46.765;45.7161;46.765;45.7161;47.941;102.2943
CANOAS II;51;Fio dagua;PARANAPANEMA;PARANAPANEMA;SE;SUDESTE;2026-01-07;37.532;43.9514;37.532;43.9514;38.88;85.3944
CAPIVARA;61;Reservatório com Usina;PARANAPANEMA;PARANAPANEMA;SE;SUDESTE;2026-01-07;329.704;58.5908;252.952;44.9514;352.159;562.7232
CASTRO ALVES;97;Fio dagua;JACUI;SUL;S;SUL;2026-01-07;51.882;70.4061;51.882;70.4061;50.571;73.6896
CHAVANTES;49;Reservatório com Usina;PARANAPANEMA;PARANAPANEMA;SE;SUDESTE;2026-01-07;98.227;31.6144;98.227;31.6144;97.926;310.7031
COARACY NUNES;280;Fio dagua;ARAGUARI;MANAUS-AMAPA;N;NORTE;2026-01-07;53.211;52.8414;53.211;52.8414;53.957;100.6995
COLIDER;228;Fio dagua;AMAZONAS;TELES PIRES;SE;SUDESTE;2026-01-07;173.534;54.4394;162.52;50.9842;132.694;318.7652
CORUMBA;30;Reservatório com Usina;PARANAIBA;PARANA;SE;SUDESTE;2026-01-07;250.073;55.4142;250.073;55.4142;240.343;451.2798
CORUMBA-3;203;Reservatório com Usina;PARANAIBA;PARANA;SE;SUDESTE;2026-01-07;89.92;100.0235;84.019;93.4594;88.061;89.8989
CORUMBA-4;29;Reservatório com Usina;PARANAIBA;PARANA;SE;SUDESTE;2026-01-07;157.946;130.1158;152.693;125.7884;157.951;121.3888
CURUA-UNA;272;Reservatório com Usina;AMAZONAS;BELO MONTE;N;NORTE;2026-01-07;20.882;82.3653;20.882;82.3653;18.014;25.3529
D. FRANCISCA;114;Fio dagua;JACUI;SUL;S;SUL;2026-01-07;118.091;165.9812;99.969;140.5101;119.637;71.1472
DARDANELOS;310;Fio dagua;AMAZONAS;MADEIRA;SE;SUDESTE;2026-01-07;441.575;104.1393;230.432;54.3442;432.498;424.0232
E. DA CUNHA;15;Fio dagua;GRANDE;PARANA;SE;SUDESTE;2026-01-07;61.081;52.8699;61.081;52.8699;60.891;115.5308
EMBORCAÇÃO;24;Reservatório com Usina;PARANAIBA;PARANA;SE;SUDESTE;2026-01-07;550.933;55.2474;550.933;55.2474;520.017;997.2102
ESPORA;290;Reservatório com Usina;PARANAIBA;PARANA;SE;SUDESTE;2026-01-07;18.971;58.9748;18.971;58.9748;17.68;32.168
ESTREITO;267;Fio dagua;TOCANTINS;NORTE;N;NORTE;2026-01-07;781.787;55.5079;781.787;55.5079;653.607;1408.425
FERREIRA GOMES;284;Fio dagua;ARAGUARI;MANAUS-AMAPA;N;NORTE;2026-01-07;45.186;53.3524;45.186;53.3524;48.168;84.6935
FONTES;132;Fio dagua;PARAIBA DO SUL;SUDESTE;SE;SUDESTE;2026-01-07;27.446;22.5776;27.446;22.5776;27.397;121.563
FOZ CHAPECO;103;Fio dagua;URUGUAI;SUL;S;SUL;2026-01-07;570.572;147.5815;536.327;138.7239;570.23;386.6148
FOZ DO RIO CLARO;315;Fio dagua;PARANAIBA;PARANA;SE;SUDESTE;2026-01-07;27.195;36.6287;27.195;36.6287;27.128;74.245
FUNDÃO;72;Fio dagua;IGUACU;IGUACU;S;SUL;2026-01-07;39.159;47.6159;33.344;40.5451;39.714;82.2393
FUNIL;123;Reservatório com Usina;PARAIBA DO SUL;SUDESTE;SE;SUDESTE;2026-01-07;48.726;23.3692;48.726;23.3692;42.434;208.505
FUNIL-MG;4;Fio dagua;GRANDE;PARANA;SE;SUDESTE;2026-01-07;74.479;36.8174;74.479;36.8174;76.768;202.293
FURNAS;6;Reservatório com Usina;GRANDE;PARANA;SE;SUDESTE;2026-01-07;553.263;39.7732;553.263;39.7732;532.365;1391.043
G. B. MUNHOZ;74;Reservatório com Usina;IGUACU;IGUACU;S;SUL;2026-01-07;357.049;52.735;357.049;52.735;352.593;677.0622
G. P. SOUZA;115;Reservatório com Usina;CAPIVARI;SUL;S;SUL;2026-01-07;73.582;46.3202;73.582;46.3202;73.486;158.855
GARIBALDI;89;Reservatório com Usina;URUGUAI;SUL;S;SUL;2026-01-07;97.524;119.557;97.524;119.557;97.389;81.5711
GOV JAYME CANET JR;57;Reservatório com Usina;PARANAPANEMA;IGUACU;S;SUL;2026-01-07;125.718;39.2787;96.335;30.0984;125.929;320.067
GUAPORE;196;Fio dagua;AMAZONAS;MADEIRA;SE;SUDESTE;2026-01-07;56.724;101.9717;56.724;101.9717;56.669;55.6272
GUILM. AMORIM;192;Fio dagua;DOCE;SUDESTE;SE;SUDESTE;2026-01-07;169.481;113.7634;159.415;107.0066;168.516;148.9768
HENRY BORDEN;119;Fio dagua;TIETE;SUDESTE;SE;SUDESTE;2026-01-07;500.308;131.4477;500.308;131.4477;500.255;380.6136
I. SOLTEIRA;34;Reservatório com Usina;PARANA;PARANA;SE;SUDESTE;2026-01-07;1366.771;40.7594;1366.771;40.7594;1398.601;3353.2623
IBITINGA;39;Fio dagua;TIETE;PARANA;SE;SUDESTE;2026-01-07;67.568;42.8406;67.568;42.8406;68.173;157.7196
IGARAPAVA;10;Fio dagua;GRANDE;PARANA;SE;SUDESTE;2026-01-07;125.698;40.9188;125.698;40.9188;130.006;307.1891
ILHA POMBOS;130;Fio dagua;PARAIBA DO SUL;SUDESTE;SE;SUDESTE;2026-01-07;68.863;29.5661;68.863;29.5661;69.948;232.9124
IRAPE;148;Reservatório com Usina;JEQUITINHONHA;SUDESTE;SE;SUDESTE;2026-01-07;589.037;122.8212;589.037;122.8212;586.45;479.589
ITÁ;92;Fio dagua;URUGUAI;SUL;S;SUL;2026-01-07;776.292;120.7001;776.292;120.7001;780.376;643.1579
ITAIPU;66;Fio dagua;PARANA;ITAIPU;SE;SUDESTE;2026-01-07;8202.801;54.5539;8202.801;54.5539;8441.15;15036.1432
ITAPEBI;154;Fio dagua;JEQUITINHONHA;NORDESTE;NE;NORDESTE;2026-01-07;99.907;18.053;73.452;13.2726;101.1;553.41
ITAUBA;113;Fio dagua;JACUI;SUL;S;SUL;2026-01-07;240.512;182.9829;240.512;182.9829;234.69;131.4396
ITIQUIRA I;304;Fio dagua;PARAGUAI;SUDESTE;SE;SUDESTE;2026-01-07;37.587;49.4036;37.587;49.4036;37.583;76.0815
ITIQUIRA II;305;Fio dagua;PARAGUAI;SUDESTE;SE;SUDESTE;2026-01-07;59.861;49.4041;59.861;49.4041;60.004;121.1661
ITUMBIARA;31;Reservatório com Usina;PARANAIBA;PARANA;SE;SUDESTE;2026-01-07;913.7;49.7235;913.7;49.7235;828.626;1837.5605
ITUTINGA;2;Fio dagua;GRANDE;PARANA;SE;SUDESTE;2026-01-07;21.243;36.0201;21.243;36.0201;21.743;58.9754
JACUI;112;Fio dagua;JACUI;SUL;S;SUL;2026-01-07;229.744;204.9289;0.0;0.0;239.214;112.1091
JAGUARA;9;Fio dagua;GRANDE;PARANA;SE;SUDESTE;2026-01-07;315.717;40.6965;315.717;40.6965;320.181;775.7848
JAGUARI;120;Reservatório com Usina;PARAIBA DO SUL;SUDESTE;SE;SUDESTE;2026-01-07;3.031;13.3423;0.0;0.0;2.767;22.7172
JAURU;195;Fio dagua;PARAGUAI;SUDESTE;SE;SUDESTE;2026-01-07;71.596;80.2185;71.596;80.2185;71.425;89.2512
JIRAU;285;Fio dagua;AMAZONAS;MADEIRA;SE;SUDESTE;2026-01-07;4201.537;115.2838;3805.667;104.4218;3806.236;3644.515
JUPIA;45;Fio dagua;PARANA;PARANA;SE;SUDESTE;2026-01-07;788.942;42.4834;788.942;42.4834;808.539;1857.06
JURUENA;309;Fio dagua;AMAZONAS;TELES PIRES;SE;SUDESTE;2026-01-07;40.928;86.157;28.458;59.9065;42.172;47.504
JURUMIRIM;47;Reservatório com Usina;PARANAPANEMA;PARANAPANEMA;SE;SUDESTE;2026-01-07;30.776;32.6755;30.776;32.6755;30.687;94.1868
L. C. BARRETO;8;Fio dagua;GRANDE;PARANA;SE;SUDESTE;2026-01-07;430.213;40.5571;430.213;40.5571;435.921;1060.7587
LAJEADO;261;Fio dagua;TOCANTINS;SUDESTE;SE;SUDESTE;2026-01-07;599.534;41.8549;599.534;41.8549;590.7;1432.4115
LIMOEIRO;16;Fio dagua;GRANDE;PARANA;SE;SUDESTE;2026-01-07;18.587;53.5937;18.587;53.5937;18.37;34.6813
LUIZ GONZAGA;172;Reservatório com Usina;SAO FRANCISCO;NORDESTE;NE;NORDESTE;2026-01-07;844.852;42.5796;844.852;42.5796;818.572;1984.17
M. MORAES;7;Reservatório com Usina;GRANDE;PARANA;SE;SUDESTE;2026-01-07;267.861;40.4249;267.861;40.4249;283.395;662.6139
MACHADINHO;91;Reservatório com Usina;URUGUAI;SUL;S;SUL;2026-01-07;526.398;115.0884;526.398;115.0884;531.937;457.3859
MANSO;278;Reservatório com Usina;PARAGUAI;SUDESTE;SE;SUDESTE;2026-01-07;68.067;45.2669;68.067;45.2669;67.521;150.368
MARIMBONDO;17;Reservatório com Usina;GRANDE;PARANA;SE;SUDESTE;2026-01-07;755.173;45.4608;755.173;45.4608;665.384;1661.1515
MASCARENHAS;144;Fio dagua;DOCE;SUDESTE;SE;SUDESTE;2026-01-07;274.937;77.3957;249.08;70.1169;251.968;355.2354
MIRANDA;26;Reservatório com Usina;PARANAIBA;PARANA;SE;SUDESTE;2026-01-07;160.438;44.6517;160.438;44.6517;161.704;359.31
MONJOLINHO;94;Fio dagua;URUGUAI;SUL;S;SUL;2026-01-07;40.878;122.0968;40.878;122.0968;40.42;33.48
MONTE CLARO;98;Fio dagua;JACUI;SUL;S;SUL;2026-01-07;51.713;90.1486;47.109;82.1226;51.667;57.3642
N. AVANHANDAVA;42;Fio dagua;TIETE;PARANA;SE;SUDESTE;2026-01-07;138.259;42.2655;138.259;42.2655;136.783;327.12
NILO PEÇANHA;131;Fio dagua;PARAIBA DO SUL;SUDESTE;SE;SUDESTE;2026-01-07;261.347;68.0139;261.347;68.0139;261.656;384.2553
NOVA PONTE;25;Reservatório com Usina;PARANAIBA;PARANA;SE;SUDESTE;2026-01-07;249.953;50.8877;249.953;50.8877;219.72;491.1852
OURINHOS;249;Fio dagua;PARANAPANEMA;PARANAPANEMA;SE;SUDESTE;2026-01-07;15.883;32.4369;15.883;32.4369;17.868;48.9658
P. AFONSO 1,2,3;174;Fio dagua;SAO FRANCISCO;NORDESTE;NE;NORDESTE;2026-01-07;725.523;42.5986;725.523;42.5986;116.007;1703.16
P. AFONSO 4;175;Fio dagua;SAO FRANCISCO;NORDESTE;NE;NORDESTE;2026-01-07;1038.452;42.5986;1038.452;42.5986;1810.829;2437.7598
P. COLOMBIA;12;Fio dagua;GRANDE;PARANA;SE;SUDESTE;2026-01-07;201.282;41.6663;201.282;41.6663;209.626;483.0812
PARAIBUNA;121;Reservatório com Usina;PARAIBA DO SUL;SUDESTE;SE;SUDESTE;2026-01-07;41.404;56.2757;41.404;56.2757;38.323;73.5735
PARANAPANEMA;53;Fio dagua;PARANAPANEMA;PARANAPANEMA;SE;SUDESTE;2026-01-07;13.964;33.0881;13.964;33.0881;14.618;42.2025
PASSO FUNDO;93;Reservatório com Usina;URUGUAI;SUL;S;SUL;2026-01-07;96.373;123.7423;96.373;123.7423;97.258;77.882
PASSO REAL;111;Reservatório com Usina;JACUI;SUL;S;SUL;2026-01-07;106.005;205.6433;51.879;100.6421;111.178;51.548
PASSO SAO JOAO;102;Fio dagua;URUGUAI;SUL;S;SUL;2026-01-07;94.453;212.0752;73.838;165.7884;94.143;44.5375
PEDRA DO CAVALO;189;Reservatório com Usina;PARAGUACU;NORDESTE;NE;NORDESTE;2026-01-07;6.543;4.5096;6.543;4.5096;6.631;145.0899
PEIXE ANGICAL;257;Reservatório com Usina;TOCANTINS;SUDESTE;SE;SUDESTE;2026-01-07;377.013;51.8433;377.013;51.8433;369.876;727.216
PEREIRA PASSOS;133;Fio dagua;PARAIBA DO SUL;SUDESTE;SE;SUDESTE;2026-01-07;34.729;57.1385;34.729;57.1385;35.168;60.7804
PICADA;126;Fio dagua;PARAIBA DO SUL;SUDESTE;SE;SUDESTE;2026-01-07;23.15;32.3391;19.686;27.5001;23.135;71.5852
PIMENTAL;314;Fio dagua;AMAZONAS;BELO MONTE;N;NORTE;2026-01-07;117.039;83.4003;117.039;83.4003;118.81;140.334
PIRAJU;48;Fio dagua;PARANAPANEMA;PARANAPANEMA;SE;SUDESTE;2026-01-07;25.255;33.0872;25.255;33.0872;26.072;76.3286
PONTE DE PEDRA;281;Fio dagua;PARAGUAI;SUDESTE;SE;SUDESTE;2026-01-07;147.757;77.7212;119.019;62.6048;147.989;190.1116
PORTO ESTRELA;135;Reservatório com Usina;DOCE;SUDESTE;SE;SUDESTE;2026-01-07;156.952;114.2876;85.76;62.4478;149.24;137.3307
PORTO PRIMAVERA;46;Fio dagua;PARANA;PARANA;SE;SUDESTE;2026-01-07;820.504;41.767;820.504;41.767;846.98;1964.48
PROMISSÃO;40;Reservatório com Usina;TIETE;PARANA;SE;SUDESTE;2026-01-07;101.935;43.7448;70.411;30.2165;103.872;233.022
QUEBRA QUEIXO;95;Reservatório com Usina;URUGUAI;SUL;S;SUL;2026-01-07;61.727;102.8269;61.727;102.8269;61.873;60.03
QUEIMADO;162;Reservatório com Usina;SAO FRANCISCO;SUDESTE;SE;SUDESTE;2026-01-07;83.529;66.1297;83.529;66.1297;80.98;126.3108
RETIRO BAIXO;155;Reservatório com Usina;SAO FRANCISCO;SUDESTE;SE;SUDESTE;2026-01-07;89.469;84.3504;68.054;64.1606;88.166;106.0682
RONDON II;276;Reservatório com Usina;AMAZONAS;MADEIRA;SE;SUDESTE;2026-01-07;67.91;110.6841;67.91;110.6841;66.802;61.3548
ROSAL;217;Fio dagua;ITABAPOANA;SUDESTE;SE;SUDESTE;2026-01-07;176.129;170.8194;56.118;54.4263;173.503;103.1083
ROSANA;63;Fio dagua;PARANAPANEMA;PARANAPANEMA;SE;SUDESTE;2026-01-07;205.769;64.2358;205.769;64.2358;208.123;320.334
S.DO FACÃO;21;Reservatório com Usina;PARANAIBA;PARANA;SE;SUDESTE;2026-01-07;100.008;50.5309;100.008;50.5309;95.284;197.9145
S.R.VERDINHO;241;Fio dagua;PARANAIBA;PARANA;SE;SUDESTE;2026-01-07;46.715;48.5757;46.715;48.5757;47.353;96.1694
SA CARVALHO;193;Fio dagua;DOCE;SUDESTE;SE;SUDESTE;2026-01-07;164.572;109.1613;53.141;35.2486;163.072;150.7604
SALTO;262;Fio dagua;PARANAIBA;PARANA;SE;SUDESTE;2026-01-07;55.109;51.8687;55.109;51.8687;55.105;106.2472
SALTO CAXIAS;82;Fio dagua;IGUACU;IGUACU;S;SUL;2026-01-07;380.64;57.2077;380.64;57.2077;380.836;665.3644
SALTO GRANDE CM;134;Fio dagua;DOCE;SUDESTE;SE;SUDESTE;2026-01-07;277.548;120.5818;276.746;120.2334;275.844;230.174
SALTO GRANDE CS;50;Fio dagua;PARANAPANEMA;PARANAPANEMA;SE;SUDESTE;2026-01-07;41.348;42.6973;36.75;37.9492;42.801;96.8399
SALTO OSORIO;78;Fio dagua;IGUACU;IGUACU;S;SUL;2026-01-07;328.194;59.5485;328.194;59.5485;334.217;551.1373
SALTO PILAO;215;Fio dagua;ITAJAI;SUL;S;SUL;2026-01-07;174.805;86.1654;174.805;86.1654;174.603;202.8715
SALTO SANTIAGO;77;Reservatório com Usina;IGUACU;IGUACU;S;SUL;2026-01-07;472.652;57.4642;472.652;57.4642;489.059;822.5162
SAMUEL;279;Reservatório com Usina;AMAZONAS;MADEIRA;SE;SUDESTE;2026-01-07;210.451;156.1376;210.451;156.1376;186.069;134.7856
SANTA BRANCA;122;Reservatório com Usina;PARAIBA DO SUL;SUDESTE;SE;SUDESTE;2026-01-07;26.125;59.176;26.125;59.176;22.555;44.148
SANTA CLARA-PR;71;Reservatório com Usina;IGUACU;IGUACU;S;SUL;2026-01-07;35.568;46.5645;35.568;46.5645;35.831;76.3844
SANTO ANTONIO;287;Fio dagua;AMAZONAS;MADEIRA;SE;SUDESTE;2026-01-07;4476.939;117.9988;3980.694;104.9192;3751.92;3794.0553
SAO DOMINGOS;153;Fio dagua;PARANA;PARANA;SE;SUDESTE;2026-01-07;31.266;68.3292;25.431;55.5773;31.171;45.7579
SAO JOSE;101;Fio dagua;URUGUAI;SUL;S;SUL;2026-01-07;64.034;201.7569;46.193;145.5439;63.67;31.7382
SAO MANOEL;230;Fio dagua;AMAZONAS;TELES PIRES;SE;SUDESTE;2026-01-07;668.316;80.7898;668.316;80.7898;614.948;827.2283
SAO ROQUE;88;Reservatório com Usina;URUGUAI;SUL;S;SUL;2026-01-07;85.69;106.8487;85.69;106.8487;87.693;80.1975
SAO SALVADOR;253;Fio dagua;TOCANTINS;SUDESTE;SE;SUDESTE;2026-01-07;222.924;61.3084;222.924;61.3084;217.923;363.6108
SÃO SIMÃO;33;Reservatório com Usina;PARANAIBA;PARANA;SE;SUDESTE;2026-01-07;1217.021;48.5317;1217.021;48.5317;1166.382;2507.683
SEGREDO;76;Reservatório com Usina;IGUACU;IGUACU;S;SUL;2026-01-07;420.559;57.7196;420.559;57.7196;420.625;728.624
SERRA DA MESA;251;Reservatório com Usina;TOCANTINS;SUDESTE;SE;SUDESTE;2026-01-07;1094.449;76.5055;1094.449;76.5055;1070.749;1430.55
SIMPLICIO;129;Fio dagua;PARAIBA DO SUL;SUDESTE;SE;SUDESTE;2026-01-07;98.821;31.2198;98.821;31.2198;99.621;316.53285
SINOP;227;Reservatório com Usina;AMAZONAS;TELES PIRES;SE;SUDESTE;2026-01-07;207.187;60.703;200.137;58.6375;163.621;341.3124
SOBRADINHO;169;Reservatório com Usina;SAO FRANCISCO;NORDESTE;NE;NORDESTE;2026-01-07;413.242;37.9615;413.242;37.9615;378.689;1088.5805
SOBRAGI;127;Fio dagua;PARAIBA DO SUL;SUDESTE;SE;SUDESTE;2026-01-07;29.222;32.632;25.64;28.632;29.183;89.55
STA.CLARA-MG;283;Fio dagua;MUCURI;SUDESTE;SE;SUDESTE;2026-01-07;10.217;13.7756;10.217;13.7756;10.123;74.1675
STO ANTONIO DO JARI;286;Fio dagua;AMAZONAS;MANAUS-AMAPA;N;NORTE;2026-01-07;86.616;54.3035;86.616;54.3035;88.432;159.5035
SUIÇA;145;Fio dagua;SANTA MARIA VIT;SUDESTE;SE;SUDESTE;2026-01-07;66.354;156.9989;49.449;117.0003;65.967;42.264
TAQUARUÇU;62;Fio dagua;PARANAPANEMA;PARANAPANEMA;SE;SUDESTE;2026-01-07;212.89;60.8592;212.89;60.8592;208.892;349.8075
TELES PIRES;229;Fio dagua;AMAZONAS;TELES PIRES;SE;SUDESTE;2026-01-07;1482.262;81.0851;1482.262;81.0851;1506.958;1828.0318
TRÊS IRMÃOS;43;Reservatório com Usina;TIETE;PARANA;SE;SUDESTE;2026-01-07;251.683;50.8787;251.683;50.8787;255.938;494.6725
TRÊS MARIAS;156;Reservatório com Usina;SAO FRANCISCO;SUDESTE;SE;SUDESTE;2026-01-07;542.371;87.2962;542.371;87.2962;527.979;621.3
TUCURUI;275;Reservatório com Usina;TOCANTINS;NORTE;N;NORTE;2026-01-07;3496.517;43.1376;3496.517;43.1376;3161.504;8105.5008
VOLTA GRANDE;11;Fio dagua;GRANDE;PARANA;SE;SUDESTE;2026-01-07;217.465;41.1733;217.465;41.1733;215.416;528.1696
XINGO;178;Fio dagua;SAO FRANCISCO;NORDESTE;NE;NORDESTE;2026-01-07;2329.03;48.2751;2329.03;48.2751;2380.773;4824.4975
14 DE JULHO;99;Fio dagua;JACUI;SUL;S;SUL;2026-01-08;42.936;84.7385;42.936;84.7385;41.9;50.6688
A. VERMELHA;18;Reservatório com Usina;GRANDE;PARANA;SE;SUDESTE;2026-01-08;739.329;44.6772;739.329;44.6772;692.24;1654.825
AIMORES;143;Fio dagua;DOCE;SUDESTE;SE;SUDESTE;2026-01-08;311.13;79.3931;271.992;69.406;322.118;391.8856
APOLONIO SALES;173;Fio dagua;SAO FRANCISCO;NORDESTE;NE;NORDESTE;2026-01-08;173.335;39.7059;173.335;39.7059;32.583;436.5468
B. BONITA;37;Reservatório com Usina;TIETE;PARANA;SE;SUDESTE;2026-01-08;31.06;25.7566;18.628;15.4473;31.804;120.5904
B.COQUEIROS;312;Fio dagua;PARANAIBA;PARANA;SE;SUDESTE;2026-01-08;39.474;42.4979;39.474;42.4979;40.884;92.8846
BAGUARI;141;Fio dagua;DOCE;SUDESTE;SE;SUDESTE;2026-01-08;178.254;103.4274;114.919;66.6789;169.085;172.347
BAIXO IGUACU;83;Fio dagua;IGUACU;IGUACU;S;SUL;2026-01-08;97.664;52.2096;97.664;52.2096;94.359;187.0614
BALBINA;277;Reservatório com Usina;AMAZONAS;MANAUS-AMAPA;N;NORTE;2026-01-08;98.883;117.3825;98.883;117.3825;94.07;84.24
BARIRI;38;Fio dagua;TIETE;PARANA;SE;SUDESTE;2026-01-08;46.472;33.0449;46.472;33.0449;47.442;140.6328
BARRA BRAUNA;185;Fio dagua;PARAIBA DO SUL;SUDESTE;SE;SUDESTE;2026-01-08;20.266;44.5997;20.266;44.5997;19.813;45.4398
BARRA GRANDE;86;Reservatório com Usina;URUGUAI;SUL;S;SUL;2026-01-08;144.233;53.9206;130.08;48.6295;147.224;267.4917
BATALHA;20;Reservatório com Usina;PARANAIBA;PARANA;SE;SUDESTE;2026-01-08;56.866;87.033;56.866;87.033;51.943;65.3384
BELO MONTE;288;Fio dagua;AMAZONAS;BELO MONTE;N;NORTE;2026-01-08;3331.467;59.506;3331.467;59.506;3351.226;5598.54
BOA ESPERANÇA;190;Reservatório com Usina;PARNAIBA;NORDESTE;NE;NORDESTE;2026-01-08;201.173;83.5914;201.173;83.5914;192.716;240.6624
C. DOURADA;32;Fio dagua;PARANAIBA;PARANA;SE;SUDESTE;2026-01-08;394.719;53.3738;391.747;52.9719;423.182;739.5374
C.BRANCO-1;27;Reservatório com Usina;PARANAIBA;PARANA;SE;SUDESTE;2026-01-08;136.329;45.183;124.567;41.2848;134.258;301.726
C.BRANCO-2;28;Fio dagua;PARANAIBA;PARANA;SE;SUDESTE;2026-01-08;109.899;43.144;101.144;39.707;109.949;254.7259
CACHOEIRA CALDEIRAO;204;Fio dagua;ARAGUARI;MANAUS-AMAPA;N;NORTE;2026-01-08;41.483;52.7804;40.639;51.7066;42.687;78.5954
CACONDE;14;Reservatório com Usina;GRANDE;PARANA;SE;SUDESTE;2026-01-08;35.241;44.9156;35.241;44.9156;33.453;78.4605
CACU;311;Reservatório com Usina;PARANAIBA;PARANA;SE;SUDESTE;2026-01-08;29.196;43.2188;24.579;36.3842;29.962;67.554
CAMARGOS;1;Reservatório com Usina;GRANDE;PARANA;SE;SUDESTE;2026-01-08;15.91;31.6685;15.91;31.6685;14.936;50.2392
CAMPOS NOVOS;90;Reservatório com Usina;URUGUAI;SUL;S;SUL;2026-01-08;416.0;107.9084;416.0;107.9084;419.747;385.512
CANA BRAVA;252;Fio dagua;TOCANTINS;SUDESTE;SE;SUDESTE;2026-01-08;496.829;83.6237;496.829;83.6237;493.438;594.1248
CANASTRA;87;Fio dagua;JACUI;SUL;S;SUL;2026-01-08;;;;;;
CANDONGA;139;Fio dagua;DOCE;SUDESTE;SE;SUDESTE;2026-01-08;75.223;62.8011;75.223;62.8011;72.031;119.7798
CANOAS I;52;Fio dagua;PARANAPANEMA;PARANAPANEMA;SE;SUDESTE;2026-01-08;43.23;42.2604;43.23;42.2604;44.98;102.2943
CANOAS II;51;Fio dagua;PARANAPANEMA;PARANAPANEMA;SE;SUDESTE;2026-01-08;34.927;40.9008;34.927;40.9008;36.132;85.3944
CAPIVARA;61;Reservatório com Usina;PARANAPANEMA;PARANAPANEMA;SE;SUDESTE;2026-01-08;305.245;54.2443;171.584;30.4917;323.733;562.7232
CASTRO ALVES;97;Fio dagua;JACUI;SUL;S;SUL;2026-01-08;50.109;68.0001;50.109;68.0001;48.86;73.6896
CHAVANTES;49;Reservatório com Usina;PARANAPANEMA;PARANAPANEMA;SE;SUDESTE;2026-01-08;96.133;30.9405;96.133;30.9405;95.702;310.7031
COARACY NUNES;280;Fio dagua;ARAGUARI;MANAUS-AMAPA;N;NORTE;2026-01-08;53.093;52.7242;53.093;52.7242;54.496;100.6995
COLIDER;228;Fio dagua;AMAZONAS;TELES PIRES;SE;SUDESTE;2026-01-08;200.878;63.0175;128.356;40.2666;145.817;318.7652
CORUMBA;30;Reservatório com Usina;PARANAIBA;PARANA;SE;SUDESTE;2026-01-08;299.67;66.4045;299.67;66.4045;286.451;451.2798
CORUMBA-3;203;Reservatório com Usina;PARANAIBA;PARANA;SE;SUDESTE;2026-01-08;98.354;109.4051;95.577;106.3161;94.527;89.8989
CORUMBA-4;29;Reservatório com Usina;PARANAIBA;PARANA;SE;SUDESTE;2026-01-08;144.645;119.1584;142.311;117.2357;141.984;121.3888
CURUA-UNA;272;Reservatório com Usina;AMAZONAS;BELO MONTE;N;NORTE;2026-01-08;21.105;83.2449;21.105;83.2449;18.207;25.3529
D. FRANCISCA;114;Fio dagua;JACUI;SUL;S;SUL;2026-01-08;120.641;169.5654;100.841;141.7357;122.694;71.1472
DARDANELOS;310;Fio dagua;AMAZONAS;MADEIRA;SE;SUDESTE;2026-01-08;478.938;112.9509;227.826;53.7296;442.453;424.0232
E. DA CUNHA;15;Fio dagua;GRANDE;PARANA;SE;SUDESTE;2026-01-08;54.427;47.1104;54.427;47.1104;54.451;115.5308
EMBORCAÇÃO;24;Reservatório com Usina;PARANAIBA;PARANA;SE;SUDESTE;2026-01-08;671.964;67.3844;671.964;67.3844;634.834;997.2102
ESPORA;290;Reservatório com Usina;PARANAIBA;PARANA;SE;SUDESTE;2026-01-08;21.846;67.9122;21.846;67.9122;20.606;32.168
ESTREITO;267;Fio dagua;TOCANTINS;NORTE;N;NORTE;2026-01-08;813.032;57.7263;813.032;57.7263;728.006;1408.425
FERREIRA GOMES;284;Fio dagua;ARAGUARI;MANAUS-AMAPA;N;NORTE;2026-01-08;44.703;52.7821;44.703;52.7821;48.506;84.6935
FONTES;132;Fio dagua;PARAIBA DO SUL;SUDESTE;SE;SUDESTE;2026-01-08;27.284;22.4443;27.284;22.4443;27.235;121.563
FOZ CHAPECO;103;Fio dagua;URUGUAI;SUL;S;SUL;2026-01-08;492.736;127.4488;458.49;118.5909;489.724;386.6148
FOZ DO RIO CLARO;315;Fio dagua;PARANAIBA;PARANA;SE;SUDESTE;2026-01-08;29.969;40.365;29.969;40.365;29.849;74.245
FUNDÃO;72;Fio dagua;IGUACU;IGUACU;S;SUL;2026-01-08;38.071;46.293;38.071;46.293;38.803;82.2393
FUNIL;123;Reservatório com Usina;PARAIBA DO SUL;SUDESTE;SE;SUDESTE;2026-01-08;50.961;24.4411;50.961;24.4411;44.286;208.505
FUNIL-MG;4;Fio dagua;GRANDE;PARANA;SE;SUDESTE;2026-01-08;65.763;32.5088;65.763;32.5088;68.251;202.293
FURNAS;6;Reservatório com Usina;GRANDE;PARANA;SE;SUDESTE;2026-01-08;523.068;37.6026;523.068;37.6026;498.16;1391.043
G. B. MUNHOZ;74;Reservatório com Usina;IGUACU;IGUACU;S;SUL;2026-01-08;313.899;46.3619;313.899;46.3619;309.262;677.0622
G. P. SOUZA;115;Reservatório com Usina;CAPIVARI;SUL;S;SUL;2026-01-08;75.234;47.3602;75.234;47.3602;75.135;158.855
GARIBALDI;89;Reservatório com Usina;URUGUAI;SUL;S;SUL;2026-01-08;80.962;99.2533;80.962;99.2533;79.828;81.5711
GOV JAYME CANET JR;57;Reservatório com Usina;PARANAPANEMA;IGUACU;S;SUL;2026-01-08;115.801;36.1802;94.813;29.6229;115.527;320.067
GUAPORE;196;Fio dagua;AMAZONAS;MADEIRA;SE;SUDESTE;2026-01-08;58.872;105.8331;58.872;105.8331;58.78;55.6272
GUILM. AMORIM;192;Fio dagua;DOCE;SUDESTE;SE;SUDESTE;2026-01-08;124.446;83.5338;121.426;81.5067;122.033;148.9768
HENRY BORDEN;119;Fio dagua;TIETE;SUDESTE;SE;SUDESTE;2026-01-08;475.653;124.97;475.653;124.97;475.543;380.6136
I. SOLTEIRA;34;Reservatório com Usina;PARANA;PARANA;SE;SUDESTE;2026-01-08;1496.552;44.6297;1496.552;44.6297;1530.067;3353.2623
IBITINGA;39;Fio dagua;TIETE;PARANA;SE;SUDESTE;2026-01-08;63.894;40.5111;63.894;40.5111;64.436;157.7196
IGARAPAVA;10;Fio dagua;GRANDE;PARANA;SE;SUDESTE;2026-01-08;123.564;40.2241;123.564;40.2241;127.58;307.1891
ILHA POMBOS;130;Fio dagua;PARAIBA DO SUL;SUDESTE;SE;SUDESTE;2026-01-08;60.192;25.8432;60.192;25.8432;61.387;232.9124
IRAPE;148;Reservatório com Usina;JEQUITINHONHA;SUDESTE;SE;SUDESTE;2026-01-08;639.873;133.4211;639.873;133.4211;638.446;479.589
ITÁ;92;Fio dagua;URUGUAI;SUL;S;SUL;2026-01-08;665.409;103.4597;665.409;103.4597;667.34;643.1579
ITAIPU;66;Fio dagua;PARANA;ITAIPU;SE;SUDESTE;2026-01-08;8140.415;54.139;8140.415;54.139;8382.697;15036.1432
ITAPEBI;154;Fio dagua;JEQUITINHONHA;NORDESTE;NE;NORDESTE;2026-01-08;148.713;26.8721;124.403;22.4794;150.526;553.41
ITAUBA;113;Fio dagua;JACUI;SUL;S;SUL;2026-01-08;247.431;188.2469;247.431;188.2469;238.349;131.4396
ITIQUIRA I;304;Fio dagua;PARAGUAI;SUDESTE;SE;SUDESTE;2026-01-08;37.564;49.3734;37.564;49.3734;37.59;76.0815
ITIQUIRA II;305;Fio dagua;PARAGUAI;SUDESTE;SE;SUDESTE;2026-01-08;59.824;49.3735;59.824;49.3735;59.954;121.1661
ITUMBIARA;31;Reservatório com Usina;PARANAIBA;PARANA;SE;SUDESTE;2026-01-08;1020.601;55.5411;1020.601;55.5411;922.712;1837.5605
ITUTINGA;2;Fio dagua;GRANDE;PARANA;SE;SUDESTE;2026-01-08;18.677;31.6691;18.677;31.6691;19.13;58.9754
JACUI;112;Fio dagua;JACUI;SUL;S;SUL;2026-01-08;239.985;214.0638;0.0;0.0;249.324;112.1091
JAGUARA;9;Fio dagua;GRANDE;PARANA;SE;SUDESTE;2026-01-08;309.569;39.904;309.569;39.904;313.524;775.7848
JAGUARI;120;Reservatório com Usina;PARAIBA DO SUL;SUDESTE;SE;SUDESTE;2026-01-08;3.578;15.7502;0.0;0.0;3.262;22.7172
JAURU;195;Fio dagua;PARAGUAI;SUDESTE;SE;SUDESTE;2026-01-08;69.83;78.2398;69.83;78.2398;69.703;89.2512
JIRAU;285;Fio dagua;AMAZONAS;MADEIRA;SE;SUDESTE;2026-01-08;4074.851;111.8078;3552.656;97.4795;3720.067;3644.515
JUPIA;45;Fio dagua;PARANA;PARANA;SE;SUDESTE;2026-01-08;835.907;45.0124;835.907;45.0124;859.109;1857.06
JURUENA;309;Fio dagua;AMAZONAS;TELES PIRES;SE;SUDESTE;2026-01-08;40.655;85.5823;30.56;64.3314;41.915;47.504
JURUMIRIM;47;Reservatório com Usina;PARANAPANEMA;PARANAPANEMA;SE;SUDESTE;2026-01-08;33.983;36.0804;33.983;36.0804;33.874;94.1868
L. C. BARRETO;8;Fio dagua;GRANDE;PARANA;SE;SUDESTE;2026-01-08;421.068;39.695;421.068;39.695;426.448;1060.7587
LAJEADO;261;Fio dagua;TOCANTINS;SUDESTE;SE;SUDESTE;2026-01-08;628.57;43.8819;628.57;43.8819;610.909;1432.4115
LIMOEIRO;16;Fio dagua;GRANDE;PARANA;SE;SUDESTE;2026-01-08;16.512;47.6107;16.512;47.6107;16.307;34.6813
LUIZ GONZAGA;172;Reservatório com Usina;SAO FRANCISCO;NORDESTE;NE;NORDESTE;2026-01-08;787.482;39.6882;787.482;39.6882;764.23;1984.17
M. MORAES;7;Reservatório com Usina;GRANDE;PARANA;SE;SUDESTE;2026-01-08;260.964;39.384;260.964;39.384;276.684;662.6139
MACHADINHO;91;Reservatório com Usina;URUGUAI;SUL;S;SUL;2026-01-08;428.617;93.7101;428.617;93.7101;432.643;457.3859
MANSO;278;Reservatório com Usina;PARAGUAI;SUDESTE;SE;SUDESTE;2026-01-08;65.761;43.7334;65.761;43.7334;65.178;150.368
MARIMBONDO;17;Reservatório com Usina;GRANDE;PARANA;SE;SUDESTE;2026-01-08;738.453;44.4543;738.453;44.4543;651.815;1661.1515
MASCARENHAS;144;Fio dagua;DOCE;SUDESTE;SE;SUDESTE;2026-01-08;296.687;83.5184;219.514;61.794;267.36;355.2354
MIRANDA;26;Reservatório com Usina;PARANAIBA;PARANA;SE;SUDESTE;2026-01-08;165.227;45.9845;165.227;45.9845;166.507;359.31
MONJOLINHO;94;Fio dagua;URUGUAI;SUL;S;SUL;2026-01-08;33.134;98.9665;33.134;98.9665;32.488;33.48
MONTE CLARO;98;Fio dagua;JACUI;SUL;S;SUL;2026-01-08;46.479;81.0244;41.876;73.0002;45.876;57.3642
N. AVANHANDAVA;42;Fio dagua;TIETE;PARANA;SE;SUDESTE;2026-01-08;129.556;39.605;129.556;39.605;128.596;327.12
NILO PEÇANHA;131;Fio dagua;PARAIBA DO SUL;SUDESTE;SE;SUDESTE;2026-01-08;233.321;60.7203;233.321;60.7203;233.597;384.2553
NOVA PONTE;25;Reservatório com Usina;PARANAIBA;PARANA;SE;SUDESTE;2026-01-08;243.475;49.5689;243.475;49.5689;214.093;491.1852
OURINHOS;249;Fio dagua;PARANAPANEMA;PARANAPANEMA;SE;SUDESTE;2026-01-08;15.398;31.4464;14.821;30.2681;17.1;48.9658
P. AFONSO 1,2,3;174;Fio dagua;SAO FRANCISCO;NORDESTE;NE;NORDESTE;2026-01-08;676.256;39.706;676.256;39.706;137.038;1703.16
P. AFONSO 4;175;Fio dagua;SAO FRANCISCO;NORDESTE;NE;NORDESTE;2026-01-08;967.935;39.7059;967.935;39.7059;1646.447;2437.7598
P. COLOMBIA;12;Fio dagua;GRANDE;PARANA;SE;SUDESTE;2026-01-08;197.848;40.9554;197.848;40.9554;206.941;483.0812
PARAIBUNA;121;Reservatório com Usina;PARAIBA DO SUL;SUDESTE;SE;SUDESTE;2026-01-08;34.629;47.0672;24.118;32.7808;32.026;73.5735
PARANAPANEMA;53;Fio dagua;PARANAPANEMA;PARANAPANEMA;SE;SUDESTE;2026-01-08;14.865;35.223;14.865;35.223;15.532;42.2025
PASSO FUNDO;93;Reservatório com Usina;URUGUAI;SUL;S;SUL;2026-01-08;75.746;97.2574;75.746;97.2574;76.363;77.882
PASSO REAL;111;Reservatório com Usina;JACUI;SUL;S;SUL;2026-01-08;110.939;215.2149;56.813;110.2138;116.434;51.548
PASSO SAO JOAO;102;Fio dagua;URUGUAI;SUL;S;SUL;2026-01-08;87.978;197.5369;72.199;162.1083;87.751;44.5375
PEDRA DO CAVALO;189;Reservatório com Usina;PARAGUACU;NORDESTE;NE;NORDESTE;2026-01-08;7.046;4.8563;7.046;4.8563;7.139;145.0899
PEIXE ANGICAL;257;Reservatório com Usina;TOCANTINS;SUDESTE;SE;SUDESTE;2026-01-08;409.1;56.2556;409.1;56.2556;412.261;727.216
PEREIRA PASSOS;133;Fio dagua;PARAIBA DO SUL;SUDESTE;SE;SUDESTE;2026-01-08;31.337;51.5577;31.337;51.5577;31.717;60.7804
PICADA;126;Fio dagua;PARAIBA DO SUL;SUDESTE;SE;SUDESTE;2026-01-08;20.956;29.2742;20.956;29.2742;20.951;71.5852
PIMENTAL;314;Fio dagua;AMAZONAS;BELO MONTE;N;NORTE;2026-01-08;117.759;83.9134;117.759;83.9134;120.455;140.334
PIRAJU;48;Fio dagua;PARANAPANEMA;PARANAPANEMA;SE;SUDESTE;2026-01-08;26.886;35.224;26.886;35.224;27.765;76.3286
PONTE DE PEDRA;281;Fio dagua;PARAGUAI;SUDESTE;SE;SUDESTE;2026-01-08;151.072;79.4649;122.335;64.349;151.441;190.1116
PORTO ESTRELA;135;Reservatório com Usina;DOCE;SUDESTE;SE;SUDESTE;2026-01-08;133.252;97.03;103.857;75.6255;128.085;137.3307
PORTO PRIMAVERA;46;Fio dagua;PARANA;PARANA;SE;SUDESTE;2026-01-08;846.389;43.0846;846.389;43.0846;873.701;1964.48
PROMISSÃO;40;Reservatório com Usina;TIETE;PARANA;SE;SUDESTE;2026-01-08;89.839;38.5539;89.839;38.5539;91.731;233.022
QUEBRA QUEIXO;95;Reservatório com Usina;URUGUAI;SUL;S;SUL;2026-01-08;62.856;104.7076;62.856;104.7076;62.871;60.03
QUEIMADO;162;Reservatório com Usina;SAO FRANCISCO;SUDESTE;SE;SUDESTE;2026-01-08;91.255;72.2464;91.255;72.2464;88.511;126.3108
RETIRO BAIXO;155;Reservatório com Usina;SAO FRANCISCO;SUDESTE;SE;SUDESTE;2026-01-08;74.977;70.6875;58.247;54.9147;73.123;106.0682
RONDON II;276;Reservatório com Usina;AMAZONAS;MADEIRA;SE;SUDESTE;2026-01-08;69.231;112.8371;69.231;112.8371;68.148;61.3548
ROSAL;217;Fio dagua;ITABAPOANA;SUDESTE;SE;SUDESTE;2026-01-08;145.788;141.3931;64.654;62.7049;143.331;103.1083
ROSANA;63;Fio dagua;PARANAPANEMA;PARANAPANEMA;SE;SUDESTE;2026-01-08;190.418;59.4436;190.418;59.4436;191.091;320.334
S.DO FACÃO;21;Reservatório com Usina;PARANAIBA;PARANA;SE;SUDESTE;2026-01-08;150.039;75.81;150.039;75.81;141.654;197.9145
S.R.VERDINHO;241;Fio dagua;PARANAIBA;PARANA;SE;SUDESTE;2026-01-08;48.193;50.1126;48.193;50.1126;48.885;96.1694
SA CARVALHO;193;Fio dagua;DOCE;SUDESTE;SE;SUDESTE;2026-01-08;125.356;83.1492;35.461;23.5214;124.445;150.7604
SALTO;262;Fio dagua;PARANAIBA;PARANA;SE;SUDESTE;2026-01-08;52.264;49.1909;52.264;49.1909;52.404;106.2472
SALTO CAXIAS;82;Fio dagua;IGUACU;IGUACU;S;SUL;2026-01-08;349.134;52.4726;349.134;52.4726;346.178;665.3644
SALTO GRANDE CM;134;Fio dagua;DOCE;SUDESTE;SE;SUDESTE;2026-01-08;228.594;99.3136;227.792;98.9651;226.993;230.174
SALTO GRANDE CS;50;Fio dagua;PARANAPANEMA;PARANAPANEMA;SE;SUDESTE;2026-01-08;38.74;40.0042;36.071;37.2481;40.909;96.8399
SALTO OSORIO;78;Fio dagua;IGUACU;IGUACU;S;SUL;2026-01-08;297.275;53.9385;297.275;53.9385;302.072;551.1373
SALTO PILAO;215;Fio dagua;ITAJAI;SUL;S;SUL;2026-01-08;168.189;82.9042;168.189;82.9042;168.276;202.8715
SALTO SANTIAGO;77;Reservatório com Usina;IGUACU;IGUACU;S;SUL;2026-01-08;432.677;52.6041;432.677;52.6041;446.292;822.5162
SAMUEL;279;Reservatório com Usina;AMAZONAS;MADEIRA;SE;SUDESTE;2026-01-08;223.449;165.7811;223.449;165.7811;194.237;134.7856
SANTA BRANCA;122;Reservatório com Usina;PARAIBA DO SUL;SUDESTE;SE;SUDESTE;2026-01-08;21.713;49.1823;21.713;49.1823;18.768;44.148
SANTA CLARA-PR;71;Reservatório com Usina;IGUACU;IGUACU;S;SUL;2026-01-08;34.739;45.4792;34.739;45.4792;34.931;76.3844
SANTO ANTONIO;287;Fio dagua;AMAZONAS;MADEIRA;SE;SUDESTE;2026-01-08;4370.986;115.2062;3670.873;96.7533;3694.663;3794.0553
SAO DOMINGOS;153;Fio dagua;PARANA;PARANA;SE;SUDESTE;2026-01-08;27.639;60.4027;22.111;48.3217;27.555;45.7579
SAO JOSE;101;Fio dagua;URUGUAI;SUL;S;SUL;2026-01-08;61.835;194.8283;49.065;154.5929;62.041;31.7382
SAO MANOEL;230;Fio dagua;AMAZONAS;TELES PIRES;SE;SUDESTE;2026-01-08;666.775;80.6035;666.775;80.6035;624.298;827.2283
SAO ROQUE;88;Reservatório com Usina;URUGUAI;SUL;S;SUL;2026-01-08;60.243;75.1183;60.243;75.1183;61.504;80.1975
SAO SALVADOR;253;Fio dagua;TOCANTINS;SUDESTE;SE;SUDESTE;2026-01-08;262.148;72.0958;262.148;72.0958;258.798;363.6108
SÃO SIMÃO;33;Reservatório com Usina;PARANAIBA;PARANA;SE;SUDESTE;2026-01-08;1358.788;54.185;1358.788;54.185;1302.445;2507.683
SEGREDO;76;Reservatório com Usina;IGUACU;IGUACU;S;SUL;2026-01-08;377.474;51.8064;377.474;51.8064;378.051;728.624
SERRA DA MESA;251;Reservatório com Usina;TOCANTINS;SUDESTE;SE;SUDESTE;2026-01-08;1370.883;95.8291;1370.883;95.8291;1340.238;1430.55
SIMPLICIO;129;Fio dagua;PARAIBA DO SUL;SUDESTE;SE;SUDESTE;2026-01-08;98.284;31.0502;98.284;31.0502;98.919;316.53285
SINOP;227;Reservatório com Usina;AMAZONAS;TELES PIRES;SE;SUDESTE;2026-01-08;229.465;67.2302;222.415;65.1646;181.214;341.3124
SOBRADINHO;169;Reservatório com Usina;SAO FRANCISCO;NORDESTE;NE;NORDESTE;2026-01-08;393.202;36.1206;393.202;36.1206;360.61;1088.5805
SOBRAGI;127;Fio dagua;PARAIBA DO SUL;SUDESTE;SE;SUDESTE;2026-01-08;25.439;28.4076;22.574;25.2083;25.51;89.55
STA.CLARA-MG;283;Fio dagua;MUCURI;SUDESTE;SE;SUDESTE;2026-01-08;15.894;21.4299;15.894;21.4299;15.822;74.1675
STO ANTONIO DO JARI;286;Fio dagua;AMAZONAS;MANAUS-AMAPA;N;NORTE;2026-01-08;84.66;53.0772;84.66;53.0772;86.96;159.5035
SUIÇA;145;Fio dagua;SANTA MARIA VIT;SUDESTE;SE;SUDESTE;2026-01-08;36.516;86.3998;28.063;66.3993;36.341;42.264
TAQUARUÇU;62;Fio dagua;PARANAPANEMA;PARANAPANEMA;SE;SUDESTE;2026-01-08;196.772;56.2515;196.772;56.2515;191.152;349.8075
TELES PIRES;229;Fio dagua;AMAZONAS;TELES PIRES;SE;SUDESTE;2026-01-08;1474.985;80.6871;1474.985;80.6871;1504.833;1828.0318
TRÊS IRMÃOS;43;Reservatório com Usina;TIETE;PARANA;SE;SUDESTE;2026-01-08;223.911;45.2645;223.911;45.2645;227.598;494.6725
TRÊS MARIAS;156;Reservatório com Usina;SAO FRANCISCO;SUDESTE;SE;SUDESTE;2026-01-08;701.001;112.8281;701.001;112.8281;680.438;621.3
TUCURUI;275;Reservatório com Usina;TOCANTINS;NORTE;N;NORTE;2026-01-08;3739.918;46.1405;3739.918;46.1405;3396.997;8105.5008
VOLTA GRANDE;11;Fio dagua;GRANDE;PARANA;SE;SUDESTE;2026-01-08;214.142;40.5442;214.142;40.5442;211.348;528.1696
XINGO;178;Fio dagua;SAO FRANCISCO;NORDESTE;NE;NORDESTE;2026-01-08;2058.384;42.6653;2058.384;42.6653;2080.88;4824.4975
14 DE JULHO;99;Fio dagua;JACUI;SUL;S;SUL;2026-01-09;44.878;88.5713;44.878;88.5713;43.782;50.6688
A. VERMELHA;18;Reservatório com Usina;GRANDE;PARANA;SE;SUDESTE;2026-01-09;726.921;43.9274;726.921;43.9274;678.541;1654.825
AIMORES;143;Fio dagua;DOCE;SUDESTE;SE;SUDESTE;2026-01-09;273.929;69.9002;234.535;59.8478;282.743;391.8856
APOLONIO SALES;173;Fio dagua;SAO FRANCISCO;NORDESTE;NE;NORDESTE;2026-01-09;164.352;37.6482;164.352;37.6482;32.993;436.5468
B. BONITA;37;Reservatório com Usina;TIETE;PARANA;SE;SUDESTE;2026-01-09;43.757;36.2856;31.325;25.9764;44.761;120.5904
B.COQUEIROS;312;Fio dagua;PARANAIBA;PARANA;SE;SUDESTE;2026-01-09;40.394;43.4884;32.037;34.4912;41.702;92.8846
BAGUARI;141;Fio dagua;DOCE;SUDESTE;SE;SUDESTE;2026-01-09;141.664;82.197;123.496;71.6554;138.347;172.347
BAIXO IGUACU;83;Fio dagua;IGUACU;IGUACU;S;SUL;2026-01-09;106.04;56.6873;106.04;56.6873;102.253;187.0614
BALBINA;277;Reservatório com Usina;AMAZONAS;MANAUS-AMAPA;N;NORTE;2026-01-09;104.951;124.5857;104.951;124.5857;104.598;84.24
BARIRI;38;Fio dagua;TIETE;PARANA;SE;SUDESTE;2026-01-09;47.551;33.8122;47.551;33.8122;48.48;140.6328
BARRA BRAUNA;185;Fio dagua;PARAIBA DO SUL;SUDESTE;SE;SUDESTE;2026-01-09;17.208;37.8699;17.208;37.8699;16.875;45.4398
BARRA GRANDE;86;Reservatório com Usina;URUGUAI;SUL;S;SUL;2026-01-09;242.568;90.6824;232.661;86.9788;247.029;267.4917
BATALHA;20;Reservatório com Usina;PARANAIBA;PARANA;SE;SUDESTE;2026-01-09;65.91;100.8748;65.91;100.8748;60.355;65.3384
BELO MONTE;288;Fio dagua;AMAZONAS;BELO MONTE;N;NORTE;2026-01-09;3443.372;61.5048;3443.372;61.5048;3466.097;5598.54
BOA ESPERANÇA;190;Reservatório com Usina;PARNAIBA;NORDESTE;NE;NORDESTE;2026-01-09;185.518;77.0864;185.518;77.0864;177.676;240.6624
C. DOURADA;32;Fio dagua;PARANAIBA;PARANA;SE;SUDESTE;2026-01-09;438.2;59.2533;436.038;58.9609;467.853;739.5374
C.BRANCO-1;27;Reservatório com Usina;PARANAIBA;PARANA;SE;SUDESTE;2026-01-09;137.025;45.4137;125.262;41.5151;134.75;301.726
C.BRANCO-2;28;Fio dagua;PARANAIBA;PARANA;SE;SUDESTE;2026-01-09;112.759;44.2668;84.41;33.1376;112.466;254.7259
CACHOEIRA CALDEIRAO;204;Fio dagua;ARAGUARI;MANAUS-AMAPA;N;NORTE;2026-01-09;43.003;54.7144;41.737;53.1036;43.919;78.5954
CACONDE;14;Reservatório com Usina;GRANDE;PARANA;SE;SUDESTE;2026-01-09;30.393;38.7367;30.393;38.7367;28.854;78.4605
CACU;311;Reservatório com Usina;PARANAIBA;PARANA;SE;SUDESTE;2026-01-09;29.367;43.4719;24.507;36.2776;30.018;67.554
CAMARGOS;1;Reservatório com Usina;GRANDE;PARANA;SE;SUDESTE;2026-01-09;14.277;28.418;14.277;28.418;13.409;50.2392
CAMPOS NOVOS;90;Reservatório com Usina;URUGUAI;SUL;S;SUL;2026-01-09;311.59;80.825;311.59;80.825;313.481;385.512
CANA BRAVA;252;Fio dagua;TOCANTINS;SUDESTE;SE;SUDESTE;2026-01-09;508.785;85.636;508.785;85.636;508.696;594.1248
CANASTRA;87;Fio dagua;JACUI;SUL;S;SUL;2026-01-09;;;;;;
CANDONGA;139;Fio dagua;DOCE;SUDESTE;SE;SUDESTE;2026-01-09;54.59;45.5753;54.59;45.5753;52.659;119.7798
CANOAS I;52;Fio dagua;PARANAPANEMA;PARANAPANEMA;SE;SUDESTE;2026-01-09;40.37;39.4646;40.37;39.4646;41.311;102.2943
CANOAS II;51;Fio dagua;PARANAPANEMA;PARANAPANEMA;SE;SUDESTE;2026-01-09;32.843;38.4604;32.843;38.4604;34.138;85.3944
CAPIVARA;61;Reservatório com Usina;PARANAPANEMA;PARANAPANEMA;SE;SUDESTE;2026-01-09;293.541;52.1644;160.254;28.4783;310.582;562.7232
CASTRO ALVES;97;Fio dagua;JACUI;SUL;S;SUL;2026-01-09;51.851;70.3641;51.851;70.3641;50.547;73.6896
CHAVANTES;49;Reservatório com Usina;PARANAPANEMA;PARANAPANEMA;SE;SUDESTE;2026-01-09;97.905;31.5108;97.905;31.5108;97.035;310.7031
COARACY NUNES;280;Fio dagua;ARAGUARI;MANAUS-AMAPA;N;NORTE;2026-01-09;54.905;54.5236;54.905;54.5236;55.948;100.6995
COLIDER;228;Fio dagua;AMAZONAS;TELES PIRES;SE;SUDESTE;2026-01-09;214.83;67.3944;99.293;31.1493;150.835;318.7652
CORUMBA;30;Reservatório com Usina;PARANAIBA;PARANA;SE;SUDESTE;2026-01-09;323.398;71.6624;323.398;71.6624;307.088;451.2798
CORUMBA-3;203;Reservatório com Usina;PARANAIBA;PARANA;SE;SUDESTE;2026-01-09;83.582;92.9733;83.582;92.9733;79.207;89.8989
CORUMBA-4;29;Reservatório com Usina;PARANAIBA;PARANA;SE;SUDESTE;2026-01-09;106.53;87.7593;106.53;87.7593;103.341;121.3888
CURUA-UNA;272;Reservatório com Usina;AMAZONAS;BELO MONTE;N;NORTE;2026-01-09;21.679;85.509;21.679;85.509;18.781;25.3529
D. FRANCISCA;114;Fio dagua;JACUI;SUL;S;SUL;2026-01-09;114.161;160.4575;93.018;130.7402;116.431;71.1472
DARDANELOS;310;Fio dagua;AMAZONAS;MADEIRA;SE;SUDESTE;2026-01-09;485.02;114.3853;259.975;61.3115;423.533;424.0232
E. DA CUNHA;15;Fio dagua;GRANDE;PARANA;SE;SUDESTE;2026-01-09;47.24;40.8895;47.24;40.8895;47.472;115.5308
EMBORCAÇÃO;24;Reservatório com Usina;PARANAIBA;PARANA;SE;SUDESTE;2026-01-09;816.96;81.9246;816.96;81.9246;772.518;997.2102
ESPORA;290;Reservatório com Usina;PARANAIBA;PARANA;SE;SUDESTE;2026-01-09;21.432;66.6252;21.432;66.6252;20.318;32.168
ESTREITO;267;Fio dagua;TOCANTINS;NORTE;N;NORTE;2026-01-09;815.017;57.8673;815.017;57.8673;749.072;1408.425
FERREIRA GOMES;284;Fio dagua;ARAGUARI;MANAUS-AMAPA;N;NORTE;2026-01-09;46.096;54.4268;46.096;54.4268;49.193;84.6935
FONTES;132;Fio dagua;PARAIBA DO SUL;SUDESTE;SE;SUDESTE;2026-01-09;26.717;21.9779;26.717;21.9779;26.669;121.563
FOZ CHAPECO;103;Fio dagua;URUGUAI;SUL;S;SUL;2026-01-09;438.384;113.3904;404.139;104.5327;437.259;386.6148
FOZ DO RIO CLARO;315;Fio dagua;PARANAIBA;PARANA;SE;SUDESTE;2026-01-09;31.906;42.9739;31.906;42.9739;31.767;74.245
FUNDÃO;72;Fio dagua;IGUACU;IGUACU;S;SUL;2026-01-09;37.448;45.5354;34.125;41.4948;38.417;82.2393
FUNIL;123;Reservatório com Usina;PARAIBA DO SUL;SUDESTE;SE;SUDESTE;2026-01-09;58.677;28.1418;58.677;28.1418;50.901;208.505
FUNIL-MG;4;Fio dagua;GRANDE;PARANA;SE;SUDESTE;2026-01-09;59.701;29.5121;59.701;29.5121;62.279;202.293
FURNAS;6;Reservatório com Usina;GRANDE;PARANA;SE;SUDESTE;2026-01-09;483.076;34.7276;483.076;34.7276;457.721;1391.043
G. B. MUNHOZ;74;Reservatório com Usina;IGUACU;IGUACU;S;SUL;2026-01-09;287.319;42.4361;287.319;42.4361;282.44;677.0622
G. P. SOUZA;115;Reservatório com Usina;CAPIVARI;SUL;S;SUL;2026-01-09;75.043;47.2399;75.043;47.2399;74.938;158.855
GARIBALDI;89;Reservatório com Usina;URUGUAI;SUL;S;SUL;2026-01-09;56.838;69.6791;56.838;69.6791;56.228;81.5711
GOV JAYME CANET JR;57;Reservatório com Usina;PARANAPANEMA;IGUACU;S;SUL;2026-01-09;110.901;34.6493;82.567;25.7968;110.666;320.067
GUAPORE;196;Fio dagua;AMAZONAS;MADEIRA;SE;SUDESTE;2026-01-09;58.826;105.7504;58.826;105.7504;58.714;55.6272
GUILM. AMORIM;192;Fio dagua;DOCE;SUDESTE;SE;SUDESTE;2026-01-09;67.956;45.6152;67.956;45.6152;67.758;148.9768
HENRY BORDEN;119;Fio dagua;TIETE;SUDESTE;SE;SUDESTE;2026-01-09;341.132;89.6269;341.132;89.6269;341.048;380.6136
I. SOLTEIRA;34;Reservatório com Usina;PARANA;PARANA;SE;SUDESTE;2026-01-09;1600.23;47.7216;1600.23;47.7216;1634.636;3353.2623
IBITINGA;39;Fio dagua;TIETE;PARANA;SE;SUDESTE;2026-01-09;62.072;39.3559;62.072;39.3559;62.628;157.7196
IGARAPAVA;10;Fio dagua;GRANDE;PARANA;SE;SUDESTE;2026-01-09;119.813;39.003;119.508;38.9037;123.849;307.1891
ILHA POMBOS;130;Fio dagua;PARAIBA DO SUL;SUDESTE;SE;SUDESTE;2026-01-09;51.016;21.9035;51.016;21.9035;51.82;232.9124
IRAPE;148;Reservatório com Usina;JEQUITINHONHA;SUDESTE;SE;SUDESTE;2026-01-09;588.572;122.7242;588.572;122.7242;588.318;479.589
ITÁ;92;Fio dagua;URUGUAI;SUL;S;SUL;2026-01-09;616.003;95.7779;616.003;95.7779;615.551;643.1579
ITAIPU;66;Fio dagua;PARANA;ITAIPU;SE;SUDESTE;2026-01-09;8085.517;53.7739;8085.517;53.7739;8338.291;15036.1432
ITAPEBI;154;Fio dagua;JEQUITINHONHA;NORDESTE;NE;NORDESTE;2026-01-09;265.644;48.0013;243.479;43.9961;269.77;553.41
ITAUBA;113;Fio dagua;JACUI;SUL;S;SUL;2026-01-09;235.368;179.0693;235.368;179.0693;226.049;131.4396
ITIQUIRA I;304;Fio dagua;PARAGUAI;SUDESTE;SE;SUDESTE;2026-01-09;36.965;48.5861;36.965;48.5861;36.931;76.0815
ITIQUIRA II;305;Fio dagua;PARAGUAI;SUDESTE;SE;SUDESTE;2026-01-09;58.87;48.5862;58.87;48.5862;58.993;121.1661
ITUMBIARA;31;Reservatório com Usina;PARANAIBA;PARANA;SE;SUDESTE;2026-01-09;1139.519;62.0126;1139.519;62.0126;1027.609;1837.5605
ITUTINGA;2;Fio dagua;GRANDE;PARANA;SE;SUDESTE;2026-01-09;16.759;28.4169;16.759;28.4169;17.16;58.9754
JACUI;112;Fio dagua;JACUI;SUL;S;SUL;2026-01-09;223.526;199.3826;0.0;0.0;231.955;112.1091
JAGUARA;9;Fio dagua;GRANDE;PARANA;SE;SUDESTE;2026-01-09;297.583;38.359;297.583;38.359;303.612;775.7848
JAGUARI;120;Reservatório com Usina;PARAIBA DO SUL;SUDESTE;SE;SUDESTE;2026-01-09;4.27;18.7963;0.139;0.6119;3.887;22.7172
JAURU;195;Fio dagua;PARAGUAI;SUDESTE;SE;SUDESTE;2026-01-09;75.538;84.6353;75.538;84.6353;75.357;89.2512
JIRAU;285;Fio dagua;AMAZONAS;MADEIRA;SE;SUDESTE;2026-01-09;3935.307;107.9789;3869.742;106.1799;3624.894;3644.515
JUPIA;45;Fio dagua;PARANA;PARANA;SE;SUDESTE;2026-01-09;878.004;47.2792;878.004;47.2792;904.082;1857.06
JURUENA;309;Fio dagua;AMAZONAS;TELES PIRES;SE;SUDESTE;2026-01-09;40.277;84.7865;36.418;76.663;41.588;47.504
JURUMIRIM;47;Reservatório com Usina;PARANAPANEMA;PARANAPANEMA;SE;SUDESTE;2026-01-09;33.858;35.9477;33.858;35.9477;33.739;94.1868
L. C. BARRETO;8;Fio dagua;GRANDE;PARANA;SE;SUDESTE;2026-01-09;402.702;37.9636;402.702;37.9636;404.819;1060.7587
LAJEADO;261;Fio dagua;TOCANTINS;SUDESTE;SE;SUDESTE;2026-01-09;663.371;46.3115;663.371;46.3115;638.762;1432.4115
LIMOEIRO;16;Fio dagua;GRANDE;PARANA;SE;SUDESTE;2026-01-09;14.383;41.4719;14.383;41.4719;14.266;34.6813
LUIZ GONZAGA;172;Reservatório com Usina;SAO FRANCISCO;NORDESTE;NE;NORDESTE;2026-01-09;746.67;37.6314;746.67;37.6314;726.393;1984.17
M. MORAES;7;Reservatório com Usina;GRANDE;PARANA;SE;SUDESTE;2026-01-09;247.413;37.3389;247.413;37.3389;263.119;662.6139
MACHADINHO;91;Reservatório com Usina;URUGUAI;SUL;S;SUL;2026-01-09;412.139;90.1075;412.139;90.1075;419.742;457.3859
MANSO;278;Reservatório com Usina;PARAGUAI;SUDESTE;SE;SUDESTE;2026-01-09;64.653;42.9965;64.653;42.9965;64.037;150.368
MARIMBONDO;17;Reservatório com Usina;GRANDE;PARANA;SE;SUDESTE;2026-01-09;705.189;42.4518;705.189;42.4518;613.815;1661.1515
MASCARENHAS;144;Fio dagua;DOCE;SUDESTE;SE;SUDESTE;2026-01-09;260.064;73.2089;170.36;47.9569;234.942;355.2354
MIRANDA;26;Reservatório com Usina;PARANAIBA;PARANA;SE;SUDESTE;2026-01-09;165.14;45.9603;165.14;45.9603;166.254;359.31
MONJOLINHO;94;Fio dagua;URUGUAI;SUL;S;SUL;2026-01-09;49.34;147.3716;49.34;147.3716;49.1;33.48
MONTE CLARO;98;Fio dagua;JACUI;SUL;S;SUL;2026-01-09;50.006;87.1728;45.403;79.1487;49.886;57.3642
N. AVANHANDAVA;42;Fio dagua;TIETE;PARANA;SE;SUDESTE;2026-01-09;121.143;37.0332;121.143;37.0332;120.166;327.12
NILO PEÇANHA;131;Fio dagua;PARAIBA DO SUL;SUDESTE;SE;SUDESTE;2026-01-09;251.109;65.3495;251.109;65.3495;251.406;384.2553
NOVA PONTE;25;Reservatório com Usina;PARANAIBA;PARANA;SE;SUDESTE;2026-01-09;250.727;51.0453;250.727;51.0453;219.795;491.1852
OURINHOS;249;Fio dagua;PARANAPANEMA;PARANAPANEMA;SE;SUDESTE;2026-01-09;15.539;31.7344;14.385;29.3776;16.935;48.9658
P. AFONSO 1,2,3;174;Fio dagua;SAO FRANCISCO;NORDESTE;NE;NORDESTE;2026-01-09;641.208;37.6481;641.208;37.6481;139.342;1703.16
P. AFONSO 4;175;Fio dagua;SAO FRANCISCO;NORDESTE;NE;NORDESTE;2026-01-09;917.771;37.6481;917.771;37.6481;1547.94;2437.7598
P. COLOMBIA;12;Fio dagua;GRANDE;PARANA;SE;SUDESTE;2026-01-09;192.546;39.8579;192.546;39.8579;201.656;483.0812
PARAIBUNA;121;Reservatório com Usina;PARAIBA DO SUL;SUDESTE;SE;SUDESTE;2026-01-09;30.775;41.8289;30.775;41.8289;28.473;73.5735
PARANAPANEMA;53;Fio dagua;PARANAPANEMA;PARANAPANEMA;SE;SUDESTE;2026-01-09;15.113;35.8107;15.113;35.8107;15.8;42.2025
PASSO FUNDO;93;Reservatório com Usina;URUGUAI;SUL;S;SUL;2026-01-09;128.372;164.8288;128.372;164.8288;129.322;77.882
PASSO REAL;111;Reservatório com Usina;JACUI;SUL;S;SUL;2026-01-09;102.665;199.1639;48.54;94.1647;107.953;51.548
PASSO SAO JOAO;102;Fio dagua;URUGUAI;SUL;S;SUL;2026-01-09;85.329;191.5891;79.475;178.4451;85.588;44.5375
PEDRA DO CAVALO;189;Reservatório com Usina;PARAGUACU;NORDESTE;NE;NORDESTE;2026-01-09;7.122;4.9087;7.122;4.9087;7.213;145.0899
PEIXE ANGICAL;257;Reservatório com Usina;TOCANTINS;SUDESTE;SE;SUDESTE;2026-01-09;434.76;59.7842;434.76;59.7842;426.366;727.216
PEREIRA PASSOS;133;Fio dagua;PARAIBA DO SUL;SUDESTE;SE;SUDESTE;2026-01-09;33.407;54.9634;33.407;54.9634;33.785;60.7804
PICADA;126;Fio dagua;PARAIBA DO SUL;SUDESTE;SE;SUDESTE;2026-01-09;19.686;27.5001;19.686;27.5001;19.71;71.5852
PIMENTAL;314;Fio dagua;AMAZONAS;BELO MONTE;N;NORTE;2026-01-09;118.477;84.425;118.477;84.425;121.374;140.334
PIRAJU;48;Fio dagua;PARANAPANEMA;PARANAPANEMA;SE;SUDESTE;2026-01-09;27.333;35.8096;27.333;35.8096;28.238;76.3286
PONTE DE PEDRA;281;Fio dagua;PARAGUAI;SUDESTE;SE;SUDESTE;2026-01-09;151.492;79.6858;122.755;64.57;151.875;190.1116
PORTO ESTRELA;135;Reservatório com Usina;DOCE;SUDESTE;SE;SUDESTE;2026-01-09;89.375;65.0801;89.375;65.0801;86.119;137.3307
PORTO PRIMAVERA;46;Fio dagua;PARANA;PARANA;SE;SUDESTE;2026-01-09;873.699;44.4748;873.699;44.4748;901.892;1964.48
PROMISSÃO;40;Reservatório com Usina;TIETE;PARANA;SE;SUDESTE;2026-01-09;87.716;37.6428;87.716;37.6428;89.527;233.022
QUEBRA QUEIXO;95;Reservatório com Usina;URUGUAI;SUL;S;SUL;2026-01-09;59.419;98.9822;59.419;98.9822;59.159;60.03
QUEIMADO;162;Reservatório com Usina;SAO FRANCISCO;SUDESTE;SE;SUDESTE;2026-01-09;88.319;69.922;88.319;69.922;85.84;126.3108
RETIRO BAIXO;155;Reservatório com Usina;SAO FRANCISCO;SUDESTE;SE;SUDESTE;2026-01-09;57.447;54.1604;50.421;47.5364;56.042;106.0682
RONDON II;276;Reservatório com Usina;AMAZONAS;MADEIRA;SE;SUDESTE;2026-01-09;69.184;112.7605;69.184;112.7605;68.067;61.3548
ROSAL;217;Fio dagua;ITABAPOANA;SUDESTE;SE;SUDESTE;2026-01-09;92.273;89.4913;66.919;64.9017;92.275;103.1083
ROSANA;63;Fio dagua;PARANAPANEMA;PARANAPANEMA;SE;SUDESTE;2026-01-09;178.7;55.7855;178.7;55.7855;181.452;320.334
S.DO FACÃO;21;Reservatório com Usina;PARANAIBA;PARANA;SE;SUDESTE;2026-01-09;187.571;94.7738;187.571;94.7738;177.469;197.9145
S.R.VERDINHO;241;Fio dagua;PARANAIBA;PARANA;SE;SUDESTE;2026-01-09;47.999;49.9109;47.999;49.9109;48.598;96.1694
SA CARVALHO;193;Fio dagua;DOCE;SUDESTE;SE;SUDESTE;2026-01-09;73.395;48.6832;57.476;38.1241;73.262;150.7604
SALTO;262;Fio dagua;PARANAIBA;PARANA;SE;SUDESTE;2026-01-09;51.494;48.4662;43.39;40.8387;51.429;106.2472
SALTO CAXIAS;82;Fio dagua;IGUACU;IGUACU;S;SUL;2026-01-09;375.771;56.476;375.771;56.476;373.23;665.3644
SALTO GRANDE CM;134;Fio dagua;DOCE;SUDESTE;SE;SUDESTE;2026-01-09;149.469;64.9374;148.667;64.589;148.196;230.174
SALTO GRANDE CS;50;Fio dagua;PARANAPANEMA;PARANAPANEMA;SE;SUDESTE;2026-01-09;36.571;37.7644;6.318;6.5242;38.005;96.8399
SALTO OSORIO;78;Fio dagua;IGUACU;IGUACU;S;SUL;2026-01-09;287.775;52.2148;287.775;52.2148;288.424;551.1373
SALTO PILAO;215;Fio dagua;ITAJAI;SUL;S;SUL;2026-01-09;172.494;85.0262;172.494;85.0262;172.592;202.8715
SALTO SANTIAGO;77;Reservatório com Usina;IGUACU;IGUACU;S;SUL;2026-01-09;416.834;50.6779;416.834;50.6779;428.343;822.5162
SAMUEL;279;Reservatório com Usina;AMAZONAS;MADEIRA;SE;SUDESTE;2026-01-09;238.919;177.2585;238.919;177.2585;197.64;134.7856
SANTA BRANCA;122;Reservatório com Usina;PARAIBA DO SUL;SUDESTE;SE;SUDESTE;2026-01-09;19.013;43.0665;19.013;43.0665;16.462;44.148
SANTA CLARA-PR;71;Reservatório com Usina;IGUACU;IGUACU;S;SUL;2026-01-09;34.779;45.5315;34.779;45.5315;34.968;76.3844
SANTO ANTONIO;287;Fio dagua;AMAZONAS;MADEIRA;SE;SUDESTE;2026-01-09;4240.617;111.77;3695.59;97.4047;3652.718;3794.0553
SAO DOMINGOS;153;Fio dagua;PARANA;PARANA;SE;SUDESTE;2026-01-09;28.1;61.4102;25.029;54.6988;27.998;45.7579
SAO JOSE;101;Fio dagua;URUGUAI;SUL;S;SUL;2026-01-09;60.113;189.4027;40.394;127.2725;60.056;31.7382
SAO MANOEL;230;Fio dagua;AMAZONAS;TELES PIRES;SE;SUDESTE;2026-01-09;680.005;82.2028;680.005;82.2028;634.763;827.2283
SAO ROQUE;88;Reservatório com Usina;URUGUAI;SUL;S;SUL;2026-01-09;53.767;67.0432;53.767;67.0432;54.088;80.1975
SAO SALVADOR;253;Fio dagua;TOCANTINS;SUDESTE;SE;SUDESTE;2026-01-09;292.894;80.5515;292.894;80.5515;289.643;363.6108
SÃO SIMÃO;33;Reservatório com Usina;PARANAIBA;PARANA;SE;SUDESTE;2026-01-09;1459.261;58.1916;1459.261;58.1916;1399.379;2507.683
SEGREDO;76;Reservatório com Usina;IGUACU;IGUACU;S;SUL;2026-01-09;331.569;45.5062;331.569;45.5062;332.076;728.624
SERRA DA MESA;251;Reservatório com Usina;TOCANTINS;SUDESTE;SE;SUDESTE;2026-01-09;1243.028;86.8916;1243.028;86.8916;1213.938;1430.55
SIMPLICIO;129;Fio dagua;PARAIBA DO SUL;SUDESTE;SE;SUDESTE;2026-01-09;75.216;23.7625;75.216;23.7625;76.112;316.53285
SINOP;227;Reservatório com Usina;AMAZONAS;TELES PIRES;SE;SUDESTE;2026-01-09;230.877;67.6439;223.827;65.5783;179.217;341.3124
SOBRADINHO;169;Reservatório com Usina;SAO FRANCISCO;NORDESTE;NE;NORDESTE;2026-01-09;378.598;34.7791;378.598;34.7791;347.354;1088.5805
SOBRAGI;127;Fio dagua;PARAIBA DO SUL;SUDESTE;SE;SUDESTE;2026-01-09;23.627;26.3841;22.194;24.7839;23.66;89.55
STA.CLARA-MG;283;Fio dagua;MUCURI;SUDESTE;SE;SUDESTE;2026-01-09;25.851;34.8549;25.851;34.8549;25.708;74.1675
STO ANTONIO DO JARI;286;Fio dagua;AMAZONAS;MANAUS-AMAPA;N;NORTE;2026-01-09;81.076;50.8302;81.076;50.8302;83.342;159.5035
SUIÇA;145;Fio dagua;SANTA MARIA VIT;SUDESTE;SE;SUDESTE;2026-01-09;22.484;53.1989;20.371;48.1994;22.372;42.264
TAQUARUÇU;62;Fio dagua;PARANAPANEMA;PARANAPANEMA;SE;SUDESTE;2026-01-09;186.664;53.3619;186.664;53.3619;177.909;349.8075
TELES PIRES;229;Fio dagua;AMAZONAS;TELES PIRES;SE;SUDESTE;2026-01-09;1518.939;83.0915;1518.939;83.0915;1547.505;1828.0318
TRÊS IRMÃOS;43;Reservatório com Usina;TIETE;PARANA;SE;SUDESTE;2026-01-09;211.727;42.8014;211.727;42.8014;214.888;494.6725
TRÊS MARIAS;156;Reservatório com Usina;SAO FRANCISCO;SUDESTE;SE;SUDESTE;2026-01-09;594.408;95.6717;594.408;95.6717;577.209;621.3
TUCURUI;275;Reservatório com Usina;TOCANTINS;NORTE;N;NORTE;2026-01-09;3983.891;49.1505;3983.891;49.1505;3636.331;8105.5008
VOLTA GRANDE;11;Fio dagua;GRANDE;PARANA;SE;SUDESTE;2026-01-09;209.118;39.593;209.118;39.593;205.935;528.1696
XINGO;178;Fio dagua;SAO FRANCISCO;NORDESTE;NE;NORDESTE;2026-01-09;1918.608;39.768;1918.608;39.768;1936.529;4824.4975
14 DE JULHO;99;Fio dagua;JACUI;SUL;S;SUL;2026-01-10;87.76;173.2032;87.76;173.2032;82.447;50.6688
A. VERMELHA;18;Reservatório com Usina;GRANDE;PARANA;SE;SUDESTE;2026-01-10;693.112;41.8843;693.112;41.8843;646.983;1654.825
AIMORES;143;Fio dagua;DOCE;SUDESTE;SE;SUDESTE;2026-01-10;213.345;54.4406;164.743;42.0385;221.922;391.8856
APOLONIO SALES;173;Fio dagua;SAO FRANCISCO;NORDESTE;NE;NORDESTE;2026-01-10;156.382;35.8225;156.382;35.8225;45.072;436.5468
B. BONITA;37;Reservatório com Usina;TIETE;PARANA;SE;SUDESTE;2026-01-10;57.313;47.527;44.881;37.2177;58.686;120.5904
B.COQUEIROS;312;Fio dagua;PARANAIBA;PARANA;SE;SUDESTE;2026-01-10;36.926;39.7547;33.712;36.2945;38.204;92.8846
BAGUARI;141;Fio dagua;DOCE;SUDESTE;SE;SUDESTE;2026-01-10;104.415;60.5842;97.284;56.4466;102.412;172.347
BAIXO IGUACU;83;Fio dagua;IGUACU;IGUACU;S;SUL;2026-01-10;133.044;71.1232;133.044;71.1232;133.853;187.0614
BALBINA;277;Reservatório com Usina;AMAZONAS;MANAUS-AMAPA;N;NORTE;2026-01-10;106.954;126.9634;106.954;126.9634;105.902;84.24
BARIRI;38;Fio dagua;TIETE;PARANA;SE;SUDESTE;2026-01-10;61.224;43.5347;50.136;35.6503;62.696;140.6328
BARRA BRAUNA;185;Fio dagua;PARAIBA DO SUL;SUDESTE;SE;SUDESTE;2026-01-10;14.597;32.1238;14.597;32.1238;14.302;45.4398
BARRA GRANDE;86;Reservatório com Usina;URUGUAI;SUL;S;SUL;2026-01-10;567.365;212.1056;557.458;208.402;578.797;267.4917
BATALHA;20;Reservatório com Usina;PARANAIBA;PARANA;SE;SUDESTE;2026-01-10;58.865;90.0925;58.865;90.0925;53.993;65.3384
BELO MONTE;288;Fio dagua;AMAZONAS;BELO MONTE;N;NORTE;2026-01-10;3513.174;62.7516;3513.174;62.7516;3552.015;5598.54
BOA ESPERANÇA;190;Reservatório com Usina;PARNAIBA;NORDESTE;NE;NORDESTE;2026-01-10;175.248;72.819;175.248;72.819;168.13;240.6624
C. DOURADA;32;Fio dagua;PARANAIBA;PARANA;SE;SUDESTE;2026-01-10;471.24;63.7209;470.159;63.5747;512.692;739.5374
C.BRANCO-1;27;Reservatório com Usina;PARANAIBA;PARANA;SE;SUDESTE;2026-01-10;137.357;45.5238;125.595;41.6255;135.608;301.726
C.BRANCO-2;28;Fio dagua;PARANAIBA;PARANA;SE;SUDESTE;2026-01-10;113.088;44.396;93.911;36.8675;112.499;254.7259
CACHOEIRA CALDEIRAO;204;Fio dagua;ARAGUARI;MANAUS-AMAPA;N;NORTE;2026-01-10;43.604;55.4791;42.339;53.8696;44.394;78.5954
CACONDE;14;Reservatório com Usina;GRANDE;PARANA;SE;SUDESTE;2026-01-10;26.165;33.348;26.165;33.348;24.837;78.4605
CACU;311;Reservatório com Usina;PARANAIBA;PARANA;SE;SUDESTE;2026-01-10;26.001;38.4892;26.001;38.4892;26.635;67.554
CAMARGOS;1;Reservatório com Usina;GRANDE;PARANA;SE;SUDESTE;2026-01-10;13.122;26.119;13.122;26.119;12.358;50.2392
CAMPOS NOVOS;90;Reservatório com Usina;URUGUAI;SUL;S;SUL;2026-01-10;262.903;68.1958;262.903;68.1958;265.435;385.512
CANA BRAVA;252;Fio dagua;TOCANTINS;SUDESTE;SE;SUDESTE;2026-01-10;407.923;68.6595;407.923;68.6595;407.197;594.1248
CANASTRA;87;Fio dagua;JACUI;SUL;S;SUL;2026-01-10;;;;;;
CANDONGA;139;Fio dagua;DOCE;SUDESTE;SE;SUDESTE;2026-01-10;43.751;36.5262;43.751;36.5262;42.486;119.7798
CANOAS I;52;Fio dagua;PARANAPANEMA;PARANAPANEMA;SE;SUDESTE;2026-01-10;37.712;36.8662;35.925;35.1193;37.574;102.2943
CANOAS II;51;Fio dagua;PARANAPANEMA;PARANAPANEMA;SE;SUDESTE;2026-01-10;30.77;36.0328;30.77;36.0328;31.181;85.3944
CAPIVARA;61;Reservatório com Usina;PARANAPANEMA;PARANAPANEMA;SE;SUDESTE;2026-01-10;285.214;50.6846;152.302;27.0652;299.817;562.7232
CASTRO ALVES;97;Fio dagua;JACUI;SUL;S;SUL;2026-01-10;203.191;275.739;203.191;275.739;201.729;73.6896
CHAVANTES;49;Reservatório com Usina;PARANAPANEMA;PARANAPANEMA;SE;SUDESTE;2026-01-10;93.86;30.2089;93.86;30.2089;92.21;310.7031
COARACY NUNES;280;Fio dagua;ARAGUARI;MANAUS-AMAPA;N;NORTE;2026-01-10;55.774;55.3866;55.774;55.3866;56.528;100.6995
COLIDER;228;Fio dagua;AMAZONAS;TELES PIRES;SE;SUDESTE;2026-01-10;214.398;67.2589;133.771;41.9654;153.647;318.7652
CORUMBA;30;Reservatório com Usina;PARANAIBA;PARANA;SE;SUDESTE;2026-01-10;303.553;67.2649;303.553;67.2649;290.078;451.2798
CORUMBA-3;203;Reservatório com Usina;PARANAIBA;PARANA;SE;SUDESTE;2026-01-10;63.832;71.0042;58.972;65.5981;61.898;89.8989
CORUMBA-4;29;Reservatório com Usina;PARANAIBA;PARANA;SE;SUDESTE;2026-01-10;76.802;63.2694;73.3;60.3845;76.022;121.3888
CURUA-UNA;272;Reservatório com Usina;AMAZONAS;BELO MONTE;N;NORTE;2026-01-10;21.169;83.4974;21.169;83.4974;18.317;25.3529
D. FRANCISCA;114;Fio dagua;JACUI;SUL;S;SUL;2026-01-10;125.92;176.9852;118.537;166.6081;125.662;71.1472
DARDANELOS;310;Fio dagua;AMAZONAS;MADEIRA;SE;SUDESTE;2026-01-10;481.544;113.5655;259.975;61.3115;461.021;424.0232
E. DA CUNHA;15;Fio dagua;GRANDE;PARANA;SE;SUDESTE;2026-01-10;40.691;35.2209;40.691;35.2209;40.937;115.5308
EMBORCAÇÃO;24;Reservatório com Usina;PARANAIBA;PARANA;SE;SUDESTE;2026-01-10;881.796;88.4263;881.796;88.4263;834.447;997.2102
ESPORA;290;Reservatório com Usina;PARANAIBA;PARANA;SE;SUDESTE;2026-01-10;22.843;71.0116;22.843;71.0116;21.601;32.168
ESTREITO;267;Fio dagua;TOCANTINS;NORTE;N;NORTE;2026-01-10;818.254;58.0971;818.254;58.0971;748.526;1408.425
FERREIRA GOMES;284;Fio dagua;ARAGUARI;MANAUS-AMAPA;N;NORTE;2026-01-10;46.892;55.3667;46.892;55.3667;50.49;84.6935
FONTES;132;Fio dagua;PARAIBA DO SUL;SUDESTE;SE;SUDESTE;2026-01-10;26.312;21.6447;26.312;21.6447;26.264;121.563
FOZ CHAPECO;103;Fio dagua;URUGUAI;SUL;S;SUL;2026-01-10;440.498;113.9372;406.703;105.1959;435.118;386.6148
FOZ DO RIO CLARO;315;Fio dagua;PARANAIBA;PARANA;SE;SUDESTE;2026-01-10;31.109;41.9005;28.714;38.6747;31.02;74.245
FUNDÃO;72;Fio dagua;IGUACU;IGUACU;S;SUL;2026-01-10;110.707;134.6157;107.385;130.5763;113.287;82.2393
FUNIL;123;Reservatório com Usina;PARAIBA DO SUL;SUDESTE;SE;SUDESTE;2026-01-10;59.781;28.6713;59.781;28.6713;51.793;208.505
FUNIL-MG;4;Fio dagua;GRANDE;PARANA;SE;SUDESTE;2026-01-10;55.059;27.2175;55.059;27.2175;57.282;202.293
FURNAS;6;Reservatório com Usina;GRANDE;PARANA;SE;SUDESTE;2026-01-10;472.499;33.9672;472.499;33.9672;452.143;1391.043
G. B. MUNHOZ;74;Reservatório com Usina;IGUACU;IGUACU;S;SUL;2026-01-10;298.181;44.0404;298.181;44.0404;293.068;677.0622
G. P. SOUZA;115;Reservatório com Usina;CAPIVARI;SUL;S;SUL;2026-01-10;70.913;44.6401;70.913;44.6401;70.81;158.855
GARIBALDI;89;Reservatório com Usina;URUGUAI;SUL;S;SUL;2026-01-10;48.946;60.0041;48.946;60.0041;48.661;81.5711
GOV JAYME CANET JR;57;Reservatório com Usina;PARANAPANEMA;IGUACU;S;SUL;2026-01-10;108.214;33.8098;87.226;27.2524;107.865;320.067
GUAPORE;196;Fio dagua;AMAZONAS;MADEIRA;SE;SUDESTE;2026-01-10;58.826;105.7504;58.826;105.7504;58.741;55.6272
GUILM. AMORIM;192;Fio dagua;DOCE;SUDESTE;SE;SUDESTE;2026-01-10;46.938;31.5069;46.938;31.5069;46.634;148.9768
HENRY BORDEN;119;Fio dagua;TIETE;SUDESTE;SE;SUDESTE;2026-01-10;303.071;79.6269;303.071;79.6269;303.0;380.6136
I. SOLTEIRA;34;Reservatório com Usina;PARANA;PARANA;SE;SUDESTE;2026-01-10;1661.074;49.5361;1661.074;49.5361;1696.416;3353.2623
IBITINGA;39;Fio dagua;TIETE;PARANA;SE;SUDESTE;2026-01-10;66.986;42.4716;66.986;42.4716;67.651;157.7196
IGARAPAVA;10;Fio dagua;GRANDE;PARANA;SE;SUDESTE;2026-01-10;113.561;36.9678;113.561;36.9678;117.587;307.1891
ILHA POMBOS;130;Fio dagua;PARAIBA DO SUL;SUDESTE;SE;SUDESTE;2026-01-10;41.335;17.747;41.335;17.747;42.155;232.9124
IRAPE;148;Reservatório com Usina;JEQUITINHONHA;SUDESTE;SE;SUDESTE;2026-01-10;312.212;65.0999;312.212;65.0999;312.246;479.589
ITÁ;92;Fio dagua;URUGUAI;SUL;S;SUL;2026-01-10;671.941;104.4753;671.941;104.4753;671.249;643.1579
ITAIPU;66;Fio dagua;PARANA;ITAIPU;SE;SUDESTE;2026-01-10;8156.314;54.2447;8156.314;54.2447;8448.716;15036.1432
ITAPEBI;154;Fio dagua;JEQUITINHONHA;NORDESTE;NE;NORDESTE;2026-01-10;420.07;75.9057;314.25;56.7843;424.152;553.41
ITAUBA;113;Fio dagua;JACUI;SUL;S;SUL;2026-01-10;256.859;195.4198;256.859;195.4198;255.612;131.4396
ITIQUIRA I;304;Fio dagua;PARAGUAI;SUDESTE;SE;SUDESTE;2026-01-10;36.519;47.9998;36.519;47.9998;36.478;76.0815
ITIQUIRA II;305;Fio dagua;PARAGUAI;SUDESTE;SE;SUDESTE;2026-01-10;58.16;48.0002;58.16;48.0002;58.32;121.1661
ITUMBIARA;31;Reservatório com Usina;PARANAIBA;PARANA;SE;SUDESTE;2026-01-10;1217.301;66.2455;1217.301;66.2455;1110.632;1837.5605
ITUTINGA;2;Fio dagua;GRANDE;PARANA;SE;SUDESTE;2026-01-10;15.404;26.1194;15.404;26.1194;15.751;58.9754
JACUI;112;Fio dagua;JACUI;SUL;S;SUL;2026-01-10;251.625;224.4465;0.0;0.0;260.892;112.1091
JAGUARA;9;Fio dagua;GRANDE;PARANA;SE;SUDESTE;2026-01-10;279.212;35.9909;279.212;35.9909;282.146;775.7848
JAGUARI;120;Reservatório com Usina;PARAIBA DO SUL;SUDESTE;SE;SUDESTE;2026-01-10;3.95;17.3877;1.368;6.0219;3.59;22.7172
JAURU;195;Fio dagua;PARAGUAI;SUDESTE;SE;SUDESTE;2026-01-10;79.22;88.7607;79.22;88.7607;79.06;89.2512
JIRAU;285;Fio dagua;AMAZONAS;MADEIRA;SE;SUDESTE;2026-01-10;3805.031;104.4043;2964.156;81.332;3522.697;3644.515
JUPIA;45;Fio dagua;PARANA;PARANA;SE;SUDESTE;2026-01-10;905.697;48.7705;905.697;48.7705;930.396;1857.06
JURUENA;309;Fio dagua;AMAZONAS;TELES PIRES;SE;SUDESTE;2026-01-10;39.909;84.0119;36.05;75.8883;41.122;47.504
JURUMIRIM;47;Reservatório com Usina;PARANAPANEMA;PARANAPANEMA;SE;SUDESTE;2026-01-10;31.785;33.7468;31.785;33.7468;31.674;94.1868
L. C. BARRETO;8;Fio dagua;GRANDE;PARANA;SE;SUDESTE;2026-01-10;375.838;35.4311;375.838;35.4311;376.092;1060.7587
LAJEADO;261;Fio dagua;TOCANTINS;SUDESTE;SE;SUDESTE;2026-01-10;710.04;49.5696;710.04;49.5696;701.513;1432.4115
LIMOEIRO;16;Fio dagua;GRANDE;PARANA;SE;SUDESTE;2026-01-10;12.401;35.757;12.401;35.757;12.397;34.6813
LUIZ GONZAGA;172;Reservatório com Usina;SAO FRANCISCO;NORDESTE;NE;NORDESTE;2026-01-10;710.46;35.8064;710.46;35.8064;692.008;1984.17
M. MORAES;7;Reservatório com Usina;GRANDE;PARANA;SE;SUDESTE;2026-01-10;229.287;34.6034;229.287;34.6034;245.444;662.6139
MACHADINHO;91;Reservatório com Usina;URUGUAI;SUL;S;SUL;2026-01-10;480.624;105.0806;480.624;105.0806;494.535;457.3859
MANSO;278;Reservatório com Usina;PARAGUAI;SUDESTE;SE;SUDESTE;2026-01-10;75.509;50.2161;75.509;50.2161;74.853;150.368
MARIMBONDO;17;Reservatório com Usina;GRANDE;PARANA;SE;SUDESTE;2026-01-10;670.032;40.3354;670.032;40.3354;595.525;1661.1515
MASCARENHAS;144;Fio dagua;DOCE;SUDESTE;SE;SUDESTE;2026-01-10;206.8;58.2149;182.336;51.3282;193.433;355.2354
MIRANDA;26;Reservatório com Usina;PARANAIBA;PARANA;SE;SUDESTE;2026-01-10;165.741;46.1276;165.741;46.1276;166.505;359.31
MONJOLINHO;94;Fio dagua;URUGUAI;SUL;S;SUL;2026-01-10;79.034;236.0633;79.034;236.0633;78.251;33.48
MONTE CLARO;98;Fio dagua;JACUI;SUL;S;SUL;2026-01-10;109.991;191.7415;105.387;183.7156;109.146;57.3642
N. AVANHANDAVA;42;Fio dagua;TIETE;PARANA;SE;SUDESTE;2026-01-10;122.535;37.4587;122.535;37.4587;121.626;327.12
NILO PEÇANHA;131;Fio dagua;PARAIBA DO SUL;SUDESTE;SE;SUDESTE;2026-01-10;294.775;76.7133;294.775;76.7133;295.123;384.2553
NOVA PONTE;25;Reservatório com Usina;PARANAIBA;PARANA;SE;SUDESTE;2026-01-10;247.604;50.4095;247.604;50.4095;217.356;491.1852
OURINHOS;249;Fio dagua;PARANAPANEMA;PARANAPANEMA;SE;SUDESTE;2026-01-10;14.982;30.5969;10.076;20.5776;15.124;48.9658
P. AFONSO 1,2,3;174;Fio dagua;SAO FRANCISCO;NORDESTE;NE;NORDESTE;2026-01-10;610.113;35.8224;610.113;35.8224;190.156;1703.16
P. AFONSO 4;175;Fio dagua;SAO FRANCISCO;NORDESTE;NE;NORDESTE;2026-01-10;873.264;35.8224;873.264;35.8224;1398.702;2437.7598
P. COLOMBIA;12;Fio dagua;GRANDE;PARANA;SE;SUDESTE;2026-01-10;185.1;38.3165;185.1;38.3165;190.52;483.0812
PARAIBUNA;121;Reservatório com Usina;PARAIBA DO SUL;SUDESTE;SE;SUDESTE;2026-01-10;29.941;40.6954;29.941;40.6954;27.683;73.5735
PARANAPANEMA;53;Fio dagua;PARANAPANEMA;PARANAPANEMA;SE;SUDESTE;2026-01-10;14.36;34.0264;14.36;34.0264;14.995;42.2025
PASSO FUNDO;93;Reservatório com Usina;URUGUAI;SUL;S;SUL;2026-01-10;204.029;261.972;204.029;261.972;205.651;77.882
PASSO REAL;111;Reservatório com Usina;JACUI;SUL;S;SUL;2026-01-10;116.767;226.5209;62.642;121.5217;122.896;51.548
PASSO SAO JOAO;102;Fio dagua;URUGUAI;SUL;S;SUL;2026-01-10;82.443;185.1092;74.808;167.9663;82.722;44.5375
PEDRA DO CAVALO;189;Reservatório com Usina;PARAGUACU;NORDESTE;NE;NORDESTE;2026-01-10;6.961;4.7977;6.961;4.7977;7.047;145.0899
PEIXE ANGICAL;257;Reservatório com Usina;TOCANTINS;SUDESTE;SE;SUDESTE;2026-01-10;444.709;61.1523;444.709;61.1523;446.643;727.216
PEREIRA PASSOS;133;Fio dagua;PARAIBA DO SUL;SUDESTE;SE;SUDESTE;2026-01-10;38.615;63.532;38.615;63.532;38.867;60.7804
PICADA;126;Fio dagua;PARAIBA DO SUL;SUDESTE;SE;SUDESTE;2026-01-10;17.896;24.9996;17.896;24.9996;17.892;71.5852
PIMENTAL;314;Fio dagua;AMAZONAS;BELO MONTE;N;NORTE;2026-01-10;119.195;84.9367;119.195;84.9367;123.222;140.334
PIRAJU;48;Fio dagua;PARANAPANEMA;PARANAPANEMA;SE;SUDESTE;2026-01-10;25.972;34.0266;25.972;34.0266;26.832;76.3286
PONTE DE PEDRA;281;Fio dagua;PARAGUAI;SUDESTE;SE;SUDESTE;2026-01-10;149.26;78.5118;120.522;63.3954;149.779;190.1116
PORTO ESTRELA;135;Reservatório com Usina;DOCE;SUDESTE;SE;SUDESTE;2026-01-10;58.722;42.7596;58.722;42.7596;56.662;137.3307
PORTO PRIMAVERA;46;Fio dagua;PARANA;PARANA;SE;SUDESTE;2026-01-10;912.827;46.4666;912.827;46.4666;941.353;1964.48
PROMISSÃO;40;Reservatório com Usina;TIETE;PARANA;SE;SUDESTE;2026-01-10;90.525;38.8483;90.525;38.8483;92.394;233.022
QUEBRA QUEIXO;95;Reservatório com Usina;URUGUAI;SUL;S;SUL;2026-01-10;64.698;107.7761;64.698;107.7761;64.524;60.03
QUEIMADO;162;Reservatório com Usina;SAO FRANCISCO;SUDESTE;SE;SUDESTE;2026-01-10;77.968;61.7271;77.968;61.7271;75.843;126.3108
RETIRO BAIXO;155;Reservatório com Usina;SAO FRANCISCO;SUDESTE;SE;SUDESTE;2026-01-10;43.705;41.2046;43.705;41.2046;43.104;106.0682
RONDON II;276;Reservatório com Usina;AMAZONAS;MADEIRA;SE;SUDESTE;2026-01-10;72.839;118.7177;72.839;118.7177;71.893;61.3548
ROSAL;217;Fio dagua;ITABAPOANA;SUDESTE;SE;SUDESTE;2026-01-10;61.662;59.8031;58.282;56.525;61.695;103.1083
ROSANA;63;Fio dagua;PARANAPANEMA;PARANAPANEMA;SE;SUDESTE;2026-01-10;171.728;53.609;171.728;53.609;174.203;320.334
S.DO FACÃO;21;Reservatório com Usina;PARANAIBA;PARANA;SE;SUDESTE;2026-01-10;181.342;91.6264;181.342;91.6264;171.624;197.9145
S.R.VERDINHO;241;Fio dagua;PARANAIBA;PARANA;SE;SUDESTE;2026-01-10;46.397;48.2451;46.397;48.2451;47.074;96.1694
SA CARVALHO;193;Fio dagua;DOCE;SUDESTE;SE;SUDESTE;2026-01-10;47.906;31.7762;46.033;30.5339;47.93;150.7604
SALTO;262;Fio dagua;PARANAIBA;PARANA;SE;SUDESTE;2026-01-10;48.009;45.1861;48.009;45.1861;47.835;106.2472
SALTO CAXIAS;82;Fio dagua;IGUACU;IGUACU;S;SUL;2026-01-10;470.019;70.6408;470.019;70.6408;469.825;665.3644
SALTO GRANDE CM;134;Fio dagua;DOCE;SUDESTE;SE;SUDESTE;2026-01-10;98.269;42.6934;97.467;42.3449;97.337;230.174
SALTO GRANDE CS;50;Fio dagua;PARANAPANEMA;PARANAPANEMA;SE;SUDESTE;2026-01-10;34.293;35.4121;0.0;0.0;35.697;96.8399
SALTO OSORIO;78;Fio dagua;IGUACU;IGUACU;S;SUL;2026-01-10;353.906;64.2138;353.906;64.2138;361.394;551.1373
SALTO PILAO;215;Fio dagua;ITAJAI;SUL;S;SUL;2026-01-10;205.253;101.1739;205.253;101.1739;205.618;202.8715
SALTO SANTIAGO;77;Reservatório com Usina;IGUACU;IGUACU;S;SUL;2026-01-10;578.652;70.3514;578.652;70.3514;596.625;822.5162
SAMUEL;279;Reservatório com Usina;AMAZONAS;MADEIRA;SE;SUDESTE;2026-01-10;271.819;201.6677;271.819;201.6677;234.614;134.7856
SANTA BRANCA;122;Reservatório com Usina;PARAIBA DO SUL;SUDESTE;SE;SUDESTE;2026-01-10;18.115;41.0324;18.115;41.0324;15.702;44.148
SANTA CLARA-PR;71;Reservatório com Usina;IGUACU;IGUACU;S;SUL;2026-01-10;104.842;137.2558;104.842;137.2558;105.7;76.3844
SANTO ANTONIO;287;Fio dagua;AMAZONAS;MADEIRA;SE;SUDESTE;2026-01-10;4099.825;108.0592;3476.778;91.6375;3595.157;3794.0553
SAO DOMINGOS;153;Fio dagua;PARANA;PARANA;SE;SUDESTE;2026-01-10;30.566;66.7994;25.345;55.3893;30.491;45.7579
SAO JOSE;101;Fio dagua;URUGUAI;SUL;S;SUL;2026-01-10;57.889;182.3953;49.063;154.5866;57.643;31.7382
SAO MANOEL;230;Fio dagua;AMAZONAS;TELES PIRES;SE;SUDESTE;2026-01-10;690.097;83.4228;644.304;77.8871;618.272;827.2283
SAO ROQUE;88;Reservatório com Usina;URUGUAI;SUL;S;SUL;2026-01-10;67.158;83.7408;67.158;83.7408;66.981;80.1975
SAO SALVADOR;253;Fio dagua;TOCANTINS;SUDESTE;SE;SUDESTE;2026-01-10;277.81;76.4031;277.81;76.4031;276.36;363.6108
SÃO SIMÃO;33;Reservatório com Usina;PARANAIBA;PARANA;SE;SUDESTE;2026-01-10;1520.224;60.6227;1520.224;60.6227;1460.889;2507.683
SEGREDO;76;Reservatório com Usina;IGUACU;IGUACU;S;SUL;2026-01-10;601.974;82.6179;601.974;82.6179;603.662;728.624
SERRA DA MESA;251;Reservatório com Usina;TOCANTINS;SUDESTE;SE;SUDESTE;2026-01-10;876.329;61.2582;876.329;61.2582;855.667;1430.55
SIMPLICIO;129;Fio dagua;PARAIBA DO SUL;SUDESTE;SE;SUDESTE;2026-01-10;71.145;22.4763;71.145;22.4763;71.986;316.53285
SINOP;227;Reservatório com Usina;AMAZONAS;TELES PIRES;SE;SUDESTE;2026-01-10;226.958;66.4957;219.908;64.4301;182.634;341.3124
SOBRADINHO;169;Reservatório com Usina;SAO FRANCISCO;NORDESTE;NE;NORDESTE;2026-01-10;361.561;33.214;361.561;33.214;331.722;1088.5805
SOBRAGI;127;Fio dagua;PARAIBA DO SUL;SUDESTE;SE;SUDESTE;2026-01-10;21.513;24.0235;20.081;22.4243;21.597;89.55
STA.CLARA-MG;283;Fio dagua;MUCURI;SUDESTE;SE;SUDESTE;2026-01-10;31.033;41.8418;31.033;41.8418;30.405;74.1675
STO ANTONIO DO JARI;286;Fio dagua;AMAZONAS;MANAUS-AMAPA;N;NORTE;2026-01-10;77.145;48.3657;77.145;48.3657;78.852;159.5035
SUIÇA;145;Fio dagua;SANTA MARIA VIT;SUDESTE;SE;SUDESTE;2026-01-10;15.088;35.6994;15.088;35.6994;14.992;42.264
TAQUARUÇU;62;Fio dagua;PARANAPANEMA;PARANAPANEMA;SE;SUDESTE;2026-01-10;180.892;51.7119;180.892;51.7119;177.716;349.8075
TELES PIRES;229;Fio dagua;AMAZONAS;TELES PIRES;SE;SUDESTE;2026-01-10;1532.059;83.8092;1409.247;77.0909;1552.929;1828.0318
TRÊS IRMÃOS;43;Reservatório com Usina;TIETE;PARANA;SE;SUDESTE;2026-01-10;208.873;42.2245;208.873;42.2245;211.716;494.6725
TRÊS MARIAS;156;Reservatório com Usina;SAO FRANCISCO;SUDESTE;SE;SUDESTE;2026-01-10;476.77;76.7375;476.77;76.7375;465.072;621.3
TUCURUI;275;Reservatório com Usina;TOCANTINS;NORTE;N;NORTE;2026-01-10;4267.347;52.6475;4267.347;52.6475;3911.238;8105.5008
VOLTA GRANDE;11;Fio dagua;GRANDE;PARANA;SE;SUDESTE;2026-01-10;200.297;37.9229;200.297;37.9229;196.304;528.1696
XINGO;178;Fio dagua;SAO FRANCISCO;NORDESTE;NE;NORDESTE;2026-01-10;1819.175;37.707;1819.175;37.707;1837.688;4824.4975
14 DE JULHO;99;Fio dagua;JACUI;SUL;S;SUL;2026-01-11;115.92;228.7798;111.396;219.8513;113.329;50.6688
A. VERMELHA;18;Reservatório com Usina;GRANDE;PARANA;SE;SUDESTE;2026-01-11;655.561;39.6151;655.561;39.6151;614.934;1654.825
AIMORES;143;Fio dagua;DOCE;SUDESTE;SE;SUDESTE;2026-01-11;158.512;40.4485;117.072;29.874;164.663;391.8856
APOLONIO SALES;173;Fio dagua;SAO FRANCISCO;NORDESTE;NE;NORDESTE;2026-01-11;150.574;34.4921;150.574;34.4921;13.99;436.5468
B. BONITA;37;Reservatório com Usina;TIETE;PARANA;SE;SUDESTE;2026-01-11;57.558;47.7302;45.126;37.4209;58.851;120.5904
B.COQUEIROS;312;Fio dagua;PARANAIBA;PARANA;SE;SUDESTE;2026-01-11;35.348;38.0558;35.348;38.0558;36.65;92.8846
BAGUARI;141;Fio dagua;DOCE;SUDESTE;SE;SUDESTE;2026-01-11;77.393;44.9053;62.111;36.0383;76.767;172.347
BAIXO IGUACU;83;Fio dagua;IGUACU;IGUACU;S;SUL;2026-01-11;159.625;85.3329;145.045;77.5387;161.69;187.0614
BALBINA;277;Reservatório com Usina;AMAZONAS;MANAUS-AMAPA;N;NORTE;2026-01-11;109.088;129.4967;109.088;129.4967;109.758;84.24
BARIRI;38;Fio dagua;TIETE;PARANA;SE;SUDESTE;2026-01-11;69.172;49.1862;69.172;49.1862;70.492;140.6328
BARRA BRAUNA;185;Fio dagua;PARAIBA DO SUL;SUDESTE;SE;SUDESTE;2026-01-11;12.02;26.4526;12.02;26.4526;11.912;45.4398
BARRA GRANDE;86;Reservatório com Usina;URUGUAI;SUL;S;SUL;2026-01-11;391.43;146.3335;381.522;142.6295;399.698;267.4917
BATALHA;20;Reservatório com Usina;PARANAIBA;PARANA;SE;SUDESTE;2026-01-11;46.23;70.7547;46.23;70.7547;42.475;65.3384
BELO MONTE;288;Fio dagua;AMAZONAS;BELO MONTE;N;NORTE;2026-01-11;3539.742;63.2262;3539.742;63.2262;3592.68;5598.54
BOA ESPERANÇA;190;Reservatório com Usina;PARNAIBA;NORDESTE;NE;NORDESTE;2026-01-11;164.059;68.1698;164.059;68.1698;157.356;240.6624
C. DOURADA;32;Fio dagua;PARANAIBA;PARANA;SE;SUDESTE;2026-01-11;475.141;64.2484;472.439;63.883;506.24;739.5374
C.BRANCO-1;27;Reservatório com Usina;PARANAIBA;PARANA;SE;SUDESTE;2026-01-11;128.868;42.7103;117.105;38.8117;128.292;301.726
C.BRANCO-2;28;Fio dagua;PARANAIBA;PARANA;SE;SUDESTE;2026-01-11;109.699;43.0655;109.699;43.0655;110.202;254.7259
CACHOEIRA CALDEIRAO;204;Fio dagua;ARAGUARI;MANAUS-AMAPA;N;NORTE;2026-01-11;43.305;55.0986;42.602;54.2042;44.033;78.5954
CACONDE;14;Reservatório com Usina;GRANDE;PARANA;SE;SUDESTE;2026-01-11;23.869;30.4217;23.869;30.4217;22.65;78.4605
CACU;311;Reservatório com Usina;PARANAIBA;PARANA;SE;SUDESTE;2026-01-11;25.556;37.8305;25.556;37.8305;26.161;67.554
CAMARGOS;1;Reservatório com Usina;GRANDE;PARANA;SE;SUDESTE;2026-01-11;12.201;24.2858;12.201;24.2858;11.5;50.2392
CAMPOS NOVOS;90;Reservatório com Usina;URUGUAI;SUL;S;SUL;2026-01-11;300.394;77.9208;300.394;77.9208;303.542;385.512
CANA BRAVA;252;Fio dagua;TOCANTINS;SUDESTE;SE;SUDESTE;2026-01-11;295.043;49.6601;295.043;49.6601;294.518;594.1248
CANASTRA;87;Fio dagua;JACUI;SUL;S;SUL;2026-01-11;;;;;;
CANDONGA;139;Fio dagua;DOCE;SUDESTE;SE;SUDESTE;2026-01-11;36.542;30.5076;36.542;30.5076;35.647;119.7798
CANOAS I;52;Fio dagua;PARANAPANEMA;PARANAPANEMA;SE;SUDESTE;2026-01-11;35.997;35.1896;35.997;35.1896;35.975;102.2943
CANOAS II;51;Fio dagua;PARANAPANEMA;PARANAPANEMA;SE;SUDESTE;2026-01-11;29.41;34.4402;29.41;34.4402;29.948;85.3944
CAPIVARA;61;Reservatório com Usina;PARANAPANEMA;PARANAPANEMA;SE;SUDESTE;2026-01-11;272.795;48.4777;140.258;24.9249;289.941;562.7232
CASTRO ALVES;97;Fio dagua;JACUI;SUL;S;SUL;2026-01-11;213.155;289.2606;191.662;260.0937;212.739;73.6896
CHAVANTES;49;Reservatório com Usina;PARANAPANEMA;PARANAPANEMA;SE;SUDESTE;2026-01-11;88.689;28.5446;88.689;28.5446;87.396;310.7031
COARACY NUNES;280;Fio dagua;ARAGUARI;MANAUS-AMAPA;N;NORTE;2026-01-11;55.485;55.0996;55.485;55.0996;56.208;100.6995
COLIDER;228;Fio dagua;AMAZONAS;TELES PIRES;SE;SUDESTE;2026-01-11;204.055;64.0142;186.392;58.4731;151.988;318.7652
CORUMBA;30;Reservatório com Usina;PARANAIBA;PARANA;SE;SUDESTE;2026-01-11;265.922;58.9262;265.922;58.9262;256.695;451.2798
CORUMBA-3;203;Reservatório com Usina;PARANAIBA;PARANA;SE;SUDESTE;2026-01-11;50.736;56.4367;45.529;50.6447;49.211;89.8989
CORUMBA-4;29;Reservatório com Usina;PARANAIBA;PARANA;SE;SUDESTE;2026-01-11;62.865;51.7881;58.78;48.4229;62.387;121.3888
CURUA-UNA;272;Reservatório com Usina;AMAZONAS;BELO MONTE;N;NORTE;2026-01-11;22.124;87.2642;22.124;87.2642;19.063;25.3529
D. FRANCISCA;114;Fio dagua;JACUI;SUL;S;SUL;2026-01-11;145.718;204.812;145.718;204.812;145.532;71.1472
DARDANELOS;310;Fio dagua;AMAZONAS;MADEIRA;SE;SUDESTE;2026-01-11;478.069;112.746;255.63;60.2868;432.476;424.0232
E. DA CUNHA;15;Fio dagua;GRANDE;PARANA;SE;SUDESTE;2026-01-11;36.415;31.5197;36.415;31.5197;36.76;115.5308
EMBORCAÇÃO;24;Reservatório com Usina;PARANAIBA;PARANA;SE;SUDESTE;2026-01-11;844.583;84.6946;844.583;84.6946;800.155;997.2102
ESPORA;290;Reservatório com Usina;PARANAIBA;PARANA;SE;SUDESTE;2026-01-11;22.707;70.5888;20.696;64.3372;21.215;32.168
ESTREITO;267;Fio dagua;TOCANTINS;NORTE;N;NORTE;2026-01-11;810.995;57.5817;810.995;57.5817;759.334;1408.425
FERREIRA GOMES;284;Fio dagua;ARAGUARI;MANAUS-AMAPA;N;NORTE;2026-01-11;46.73;55.1754;46.73;55.1754;51.096;84.6935
FONTES;132;Fio dagua;PARAIBA DO SUL;SUDESTE;SE;SUDESTE;2026-01-11;27.662;22.7553;27.662;22.7553;27.613;121.563
FOZ CHAPECO;103;Fio dagua;URUGUAI;SUL;S;SUL;2026-01-11;478.488;123.7635;444.242;114.9056;481.497;386.6148
FOZ DO RIO CLARO;315;Fio dagua;PARANAIBA;PARANA;SE;SUDESTE;2026-01-11;29.018;39.0841;29.018;39.0841;28.967;74.245
FUNDÃO;72;Fio dagua;IGUACU;IGUACU;S;SUL;2026-01-11;106.479;129.4746;105.648;128.4641;108.617;82.2393
FUNIL;123;Reservatório com Usina;PARAIBA DO SUL;SUDESTE;SE;SUDESTE;2026-01-11;55.499;26.6176;55.499;26.6176;47.904;208.505
FUNIL-MG;4;Fio dagua;GRANDE;PARANA;SE;SUDESTE;2026-01-11;51.453;25.4349;51.453;25.4349;53.649;202.293
FURNAS;6;Reservatório com Usina;GRANDE;PARANA;SE;SUDESTE;2026-01-11;443.573;31.8878;443.573;31.8878;425.641;1391.043
G. B. MUNHOZ;74;Reservatório com Usina;IGUACU;IGUACU;S;SUL;2026-01-11;350.891;51.8255;350.891;51.8255;344.846;677.0622
G. P. SOUZA;115;Reservatório com Usina;CAPIVARI;SUL;S;SUL;2026-01-11;69.134;43.5202;69.134;43.5202;69.033;158.855
GARIBALDI;89;Reservatório com Usina;URUGUAI;SUL;S;SUL;2026-01-11;62.038;76.0539;62.038;76.0539;61.59;81.5711
GOV JAYME CANET JR;57;Reservatório com Usina;PARANAPANEMA;IGUACU;S;SUL;2026-01-11;111.835;34.9411;70.908;22.1541;111.56;320.067
GUAPORE;196;Fio dagua;AMAZONAS;MADEIRA;SE;SUDESTE;2026-01-11;59.799;107.4996;59.799;107.4996;59.737;55.6272
GUILM. AMORIM;192;Fio dagua;DOCE;SUDESTE;SE;SUDESTE;2026-01-11;38.734;26.0;38.734;26.0;38.567;148.9768
HENRY BORDEN;119;Fio dagua;TIETE;SUDESTE;SE;SUDESTE;2026-01-11;287.562;75.5522;287.562;75.5522;287.527;380.6136
I. SOLTEIRA;34;Reservatório com Usina;PARANA;PARANA;SE;SUDESTE;2026-01-11;1671.969;49.861;1671.969;49.861;1710.534;3353.2623
IBITINGA;39;Fio dagua;TIETE;PARANA;SE;SUDESTE;2026-01-11;77.14;48.9096;77.14;48.9096;77.982;157.7196
IGARAPAVA;10;Fio dagua;GRANDE;PARANA;SE;SUDESTE;2026-01-11;107.902;35.1256;107.902;35.1256;111.791;307.1891
ILHA POMBOS;130;Fio dagua;PARAIBA DO SUL;SUDESTE;SE;SUDESTE;2026-01-11;39.452;16.9386;39.452;16.9386;40.086;232.9124
IRAPE;148;Reservatório com Usina;JEQUITINHONHA;SUDESTE;SE;SUDESTE;2026-01-11;173.945;36.2696;173.945;36.2696;174.079;479.589
ITÁ;92;Fio dagua;URUGUAI;SUL;S;SUL;2026-01-11;747.573;116.2348;747.573;116.2348;751.8;643.1579
ITAIPU;66;Fio dagua;PARANA;ITAIPU;SE;SUDESTE;2026-01-11;8477.32;56.3796;8477.32;56.3796;8826.101;15036.1432
ITAPEBI;154;Fio dagua;JEQUITINHONHA;NORDESTE;NE;NORDESTE;2026-01-11;409.831;74.0556;346.196;62.5569;412.294;553.41
ITAUBA;113;Fio dagua;JACUI;SUL;S;SUL;2026-01-11;300.03;228.2645;300.03;228.2645;298.501;131.4396
ITIQUIRA I;304;Fio dagua;PARAGUAI;SUDESTE;SE;SUDESTE;2026-01-11;37.941;49.8689;37.941;49.8689;37.92;76.0815
ITIQUIRA II;305;Fio dagua;PARAGUAI;SUDESTE;SE;SUDESTE;2026-01-11;60.424;49.8687;60.424;49.8687;60.586;121.1661
ITUMBIARA;31;Reservatório com Usina;PARANAIBA;PARANA;SE;SUDESTE;2026-01-11;1200.956;65.356;1200.956;65.356;1092.811;1837.5605
ITUTINGA;2;Fio dagua;GRANDE;PARANA;SE;SUDESTE;2026-01-11;14.322;24.2847;14.322;24.2847;14.659;58.9754
JACUI;112;Fio dagua;JACUI;SUL;S;SUL;2026-01-11;300.174;267.7517;166.597;148.6026;311.492;112.1091
JAGUARA;9;Fio dagua;GRANDE;PARANA;SE;SUDESTE;2026-01-11;267.245;34.4483;267.245;34.4483;271.387;775.7848
JAGUARI;120;Reservatório com Usina;PARAIBA DO SUL;SUDESTE;SE;SUDESTE;2026-01-11;4.636;20.4074;2.055;9.046;4.211;22.7172
JAURU;195;Fio dagua;PARAGUAI;SUDESTE;SE;SUDESTE;2026-01-11;79.257;88.8022;70.89;79.4275;79.067;89.2512
JIRAU;285;Fio dagua;AMAZONAS;MADEIRA;SE;SUDESTE;2026-01-11;3718.528;102.0308;2513.713;68.9725;3470.883;3644.515
JUPIA;45;Fio dagua;PARANA;PARANA;SE;SUDESTE;2026-01-11;911.32;49.0733;911.32;49.0733;932.628;1857.06
JURUENA;309;Fio dagua;AMAZONAS;TELES PIRES;SE;SUDESTE;2026-01-11;40.307;84.8497;26.056;54.8501;41.618;47.504
JURUMIRIM;47;Reservatório com Usina;PARANAPANEMA;PARANAPANEMA;SE;SUDESTE;2026-01-11;27.791;29.5063;27.791;29.5063;27.693;94.1868
L. C. BARRETO;8;Fio dagua;GRANDE;PARANA;SE;SUDESTE;2026-01-11;362.082;34.1342;362.082;34.1342;363.452;1060.7587
LAJEADO;261;Fio dagua;TOCANTINS;SUDESTE;SE;SUDESTE;2026-01-11;740.246;51.6783;740.246;51.6783;713.795;1432.4115
LIMOEIRO;16;Fio dagua;GRANDE;PARANA;SE;SUDESTE;2026-01-11;11.041;31.8356;11.041;31.8356;10.951;34.6813
LUIZ GONZAGA;172;Reservatório com Usina;SAO FRANCISCO;NORDESTE;NE;NORDESTE;2026-01-11;684.074;34.4766;684.074;34.4766;666.172;1984.17
M. MORAES;7;Reservatório com Usina;GRANDE;PARANA;SE;SUDESTE;2026-01-11;224.376;33.8623;224.376;33.8623;238.787;662.6139
MACHADINHO;91;Reservatório com Usina;URUGUAI;SUL;S;SUL;2026-01-11;594.286;129.931;594.286;129.931;613.199;457.3859
MANSO;278;Reservatório com Usina;PARAGUAI;SUDESTE;SE;SUDESTE;2026-01-11;85.024;56.5439;85.024;56.5439;84.314;150.368
MARIMBONDO;17;Reservatório com Usina;GRANDE;PARANA;SE;SUDESTE;2026-01-11;630.766;37.9716;630.766;37.9716;562.943;1661.1515
MASCARENHAS;144;Fio dagua;DOCE;SUDESTE;SE;SUDESTE;2026-01-11;155.037;43.6435;138.13;38.8841;139.781;355.2354
MIRANDA;26;Reservatório com Usina;PARANAIBA;PARANA;SE;SUDESTE;2026-01-11;152.645;42.4828;152.645;42.4828;154.001;359.31
MONJOLINHO;94;Fio dagua;URUGUAI;SUL;S;SUL;2026-01-11;61.09;182.4671;61.09;182.4671;60.932;33.48
MONTE CLARO;98;Fio dagua;JACUI;SUL;S;SUL;2026-01-11;136.035;237.1427;92.126;160.5984;137.182;57.3642
N. AVANHANDAVA;42;Fio dagua;TIETE;PARANA;SE;SUDESTE;2026-01-11;128.688;39.3397;128.688;39.3397;127.439;327.12
NILO PEÇANHA;131;Fio dagua;PARAIBA DO SUL;SUDESTE;SE;SUDESTE;2026-01-11;307.995;80.1537;307.995;80.1537;308.36;384.2553
NOVA PONTE;25;Reservatório com Usina;PARANAIBA;PARANA;SE;SUDESTE;2026-01-11;213.414;43.4488;213.414;43.4488;189.027;491.1852
OURINHOS;249;Fio dagua;PARANAPANEMA;PARANAPANEMA;SE;SUDESTE;2026-01-11;14.192;28.9835;14.192;28.9835;14.673;48.9658
P. AFONSO 1,2,3;174;Fio dagua;SAO FRANCISCO;NORDESTE;NE;NORDESTE;2026-01-11;587.453;34.4919;587.453;34.4919;59.157;1703.16
P. AFONSO 4;175;Fio dagua;SAO FRANCISCO;NORDESTE;NE;NORDESTE;2026-01-11;840.831;34.492;840.831;34.492;1507.647;2437.7598
P. COLOMBIA;12;Fio dagua;GRANDE;PARANA;SE;SUDESTE;2026-01-11;176.479;36.532;176.479;36.532;182.839;483.0812
PARAIBUNA;121;Reservatório com Usina;PARAIBA DO SUL;SUDESTE;SE;SUDESTE;2026-01-11;25.849;35.1336;25.849;35.1336;23.88;73.5735
PARANAPANEMA;53;Fio dagua;PARANAPANEMA;PARANAPANEMA;SE;SUDESTE;2026-01-11;12.793;30.3134;12.793;30.3134;13.375;42.2025
PASSO FUNDO;93;Reservatório com Usina;URUGUAI;SUL;S;SUL;2026-01-11;133.579;171.5146;133.579;171.5146;134.847;77.882
PASSO REAL;111;Reservatório com Usina;JACUI;SUL;S;SUL;2026-01-11;139.684;270.9785;117.592;228.1214;148.183;51.548
PASSO SAO JOAO;102;Fio dagua;URUGUAI;SUL;S;SUL;2026-01-11;80.587;180.9419;56.664;127.2276;80.889;44.5375
PEDRA DO CAVALO;189;Reservatório com Usina;PARAGUACU;NORDESTE;NE;NORDESTE;2026-01-11;6.989;4.817;6.989;4.817;7.076;145.0899
PEIXE ANGICAL;257;Reservatório com Usina;TOCANTINS;SUDESTE;SE;SUDESTE;2026-01-11;403.723;55.5162;403.723;55.5162;397.899;727.216
PEREIRA PASSOS;133;Fio dagua;PARAIBA DO SUL;SUDESTE;SE;SUDESTE;2026-01-11;40.367;66.4145;40.367;66.4145;40.771;60.7804
PICADA;126;Fio dagua;PARAIBA DO SUL;SUDESTE;SE;SUDESTE;2026-01-11;16.026;22.3873;16.026;22.3873;16.075;71.5852
PIMENTAL;314;Fio dagua;AMAZONAS;BELO MONTE;N;NORTE;2026-01-11;119.913;85.4483;119.913;85.4483;125.735;140.334
PIRAJU;48;Fio dagua;PARANAPANEMA;PARANAPANEMA;SE;SUDESTE;2026-01-11;23.138;30.3137;23.138;30.3137;23.904;76.3286
PONTE DE PEDRA;281;Fio dagua;PARAGUAI;SUDESTE;SE;SUDESTE;2026-01-11;149.989;78.8952;121.251;63.7789;150.567;190.1116
PORTO ESTRELA;135;Reservatório com Usina;DOCE;SUDESTE;SE;SUDESTE;2026-01-11;42.958;31.2807;42.958;31.2807;41.284;137.3307
PORTO PRIMAVERA;46;Fio dagua;PARANA;PARANA;SE;SUDESTE;2026-01-11;954.992;48.613;954.992;48.613;985.807;1964.48
PROMISSÃO;40;Reservatório com Usina;TIETE;PARANA;SE;SUDESTE;2026-01-11;95.077;40.8017;95.077;40.8017;97.001;233.022
QUEBRA QUEIXO;95;Reservatório com Usina;URUGUAI;SUL;S;SUL;2026-01-11;61.831;103.0002;61.831;103.0002;61.576;60.03
QUEIMADO;162;Reservatório com Usina;SAO FRANCISCO;SUDESTE;SE;SUDESTE;2026-01-11;71.521;56.623;71.521;56.623;69.634;126.3108
RETIRO BAIXO;155;Reservatório com Usina;SAO FRANCISCO;SUDESTE;SE;SUDESTE;2026-01-11;35.518;33.486;35.518;33.486;35.058;106.0682
RONDON II;276;Reservatório com Usina;AMAZONAS;MADEIRA;SE;SUDESTE;2026-01-11;87.528;142.6588;87.528;142.6588;86.653;61.3548
ROSAL;217;Fio dagua;ITABAPOANA;SUDESTE;SE;SUDESTE;2026-01-11;48.934;47.4588;48.934;47.4588;48.991;103.1083
ROSANA;63;Fio dagua;PARANAPANEMA;PARANAPANEMA;SE;SUDESTE;2026-01-11;167.292;52.2242;167.292;52.2242;172.514;320.334
S.DO FACÃO;21;Reservatório com Usina;PARANAIBA;PARANA;SE;SUDESTE;2026-01-11;148.91;75.2396;148.91;75.2396;141.614;197.9145
S.R.VERDINHO;241;Fio dagua;PARANAIBA;PARANA;SE;SUDESTE;2026-01-11;44.358;46.1249;44.358;46.1249;44.964;96.1694
SA CARVALHO;193;Fio dagua;DOCE;SUDESTE;SE;SUDESTE;2026-01-11;38.121;25.2858;37.184;24.6643;38.097;150.7604
SALTO;262;Fio dagua;PARANAIBA;PARANA;SE;SUDESTE;2026-01-11;46.83;44.0765;46.83;44.0765;47.02;106.2472
SALTO CAXIAS;82;Fio dagua;IGUACU;IGUACU;S;SUL;2026-01-11;563.271;84.656;563.271;84.656;562.601;665.3644
SALTO GRANDE CM;134;Fio dagua;DOCE;SUDESTE;SE;SUDESTE;2026-01-11;72.902;31.6726;72.1;31.3241;72.108;230.174
SALTO GRANDE CS;50;Fio dagua;PARANAPANEMA;PARANAPANEMA;SE;SUDESTE;2026-01-11;32.845;33.9168;0.0;0.0;33.753;96.8399
SALTO OSORIO;78;Fio dagua;IGUACU;IGUACU;S;SUL;2026-01-11;432.623;78.4964;432.623;78.4964;443.438;551.1373
SALTO PILAO;215;Fio dagua;ITAJAI;SUL;S;SUL;2026-01-11;242.158;119.3652;208.64;102.8434;242.32;202.8715
SALTO SANTIAGO;77;Reservatório com Usina;IGUACU;IGUACU;S;SUL;2026-01-11;663.25;80.6367;663.25;80.6367;683.379;822.5162
SAMUEL;279;Reservatório com Usina;AMAZONAS;MADEIRA;SE;SUDESTE;2026-01-11;285.842;212.0716;285.842;212.0716;266.592;134.7856
SANTA BRANCA;122;Reservatório com Usina;PARAIBA DO SUL;SUDESTE;SE;SUDESTE;2026-01-11;16.085;36.4343;16.085;36.4343;13.953;44.148
SANTA CLARA-PR;71;Reservatório com Usina;IGUACU;IGUACU;S;SUL;2026-01-11;98.837;129.3942;98.837;129.3942;100.05;76.3844
SANTO ANTONIO;287;Fio dagua;AMAZONAS;MADEIRA;SE;SUDESTE;2026-01-11;3971.443;104.6754;2981.655;78.5875;3559.724;3794.0553
SAO DOMINGOS;153;Fio dagua;PARANA;PARANA;SE;SUDESTE;2026-01-11;34.113;74.5511;24.285;53.0728;34.228;45.7579
SAO JOSE;101;Fio dagua;URUGUAI;SUL;S;SUL;2026-01-11;57.035;179.7046;42.386;133.5488;57.198;31.7382
SAO MANOEL;230;Fio dagua;AMAZONAS;TELES PIRES;SE;SUDESTE;2026-01-11;699.054;84.5056;621.523;75.1332;605.975;827.2283
SAO ROQUE;88;Reservatório com Usina;URUGUAI;SUL;S;SUL;2026-01-11;75.75;94.4543;75.75;94.4543;76.807;80.1975
SAO SALVADOR;253;Fio dagua;TOCANTINS;SUDESTE;SE;SUDESTE;2026-01-11;218.682;60.1418;218.682;60.1418;219.102;363.6108
SÃO SIMÃO;33;Reservatório com Usina;PARANAIBA;PARANA;SE;SUDESTE;2026-01-11;1534.993;61.2116;1534.993;61.2116;1477.501;2507.683
SEGREDO;76;Reservatório com Usina;IGUACU;IGUACU;S;SUL;2026-01-11;506.312;69.4888;506.312;69.4888;507.881;728.624
SERRA DA MESA;251;Reservatório com Usina;TOCANTINS;SUDESTE;SE;SUDESTE;2026-01-11;625.072;43.6945;625.072;43.6945;611.537;1430.55
SIMPLICIO;129;Fio dagua;PARAIBA DO SUL;SUDESTE;SE;SUDESTE;2026-01-11;70.13;22.1557;70.13;22.1557;70.876;316.53285
SINOP;227;Reservatório com Usina;AMAZONAS;TELES PIRES;SE;SUDESTE;2026-01-11;202.719;59.394;195.669;57.3284;167.152;341.3124
SOBRADINHO;169;Reservatório com Usina;SAO FRANCISCO;NORDESTE;NE;NORDESTE;2026-01-11;343.717;31.5748;343.717;31.5748;315.102;1088.5805
SOBRAGI;127;Fio dagua;PARAIBA DO SUL;SUDESTE;SE;SUDESTE;2026-01-11;19.873;22.1921;18.44;20.5918;19.916;89.55
STA.CLARA-MG;283;Fio dagua;MUCURI;SUDESTE;SE;SUDESTE;2026-01-11;35.587;47.9819;35.587;47.9819;34.666;74.1675
STO ANTONIO DO JARI;286;Fio dagua;AMAZONAS;MANAUS-AMAPA;N;NORTE;2026-01-11;74.041;46.4197;74.041;46.4197;75.737;159.5035
SUIÇA;145;Fio dagua;SANTA MARIA VIT;SUDESTE;SE;SUDESTE;2026-01-11;13.672;32.349;13.672;32.349;13.557;42.264
TAQUARUÇU;62;Fio dagua;PARANAPANEMA;PARANAPANEMA;SE;SUDESTE;2026-01-11;174.717;49.9466;174.717;49.9466;172.505;349.8075
TELES PIRES;229;Fio dagua;AMAZONAS;TELES PIRES;SE;SUDESTE;2026-01-11;1554.307;85.0263;1506.8;82.4275;1568.533;1828.0318
TRÊS IRMÃOS;43;Reservatório com Usina;TIETE;PARANA;SE;SUDESTE;2026-01-11;204.229;41.2857;204.229;41.2857;207.053;494.6725
TRÊS MARIAS;156;Reservatório com Usina;SAO FRANCISCO;SUDESTE;SE;SUDESTE;2026-01-11;391.096;62.948;391.096;62.948;382.752;621.3
TUCURUI;275;Reservatório com Usina;TOCANTINS;NORTE;N;NORTE;2026-01-11;4423.945;54.5795;4423.945;54.5795;4046.745;8105.5008
VOLTA GRANDE;11;Fio dagua;GRANDE;PARANA;SE;SUDESTE;2026-01-11;190.561;36.0795;190.561;36.0795;188.626;528.1696
XINGO;178;Fio dagua;SAO FRANCISCO;NORDESTE;NE;NORDESTE;2026-01-11;1730.954;35.8784;1730.954;35.8784;1763.91;4824.4975
14 DE JULHO;99;Fio dagua;JACUI;SUL;S;SUL;2026-01-12;116.867;230.6488;110.232;217.554;111.488;50.6688
A. VERMELHA;18;Reservatório com Usina;GRANDE;PARANA;SE;SUDESTE;2026-01-12;615.352;37.1853;615.352;37.1853;577.098;1654.825
AIMORES;143;Fio dagua;DOCE;SUDESTE;SE;SUDESTE;2026-01-12;120.287;30.6944;119.776;30.564;123.654;391.8856
APOLONIO SALES;173;Fio dagua;SAO FRANCISCO;NORDESTE;NE;NORDESTE;2026-01-12;143.797;32.9397;143.797;32.9397;9.918;436.5468
B. BONITA;37;Reservatório com Usina;TIETE;PARANA;SE;SUDESTE;2026-01-12;47.512;39.3995;35.08;29.0902;48.436;120.5904
B.COQUEIROS;312;Fio dagua;PARANAIBA;PARANA;SE;SUDESTE;2026-01-12;33.471;36.035;33.471;36.035;34.601;92.8846
BAGUARI;141;Fio dagua;DOCE;SUDESTE;SE;SUDESTE;2026-01-12;60.607;35.1657;46.174;26.7913;61.334;172.347
BAIXO IGUACU;83;Fio dagua;IGUACU;IGUACU;S;SUL;2026-01-12;177.939;95.1233;177.939;95.1233;177.023;187.0614
BALBINA;277;Reservatório com Usina;AMAZONAS;MANAUS-AMAPA;N;NORTE;2026-01-12;121.957;144.7733;121.957;144.7733;119.179;84.24
BARIRI;38;Fio dagua;TIETE;PARANA;SE;SUDESTE;2026-01-12;66.728;47.4484;66.728;47.4484;68.001;140.6328
BARRA BRAUNA;185;Fio dagua;PARAIBA DO SUL;SUDESTE;SE;SUDESTE;2026-01-12;10.326;22.7246;10.326;22.7246;10.194;45.4398
BARRA GRANDE;86;Reservatório com Usina;URUGUAI;SUL;S;SUL;2026-01-12;339.969;127.0952;324.401;121.2752;347.793;267.4917
BATALHA;20;Reservatório com Usina;PARANAIBA;PARANA;SE;SUDESTE;2026-01-12;37.786;57.8312;37.786;57.8312;34.765;65.3384
BELO MONTE;288;Fio dagua;AMAZONAS;BELO MONTE;N;NORTE;2026-01-12;3680.426;65.739;3680.426;65.739;3715.786;5598.54
BOA ESPERANÇA;190;Reservatório com Usina;PARNAIBA;NORDESTE;NE;NORDESTE;2026-01-12;152.734;63.464;152.734;63.464;146.133;240.6624
C. DOURADA;32;Fio dagua;PARANAIBA;PARANA;SE;SUDESTE;2026-01-12;449.237;60.7457;449.237;60.7457;467.386;739.5374
C.BRANCO-1;27;Reservatório com Usina;PARANAIBA;PARANA;SE;SUDESTE;2026-01-12;115.249;38.1966;103.487;34.2983;115.039;301.726
C.BRANCO-2;28;Fio dagua;PARANAIBA;PARANA;SE;SUDESTE;2026-01-12;100.665;39.5189;100.665;39.5189;101.565;254.7259
CACHOEIRA CALDEIRAO;204;Fio dagua;ARAGUARI;MANAUS-AMAPA;N;NORTE;2026-01-12;39.894;50.7587;39.894;50.7587;40.719;78.5954
CACONDE;14;Reservatório com Usina;GRANDE;PARANA;SE;SUDESTE;2026-01-12;26.569;33.8629;26.569;33.8629;25.202;78.4605
CACU;311;Reservatório com Usina;PARANAIBA;PARANA;SE;SUDESTE;2026-01-12;23.904;35.385;23.904;35.385;24.328;67.554
CAMARGOS;1;Reservatório com Usina;GRANDE;PARANA;SE;SUDESTE;2026-01-12;11.462;22.8149;11.462;22.8149;10.808;50.2392
CAMPOS NOVOS;90;Reservatório com Usina;URUGUAI;SUL;S;SUL;2026-01-12;347.041;90.0208;347.041;90.0208;349.402;385.512
CANA BRAVA;252;Fio dagua;TOCANTINS;SUDESTE;SE;SUDESTE;2026-01-12;235.441;39.6282;235.441;39.6282;231.459;594.1248
CANASTRA;87;Fio dagua;JACUI;SUL;S;SUL;2026-01-12;;;;;;
CANDONGA;139;Fio dagua;DOCE;SUDESTE;SE;SUDESTE;2026-01-12;34.367;28.6918;34.367;28.6918;33.601;119.7798
CANOAS I;52;Fio dagua;PARANAPANEMA;PARANAPANEMA;SE;SUDESTE;2026-01-12;35.066;34.2795;35.066;34.2795;35.346;102.2943
CANOAS II;51;Fio dagua;PARANAPANEMA;PARANAPANEMA;SE;SUDESTE;2026-01-12;28.631;33.528;28.631;33.528;29.195;85.3944
CAPIVARA;61;Reservatório com Usina;PARANAPANEMA;PARANAPANEMA;SE;SUDESTE;2026-01-12;281.957;50.1058;149.419;26.5528;297.295;562.7232
CASTRO ALVES;97;Fio dagua;JACUI;SUL;S;SUL;2026-01-12;189.137;256.6672;124.658;169.1663;188.658;73.6896
CHAVANTES;49;Reservatório com Usina;PARANAPANEMA;PARANAPANEMA;SE;SUDESTE;2026-01-12;84.038;27.0477;84.038;27.0477;82.681;310.7031
COARACY NUNES;280;Fio dagua;ARAGUARI;MANAUS-AMAPA;N;NORTE;2026-01-12;51.448;51.0906;51.448;51.0906;50.61;100.6995
COLIDER;228;Fio dagua;AMAZONAS;TELES PIRES;SE;SUDESTE;2026-01-12;188.957;59.2778;188.957;59.2778;144.904;318.7652
CORUMBA;30;Reservatório com Usina;PARANAIBA;PARANA;SE;SUDESTE;2026-01-12;238.618;52.8758;238.618;52.8758;229.903;451.2798
CORUMBA-3;203;Reservatório com Usina;PARANAIBA;PARANA;SE;SUDESTE;2026-01-12;44.859;49.8994;39.306;43.7224;43.591;89.8989
CORUMBA-4;29;Reservatório com Usina;PARANAIBA;PARANA;SE;SUDESTE;2026-01-12;57.776;47.5958;53.691;44.2306;57.346;121.3888
CURUA-UNA;272;Reservatório com Usina;AMAZONAS;BELO MONTE;N;NORTE;2026-01-12;21.775;85.8876;21.775;85.8876;18.717;25.3529
D. FRANCISCA;114;Fio dagua;JACUI;SUL;S;SUL;2026-01-12;137.505;193.2683;137.505;193.2683;136.217;71.1472
DARDANELOS;310;Fio dagua;AMAZONAS;MADEIRA;SE;SUDESTE;2026-01-12;473.724;111.7212;259.975;61.3115;413.669;424.0232
E. DA CUNHA;15;Fio dagua;GRANDE;PARANA;SE;SUDESTE;2026-01-12;38.14;33.0128;38.14;33.0128;38.821;115.5308
EMBORCAÇÃO;24;Reservatório com Usina;PARANAIBA;PARANA;SE;SUDESTE;2026-01-12;738.283;74.0348;738.283;74.0348;699.678;997.2102
ESPORA;290;Reservatório com Usina;PARANAIBA;PARANA;SE;SUDESTE;2026-01-12;20.612;64.0761;20.612;64.0761;19.24;32.168
ESTREITO;267;Fio dagua;TOCANTINS;NORTE;N;NORTE;2026-01-12;792.716;56.2839;792.716;56.2839;753.476;1408.425
FERREIRA GOMES;284;Fio dagua;ARAGUARI;MANAUS-AMAPA;N;NORTE;2026-01-12;43.589;51.4668;43.589;51.4668;46.96;84.6935
FONTES;132;Fio dagua;PARAIBA DO SUL;SUDESTE;SE;SUDESTE;2026-01-12;27.446;22.5776;27.446;22.5776;27.421;121.563
FOZ CHAPECO;103;Fio dagua;URUGUAI;SUL;S;SUL;2026-01-12;501.342;129.6748;467.096;120.8169;499.956;386.6148
FOZ DO RIO CLARO;315;Fio dagua;PARANAIBA;PARANA;SE;SUDESTE;2026-01-12;27.634;37.22;27.634;37.22;27.544;74.245
FUNDÃO;72;Fio dagua;IGUACU;IGUACU;S;SUL;2026-01-12;86.127;104.7273;86.127;104.7273;87.81;82.2393
FUNIL;123;Reservatório com Usina;PARAIBA DO SUL;SUDESTE;SE;SUDESTE;2026-01-12;49.121;23.5587;49.121;23.5587;42.293;208.505
FUNIL-MG;4;Fio dagua;GRANDE;PARANA;SE;SUDESTE;2026-01-12;48.263;23.858;48.263;23.858;50.665;202.293
FURNAS;6;Reservatório com Usina;GRANDE;PARANA;SE;SUDESTE;2026-01-12;413.63;29.7352;413.63;29.7352;390.455;1391.043
G. B. MUNHOZ;74;Reservatório com Usina;IGUACU;IGUACU;S;SUL;2026-01-12;369.168;54.525;369.168;54.525;361.147;677.0622
G. P. SOUZA;115;Reservatório com Usina;CAPIVARI;SUL;S;SUL;2026-01-12;84.956;53.4802;84.956;53.4802;84.83;158.855
GARIBALDI;89;Reservatório com Usina;URUGUAI;SUL;S;SUL;2026-01-12;66.903;82.018;66.903;82.018;66.513;81.5711
GOV JAYME CANET JR;57;Reservatório com Usina;PARANAPANEMA;IGUACU;S;SUL;2026-01-12;115.728;36.1574;108.382;33.8623;115.513;320.067
GUAPORE;196;Fio dagua;AMAZONAS;MADEIRA;SE;SUDESTE;2026-01-12;61.653;110.8325;61.653;110.8325;61.554;55.6272
GUILM. AMORIM;192;Fio dagua;DOCE;SUDESTE;SE;SUDESTE;2026-01-12;35.513;23.8379;35.513;23.8379;35.335;148.9768
HENRY BORDEN;119;Fio dagua;TIETE;SUDESTE;SE;SUDESTE;2026-01-12;291.368;76.5522;291.368;76.5522;291.125;380.6136
I. SOLTEIRA;34;Reservatório com Usina;PARANA;PARANA;SE;SUDESTE;2026-01-12;1650.968;49.2347;1650.968;49.2347;1683.143;3353.2623
IBITINGA;39;Fio dagua;TIETE;PARANA;SE;SUDESTE;2026-01-12;85.893;54.4593;85.893;54.4593;86.746;157.7196
IGARAPAVA;10;Fio dagua;GRANDE;PARANA;SE;SUDESTE;2026-01-12;103.238;33.6073;103.238;33.6073;103.971;307.1891
ILHA POMBOS;130;Fio dagua;PARAIBA DO SUL;SUDESTE;SE;SUDESTE;2026-01-12;41.932;18.0033;41.932;18.0033;44.489;232.9124
IRAPE;148;Reservatório com Usina;JEQUITINHONHA;SUDESTE;SE;SUDESTE;2026-01-12;145.141;30.2636;145.141;30.2636;145.296;479.589
ITÁ;92;Fio dagua;URUGUAI;SUL;S;SUL;2026-01-12;754.651;117.3353;754.651;117.3353;755.357;643.1579
ITAIPU;66;Fio dagua;PARANA;ITAIPU;SE;SUDESTE;2026-01-12;8653.045;57.5483;8653.045;57.5483;8949.515;15036.1432
ITAPEBI;154;Fio dagua;JEQUITINHONHA;NORDESTE;NE;NORDESTE;2026-01-12;421.242;76.1175;406.942;73.5335;422.628;553.41
ITAUBA;113;Fio dagua;JACUI;SUL;S;SUL;2026-01-12;274.399;208.7643;274.399;208.7643;269.307;131.4396
ITIQUIRA I;304;Fio dagua;PARAGUAI;SUDESTE;SE;SUDESTE;2026-01-12;38.417;50.4945;38.417;50.4945;38.413;76.0815
ITIQUIRA II;305;Fio dagua;PARAGUAI;SUDESTE;SE;SUDESTE;2026-01-12;61.183;50.4951;61.183;50.4951;61.396;121.1661
ITUMBIARA;31;Reservatório com Usina;PARANAIBA;PARANA;SE;SUDESTE;2026-01-12;1115.796;60.7216;1115.796;60.7216;1001.806;1837.5605
ITUTINGA;2;Fio dagua;GRANDE;PARANA;SE;SUDESTE;2026-01-12;13.455;22.8146;13.455;22.8146;13.752;58.9754
JACUI;112;Fio dagua;JACUI;SUL;S;SUL;2026-01-12;241.416;215.3402;84.782;75.6245;250.201;112.1091
JAGUARA;9;Fio dagua;GRANDE;PARANA;SE;SUDESTE;2026-01-12;255.417;32.9237;255.417;32.9237;256.769;775.7848
JAGUARI;120;Reservatório com Usina;PARAIBA DO SUL;SUDESTE;SE;SUDESTE;2026-01-12;4.316;18.9988;1.735;7.6374;3.913;22.7172
JAURU;195;Fio dagua;PARAGUAI;SUDESTE;SE;SUDESTE;2026-01-12;80.958;90.708;80.958;90.708;80.454;89.2512
JIRAU;285;Fio dagua;AMAZONAS;MADEIRA;SE;SUDESTE;2026-01-12;3694.583;101.3738;3694.583;101.3738;3446.373;3644.515
JUPIA;45;Fio dagua;PARANA;PARANA;SE;SUDESTE;2026-01-12;903.758;48.6661;903.758;48.6661;927.965;1857.06
JURUENA;309;Fio dagua;AMAZONAS;TELES PIRES;SE;SUDESTE;2026-01-12;40.64;85.5507;36.483;76.7998;42.024;47.504
JURUMIRIM;47;Reservatório com Usina;PARANAPANEMA;PARANAPANEMA;SE;SUDESTE;2026-01-12;27.09;28.762;27.09;28.762;27.004;94.1868
L. C. BARRETO;8;Fio dagua;GRANDE;PARANA;SE;SUDESTE;2026-01-12;345.222;32.5448;345.222;32.5448;345.512;1060.7587
LAJEADO;261;Fio dagua;TOCANTINS;SUDESTE;SE;SUDESTE;2026-01-12;759.662;53.0338;759.662;53.0338;726.302;1432.4115
LIMOEIRO;16;Fio dagua;GRANDE;PARANA;SE;SUDESTE;2026-01-12;11.337;32.6891;11.337;32.6891;11.258;34.6813
LUIZ GONZAGA;172;Reservatório com Usina;SAO FRANCISCO;NORDESTE;NE;NORDESTE;2026-01-12;653.289;32.9251;653.289;32.9251;635.548;1984.17
M. MORAES;7;Reservatório com Usina;GRANDE;PARANA;SE;SUDESTE;2026-01-12;211.401;31.9041;211.401;31.9041;224.347;662.6139
MACHADINHO;91;Reservatório com Usina;URUGUAI;SUL;S;SUL;2026-01-12;530.831;116.0576;530.831;116.0576;542.972;457.3859
MANSO;278;Reservatório com Usina;PARAGUAI;SUDESTE;SE;SUDESTE;2026-01-12;92.598;61.5809;92.598;61.5809;91.872;150.368
MARIMBONDO;17;Reservatório com Usina;GRANDE;PARANA;SE;SUDESTE;2026-01-12;593.656;35.7376;593.656;35.7376;526.395;1661.1515
MASCARENHAS;144;Fio dagua;DOCE;SUDESTE;SE;SUDESTE;2026-01-12;117.51;33.0795;114.527;32.2397;112.348;355.2354
MIRANDA;26;Reservatório com Usina;PARANAIBA;PARANA;SE;SUDESTE;2026-01-12;135.274;37.6483;135.274;37.6483;136.997;359.31
MONJOLINHO;94;Fio dagua;URUGUAI;SUL;S;SUL;2026-01-12;36.904;110.227;36.904;110.227;36.412;33.48
MONTE CLARO;98;Fio dagua;JACUI;SUL;S;SUL;2026-01-12;131.052;228.4561;105.203;183.3949;131.333;57.3642
N. AVANHANDAVA;42;Fio dagua;TIETE;PARANA;SE;SUDESTE;2026-01-12;139.684;42.7011;139.684;42.7011;143.436;327.12
NILO PEÇANHA;131;Fio dagua;PARAIBA DO SUL;SUDESTE;SE;SUDESTE;2026-01-12;306.894;79.8672;306.894;79.8672;306.549;384.2553
NOVA PONTE;25;Reservatório com Usina;PARANAIBA;PARANA;SE;SUDESTE;2026-01-12;192.645;39.2204;192.645;39.2204;169.451;491.1852
OURINHOS;249;Fio dagua;PARANAPANEMA;PARANAPANEMA;SE;SUDESTE;2026-01-12;13.466;27.5008;13.466;27.5008;13.995;48.9658
P. AFONSO 1,2,3;174;Fio dagua;SAO FRANCISCO;NORDESTE;NE;NORDESTE;2026-01-12;561.017;32.9398;561.017;32.9398;41.9;1703.16
P. AFONSO 4;175;Fio dagua;SAO FRANCISCO;NORDESTE;NE;NORDESTE;2026-01-12;802.992;32.9398;802.992;32.9398;1460.288;2437.7598
P. COLOMBIA;12;Fio dagua;GRANDE;PARANA;SE;SUDESTE;2026-01-12;167.98;34.7726;167.98;34.7726;173.125;483.0812
PARAIBUNA;121;Reservatório com Usina;PARAIBA DO SUL;SUDESTE;SE;SUDESTE;2026-01-12;20.236;27.5045;20.236;27.5045;18.695;73.5735
PARANAPANEMA;53;Fio dagua;PARANAPANEMA;PARANAPANEMA;SE;SUDESTE;2026-01-12;12.183;28.868;12.183;28.868;12.745;42.2025
PASSO FUNDO;93;Reservatório com Usina;URUGUAI;SUL;S;SUL;2026-01-12;78.327;100.5714;78.327;100.5714;78.956;77.882
PASSO REAL;111;Reservatório com Usina;JACUI;SUL;S;SUL;2026-01-12;109.521;212.4641;105.471;204.6074;115.889;51.548
PASSO SAO JOAO;102;Fio dagua;URUGUAI;SUL;S;SUL;2026-01-12;77.885;174.8751;71.013;159.4454;77.848;44.5375
PEDRA DO CAVALO;189;Reservatório com Usina;PARAGUACU;NORDESTE;NE;NORDESTE;2026-01-12;6.904;4.7584;6.904;4.7584;6.989;145.0899
PEIXE ANGICAL;257;Reservatório com Usina;TOCANTINS;SUDESTE;SE;SUDESTE;2026-01-12;333.534;45.8645;333.534;45.8645;320.458;727.216
PEREIRA PASSOS;133;Fio dagua;PARAIBA DO SUL;SUDESTE;SE;SUDESTE;2026-01-12;40.209;66.1545;40.209;66.1545;40.75;60.7804
PICADA;126;Fio dagua;PARAIBA DO SUL;SUDESTE;SE;SUDESTE;2026-01-12;14.964;20.9038;14.964;20.9038;14.964;71.5852
PIMENTAL;314;Fio dagua;AMAZONAS;BELO MONTE;N;NORTE;2026-01-12;120.631;85.9599;120.631;85.9599;126.582;140.334
PIRAJU;48;Fio dagua;PARANAPANEMA;PARANAPANEMA;SE;SUDESTE;2026-01-12;22.034;28.8673;22.034;28.8673;22.772;76.3286
PONTE DE PEDRA;281;Fio dagua;PARAGUAI;SUDESTE;SE;SUDESTE;2026-01-12;154.941;81.5;126.203;66.3836;155.499;190.1116
PORTO ESTRELA;135;Reservatório com Usina;DOCE;SUDESTE;SE;SUDESTE;2026-01-12;35.008;25.4918;35.008;25.4918;33.883;137.3307
PORTO PRIMAVERA;46;Fio dagua;PARANA;PARANA;SE;SUDESTE;2026-01-12;992.776;50.5363;992.776;50.5363;1024.306;1964.48
PROMISSÃO;40;Reservatório com Usina;TIETE;PARANA;SE;SUDESTE;2026-01-12;106.909;45.8794;106.909;45.8794;109.073;233.022
QUEBRA QUEIXO;95;Reservatório com Usina;URUGUAI;SUL;S;SUL;2026-01-12;71.374;118.8972;71.374;118.8972;70.358;60.03
QUEIMADO;162;Reservatório com Usina;SAO FRANCISCO;SUDESTE;SE;SUDESTE;2026-01-12;69.947;55.3769;69.947;55.3769;68.135;126.3108
RETIRO BAIXO;155;Reservatório com Usina;SAO FRANCISCO;SUDESTE;SE;SUDESTE;2026-01-12;30.69;28.9342;30.69;28.9342;30.349;106.0682
RONDON II;276;Reservatório com Usina;AMAZONAS;MADEIRA;SE;SUDESTE;2026-01-12;90.858;148.0862;90.858;148.0862;89.708;61.3548
ROSAL;217;Fio dagua;ITABAPOANA;SUDESTE;SE;SUDESTE;2026-01-12;42.274;40.9996;42.274;40.9996;42.353;103.1083
ROSANA;63;Fio dagua;PARANAPANEMA;PARANAPANEMA;SE;SUDESTE;2026-01-12;165.291;51.5996;165.291;51.5996;166.446;320.334
S.DO FACÃO;21;Reservatório com Usina;PARANAIBA;PARANA;SE;SUDESTE;2026-01-12;119.988;60.6262;119.988;60.6262;113.98;197.9145
S.R.VERDINHO;241;Fio dagua;PARANAIBA;PARANA;SE;SUDESTE;2026-01-12;42.446;44.1367;42.446;44.1367;42.906;96.1694
SA CARVALHO;193;Fio dagua;DOCE;SUDESTE;SE;SUDESTE;2026-01-12;34.282;22.7394;33.345;22.1179;34.311;150.7604
SALTO;262;Fio dagua;PARANAIBA;PARANA;SE;SUDESTE;2026-01-12;44.885;42.2458;44.885;42.2458;45.147;106.2472
SALTO CAXIAS;82;Fio dagua;IGUACU;IGUACU;S;SUL;2026-01-12;618.503;92.957;618.503;92.957;616.523;665.3644
SALTO GRANDE CM;134;Fio dagua;DOCE;SUDESTE;SE;SUDESTE;2026-01-12;60.054;26.0907;59.252;25.7423;59.413;230.174
SALTO GRANDE CS;50;Fio dagua;PARANAPANEMA;PARANAPANEMA;SE;SUDESTE;2026-01-12;31.996;33.0401;0.0;0.0;32.658;96.8399
SALTO OSORIO;78;Fio dagua;IGUACU;IGUACU;S;SUL;2026-01-12;445.03;80.7476;445.03;80.7476;448.86;551.1373
SALTO PILAO;215;Fio dagua;ITAJAI;SUL;S;SUL;2026-01-12;326.817;161.0956;213.915;105.4436;326.738;202.8715
SALTO SANTIAGO;77;Reservatório com Usina;IGUACU;IGUACU;S;SUL;2026-01-12;628.083;76.3612;628.083;76.3612;644.789;822.5162
SAMUEL;279;Reservatório com Usina;AMAZONAS;MADEIRA;SE;SUDESTE;2026-01-12;285.378;211.7274;285.378;211.7274;253.977;134.7856
SANTA BRANCA;122;Reservatório com Usina;PARAIBA DO SUL;SUDESTE;SE;SUDESTE;2026-01-12;12.906;29.2335;12.906;29.2335;10.721;44.148
SANTA CLARA-PR;71;Reservatório com Usina;IGUACU;IGUACU;S;SUL;2026-01-12;78.058;102.191;78.058;102.191;79.112;76.3844
SANTO ANTONIO;287;Fio dagua;AMAZONAS;MADEIRA;SE;SUDESTE;2026-01-12;3889.093;102.5049;3801.857;100.2056;3518.288;3794.0553
SAO DOMINGOS;153;Fio dagua;PARANA;PARANA;SE;SUDESTE;2026-01-12;34.414;75.2089;32.571;71.1812;33.968;45.7579
SAO JOSE;101;Fio dagua;URUGUAI;SUL;S;SUL;2026-01-12;54.562;171.9127;48.176;151.7918;54.433;31.7382
SAO MANOEL;230;Fio dagua;AMAZONAS;TELES PIRES;SE;SUDESTE;2026-01-12;707.057;85.473;688.014;83.171;604.063;827.2283
SAO ROQUE;88;Reservatório com Usina;URUGUAI;SUL;S;SUL;2026-01-12;75.472;94.1077;75.472;94.1077;76.016;80.1975
SAO SALVADOR;253;Fio dagua;TOCANTINS;SUDESTE;SE;SUDESTE;2026-01-12;165.153;45.4203;165.153;45.4203;167.204;363.6108
SÃO SIMÃO;33;Reservatório com Usina;PARANAIBA;PARANA;SE;SUDESTE;2026-01-12;1468.38;58.5552;1468.38;58.5552;1412.962;2507.683
SEGREDO;76;Reservatório com Usina;IGUACU;IGUACU;S;SUL;2026-01-12;505.86;69.4268;505.86;69.4268;507.229;728.624
SERRA DA MESA;251;Reservatório com Usina;TOCANTINS;SUDESTE;SE;SUDESTE;2026-01-12;535.463;37.4306;535.463;37.4306;522.838;1430.55
SIMPLICIO;129;Fio dagua;PARAIBA DO SUL;SUDESTE;SE;SUDESTE;2026-01-12;69.271;21.8843;69.271;21.8843;69.933;316.53285
SINOP;227;Reservatório com Usina;AMAZONAS;TELES PIRES;SE;SUDESTE;2026-01-12;201.43;59.0163;194.137;56.8796;164.807;341.3124
SOBRADINHO;169;Reservatório com Usina;SAO FRANCISCO;NORDESTE;NE;NORDESTE;2026-01-12;332.613;30.5547;332.613;30.5547;304.923;1088.5805
SOBRAGI;127;Fio dagua;PARAIBA DO SUL;SUDESTE;SE;SUDESTE;2026-01-12;16.642;18.584;15.209;16.9838;16.742;89.55
STA.CLARA-MG;283;Fio dagua;MUCURI;SUDESTE;SE;SUDESTE;2026-01-12;32.566;43.9087;32.566;43.9087;31.843;74.1675
STO ANTONIO DO JARI;286;Fio dagua;AMAZONAS;MANAUS-AMAPA;N;NORTE;2026-01-12;70.469;44.1802;70.469;44.1802;72.356;159.5035
SUIÇA;145;Fio dagua;SANTA MARIA VIT;SUDESTE;SE;SUDESTE;2026-01-12;12.299;29.1004;12.299;29.1004;12.187;42.264
TAQUARUÇU;62;Fio dagua;PARANAPANEMA;PARANAPANEMA;SE;SUDESTE;2026-01-12;175.541;50.1822;175.541;50.1822;169.812;349.8075
TELES PIRES;229;Fio dagua;AMAZONAS;TELES PIRES;SE;SUDESTE;2026-01-12;1570.364;85.9046;1570.364;85.9046;1581.649;1828.0318
TRÊS IRMÃOS;43;Reservatório com Usina;TIETE;PARANA;SE;SUDESTE;2026-01-12;202.735;40.9837;202.735;40.9837;205.45;494.6725
TRÊS MARIAS;156;Reservatório com Usina;SAO FRANCISCO;SUDESTE;SE;SUDESTE;2026-01-12;344.684;55.4779;344.684;55.4779;335.331;621.3
TUCURUI;275;Reservatório com Usina;TOCANTINS;NORTE;N;NORTE;2026-01-12;4514.25;55.6937;4514.25;55.6937;4110.747;8105.5008
VOLTA GRANDE;11;Fio dagua;GRANDE;PARANA;SE;SUDESTE;2026-01-12;181.883;34.4365;181.883;34.4365;177.73;528.1696
XINGO;178;Fio dagua;SAO FRANCISCO;NORDESTE;NE;NORDESTE;2026-01-12;1666.667;34.5459;1666.667;34.5459;1701.047;4824.4975
14 DE JULHO;99;Fio dagua;JACUI;SUL;S;SUL;2026-01-13;96.171;189.8032;94.965;187.423;90.72;50.6688
A. VERMELHA;18;Reservatório com Usina;GRANDE;PARANA;SE;SUDESTE;2026-01-13;578.07;34.9324;578.07;34.9324;542.465;1654.825
AIMORES;143;Fio dagua;DOCE;SUDESTE;SE;SUDESTE;2026-01-13;98.629;25.1678;98.629;25.1678;102.078;391.8856
APOLONIO SALES;173;Fio dagua;SAO FRANCISCO;NORDESTE;NE;NORDESTE;2026-01-13;136.701;31.3142;136.701;31.3142;27.71;436.5468
B. BONITA;37;Reservatório com Usina;TIETE;PARANA;SE;SUDESTE;2026-01-13;47.016;38.9882;34.584;28.6789;48.048;120.5904
B.COQUEIROS;312;Fio dagua;PARANAIBA;PARANA;SE;SUDESTE;2026-01-13;34.264;36.8888;34.264;36.8888;35.384;92.8846
BAGUARI;141;Fio dagua;DOCE;SUDESTE;SE;SUDESTE;2026-01-13;52.214;30.2959;44.573;25.8624;53.034;172.347
BAIXO IGUACU;83;Fio dagua;IGUACU;IGUACU;S;SUL;2026-01-13;155.488;83.1214;155.488;83.1214;150.227;187.0614
BALBINA;277;Reservatório com Usina;AMAZONAS;MANAUS-AMAPA;N;NORTE;2026-01-13;123.038;146.0565;123.038;146.0565;122.625;84.24
BARIRI;38;Fio dagua;TIETE;PARANA;SE;SUDESTE;2026-01-13;62.839;44.683;62.839;44.683;64.152;140.6328
BARRA BRAUNA;185;Fio dagua;PARAIBA DO SUL;SUDESTE;SE;SUDESTE;2026-01-13;9.362;20.6031;9.362;20.6031;9.302;45.4398
BARRA GRANDE;86;Reservatório com Usina;URUGUAI;SUL;S;SUL;2026-01-13;206.351;77.143;193.613;72.3809;210.656;267.4917
BATALHA;20;Reservatório com Usina;PARANAIBA;PARANA;SE;SUDESTE;2026-01-13;33.671;51.5332;33.671;51.5332;31.012;65.3384
BELO MONTE;288;Fio dagua;AMAZONAS;BELO MONTE;N;NORTE;2026-01-13;3848.022;68.7326;3848.022;68.7326;3862.699;5598.54
BOA ESPERANÇA;190;Reservatório com Usina;PARNAIBA;NORDESTE;NE;NORDESTE;2026-01-13;148.291;61.6179;148.291;61.6179;140.797;240.6624
C. DOURADA;32;Fio dagua;PARANAIBA;PARANA;SE;SUDESTE;2026-01-13;409.815;55.415;405.762;54.867;441.706;739.5374
C.BRANCO-1;27;Reservatório com Usina;PARANAIBA;PARANA;SE;SUDESTE;2026-01-13;106.1;35.1644;94.849;31.4355;104.861;301.726
C.BRANCO-2;28;Fio dagua;PARANAIBA;PARANA;SE;SUDESTE;2026-01-13;91.426;35.8919;91.426;35.8919;91.607;254.7259
CACHOEIRA CALDEIRAO;204;Fio dagua;ARAGUARI;MANAUS-AMAPA;N;NORTE;2026-01-13;35.738;45.4709;35.738;45.4709;37.12;78.5954
CACONDE;14;Reservatório com Usina;GRANDE;PARANA;SE;SUDESTE;2026-01-13;34.308;43.7265;34.308;43.7265;32.56;78.4605
CACU;311;Reservatório com Usina;PARANAIBA;PARANA;SE;SUDESTE;2026-01-13;25.182;37.2768;25.182;37.2768;25.676;67.554
CAMARGOS;1;Reservatório com Usina;GRANDE;PARANA;SE;SUDESTE;2026-01-13;11.109;22.1122;11.109;22.1122;10.49;50.2392
CAMPOS NOVOS;90;Reservatório com Usina;URUGUAI;SUL;S;SUL;2026-01-13;364.229;94.4793;364.229;94.4793;366.624;385.512
CANA BRAVA;252;Fio dagua;TOCANTINS;SUDESTE;SE;SUDESTE;2026-01-13;221.934;37.3548;221.934;37.3548;220.368;594.1248
CANASTRA;87;Fio dagua;JACUI;SUL;S;SUL;2026-01-13;;;;;;
CANDONGA;139;Fio dagua;DOCE;SUDESTE;SE;SUDESTE;2026-01-13;30.436;25.41;30.436;25.41;29.758;119.7798
CANOAS I;52;Fio dagua;PARANAPANEMA;PARANAPANEMA;SE;SUDESTE;2026-01-13;35.818;35.0147;35.818;35.0147;35.95;102.2943
CANOAS II;51;Fio dagua;PARANAPANEMA;PARANAPANEMA;SE;SUDESTE;2026-01-13;29.182;34.1732;29.182;34.1732;29.716;85.3944
CAPIVARA;61;Reservatório com Usina;PARANAPANEMA;PARANAPANEMA;SE;SUDESTE;2026-01-13;281.867;50.0898;226.83;40.3093;297.909;562.7232
CASTRO ALVES;97;Fio dagua;JACUI;SUL;S;SUL;2026-01-13;134.376;182.3541;117.489;159.4377;134.553;73.6896
CHAVANTES;49;Reservatório com Usina;PARANAPANEMA;PARANAPANEMA;SE;SUDESTE;2026-01-13;79.282;25.517;79.282;25.517;78.046;310.7031
COARACY NUNES;280;Fio dagua;ARAGUARI;MANAUS-AMAPA;N;NORTE;2026-01-13;46.205;45.884;46.205;45.884;46.394;100.6995
COLIDER;228;Fio dagua;AMAZONAS;TELES PIRES;SE;SUDESTE;2026-01-13;182.712;57.3187;182.712;57.3187;141.725;318.7652
CORUMBA;30;Reservatório com Usina;PARANAIBA;PARANA;SE;SUDESTE;2026-01-13;227.213;50.3486;227.213;50.3486;216.584;451.2798
CORUMBA-3;203;Reservatório com Usina;PARANAIBA;PARANA;SE;SUDESTE;2026-01-13;45.04;50.1007;42.957;47.7837;42.945;89.8989
CORUMBA-4;29;Reservatório com Usina;PARANAIBA;PARANA;SE;SUDESTE;2026-01-13;63.618;52.4085;61.867;50.966;62.0;121.3888
CURUA-UNA;272;Reservatório com Usina;AMAZONAS;BELO MONTE;N;NORTE;2026-01-13;22.052;86.9802;22.052;86.9802;18.944;25.3529
D. FRANCISCA;114;Fio dagua;JACUI;SUL;S;SUL;2026-01-13;122.591;172.3061;122.591;172.3061;119.714;71.1472
DARDANELOS;310;Fio dagua;AMAZONAS;MADEIRA;SE;SUDESTE;2026-01-13;462.429;109.0575;259.975;61.3115;403.805;424.0232
E. DA CUNHA;15;Fio dagua;GRANDE;PARANA;SE;SUDESTE;2026-01-13;47.323;40.9614;47.323;40.9614;47.755;115.5308
EMBORCAÇÃO;24;Reservatório com Usina;PARANAIBA;PARANA;SE;SUDESTE;2026-01-13;599.114;60.079;599.114;60.079;568.16;997.2102
ESPORA;290;Reservatório com Usina;PARANAIBA;PARANA;SE;SUDESTE;2026-01-13;20.206;62.814;20.206;62.814;18.817;32.168
ESTREITO;267;Fio dagua;TOCANTINS;NORTE;N;NORTE;2026-01-13;786.348;55.8317;786.348;55.8317;738.964;1408.425
FERREIRA GOMES;284;Fio dagua;ARAGUARI;MANAUS-AMAPA;N;NORTE;2026-01-13;39.259;46.3542;39.259;46.3542;42.271;84.6935
FONTES;132;Fio dagua;PARAIBA DO SUL;SUDESTE;SE;SUDESTE;2026-01-13;28.041;23.0671;28.041;23.0671;28.013;121.563
FOZ CHAPECO;103;Fio dagua;URUGUAI;SUL;S;SUL;2026-01-13;473.396;122.4464;439.15;113.5885;470.596;386.6148
FOZ DO RIO CLARO;315;Fio dagua;PARANAIBA;PARANA;SE;SUDESTE;2026-01-13;27.078;36.4711;27.078;36.4711;27.021;74.245
FUNDÃO;72;Fio dagua;IGUACU;IGUACU;S;SUL;2026-01-13;74.414;90.4847;74.414;90.4847;76.1;82.2393
FUNIL;123;Reservatório com Usina;PARAIBA DO SUL;SUDESTE;SE;SUDESTE;2026-01-13;44.578;21.3798;44.578;21.3798;38.243;208.505
FUNIL-MG;4;Fio dagua;GRANDE;PARANA;SE;SUDESTE;2026-01-13;45.715;22.5984;45.715;22.5984;47.584;202.293
FURNAS;6;Reservatório com Usina;GRANDE;PARANA;SE;SUDESTE;2026-01-13;381.744;27.443;381.744;27.443;361.707;1391.043
G. B. MUNHOZ;74;Reservatório com Usina;IGUACU;IGUACU;S;SUL;2026-01-13;356.207;52.6107;356.207;52.6107;348.583;677.0622
G. P. SOUZA;115;Reservatório com Usina;CAPIVARI;SUL;S;SUL;2026-01-13;102.684;64.6401;102.684;64.6401;102.541;158.855
GARIBALDI;89;Reservatório com Usina;URUGUAI;SUL;S;SUL;2026-01-13;69.431;85.1172;69.431;85.1172;68.832;81.5711
GOV JAYME CANET JR;57;Reservatório com Usina;PARANAPANEMA;IGUACU;S;SUL;2026-01-13;123.966;38.7313;123.966;38.7313;123.704;320.067
GUAPORE;196;Fio dagua;AMAZONAS;MADEIRA;SE;SUDESTE;2026-01-13;61.715;110.9439;61.715;110.9439;61.594;55.6272
GUILM. AMORIM;192;Fio dagua;DOCE;SUDESTE;SE;SUDESTE;2026-01-13;30.087;20.1958;30.087;20.1958;29.937;148.9768
HENRY BORDEN;119;Fio dagua;TIETE;SUDESTE;SE;SUDESTE;2026-01-13;362.662;95.2835;362.662;95.2835;362.568;380.6136
I. SOLTEIRA;34;Reservatório com Usina;PARANA;PARANA;SE;SUDESTE;2026-01-13;1582.452;47.1914;1582.452;47.1914;1612.23;3353.2623
IBITINGA;39;Fio dagua;TIETE;PARANA;SE;SUDESTE;2026-01-13;85.546;54.2393;85.546;54.2393;86.146;157.7196
IGARAPAVA;10;Fio dagua;GRANDE;PARANA;SE;SUDESTE;2026-01-13;99.111;32.2638;99.111;32.2638;100.283;307.1891
ILHA POMBOS;130;Fio dagua;PARAIBA DO SUL;SUDESTE;SE;SUDESTE;2026-01-13;44.991;19.3167;44.991;19.3167;48.299;232.9124
IRAPE;148;Reservatório com Usina;JEQUITINHONHA;SUDESTE;SE;SUDESTE;2026-01-13;122.644;25.5727;122.644;25.5727;122.79;479.589
ITÁ;92;Fio dagua;URUGUAI;SUL;S;SUL;2026-01-13;663.817;103.2121;663.817;103.2121;663.329;643.1579
ITAIPU;66;Fio dagua;PARANA;ITAIPU;SE;SUDESTE;2026-01-13;8720.922;57.9997;8720.922;57.9997;8959.709;15036.1432
ITAPEBI;154;Fio dagua;JEQUITINHONHA;NORDESTE;NE;NORDESTE;2026-01-13;363.12;65.615;345.96;62.5142;366.065;553.41
ITAUBA;113;Fio dagua;JACUI;SUL;S;SUL;2026-01-13;243.148;184.9884;243.148;184.9884;239.367;131.4396
ITIQUIRA I;304;Fio dagua;PARAGUAI;SUDESTE;SE;SUDESTE;2026-01-13;38.64;50.7876;38.64;50.7876;38.667;76.0815
ITIQUIRA II;305;Fio dagua;PARAGUAI;SUDESTE;SE;SUDESTE;2026-01-13;61.538;50.7881;61.538;50.7881;61.68;121.1661
ITUMBIARA;31;Reservatório com Usina;PARANAIBA;PARANA;SE;SUDESTE;2026-01-13;1010.49;54.9908;1010.49;54.9908;914.987;1837.5605
ITUTINGA;2;Fio dagua;GRANDE;PARANA;SE;SUDESTE;2026-01-13;13.04;22.1109;13.04;22.1109;13.32;58.9754
JACUI;112;Fio dagua;JACUI;SUL;S;SUL;2026-01-13;220.799;196.9501;75.296;67.1631;228.931;112.1091
JAGUARA;9;Fio dagua;GRANDE;PARANA;SE;SUDESTE;2026-01-13;244.019;31.4545;244.019;31.4545;247.69;775.7848
JAGUARI;120;Reservatório com Usina;PARAIBA DO SUL;SUDESTE;SE;SUDESTE;2026-01-13;6.593;29.0221;4.012;17.6606;5.97;22.7172
JAURU;195;Fio dagua;PARAGUAI;SUDESTE;SE;SUDESTE;2026-01-13;82.715;92.6766;82.715;92.6766;82.541;89.2512
JIRAU;285;Fio dagua;AMAZONAS;MADEIRA;SE;SUDESTE;2026-01-13;3691.289;101.2834;3691.289;101.2834;3436.824;3644.515
JUPIA;45;Fio dagua;PARANA;PARANA;SE;SUDESTE;2026-01-13;881.46;47.4653;881.46;47.4653;907.64;1857.06
JURUENA;309;Fio dagua;AMAZONAS;TELES PIRES;SE;SUDESTE;2026-01-13;41.156;86.6369;37.297;78.5134;42.545;47.504
JURUMIRIM;47;Reservatório com Usina;PARANAPANEMA;PARANAPANEMA;SE;SUDESTE;2026-01-13;26.273;27.8946;26.273;27.8946;26.189;94.1868
L. C. BARRETO;8;Fio dagua;GRANDE;PARANA;SE;SUDESTE;2026-01-13;329.27;31.041;329.27;31.041;327.77;1060.7587
LAJEADO;261;Fio dagua;TOCANTINS;SUDESTE;SE;SUDESTE;2026-01-13;740.816;51.7181;740.816;51.7181;701.415;1432.4115
LIMOEIRO;16;Fio dagua;GRANDE;PARANA;SE;SUDESTE;2026-01-13;13.806;39.8082;13.806;39.8082;13.957;34.6813
LUIZ GONZAGA;172;Reservatório com Usina;SAO FRANCISCO;NORDESTE;NE;NORDESTE;2026-01-13;621.049;31.3002;621.049;31.3002;604.306;1984.17
M. MORAES;7;Reservatório com Usina;GRANDE;PARANA;SE;SUDESTE;2026-01-13;201.436;30.4002;201.436;30.4002;213.118;662.6139
MACHADINHO;91;Reservatório com Usina;URUGUAI;SUL;S;SUL;2026-01-13;495.013;108.2266;495.013;108.2266;500.833;457.3859
MANSO;278;Reservatório com Usina;PARAGUAI;SUDESTE;SE;SUDESTE;2026-01-13;104.023;69.1789;104.023;69.1789;103.207;150.368
MARIMBONDO;17;Reservatório com Usina;GRANDE;PARANA;SE;SUDESTE;2026-01-13;561.013;33.7725;561.013;33.7725;501.672;1661.1515
MASCARENHAS;144;Fio dagua;DOCE;SUDESTE;SE;SUDESTE;2026-01-13;96.387;27.1333;96.387;27.1333;94.799;355.2354
MIRANDA;26;Reservatório com Usina;PARANAIBA;PARANA;SE;SUDESTE;2026-01-13;125.814;35.0154;125.814;35.0154;126.34;359.31
MONJOLINHO;94;Fio dagua;URUGUAI;SUL;S;SUL;2026-01-13;36.034;107.6284;36.034;107.6284;35.519;33.48
MONTE CLARO;98;Fio dagua;JACUI;SUL;S;SUL;2026-01-13;103.248;179.9868;86.606;150.9757;100.661;57.3642
N. AVANHANDAVA;42;Fio dagua;TIETE;PARANA;SE;SUDESTE;2026-01-13;160.695;49.1242;160.695;49.1242;162.861;327.12
NILO PEÇANHA;131;Fio dagua;PARAIBA DO SUL;SUDESTE;SE;SUDESTE;2026-01-13;299.773;78.014;299.773;78.014;299.67;384.2553
NOVA PONTE;25;Reservatório com Usina;PARANAIBA;PARANA;SE;SUDESTE;2026-01-13;182.348;37.1241;182.348;37.1241;160.512;491.1852
OURINHOS;249;Fio dagua;PARANAPANEMA;PARANAPANEMA;SE;SUDESTE;2026-01-13;12.772;26.0835;12.772;26.0835;13.354;48.9658
P. AFONSO 1,2,3;174;Fio dagua;SAO FRANCISCO;NORDESTE;NE;NORDESTE;2026-01-13;533.33;31.3141;533.33;31.3141;116.993;1703.16
P. AFONSO 4;175;Fio dagua;SAO FRANCISCO;NORDESTE;NE;NORDESTE;2026-01-13;763.364;31.3142;763.364;31.3142;1289.062;2437.7598
P. COLOMBIA;12;Fio dagua;GRANDE;PARANA;SE;SUDESTE;2026-01-13;163.356;33.8154;163.356;33.8154;168.066;483.0812
PARAIBUNA;121;Reservatório com Usina;PARAIBA DO SUL;SUDESTE;SE;SUDESTE;2026-01-13;17.56;23.8673;17.56;23.8673;16.164;73.5735
PARANAPANEMA;53;Fio dagua;PARANAPANEMA;PARANAPANEMA;SE;SUDESTE;2026-01-13;11.812;27.9889;11.812;27.9889;12.411;42.2025
PASSO FUNDO;93;Reservatório com Usina;URUGUAI;SUL;S;SUL;2026-01-13;88.452;113.5718;88.452;113.5718;89.106;77.882
PASSO REAL;111;Reservatório com Usina;JACUI;SUL;S;SUL;2026-01-13;101.207;196.3355;101.207;196.3355;107.24;51.548
PASSO SAO JOAO;102;Fio dagua;URUGUAI;SUL;S;SUL;2026-01-13;74.454;167.1715;68.346;153.4572;74.105;44.5375
PEDRA DO CAVALO;189;Reservatório com Usina;PARAGUACU;NORDESTE;NE;NORDESTE;2026-01-13;7.065;4.8694;7.065;4.8694;7.152;145.0899
PEIXE ANGICAL;257;Reservatório com Usina;TOCANTINS;SUDESTE;SE;SUDESTE;2026-01-13;277.746;38.1931;277.746;38.1931;273.948;727.216
PEREIRA PASSOS;133;Fio dagua;PARAIBA DO SUL;SUDESTE;SE;SUDESTE;2026-01-13;39.423;64.8614;39.423;64.8614;39.912;60.7804
PICADA;126;Fio dagua;PARAIBA DO SUL;SUDESTE;SE;SUDESTE;2026-01-13;14.917;20.8381;14.917;20.8381;14.952;71.5852
PIMENTAL;314;Fio dagua;AMAZONAS;BELO MONTE;N;NORTE;2026-01-13;121.351;86.473;121.351;86.473;125.073;140.334
PIRAJU;48;Fio dagua;PARANAPANEMA;PARANAPANEMA;SE;SUDESTE;2026-01-13;21.363;27.9882;21.363;27.9882;22.078;76.3286
PONTE DE PEDRA;281;Fio dagua;PARAGUAI;SUDESTE;SE;SUDESTE;2026-01-13;161.44;84.9185;132.702;69.8022;162.082;190.1116
PORTO ESTRELA;135;Reservatório com Usina;DOCE;SUDESTE;SE;SUDESTE;2026-01-13;30.64;22.3111;30.64;22.3111;29.589;137.3307
PORTO PRIMAVERA;46;Fio dagua;PARANA;PARANA;SE;SUDESTE;2026-01-13;1004.967;51.1569;1004.967;51.1569;1036.883;1964.48
PROMISSÃO;40;Reservatório com Usina;TIETE;PARANA;SE;SUDESTE;2026-01-13;124.153;53.2795;124.153;53.2795;126.769;233.022
QUEBRA QUEIXO;95;Reservatório com Usina;URUGUAI;SUL;S;SUL;2026-01-13;64.408;107.293;64.408;107.293;63.046;60.03
QUEIMADO;162;Reservatório com Usina;SAO FRANCISCO;SUDESTE;SE;SUDESTE;2026-01-13;68.323;54.0912;68.323;54.0912;66.594;126.3108
RETIRO BAIXO;155;Reservatório com Usina;SAO FRANCISCO;SUDESTE;SE;SUDESTE;2026-01-13;27.283;25.7221;27.283;25.7221;27.281;106.0682
RONDON II;276;Reservatório com Usina;AMAZONAS;MADEIRA;SE;SUDESTE;2026-01-13;98.849;161.1105;98.849;161.1105;97.188;61.3548
ROSAL;217;Fio dagua;ITABAPOANA;SUDESTE;SE;SUDESTE;2026-01-13;40.618;39.3935;40.618;39.3935;40.693;103.1083
ROSANA;63;Fio dagua;PARANAPANEMA;PARANAPANEMA;SE;SUDESTE;2026-01-13;168.853;52.7115;168.853;52.7115;168.114;320.334
S.DO FACÃO;21;Reservatório com Usina;PARANAIBA;PARANA;SE;SUDESTE;2026-01-13;103.805;52.4494;103.805;52.4494;98.565;197.9145
S.R.VERDINHO;241;Fio dagua;PARANAIBA;PARANA;SE;SUDESTE;2026-01-13;41.345;42.9918;41.345;42.9918;41.842;96.1694
SA CARVALHO;193;Fio dagua;DOCE;SUDESTE;SE;SUDESTE;2026-01-13;29.459;19.5403;28.523;18.9194;29.493;150.7604
SALTO;262;Fio dagua;PARANAIBA;PARANA;SE;SUDESTE;2026-01-13;48.541;45.6869;48.541;45.6869;48.728;106.2472
SALTO CAXIAS;82;Fio dagua;IGUACU;IGUACU;S;SUL;2026-01-13;530.126;79.6745;530.126;79.6745;529.578;665.3644
SALTO GRANDE CM;134;Fio dagua;DOCE;SUDESTE;SE;SUDESTE;2026-01-13;52.9;22.9826;52.098;22.6342;52.387;230.174
SALTO GRANDE CS;50;Fio dagua;PARANAPANEMA;PARANAPANEMA;SE;SUDESTE;2026-01-13;32.672;33.7382;0.0;0.0;33.877;96.8399
SALTO OSORIO;78;Fio dagua;IGUACU;IGUACU;S;SUL;2026-01-13;404.819;73.4516;404.819;73.4516;407.465;551.1373
SALTO PILAO;215;Fio dagua;ITAJAI;SUL;S;SUL;2026-01-13;278.887;137.4698;195.974;96.6001;278.791;202.8715
SALTO SANTIAGO;77;Reservatório com Usina;IGUACU;IGUACU;S;SUL;2026-01-13;576.261;70.0607;576.261;70.0607;589.835;822.5162
SAMUEL;279;Reservatório com Usina;AMAZONAS;MADEIRA;SE;SUDESTE;2026-01-13;278.33;206.4983;278.33;206.4983;239.963;134.7856
SANTA BRANCA;122;Reservatório com Usina;PARAIBA DO SUL;SUDESTE;SE;SUDESTE;2026-01-13;10.912;24.7169;10.912;24.7169;9.036;44.148
SANTA CLARA-PR;71;Reservatório com Usina;IGUACU;IGUACU;S;SUL;2026-01-13;67.649;88.5639;67.649;88.5639;68.696;76.3844
SANTO ANTONIO;287;Fio dagua;AMAZONAS;MADEIRA;SE;SUDESTE;2026-01-13;3868.489;101.9619;3779.187;99.6081;3491.06;3794.0553
SAO DOMINGOS;153;Fio dagua;PARANA;PARANA;SE;SUDESTE;2026-01-13;34.15;74.6319;32.307;70.6042;33.867;45.7579
SAO JOSE;101;Fio dagua;URUGUAI;SUL;S;SUL;2026-01-13;52.139;164.2784;48.759;153.6288;51.966;31.7382
SAO MANOEL;230;Fio dagua;AMAZONAS;TELES PIRES;SE;SUDESTE;2026-01-13;717.977;86.7931;717.977;86.7931;651.946;827.2283
SAO ROQUE;88;Reservatório com Usina;URUGUAI;SUL;S;SUL;2026-01-13;86.145;107.4161;86.145;107.4161;86.906;80.1975
SAO SALVADOR;253;Fio dagua;TOCANTINS;SUDESTE;SE;SUDESTE;2026-01-13;139.857;38.4634;139.857;38.4634;140.008;363.6108
SÃO SIMÃO;33;Reservatório com Usina;PARANAIBA;PARANA;SE;SUDESTE;2026-01-13;1345.964;53.6736;1345.964;53.6736;1294.202;2507.683
SEGREDO;76;Reservatório com Usina;IGUACU;IGUACU;S;SUL;2026-01-13;490.221;67.2804;490.221;67.2804;490.73;728.624
SERRA DA MESA;251;Reservatório com Usina;TOCANTINS;SUDESTE;SE;SUDESTE;2026-01-13;543.255;37.9753;543.255;37.9753;530.257;1430.55
SIMPLICIO;129;Fio dagua;PARAIBA DO SUL;SUDESTE;SE;SUDESTE;2026-01-13;43.031;13.5945;43.031;13.5945;43.668;316.53285
SINOP;227;Reservatório com Usina;AMAZONAS;TELES PIRES;SE;SUDESTE;2026-01-13;184.805;54.1454;177.512;52.0087;151.896;341.3124
SOBRADINHO;169;Reservatório com Usina;SAO FRANCISCO;NORDESTE;NE;NORDESTE;2026-01-13;327.395;30.0754;327.395;30.0754;299.901;1088.5805
SOBRAGI;127;Fio dagua;PARAIBA DO SUL;SUDESTE;SE;SUDESTE;2026-01-13;17.459;19.4964;13.877;15.4964;17.501;89.55
STA.CLARA-MG;283;Fio dagua;MUCURI;SUDESTE;SE;SUDESTE;2026-01-13;24.956;33.6482;24.956;33.6482;24.48;74.1675
STO ANTONIO DO JARI;286;Fio dagua;AMAZONAS;MANAUS-AMAPA;N;NORTE;2026-01-13;67.582;42.3702;67.582;42.3702;69.68;159.5035
SUIÇA;145;Fio dagua;SANTA MARIA VIT;SUDESTE;SE;SUDESTE;2026-01-13;11.749;27.7991;11.749;27.7991;11.633;42.264
TAQUARUÇU;62;Fio dagua;PARANAPANEMA;PARANAPANEMA;SE;SUDESTE;2026-01-13;178.679;51.0792;178.679;51.0792;174.013;349.8075
TELES PIRES;229;Fio dagua;AMAZONAS;TELES PIRES;SE;SUDESTE;2026-01-13;1598.454;87.4413;1586.324;86.7777;1613.084;1828.0318
TRÊS IRMÃOS;43;Reservatório com Usina;TIETE;PARANA;SE;SUDESTE;2026-01-13;212.279;42.913;212.279;42.913;215.074;494.6725
TRÊS MARIAS;156;Reservatório com Usina;SAO FRANCISCO;SUDESTE;SE;SUDESTE;2026-01-13;302.37;48.6673;302.37;48.6673;294.528;621.3
TUCURUI;275;Reservatório com Usina;TOCANTINS;NORTE;N;NORTE;2026-01-13;4491.463;55.4125;4491.463;55.4125;4103.324;8105.5008
VOLTA GRANDE;11;Fio dagua;GRANDE;PARANA;SE;SUDESTE;2026-01-13;175.966;33.3162;175.966;33.3162;172.777;528.1696
XINGO;178;Fio dagua;SAO FRANCISCO;NORDESTE;NE;NORDESTE;2026-01-13;1591.664;32.9913;1591.664;32.9913;1624.63;4824.4975
14 DE JULHO;99;Fio dagua;JACUI;SUL;S;SUL;2026-01-14;78.5;154.9277;78.5;154.9277;73.098;50.6688
A. VERMELHA;18;Reservatório com Usina;GRANDE;PARANA;SE;SUDESTE;2026-01-14;547.415;33.0799;547.415;33.0799;514.325;1654.825
AIMORES;143;Fio dagua;DOCE;SUDESTE;SE;SUDESTE;2026-01-14;85.212;21.7441;85.212;21.7441;88.162;391.8856
APOLONIO SALES;173;Fio dagua;SAO FRANCISCO;NORDESTE;NE;NORDESTE;2026-01-14;132.285;30.3026;132.285;30.3026;27.571;436.5468
B. BONITA;37;Reservatório com Usina;TIETE;PARANA;SE;SUDESTE;2026-01-14;61.56;51.0488;49.128;40.7396;62.85;120.5904
B.COQUEIROS;312;Fio dagua;PARANAIBA;PARANA;SE;SUDESTE;2026-01-14;37.456;40.3253;37.456;40.3253;38.784;92.8846
BAGUARI;141;Fio dagua;DOCE;SUDESTE;SE;SUDESTE;2026-01-14;45.725;26.5308;43.009;24.9549;46.951;172.347
BAIXO IGUACU;83;Fio dagua;IGUACU;IGUACU;S;SUL;2026-01-14;138.267;73.9153;138.267;73.9153;132.466;187.0614
BALBINA;277;Reservatório com Usina;AMAZONAS;MANAUS-AMAPA;N;NORTE;2026-01-14;123.504;146.6097;123.504;146.6097;123.036;84.24
BARIRI;38;Fio dagua;TIETE;PARANA;SE;SUDESTE;2026-01-14;72.316;51.4219;72.316;51.4219;73.5;140.6328
BARRA BRAUNA;185;Fio dagua;PARAIBA DO SUL;SUDESTE;SE;SUDESTE;2026-01-14;9.077;19.9759;9.077;19.9759;9.015;45.4398
BARRA GRANDE;86;Reservatório com Usina;URUGUAI;SUL;S;SUL;2026-01-14;286.343;107.0474;282.098;105.4605;292.001;267.4917
BATALHA;20;Reservatório com Usina;PARANAIBA;PARANA;SE;SUDESTE;2026-01-14;30.922;47.3259;30.922;47.3259;28.504;65.3384
BELO MONTE;288;Fio dagua;AMAZONAS;BELO MONTE;N;NORTE;2026-01-14;3982.927;71.1422;3982.927;71.1422;3987.025;5598.54
BOA ESPERANÇA;190;Reservatório com Usina;PARNAIBA;NORDESTE;NE;NORDESTE;2026-01-14;145.211;60.3381;145.211;60.3381;137.975;240.6624
C. DOURADA;32;Fio dagua;PARANAIBA;PARANA;SE;SUDESTE;2026-01-14;374.986;50.7055;369.582;49.9748;395.962;739.5374
C.BRANCO-1;27;Reservatório com Usina;PARANAIBA;PARANA;SE;SUDESTE;2026-01-14;103.528;34.3119;75.401;24.9899;101.773;301.726
C.BRANCO-2;28;Fio dagua;PARANAIBA;PARANA;SE;SUDESTE;2026-01-14;86.794;34.0735;86.794;34.0735;86.342;254.7259
CACHOEIRA CALDEIRAO;204;Fio dagua;ARAGUARI;MANAUS-AMAPA;N;NORTE;2026-01-14;32.861;41.8103;32.58;41.4528;34.047;78.5954
CACONDE;14;Reservatório com Usina;GRANDE;PARANA;SE;SUDESTE;2026-01-14;46.44;59.189;46.44;59.189;44.147;78.4605
CACU;311;Reservatório com Usina;PARANAIBA;PARANA;SE;SUDESTE;2026-01-14;27.828;41.1937;27.828;41.1937;28.62;67.554
CAMARGOS;1;Reservatório com Usina;GRANDE;PARANA;SE;SUDESTE;2026-01-14;11.738;23.3642;11.738;23.3642;11.074;50.2392
CAMPOS NOVOS;90;Reservatório com Usina;URUGUAI;SUL;S;SUL;2026-01-14;384.902;99.8418;384.902;99.8418;386.954;385.512
CANA BRAVA;252;Fio dagua;TOCANTINS;SUDESTE;SE;SUDESTE;2026-01-14;223.528;37.6231;223.528;37.6231;216.774;594.1248
CANASTRA;87;Fio dagua;JACUI;SUL;S;SUL;2026-01-14;;;;;;
CANDONGA;139;Fio dagua;DOCE;SUDESTE;SE;SUDESTE;2026-01-14;28.45;23.7519;28.45;23.7519;27.919;119.7798
CANOAS I;52;Fio dagua;PARANAPANEMA;PARANAPANEMA;SE;SUDESTE;2026-01-14;39.152;38.2739;39.152;38.2739;39.537;102.2943
CANOAS II;51;Fio dagua;PARANAPANEMA;PARANAPANEMA;SE;SUDESTE;2026-01-14;31.892;37.3467;31.892;37.3467;32.678;85.3944
CAPIVARA;61;Reservatório com Usina;PARANAPANEMA;PARANAPANEMA;SE;SUDESTE;2026-01-14;284.963;50.64;284.963;50.64;302.809;562.7232
CASTRO ALVES;97;Fio dagua;JACUI;SUL;S;SUL;2026-01-14;105.445;143.0935;105.445;143.0935;105.264;73.6896
CHAVANTES;49;Reservatório com Usina;PARANAPANEMA;PARANAPANEMA;SE;SUDESTE;2026-01-14;81.475;26.2228;81.475;26.2228;80.518;310.7031
COARACY NUNES;280;Fio dagua;ARAGUARI;MANAUS-AMAPA;N;NORTE;2026-01-14;42.385;42.0906;42.385;42.0906;43.422;100.6995
COLIDER;228;Fio dagua;AMAZONAS;TELES PIRES;SE;SUDESTE;2026-01-14;176.25;55.2915;153.807;48.2509;133.063;318.7652
CORUMBA;30;Reservatório com Usina;PARANAIBA;PARANA;SE;SUDESTE;2026-01-14;227.616;50.4379;227.616;50.4379;217.256;451.2798
CORUMBA-3;203;Reservatório com Usina;PARANAIBA;PARANA;SE;SUDESTE;2026-01-14;49.434;54.9884;44.227;49.1964;47.911;89.8989
CORUMBA-4;29;Reservatório com Usina;PARANAIBA;PARANA;SE;SUDESTE;2026-01-14;72.536;59.7551;69.034;56.8702;71.842;121.3888
CURUA-UNA;272;Reservatório com Usina;AMAZONAS;BELO MONTE;N;NORTE;2026-01-14;21.6;85.1974;21.6;85.1974;18.376;25.3529
D. FRANCISCA;114;Fio dagua;JACUI;SUL;S;SUL;2026-01-14;108.181;152.0524;108.181;152.0524;108.608;71.1472
DARDANELOS;310;Fio dagua;AMAZONAS;MADEIRA;SE;SUDESTE;2026-01-14;449.395;105.9836;259.975;61.3115;409.719;424.0232
E. DA CUNHA;15;Fio dagua;GRANDE;PARANA;SE;SUDESTE;2026-01-14;63.309;54.7984;63.309;54.7984;63.482;115.5308
EMBORCAÇÃO;24;Reservatório com Usina;PARANAIBA;PARANA;SE;SUDESTE;2026-01-14;505.994;50.741;505.994;50.741;479.417;997.2102
ESPORA;290;Reservatório com Usina;PARANAIBA;PARANA;SE;SUDESTE;2026-01-14;18.4;57.1997;18.4;57.1997;17.132;32.168
ESTREITO;267;Fio dagua;TOCANTINS;NORTE;N;NORTE;2026-01-14;755.796;53.6625;755.796;53.6625;680.008;1408.425
FERREIRA GOMES;284;Fio dagua;ARAGUARI;MANAUS-AMAPA;N;NORTE;2026-01-14;35.945;42.4413;35.945;42.4413;39.153;84.6935
FONTES;132;Fio dagua;PARAIBA DO SUL;SUDESTE;SE;SUDESTE;2026-01-14;45.924;37.7779;45.924;37.7779;45.879;121.563
FOZ CHAPECO;103;Fio dagua;URUGUAI;SUL;S;SUL;2026-01-14;428.002;110.705;394.207;101.9638;429.01;386.6148
FOZ DO RIO CLARO;315;Fio dagua;PARANAIBA;PARANA;SE;SUDESTE;2026-01-14;28.541;38.4416;28.541;38.4416;28.502;74.245
FUNDÃO;72;Fio dagua;IGUACU;IGUACU;S;SUL;2026-01-14;63.283;76.9498;63.283;76.9498;64.404;82.2393
FUNIL;123;Reservatório com Usina;PARAIBA DO SUL;SUDESTE;SE;SUDESTE;2026-01-14;47.471;22.7673;47.471;22.7673;40.791;208.505
FUNIL-MG;4;Fio dagua;GRANDE;PARANA;SE;SUDESTE;2026-01-14;47.571;23.5159;47.571;23.5159;49.636;202.293
FURNAS;6;Reservatório com Usina;GRANDE;PARANA;SE;SUDESTE;2026-01-14;365.582;26.2811;365.582;26.2811;348.011;1391.043
G. B. MUNHOZ;74;Reservatório com Usina;IGUACU;IGUACU;S;SUL;2026-01-14;350.224;51.727;350.224;51.727;342.47;677.0622
G. P. SOUZA;115;Reservatório com Usina;CAPIVARI;SUL;S;SUL;2026-01-14;122.89;77.3599;122.89;77.3599;122.735;158.855
GARIBALDI;89;Reservatório com Usina;URUGUAI;SUL;S;SUL;2026-01-14;77.489;94.9957;77.489;94.9957;76.838;81.5711
GOV JAYME CANET JR;57;Reservatório com Usina;PARANAPANEMA;IGUACU;S;SUL;2026-01-14;129.622;40.4984;129.622;40.4984;129.136;320.067
GUAPORE;196;Fio dagua;AMAZONAS;MADEIRA;SE;SUDESTE;2026-01-14;60.34;108.4721;60.34;108.4721;60.246;55.6272
GUILM. AMORIM;192;Fio dagua;DOCE;SUDESTE;SE;SUDESTE;2026-01-14;36.298;24.3649;36.298;24.3649;36.161;148.9768
HENRY BORDEN;119;Fio dagua;TIETE;SUDESTE;SE;SUDESTE;2026-01-14;490.139;128.776;490.139;128.776;490.012;380.6136
I. SOLTEIRA;34;Reservatório com Usina;PARANA;PARANA;SE;SUDESTE;2026-01-14;1480.736;44.1581;1480.736;44.1581;1508.6;3353.2623
IBITINGA;39;Fio dagua;TIETE;PARANA;SE;SUDESTE;2026-01-14;91.767;58.1836;91.767;58.1836;92.456;157.7196
IGARAPAVA;10;Fio dagua;GRANDE;PARANA;SE;SUDESTE;2026-01-14;96.38;31.3748;96.38;31.3748;94.446;307.1891
ILHA POMBOS;130;Fio dagua;PARAIBA DO SUL;SUDESTE;SE;SUDESTE;2026-01-14;40.708;17.4778;40.708;17.4778;44.085;232.9124
IRAPE;148;Reservatório com Usina;JEQUITINHONHA;SUDESTE;SE;SUDESTE;2026-01-14;102.196;21.3091;102.196;21.3091;102.317;479.589
ITÁ;92;Fio dagua;URUGUAI;SUL;S;SUL;2026-01-14;609.29;94.7341;609.29;94.7341;610.758;643.1579
ITAIPU;66;Fio dagua;PARANA;ITAIPU;SE;SUDESTE;2026-01-14;8754.881;58.2256;8754.881;58.2256;8959.843;15036.1432
ITAPEBI;154;Fio dagua;JEQUITINHONHA;NORDESTE;NE;NORDESTE;2026-01-14;278.371;50.301;278.371;50.301;279.045;553.41
ITAUBA;113;Fio dagua;JACUI;SUL;S;SUL;2026-01-14;221.385;168.431;221.385;168.431;221.827;131.4396
ITIQUIRA I;304;Fio dagua;PARAGUAI;SUDESTE;SE;SUDESTE;2026-01-14;38.863;51.0807;37.326;49.0605;38.868;76.0815
ITIQUIRA II;305;Fio dagua;PARAGUAI;SUDESTE;SE;SUDESTE;2026-01-14;61.893;51.0811;61.893;51.0811;61.981;121.1661
ITUMBIARA;31;Reservatório com Usina;PARANAIBA;PARANA;SE;SUDESTE;2026-01-14;931.204;50.6761;931.204;50.6761;847.112;1837.5605
ITUTINGA;2;Fio dagua;GRANDE;PARANA;SE;SUDESTE;2026-01-14;13.779;23.364;13.779;23.364;14.123;58.9754
JACUI;112;Fio dagua;JACUI;SUL;S;SUL;2026-01-14;210.209;187.504;71.066;63.39;218.596;112.1091
JAGUARA;9;Fio dagua;GRANDE;PARANA;SE;SUDESTE;2026-01-14;236.624;30.5012;236.624;30.5012;235.569;775.7848
JAGUARI;120;Reservatório com Usina;PARAIBA DO SUL;SUDESTE;SE;SUDESTE;2026-01-14;9.763;42.9762;7.182;31.6148;8.829;22.7172
JAURU;195;Fio dagua;PARAGUAI;SUDESTE;SE;SUDESTE;2026-01-14;77.872;87.2504;77.872;87.2504;77.603;89.2512
JIRAU;285;Fio dagua;AMAZONAS;MADEIRA;SE;SUDESTE;2026-01-14;3752.404;102.9603;3492.779;95.8366;3482.753;3644.515
JUPIA;45;Fio dagua;PARANA;PARANA;SE;SUDESTE;2026-01-14;846.769;45.5973;846.769;45.5973;873.977;1857.06
JURUENA;309;Fio dagua;AMAZONAS;TELES PIRES;SE;SUDESTE;2026-01-14;40.533;85.3254;31.923;67.2007;41.827;47.504
JURUMIRIM;47;Reservatório com Usina;PARANAPANEMA;PARANAPANEMA;SE;SUDESTE;2026-01-14;26.846;28.5029;26.846;28.5029;26.777;94.1868
L. C. BARRETO;8;Fio dagua;GRANDE;PARANA;SE;SUDESTE;2026-01-14;319.375;30.1082;319.375;30.1082;319.434;1060.7587
LAJEADO;261;Fio dagua;TOCANTINS;SUDESTE;SE;SUDESTE;2026-01-14;664.919;46.4196;664.919;46.4196;651.495;1432.4115
LIMOEIRO;16;Fio dagua;GRANDE;PARANA;SE;SUDESTE;2026-01-14;18.332;52.8585;18.332;52.8585;18.547;34.6813
LUIZ GONZAGA;172;Reservatório com Usina;SAO FRANCISCO;NORDESTE;NE;NORDESTE;2026-01-14;600.986;30.289;600.986;30.289;585.14;1984.17
M. MORAES;7;Reservatório com Usina;GRANDE;PARANA;SE;SUDESTE;2026-01-14;194.529;29.3578;194.529;29.3578;205.422;662.6139
MACHADINHO;91;Reservatório com Usina;URUGUAI;SUL;S;SUL;2026-01-14;450.275;98.4453;450.275;98.4453;456.126;457.3859
MANSO;278;Reservatório com Usina;PARAGUAI;SUDESTE;SE;SUDESTE;2026-01-14;107.056;71.196;107.056;71.196;106.252;150.368
MARIMBONDO;17;Reservatório com Usina;GRANDE;PARANA;SE;SUDESTE;2026-01-14;543.277;32.7048;543.277;32.7048;486.953;1661.1515
MASCARENHAS;144;Fio dagua;DOCE;SUDESTE;SE;SUDESTE;2026-01-14;82.611;23.2553;82.611;23.2553;81.027;355.2354
MIRANDA;26;Reservatório com Usina;PARANAIBA;PARANA;SE;SUDESTE;2026-01-14;124.253;34.581;124.253;34.581;124.33;359.31
MONJOLINHO;94;Fio dagua;URUGUAI;SUL;S;SUL;2026-01-14;35.732;106.7264;35.732;106.7264;35.576;33.48
MONTE CLARO;98;Fio dagua;JACUI;SUL;S;SUL;2026-01-14;84.51;147.3218;79.906;139.2959;83.009;57.3642
N. AVANHANDAVA;42;Fio dagua;TIETE;PARANA;SE;SUDESTE;2026-01-14;184.459;56.3888;184.459;56.3888;186.524;327.12
NILO PEÇANHA;131;Fio dagua;PARAIBA DO SUL;SUDESTE;SE;SUDESTE;2026-01-14;317.132;82.5316;317.132;82.5316;316.981;384.2553
NOVA PONTE;25;Reservatório com Usina;PARANAIBA;PARANA;SE;SUDESTE;2026-01-14;184.494;37.561;184.494;37.561;162.024;491.1852
OURINHOS;249;Fio dagua;PARANAPANEMA;PARANAPANEMA;SE;SUDESTE;2026-01-14;13.054;26.6594;13.054;26.6594;14.18;48.9658
P. AFONSO 1,2,3;174;Fio dagua;SAO FRANCISCO;NORDESTE;NE;NORDESTE;2026-01-14;516.101;30.3026;516.101;30.3026;116.634;1703.16
P. AFONSO 4;175;Fio dagua;SAO FRANCISCO;NORDESTE;NE;NORDESTE;2026-01-14;738.703;30.3025;738.703;30.3025;1241.753;2437.7598
P. COLOMBIA;12;Fio dagua;GRANDE;PARANA;SE;SUDESTE;2026-01-14;163.698;33.8862;163.698;33.8862;169.008;483.0812
PARAIBUNA;121;Reservatório com Usina;PARAIBA DO SUL;SUDESTE;SE;SUDESTE;2026-01-14;15.934;21.6573;15.934;21.6573;14.639;73.5735
PARANAPANEMA;53;Fio dagua;PARANAPANEMA;PARANAPANEMA;SE;SUDESTE;2026-01-14;11.958;28.3348;11.958;28.3348;12.534;42.2025
PASSO FUNDO;93;Reservatório com Usina;URUGUAI;SUL;S;SUL;2026-01-14;85.247;109.4566;85.247;109.4566;85.838;77.882
PASSO REAL;111;Reservatório com Usina;JACUI;SUL;S;SUL;2026-01-14;96.7;187.5921;96.7;187.5921;102.346;51.548
PASSO SAO JOAO;102;Fio dagua;URUGUAI;SUL;S;SUL;2026-01-14;70.677;158.691;65.078;146.1196;69.75;44.5375
PEDRA DO CAVALO;189;Reservatório com Usina;PARAGUACU;NORDESTE;NE;NORDESTE;2026-01-14;7.055;4.8625;7.055;4.8625;7.142;145.0899
PEIXE ANGICAL;257;Reservatório com Usina;TOCANTINS;SUDESTE;SE;SUDESTE;2026-01-14;252.708;34.7501;252.708;34.7501;251.434;727.216
PEREIRA PASSOS;133;Fio dagua;PARAIBA DO SUL;SUDESTE;SE;SUDESTE;2026-01-14;43.652;71.8192;43.652;71.8192;44.146;60.7804
PICADA;126;Fio dagua;PARAIBA DO SUL;SUDESTE;SE;SUDESTE;2026-01-14;15.714;21.9515;15.714;21.9515;15.748;71.5852
PIMENTAL;314;Fio dagua;AMAZONAS;BELO MONTE;N;NORTE;2026-01-14;122.069;86.9846;122.069;86.9846;124.105;140.334
PIRAJU;48;Fio dagua;PARANAPANEMA;PARANAPANEMA;SE;SUDESTE;2026-01-14;21.628;28.3354;21.628;28.3354;22.335;76.3286
PONTE DE PEDRA;281;Fio dagua;PARAGUAI;SUDESTE;SE;SUDESTE;2026-01-14;167.21;87.9536;136.261;71.6742;167.93;190.1116
PORTO ESTRELA;135;Reservatório com Usina;DOCE;SUDESTE;SE;SUDESTE;2026-01-14;28.169;20.5118;28.169;20.5118;27.159;137.3307
PORTO PRIMAVERA;46;Fio dagua;PARANA;PARANA;SE;SUDESTE;2026-01-14;999.852;50.8965;999.852;50.8965;1031.606;1964.48
PROMISSÃO;40;Reservatório com Usina;TIETE;PARANA;SE;SUDESTE;2026-01-14;135.353;58.0859;135.353;58.0859;138.316;233.022
QUEBRA QUEIXO;95;Reservatório com Usina;URUGUAI;SUL;S;SUL;2026-01-14;77.542;129.1721;77.542;129.1721;76.974;60.03
QUEIMADO;162;Reservatório com Usina;SAO FRANCISCO;SUDESTE;SE;SUDESTE;2026-01-14;63.418;50.2079;63.418;50.2079;61.848;126.3108
RETIRO BAIXO;155;Reservatório com Usina;SAO FRANCISCO;SUDESTE;SE;SUDESTE;2026-01-14;25.276;23.83;25.276;23.83;25.808;106.0682
RONDON II;276;Reservatório com Usina;AMAZONAS;MADEIRA;SE;SUDESTE;2026-01-14;89.158;145.3154;89.158;145.3154;87.897;61.3548
ROSAL;217;Fio dagua;ITABAPOANA;SUDESTE;SE;SUDESTE;2026-01-14;39.418;38.2297;39.418;38.2297;39.489;103.1083
ROSANA;63;Fio dagua;PARANAPANEMA;PARANAPANEMA;SE;SUDESTE;2026-01-14;183.921;57.4154;114.516;35.7489;177.388;320.334
S.DO FACÃO;21;Reservatório com Usina;PARANAIBA;PARANA;SE;SUDESTE;2026-01-14;94.395;47.6948;94.395;47.6948;89.516;197.9145
S.R.VERDINHO;241;Fio dagua;PARANAIBA;PARANA;SE;SUDESTE;2026-01-14;42.685;44.3852;42.685;44.3852;43.108;96.1694
SA CARVALHO;193;Fio dagua;DOCE;SUDESTE;SE;SUDESTE;2026-01-14;33.561;22.2612;32.624;21.6396;33.611;150.7604
SALTO;262;Fio dagua;PARANAIBA;PARANA;SE;SUDESTE;2026-01-14;51.994;48.9368;51.994;48.9368;52.266;106.2472
SALTO CAXIAS;82;Fio dagua;IGUACU;IGUACU;S;SUL;2026-01-14;478.9;71.9756;478.9;71.9756;478.331;665.3644
SALTO GRANDE CM;134;Fio dagua;DOCE;SUDESTE;SE;SUDESTE;2026-01-14;48.842;21.2196;48.04;20.8712;48.368;230.174
SALTO GRANDE CS;50;Fio dagua;PARANAPANEMA;PARANAPANEMA;SE;SUDESTE;2026-01-14;35.854;37.024;3.673;3.7929;36.762;96.8399
SALTO OSORIO;78;Fio dagua;IGUACU;IGUACU;S;SUL;2026-01-14;374.331;67.9197;374.331;67.9197;375.672;551.1373
SALTO PILAO;215;Fio dagua;ITAJAI;SUL;S;SUL;2026-01-14;200.525;98.8434;175.828;86.6696;200.365;202.8715
SALTO SANTIAGO;77;Reservatório com Usina;IGUACU;IGUACU;S;SUL;2026-01-14;539.89;65.6388;539.89;65.6388;551.731;822.5162
SAMUEL;279;Reservatório com Usina;AMAZONAS;MADEIRA;SE;SUDESTE;2026-01-14;255.09;189.2561;255.09;189.2561;222.237;134.7856
SANTA BRANCA;122;Reservatório com Usina;PARAIBA DO SUL;SUDESTE;SE;SUDESTE;2026-01-14;9.797;22.1913;9.797;22.1913;8.098;44.148
SANTA CLARA-PR;71;Reservatório com Usina;IGUACU;IGUACU;S;SUL;2026-01-14;57.288;74.9996;57.288;74.9996;57.859;76.3844
SANTO ANTONIO;287;Fio dagua;AMAZONAS;MADEIRA;SE;SUDESTE;2026-01-14;3870.232;102.0078;3657.306;96.3957;3471.153;3794.0553
SAO DOMINGOS;153;Fio dagua;PARANA;PARANA;SE;SUDESTE;2026-01-14;32.734;71.5374;29.663;64.826;32.491;45.7579
SAO JOSE;101;Fio dagua;URUGUAI;SUL;S;SUL;2026-01-14;49.318;155.39;49.318;155.39;49.225;31.7382
SAO MANOEL;230;Fio dagua;AMAZONAS;TELES PIRES;SE;SUDESTE;2026-01-14;725.25;87.6723;720.942;87.1515;702.18;827.2283
SAO ROQUE;88;Reservatório com Usina;URUGUAI;SUL;S;SUL;2026-01-14;93.541;116.6383;93.541;116.6383;94.712;80.1975
SAO SALVADOR;253;Fio dagua;TOCANTINS;SUDESTE;SE;SUDESTE;2026-01-14;134.674;37.038;134.674;37.038;134.989;363.6108
SÃO SIMÃO;33;Reservatório com Usina;PARANAIBA;PARANA;SE;SUDESTE;2026-01-14;1216.805;48.5231;1216.805;48.5231;1170.707;2507.683
SEGREDO;76;Reservatório com Usina;IGUACU;IGUACU;S;SUL;2026-01-14;455.797;62.5559;455.797;62.5559;456.539;728.624
SERRA DA MESA;251;Reservatório com Usina;TOCANTINS;SUDESTE;SE;SUDESTE;2026-01-14;549.071;38.3818;549.071;38.3818;536.749;1430.55
SIMPLICIO;129;Fio dagua;PARAIBA DO SUL;SUDESTE;SE;SUDESTE;2026-01-14;46.36;14.6462;46.36;14.6462;46.853;316.53285
SINOP;227;Reservatório com Usina;AMAZONAS;TELES PIRES;SE;SUDESTE;2026-01-14;195.771;57.3583;188.478;55.2216;158.051;341.3124
SOBRADINHO;169;Reservatório com Usina;SAO FRANCISCO;NORDESTE;NE;NORDESTE;2026-01-14;334.979;30.7721;334.979;30.7721;306.97;1088.5805
SOBRAGI;127;Fio dagua;PARAIBA DO SUL;SUDESTE;SE;SUDESTE;2026-01-14;21.764;24.3037;15.317;17.1044;21.741;89.55
STA.CLARA-MG;283;Fio dagua;MUCURI;SUDESTE;SE;SUDESTE;2026-01-14;20.295;27.3637;20.295;27.3637;19.966;74.1675
STO ANTONIO DO JARI;286;Fio dagua;AMAZONAS;MANAUS-AMAPA;N;NORTE;2026-01-14;66.753;41.8505;66.753;41.8505;68.8;159.5035
SUIÇA;145;Fio dagua;SANTA MARIA VIT;SUDESTE;SE;SUDESTE;2026-01-14;12.595;29.8008;12.595;29.8008;12.489;42.264
TAQUARUÇU;62;Fio dagua;PARANAPANEMA;PARANAPANEMA;SE;SUDESTE;2026-01-14;185.531;53.038;185.531;53.038;179.022;349.8075
TELES PIRES;229;Fio dagua;AMAZONAS;TELES PIRES;SE;SUDESTE;2026-01-14;1610.27;88.0876;1605.216;87.8112;1628.751;1828.0318
TRÊS IRMÃOS;43;Reservatório com Usina;TIETE;PARANA;SE;SUDESTE;2026-01-14;232.247;46.9496;232.247;46.9496;234.999;494.6725
TRÊS MARIAS;156;Reservatório com Usina;SAO FRANCISCO;SUDESTE;SE;SUDESTE;2026-01-14;261.338;42.0631;261.338;42.0631;254.561;621.3
TUCURUI;275;Reservatório com Usina;TOCANTINS;NORTE;N;NORTE;2026-01-14;4553.392;56.1766;4553.392;56.1766;4173.412;8105.5008
VOLTA GRANDE;11;Fio dagua;GRANDE;PARANA;SE;SUDESTE;2026-01-14;173.182;32.7891;173.182;32.7891;169.478;528.1696
XINGO;178;Fio dagua;SAO FRANCISCO;NORDESTE;NE;NORDESTE;2026-01-14;1513.113;31.3631;1513.113;31.3631;1546.729;4824.4975
14 DE JULHO;99;Fio dagua;JACUI;SUL;S;SUL;2026-01-15;67.833;133.8753;67.833;133.8753;64.59;50.6688
A. VERMELHA;18;Reservatório com Usina;GRANDE;PARANA;SE;SUDESTE;2026-01-15;535.177;32.3404;535.177;32.3404;502.419;1654.825
AIMORES;143;Fio dagua;DOCE;SUDESTE;SE;SUDESTE;2026-01-15;78.579;20.0515;78.579;20.0515;81.409;391.8856
APOLONIO SALES;173;Fio dagua;SAO FRANCISCO;NORDESTE;NE;NORDESTE;2026-01-15;130.209;29.827;130.209;29.827;18.731;436.5468
B. BONITA;37;Reservatório com Usina;TIETE;PARANA;SE;SUDESTE;2026-01-15;95.332;79.0544;82.9;68.7451;97.425;120.5904
B.COQUEIROS;312;Fio dagua;PARANAIBA;PARANA;SE;SUDESTE;2026-01-15;40.921;44.0557;40.921;44.0557;42.28;92.8846
BAGUARI;141;Fio dagua;DOCE;SUDESTE;SE;SUDESTE;2026-01-15;44.528;25.8362;44.528;25.8362;45.039;172.347
BAIXO IGUACU;83;Fio dagua;IGUACU;IGUACU;S;SUL;2026-01-15;128.651;68.7747;128.651;68.7747;123.736;187.0614
BALBINA;277;Reservatório com Usina;AMAZONAS;MANAUS-AMAPA;N;NORTE;2026-01-15;125.848;149.3922;125.848;149.3922;121.352;84.24
BARIRI;38;Fio dagua;TIETE;PARANA;SE;SUDESTE;2026-01-15;96.97;68.9526;96.97;68.9526;98.077;140.6328
BARRA BRAUNA;185;Fio dagua;PARAIBA DO SUL;SUDESTE;SE;SUDESTE;2026-01-15;11.308;24.8857;11.308;24.8857;11.211;45.4398
BARRA GRANDE;86;Reservatório com Usina;URUGUAI;SUL;S;SUL;2026-01-15;199.6;74.6191;195.354;73.0318;203.218;267.4917
BATALHA;20;Reservatório com Usina;PARANAIBA;PARANA;SE;SUDESTE;2026-01-15;28.5;43.6191;28.5;43.6191;26.287;65.3384
BELO MONTE;288;Fio dagua;AMAZONAS;BELO MONTE;N;NORTE;2026-01-15;4144.868;74.0348;4144.868;74.0348;4142.667;5598.54
BOA ESPERANÇA;190;Reservatório com Usina;PARNAIBA;NORDESTE;NE;NORDESTE;2026-01-15;139.743;58.066;139.743;58.066;133.836;240.6624
C. DOURADA;32;Fio dagua;PARANAIBA;PARANA;SE;SUDESTE;2026-01-15;358.185;48.4337;356.564;48.2145;563.357;739.5374
C.BRANCO-1;27;Reservatório com Usina;PARANAIBA;PARANA;SE;SUDESTE;2026-01-15;107.184;35.5236;72.921;24.168;105.047;301.726
C.BRANCO-2;28;Fio dagua;PARANAIBA;PARANA;SE;SUDESTE;2026-01-15;87.424;34.3208;87.424;34.3208;87.692;254.7259
CACHOEIRA CALDEIRAO;204;Fio dagua;ARAGUARI;MANAUS-AMAPA;N;NORTE;2026-01-15;33.478;42.5954;33.478;42.5954;34.171;78.5954
CACONDE;14;Reservatório com Usina;GRANDE;PARANA;SE;SUDESTE;2026-01-15;56.07;71.4627;56.07;71.4627;53.394;78.4605
CACU;311;Reservatório com Usina;PARANAIBA;PARANA;SE;SUDESTE;2026-01-15;30.302;44.856;30.302;44.856;31.22;67.554
CAMARGOS;1;Reservatório com Usina;GRANDE;PARANA;SE;SUDESTE;2026-01-15;14.003;27.8727;14.003;27.8727;13.228;50.2392
CAMPOS NOVOS;90;Reservatório com Usina;URUGUAI;SUL;S;SUL;2026-01-15;401.864;104.2416;401.864;104.2416;404.053;385.512
CANA BRAVA;252;Fio dagua;TOCANTINS;SUDESTE;SE;SUDESTE;2026-01-15;225.098;37.8873;225.098;37.8873;221.239;594.1248
CANASTRA;87;Fio dagua;JACUI;SUL;S;SUL;2026-01-15;;;;;;
CANDONGA;139;Fio dagua;DOCE;SUDESTE;SE;SUDESTE;2026-01-15;37.758;31.5228;37.758;31.5228;36.932;119.7798
CANOAS I;52;Fio dagua;PARANAPANEMA;PARANAPANEMA;SE;SUDESTE;2026-01-15;41.975;41.0336;41.975;41.0336;42.85;102.2943
CANOAS II;51;Fio dagua;PARANAPANEMA;PARANAPANEMA;SE;SUDESTE;2026-01-15;34.078;39.9066;34.078;39.9066;35.11;85.3944
CAPIVARA;61;Reservatório com Usina;PARANAPANEMA;PARANAPANEMA;SE;SUDESTE;2026-01-15;297.135;52.803;297.135;52.803;315.336;562.7232
CASTRO ALVES;97;Fio dagua;JACUI;SUL;S;SUL;2026-01-15;97.47;132.271;97.47;132.271;96.393;73.6896
CHAVANTES;49;Reservatório com Usina;PARANAPANEMA;PARANAPANEMA;SE;SUDESTE;2026-01-15;85.854;27.6322;85.854;27.6322;84.895;310.7031
COARACY NUNES;280;Fio dagua;ARAGUARI;MANAUS-AMAPA;N;NORTE;2026-01-15;42.805;42.5077;42.805;42.5077;44.022;100.6995
COLIDER;228;Fio dagua;AMAZONAS;TELES PIRES;SE;SUDESTE;2026-01-15;181.931;57.0737;105.253;33.019;130.38;318.7652
CORUMBA;30;Reservatório com Usina;PARANAIBA;PARANA;SE;SUDESTE;2026-01-15;234.068;51.8676;234.068;51.8676;224.105;451.2798
CORUMBA-3;203;Reservatório com Usina;PARANAIBA;PARANA;SE;SUDESTE;2026-01-15;54.883;61.0497;51.412;57.1887;53.068;89.8989
CORUMBA-4;29;Reservatório com Usina;PARANAIBA;PARANA;SE;SUDESTE;2026-01-15;82.258;67.7641;79.924;65.8413;81.448;121.3888
CURUA-UNA;272;Reservatório com Usina;AMAZONAS;BELO MONTE;N;NORTE;2026-01-15;21.266;83.88;21.266;83.88;18.147;25.3529
D. FRANCISCA;114;Fio dagua;JACUI;SUL;S;SUL;2026-01-15;102.006;143.3732;102.006;143.3732;100.864;71.1472
DARDANELOS;310;Fio dagua;AMAZONAS;MADEIRA;SE;SUDESTE;2026-01-15;439.837;103.7295;258.237;60.9016;427.636;424.0232
E. DA CUNHA;15;Fio dagua;GRANDE;PARANA;SE;SUDESTE;2026-01-15;78.711;68.1299;78.711;68.1299;78.637;115.5308
EMBORCAÇÃO;24;Reservatório com Usina;PARANAIBA;PARANA;SE;SUDESTE;2026-01-15;451.327;45.259;451.327;45.259;428.185;997.2102
ESPORA;290;Reservatório com Usina;PARANAIBA;PARANA;SE;SUDESTE;2026-01-15;20.563;63.9238;20.563;63.9238;19.374;32.168
ESTREITO;267;Fio dagua;TOCANTINS;NORTE;N;NORTE;2026-01-15;697.287;49.5083;684.838;48.6244;613.265;1408.425
FERREIRA GOMES;284;Fio dagua;ARAGUARI;MANAUS-AMAPA;N;NORTE;2026-01-15;36.006;42.5133;36.006;42.5133;39.026;84.6935
FONTES;132;Fio dagua;PARAIBA DO SUL;SUDESTE;SE;SUDESTE;2026-01-15;45.924;37.7779;45.924;37.7779;45.883;121.563
FOZ CHAPECO;103;Fio dagua;URUGUAI;SUL;S;SUL;2026-01-15;397.231;102.7459;362.985;93.888;399.417;386.6148
FOZ DO RIO CLARO;315;Fio dagua;PARANAIBA;PARANA;SE;SUDESTE;2026-01-15;31.185;42.0028;31.185;42.0028;31.213;74.245
FUNDÃO;72;Fio dagua;IGUACU;IGUACU;S;SUL;2026-01-15;53.389;64.9191;53.389;64.9191;54.266;82.2393
FUNIL;123;Reservatório com Usina;PARAIBA DO SUL;SUDESTE;SE;SUDESTE;2026-01-15;52.327;25.0963;52.327;25.0963;45.053;208.505
FUNIL-MG;4;Fio dagua;GRANDE;PARANA;SE;SUDESTE;2026-01-15;52.433;25.9193;52.433;25.9193;54.63;202.293
FURNAS;6;Reservatório com Usina;GRANDE;PARANA;SE;SUDESTE;2026-01-15;388.167;27.9047;388.167;27.9047;369.511;1391.043
G. B. MUNHOZ;74;Reservatório com Usina;IGUACU;IGUACU;S;SUL;2026-01-15;352.127;52.0081;352.127;52.0081;343.697;677.0622
G. P. SOUZA;115;Reservatório com Usina;CAPIVARI;SUL;S;SUL;2026-01-15;118.188;74.3999;118.188;74.3999;118.057;158.855
GARIBALDI;89;Reservatório com Usina;URUGUAI;SUL;S;SUL;2026-01-15;86.211;105.6882;86.211;105.6882;86.253;81.5711
GOV JAYME CANET JR;57;Reservatório com Usina;PARANAPANEMA;IGUACU;S;SUL;2026-01-15;133.242;41.6294;133.242;41.6294;132.938;320.067
GUAPORE;196;Fio dagua;AMAZONAS;MADEIRA;SE;SUDESTE;2026-01-15;58.826;105.7504;58.826;105.7504;58.751;55.6272
GUILM. AMORIM;192;Fio dagua;DOCE;SUDESTE;SE;SUDESTE;2026-01-15;42.217;28.338;42.217;28.338;42.105;148.9768
HENRY BORDEN;119;Fio dagua;TIETE;SUDESTE;SE;SUDESTE;2026-01-15;760.318;199.7611;760.318;199.7611;759.44;380.6136
I. SOLTEIRA;34;Reservatório com Usina;PARANA;PARANA;SE;SUDESTE;2026-01-15;1384.92;41.3007;1384.92;41.3007;1410.671;3353.2623
IBITINGA;39;Fio dagua;TIETE;PARANA;SE;SUDESTE;2026-01-15;107.102;67.9066;107.102;67.9066;108.218;157.7196
IGARAPAVA;10;Fio dagua;GRANDE;PARANA;SE;SUDESTE;2026-01-15;96.001;31.2514;96.001;31.2514;96.853;307.1891
ILHA POMBOS;130;Fio dagua;PARAIBA DO SUL;SUDESTE;SE;SUDESTE;2026-01-15;45.01;19.3249;45.01;19.3249;48.701;232.9124
IRAPE;148;Reservatório com Usina;JEQUITINHONHA;SUDESTE;SE;SUDESTE;2026-01-15;85.207;17.7667;85.207;17.7667;85.308;479.589
ITÁ;92;Fio dagua;URUGUAI;SUL;S;SUL;2026-01-15;576.895;89.6973;576.895;89.6973;578.853;643.1579
ITAIPU;66;Fio dagua;PARANA;ITAIPU;SE;SUDESTE;2026-01-15;8822.563;58.6757;8822.563;58.6757;8998.755;15036.1432
ITAPEBI;154;Fio dagua;JEQUITINHONHA;NORDESTE;NE;NORDESTE;2026-01-15;222.122;40.137;199.957;36.1318;224.94;553.41
ITAUBA;113;Fio dagua;JACUI;SUL;S;SUL;2026-01-15;205.484;156.3334;205.484;156.3334;201.523;131.4396
ITIQUIRA I;304;Fio dagua;PARAGUAI;SUDESTE;SE;SUDESTE;2026-01-15;39.063;51.3436;39.063;51.3436;39.054;76.0815
ITIQUIRA II;305;Fio dagua;PARAGUAI;SUDESTE;SE;SUDESTE;2026-01-15;62.211;51.3436;62.211;51.3436;62.318;121.1661
ITUMBIARA;31;Reservatório com Usina;PARANAIBA;PARANA;SE;SUDESTE;2026-01-15;903.686;49.1786;903.686;49.1786;821.503;1837.5605
ITUTINGA;2;Fio dagua;GRANDE;PARANA;SE;SUDESTE;2026-01-15;16.438;27.8726;16.438;27.8726;16.801;58.9754
JACUI;112;Fio dagua;JACUI;SUL;S;SUL;2026-01-15;188.455;168.0996;43.746;39.0209;196.119;112.1091
JAGUARA;9;Fio dagua;GRANDE;PARANA;SE;SUDESTE;2026-01-15;236.328;30.4631;236.328;30.4631;239.723;775.7848
JAGUARI;120;Reservatório com Usina;PARAIBA DO SUL;SUDESTE;SE;SUDESTE;2026-01-15;13.832;60.8878;11.25;49.5219;12.509;22.7172
JAURU;195;Fio dagua;PARAGUAI;SUDESTE;SE;SUDESTE;2026-01-15;74.915;83.9372;74.915;83.9372;74.714;89.2512
JIRAU;285;Fio dagua;AMAZONAS;MADEIRA;SE;SUDESTE;2026-01-15;3863.153;105.9991;3560.903;97.7058;3574.247;3644.515
JUPIA;45;Fio dagua;PARANA;PARANA;SE;SUDESTE;2026-01-15;810.083;43.6218;810.083;43.6218;837.688;1857.06
JURUENA;309;Fio dagua;AMAZONAS;TELES PIRES;SE;SUDESTE;2026-01-15;39.912;84.0182;30.708;64.643;41.186;47.504
JURUMIRIM;47;Reservatório com Usina;PARANAPANEMA;PARANAPANEMA;SE;SUDESTE;2026-01-15;30.349;32.2221;30.349;32.2221;30.28;94.1868
L. C. BARRETO;8;Fio dagua;GRANDE;PARANA;SE;SUDESTE;2026-01-15;320.087;30.1753;320.087;30.1753;320.094;1060.7587
LAJEADO;261;Fio dagua;TOCANTINS;SUDESTE;SE;SUDESTE;2026-01-15;560.988;39.1639;560.988;39.1639;556.546;1432.4115
LIMOEIRO;16;Fio dagua;GRANDE;PARANA;SE;SUDESTE;2026-01-15;22.958;66.1971;22.075;63.651;22.905;34.6813
LUIZ GONZAGA;172;Reservatório com Usina;SAO FRANCISCO;NORDESTE;NE;NORDESTE;2026-01-15;591.556;29.8138;591.556;29.8138;576.66;1984.17
M. MORAES;7;Reservatório com Usina;GRANDE;PARANA;SE;SUDESTE;2026-01-15;195.629;29.5238;195.629;29.5238;205.267;662.6139
MACHADINHO;91;Reservatório com Usina;URUGUAI;SUL;S;SUL;2026-01-15;467.157;102.1363;467.157;102.1363;472.554;457.3859
MANSO;278;Reservatório com Usina;PARAGUAI;SUDESTE;SE;SUDESTE;2026-01-15;102.621;68.2466;102.621;68.2466;101.816;150.368
MARIMBONDO;17;Reservatório com Usina;GRANDE;PARANA;SE;SUDESTE;2026-01-15;555.514;33.4415;555.514;33.4415;496.463;1661.1515
MASCARENHAS;144;Fio dagua;DOCE;SUDESTE;SE;SUDESTE;2026-01-15;76.063;21.412;76.063;21.412;75.666;355.2354
MIRANDA;26;Reservatório com Usina;PARANAIBA;PARANA;SE;SUDESTE;2026-01-15;130.107;36.2102;130.107;36.2102;130.651;359.31
MONJOLINHO;94;Fio dagua;URUGUAI;SUL;S;SUL;2026-01-15;32.578;97.3059;32.578;97.3059;32.006;33.48
MONTE CLARO;98;Fio dagua;JACUI;SUL;S;SUL;2026-01-15;74.095;129.1659;69.492;121.1418;72.444;57.3642
N. AVANHANDAVA;42;Fio dagua;TIETE;PARANA;SE;SUDESTE;2026-01-15;196.383;60.0339;196.383;60.0339;194.414;327.12
NILO PEÇANHA;131;Fio dagua;PARAIBA DO SUL;SUDESTE;SE;SUDESTE;2026-01-15;329.976;85.8742;329.976;85.8742;329.894;384.2553
NOVA PONTE;25;Reservatório com Usina;PARANAIBA;PARANA;SE;SUDESTE;2026-01-15;196.861;40.0788;196.861;40.0788;172.757;491.1852
OURINHOS;249;Fio dagua;PARANAPANEMA;PARANAPANEMA;SE;SUDESTE;2026-01-15;13.728;28.0359;13.728;28.0359;15.06;48.9658
P. AFONSO 1,2,3;174;Fio dagua;SAO FRANCISCO;NORDESTE;NE;NORDESTE;2026-01-15;508.003;29.8271;508.003;29.8271;79.04;1703.16
P. AFONSO 4;175;Fio dagua;SAO FRANCISCO;NORDESTE;NE;NORDESTE;2026-01-15;727.113;29.8271;727.113;29.8271;1266.109;2437.7598
P. COLOMBIA;12;Fio dagua;GRANDE;PARANA;SE;SUDESTE;2026-01-15;166.807;34.5298;166.807;34.5298;170.713;483.0812
PARAIBUNA;121;Reservatório com Usina;PARAIBA DO SUL;SUDESTE;SE;SUDESTE;2026-01-15;17.63;23.9624;17.63;23.9624;16.239;73.5735
PARANAPANEMA;53;Fio dagua;PARANAPANEMA;PARANAPANEMA;SE;SUDESTE;2026-01-15;13.228;31.3441;13.228;31.3441;13.821;42.2025
PASSO FUNDO;93;Reservatório com Usina;URUGUAI;SUL;S;SUL;2026-01-15;76.658;98.4284;76.658;98.4284;77.25;77.882
PASSO REAL;111;Reservatório com Usina;JACUI;SUL;S;SUL;2026-01-15;86.262;167.3431;86.262;167.3431;91.129;51.548
PASSO SAO JOAO;102;Fio dagua;URUGUAI;SUL;S;SUL;2026-01-15;66.992;150.4171;61.393;137.8456;66.749;44.5375
PEDRA DO CAVALO;189;Reservatório com Usina;PARAGUACU;NORDESTE;NE;NORDESTE;2026-01-15;7.52;5.183;7.52;5.183;7.61;145.0899
PEIXE ANGICAL;257;Reservatório com Usina;TOCANTINS;SUDESTE;SE;SUDESTE;2026-01-15;239.114;32.8807;239.114;32.8807;239.346;727.216
PEREIRA PASSOS;133;Fio dagua;PARAIBA DO SUL;SUDESTE;SE;SUDESTE;2026-01-15;45.197;74.3611;45.197;74.3611;45.397;60.7804
PICADA;126;Fio dagua;PARAIBA DO SUL;SUDESTE;SE;SUDESTE;2026-01-15;20.286;28.3383;20.286;28.3383;20.295;71.5852
PIMENTAL;314;Fio dagua;AMAZONAS;BELO MONTE;N;NORTE;2026-01-15;122.787;87.4963;122.787;87.4963;123.499;140.334
PIRAJU;48;Fio dagua;PARANAPANEMA;PARANAPANEMA;SE;SUDESTE;2026-01-15;23.925;31.3447;23.925;31.3447;24.698;76.3286
PONTE DE PEDRA;281;Fio dagua;PARAGUAI;SUDESTE;SE;SUDESTE;2026-01-15;170.128;89.4885;139.179;73.2091;170.896;190.1116
PORTO ESTRELA;135;Reservatório com Usina;DOCE;SUDESTE;SE;SUDESTE;2026-01-15;26.952;19.6256;26.952;19.6256;25.907;137.3307
PORTO PRIMAVERA;46;Fio dagua;PARANA;PARANA;SE;SUDESTE;2026-01-15;975.74;49.6691;975.74;49.6691;1006.728;1964.48
PROMISSÃO;40;Reservatório com Usina;TIETE;PARANA;SE;SUDESTE;2026-01-15;141.605;60.7689;132.659;56.9298;144.704;233.022
QUEBRA QUEIXO;95;Reservatório com Usina;URUGUAI;SUL;S;SUL;2026-01-15;66.24;110.3448;66.24;110.3448;66.062;60.03
QUEIMADO;162;Reservatório com Usina;SAO FRANCISCO;SUDESTE;SE;SUDESTE;2026-01-15;58.447;46.2724;58.447;46.2724;57.029;126.3108
RETIRO BAIXO;155;Reservatório com Usina;SAO FRANCISCO;SUDESTE;SE;SUDESTE;2026-01-15;24.704;23.2907;24.704;23.2907;24.661;106.0682
RONDON II;276;Reservatório com Usina;AMAZONAS;MADEIRA;SE;SUDESTE;2026-01-15;82.635;134.6838;82.635;134.6838;81.658;61.3548
ROSAL;217;Fio dagua;ITABAPOANA;SUDESTE;SE;SUDESTE;2026-01-15;38.15;36.9999;38.15;36.9999;38.195;103.1083
ROSANA;63;Fio dagua;PARANAPANEMA;PARANAPANEMA;SE;SUDESTE;2026-01-15;203.268;63.455;203.268;63.455;201.173;320.334
S.DO FACÃO;21;Reservatório com Usina;PARANAIBA;PARANA;SE;SUDESTE;2026-01-15;86.901;43.9084;86.901;43.9084;82.549;197.9145
S.R.VERDINHO;241;Fio dagua;PARANAIBA;PARANA;SE;SUDESTE;2026-01-15;45.589;47.4049;45.589;47.4049;46.18;96.1694
SA CARVALHO;193;Fio dagua;DOCE;SUDESTE;SE;SUDESTE;2026-01-15;39.235;26.0247;38.299;25.4039;39.265;150.7604
SALTO;262;Fio dagua;PARANAIBA;PARANA;SE;SUDESTE;2026-01-15;51.449;48.4239;51.449;48.4239;51.587;106.2472
SALTO CAXIAS;82;Fio dagua;IGUACU;IGUACU;S;SUL;2026-01-15;448.838;67.4575;448.838;67.4575;447.679;665.3644
SALTO GRANDE CM;134;Fio dagua;DOCE;SUDESTE;SE;SUDESTE;2026-01-15;46.901;20.3763;46.099;20.0279;46.567;230.174
SALTO GRANDE CS;50;Fio dagua;PARANAPANEMA;PARANAPANEMA;SE;SUDESTE;2026-01-15;38.164;39.4094;11.025;11.3848;39.748;96.8399
SALTO OSORIO;78;Fio dagua;IGUACU;IGUACU;S;SUL;2026-01-15;353.469;64.1345;353.469;64.1345;353.483;551.1373
SALTO PILAO;215;Fio dagua;ITAJAI;SUL;S;SUL;2026-01-15;175.193;86.3566;161.08;79.4;175.611;202.8715
SALTO SANTIAGO;77;Reservatório com Usina;IGUACU;IGUACU;S;SUL;2026-01-15;513.002;62.3698;513.002;62.3698;523.889;822.5162
SAMUEL;279;Reservatório com Usina;AMAZONAS;MADEIRA;SE;SUDESTE;2026-01-15;229.091;169.967;229.091;169.967;196.697;134.7856
SANTA BRANCA;122;Reservatório com Usina;PARAIBA DO SUL;SUDESTE;SE;SUDESTE;2026-01-15;10.382;23.5164;10.382;23.5164;8.584;44.148
SANTA CLARA-PR;71;Reservatório com Usina;IGUACU;IGUACU;S;SUL;2026-01-15;47.691;62.4355;47.691;62.4355;48.019;76.3844
SANTO ANTONIO;287;Fio dagua;AMAZONAS;MADEIRA;SE;SUDESTE;2026-01-15;3936.767;103.7615;3659.804;96.4615;3498.053;3794.0553
SAO DOMINGOS;153;Fio dagua;PARANA;PARANA;SE;SUDESTE;2026-01-15;32.058;70.06;30.216;66.0345;31.765;45.7579
SAO JOSE;101;Fio dagua;URUGUAI;SUL;S;SUL;2026-01-15;46.796;147.4438;46.796;147.4438;46.619;31.7382
SAO MANOEL;230;Fio dagua;AMAZONAS;TELES PIRES;SE;SUDESTE;2026-01-15;716.587;86.6251;706.839;85.4467;708.26;827.2283
SAO ROQUE;88;Reservatório com Usina;URUGUAI;SUL;S;SUL;2026-01-15;108.466;135.2486;108.466;135.2486;109.113;80.1975
SAO SALVADOR;253;Fio dagua;TOCANTINS;SUDESTE;SE;SUDESTE;2026-01-15;134.465;36.9805;134.465;36.9805;135.627;363.6108
SÃO SIMÃO;33;Reservatório com Usina;PARANAIBA;PARANA;SE;SUDESTE;2026-01-15;1146.766;45.7301;1146.766;45.7301;1101.35;2507.683
SEGREDO;76;Reservatório com Usina;IGUACU;IGUACU;S;SUL;2026-01-15;442.481;60.7283;442.481;60.7283;443.201;728.624
SERRA DA MESA;251;Reservatório com Usina;TOCANTINS;SUDESTE;SE;SUDESTE;2026-01-15;561.358;39.2407;561.358;39.2407;545.768;1430.55
SIMPLICIO;129;Fio dagua;PARAIBA DO SUL;SUDESTE;SE;SUDESTE;2026-01-15;42.582;13.4526;42.582;13.4526;43.128;316.53285
SINOP;227;Reservatório com Usina;AMAZONAS;TELES PIRES;SE;SUDESTE;2026-01-15;192.854;56.5037;185.804;54.4381;156.057;341.3124
SOBRADINHO;169;Reservatório com Usina;SAO FRANCISCO;NORDESTE;NE;NORDESTE;2026-01-15;361.509;33.2092;361.509;33.2092;331.413;1088.5805
SOBRAGI;127;Fio dagua;PARAIBA DO SUL;SUDESTE;SE;SUDESTE;2026-01-15;20.46;22.8476;18.311;20.4478;20.53;89.55
STA.CLARA-MG;283;Fio dagua;MUCURI;SUDESTE;SE;SUDESTE;2026-01-15;17.27;23.2851;17.27;23.2851;17.101;74.1675
STO ANTONIO DO JARI;286;Fio dagua;AMAZONAS;MANAUS-AMAPA;N;NORTE;2026-01-15;66.165;41.4818;66.165;41.4818;68.04;159.5035
SUIÇA;145;Fio dagua;SANTA MARIA VIT;SUDESTE;SE;SUDESTE;2026-01-15;13.038;30.8489;13.038;30.8489;12.955;42.264
TAQUARUÇU;62;Fio dagua;PARANAPANEMA;PARANAPANEMA;SE;SUDESTE;2026-01-15;196.889;56.285;196.889;56.285;193.353;349.8075
TELES PIRES;229;Fio dagua;AMAZONAS;TELES PIRES;SE;SUDESTE;2026-01-15;1578.758;86.3638;1521.143;83.2121;1600.829;1828.0318
TRÊS IRMÃOS;43;Reservatório com Usina;TIETE;PARANA;SE;SUDESTE;2026-01-15;250.158;50.5704;250.158;50.5704;253.232;494.6725
TRÊS MARIAS;156;Reservatório com Usina;SAO FRANCISCO;SUDESTE;SE;SUDESTE;2026-01-15;235.732;37.9417;235.732;37.9417;229.76;621.3
TUCURUI;275;Reservatório com Usina;TOCANTINS;NORTE;N;NORTE;2026-01-15;4566.846;56.3426;4566.846;56.3426;4182.733;8105.5008
VOLTA GRANDE;11;Fio dagua;GRANDE;PARANA;SE;SUDESTE;2026-01-15;173.837;32.9131;173.837;32.9131;167.788;528.1696
XINGO;178;Fio dagua;SAO FRANCISCO;NORDESTE;NE;NORDESTE;2026-01-15;1464.232;30.3499;1464.232;30.3499;1491.009;4824.4975
14 DE JULHO;99;Fio dagua;JACUI;SUL;S;SUL;2026-01-16;55.47;109.4757;55.47;109.4757;51.866;50.6688
A. VERMELHA;18;Reservatório com Usina;GRANDE;PARANA;SE;SUDESTE;2026-01-16;555.079;33.5431;555.079;33.5431;517.077;1654.825
AIMORES;143;Fio dagua;DOCE;SUDESTE;SE;SUDESTE;2026-01-16;78.285;19.9765;78.285;19.9765;81.378;391.8856
APOLONIO SALES;173;Fio dagua;SAO FRANCISCO;NORDESTE;NE;NORDESTE;2026-01-16;133.226;30.5181;133.226;30.5181;19.903;436.5468
B. BONITA;37;Reservatório com Usina;TIETE;PARANA;SE;SUDESTE;2026-01-16;124.041;102.8614;111.609;92.5521;127.568;120.5904
B.COQUEIROS;312;Fio dagua;PARANAIBA;PARANA;SE;SUDESTE;2026-01-16;40.969;44.1074;40.969;44.1074;41.886;92.8846
BAGUARI;141;Fio dagua;DOCE;SUDESTE;SE;SUDESTE;2026-01-16;46.726;27.1116;46.726;27.1116;47.682;172.347
BAIXO IGUACU;83;Fio dagua;IGUACU;IGUACU;S;SUL;2026-01-16;118.276;63.2284;118.276;63.2284;112.872;187.0614
BALBINA;277;Reservatório com Usina;AMAZONAS;MANAUS-AMAPA;N;NORTE;2026-01-16;120.503;143.0472;120.503;143.0472;114.741;84.24
BARIRI;38;Fio dagua;TIETE;PARANA;SE;SUDESTE;2026-01-16;130.968;93.1276;130.968;93.1276;132.108;140.6328
BARRA BRAUNA;185;Fio dagua;PARAIBA DO SUL;SUDESTE;SE;SUDESTE;2026-01-16;13.345;29.3685;13.345;29.3685;13.276;45.4398
BARRA GRANDE;86;Reservatório com Usina;URUGUAI;SUL;S;SUL;2026-01-16;176.488;65.9789;175.073;65.4499;179.021;267.4917
BATALHA;20;Reservatório com Usina;PARANAIBA;PARANA;SE;SUDESTE;2026-01-16;25.89;39.6245;25.89;39.6245;23.886;65.3384
BELO MONTE;288;Fio dagua;AMAZONAS;BELO MONTE;N;NORTE;2026-01-16;4315.762;77.0873;4315.762;77.0873;4308.663;5598.54
BOA ESPERANÇA;190;Reservatório com Usina;PARNAIBA;NORDESTE;NE;NORDESTE;2026-01-16;133.091;55.3019;133.091;55.3019;129.664;240.6624
C. DOURADA;32;Fio dagua;PARANAIBA;PARANA;SE;SUDESTE;2026-01-16;353.622;47.8166;352.271;47.634;363.871;739.5374
C.BRANCO-1;27;Reservatório com Usina;PARANAIBA;PARANA;SE;SUDESTE;2026-01-16;112.457;37.2712;98.649;32.6949;110.649;301.726
C.BRANCO-2;28;Fio dagua;PARANAIBA;PARANA;SE;SUDESTE;2026-01-16;91.168;35.7906;91.168;35.7906;91.129;254.7259
CACHOEIRA CALDEIRAO;204;Fio dagua;ARAGUARI;MANAUS-AMAPA;N;NORTE;2026-01-16;33.104;42.1195;33.104;42.1195;33.704;78.5954
CACONDE;14;Reservatório com Usina;GRANDE;PARANA;SE;SUDESTE;2026-01-16;65.965;84.0742;65.965;84.0742;62.878;78.4605
CACU;311;Reservatório com Usina;PARANAIBA;PARANA;SE;SUDESTE;2026-01-16;29.568;43.7694;29.568;43.7694;29.963;67.554
CAMARGOS;1;Reservatório com Usina;GRANDE;PARANA;SE;SUDESTE;2026-01-16;17.239;34.3138;17.239;34.3138;16.322;50.2392
CAMPOS NOVOS;90;Reservatório com Usina;URUGUAI;SUL;S;SUL;2026-01-16;448.704;116.3917;448.704;116.3917;451.351;385.512
CANA BRAVA;252;Fio dagua;TOCANTINS;SUDESTE;SE;SUDESTE;2026-01-16;223.857;37.6784;223.857;37.6784;221.713;594.1248
CANASTRA;87;Fio dagua;JACUI;SUL;S;SUL;2026-01-16;;;;;;
CANDONGA;139;Fio dagua;DOCE;SUDESTE;SE;SUDESTE;2026-01-16;45.3;37.8194;45.3;37.8194;44.319;119.7798
CANOAS I;52;Fio dagua;PARANAPANEMA;PARANAPANEMA;SE;SUDESTE;2026-01-16;44.259;43.2663;44.259;43.2663;45.209;102.2943
CANOAS II;51;Fio dagua;PARANAPANEMA;PARANAPANEMA;SE;SUDESTE;2026-01-16;35.934;42.08;35.934;42.08;36.946;85.3944
CAPIVARA;61;Reservatório com Usina;PARANAPANEMA;PARANAPANEMA;SE;SUDESTE;2026-01-16;298.363;53.0213;298.363;53.0213;316.094;562.7232
CASTRO ALVES;97;Fio dagua;JACUI;SUL;S;SUL;2026-01-16;72.722;98.6869;72.722;98.6869;70.757;73.6896
CHAVANTES;49;Reservatório com Usina;PARANAPANEMA;PARANAPANEMA;SE;SUDESTE;2026-01-16;92.606;29.8053;92.606;29.8053;91.439;310.7031
COARACY NUNES;280;Fio dagua;ARAGUARI;MANAUS-AMAPA;N;NORTE;2026-01-16;42.43;42.1353;42.43;42.1353;42.287;100.6995
COLIDER;228;Fio dagua;AMAZONAS;TELES PIRES;SE;SUDESTE;2026-01-16;181.854;57.0495;108.708;34.1028;129.044;318.7652
CORUMBA;30;Reservatório com Usina;PARANAIBA;PARANA;SE;SUDESTE;2026-01-16;239.455;53.0613;239.455;53.0613;229.162;451.2798
CORUMBA-3;203;Reservatório com Usina;PARANAIBA;PARANA;SE;SUDESTE;2026-01-16;54.967;61.1431;50.107;55.7371;53.079;89.8989
CORUMBA-4;29;Reservatório com Usina;PARANAIBA;PARANA;SE;SUDESTE;2026-01-16;73.744;60.7503;70.242;57.8653;72.906;121.3888
CURUA-UNA;272;Reservatório com Usina;AMAZONAS;BELO MONTE;N;NORTE;2026-01-16;22.235;87.702;22.235;87.702;18.985;25.3529
D. FRANCISCA;114;Fio dagua;JACUI;SUL;S;SUL;2026-01-16;94.646;133.0284;94.646;133.0284;94.526;71.1472
DARDANELOS;310;Fio dagua;AMAZONAS;MADEIRA;SE;SUDESTE;2026-01-16;425.961;100.457;233.934;55.1701;414.669;424.0232
E. DA CUNHA;15;Fio dagua;GRANDE;PARANA;SE;SUDESTE;2026-01-16;93.257;80.7205;85.005;73.5778;91.897;115.5308
EMBORCAÇÃO;24;Reservatório com Usina;PARANAIBA;PARANA;SE;SUDESTE;2026-01-16;414.416;41.5575;414.416;41.5575;392.972;997.2102
ESPORA;290;Reservatório com Usina;PARANAIBA;PARANA;SE;SUDESTE;2026-01-16;21.585;67.1008;21.585;67.1008;20.42;32.168
ESTREITO;267;Fio dagua;TOCANTINS;NORTE;N;NORTE;2026-01-16;642.605;45.6258;511.152;36.2925;552.176;1408.425
FERREIRA GOMES;284;Fio dagua;ARAGUARI;MANAUS-AMAPA;N;NORTE;2026-01-16;35.745;42.2051;34.996;41.3208;39.767;84.6935
FONTES;132;Fio dagua;PARAIBA DO SUL;SUDESTE;SE;SUDESTE;2026-01-16;45.924;37.7779;45.924;37.7779;45.883;121.563
FOZ CHAPECO;103;Fio dagua;URUGUAI;SUL;S;SUL;2026-01-16;376.575;97.4032;342.78;88.6619;372.124;386.6148
FOZ DO RIO CLARO;315;Fio dagua;PARANAIBA;PARANA;SE;SUDESTE;2026-01-16;32.756;44.1188;30.361;40.893;32.614;74.245
FUNDÃO;72;Fio dagua;IGUACU;IGUACU;S;SUL;2026-01-16;47.699;58.0003;47.699;58.0003;48.36;82.2393
FUNIL;123;Reservatório com Usina;PARAIBA DO SUL;SUDESTE;SE;SUDESTE;2026-01-16;66.32;31.8074;66.32;31.8074;57.613;208.505
FUNIL-MG;4;Fio dagua;GRANDE;PARANA;SE;SUDESTE;2026-01-16;60.606;29.9595;60.606;29.9595;62.638;202.293
FURNAS;6;Reservatório com Usina;GRANDE;PARANA;SE;SUDESTE;2026-01-16;444.239;31.9357;444.239;31.9357;422.594;1391.043
G. B. MUNHOZ;74;Reservatório com Usina;IGUACU;IGUACU;S;SUL;2026-01-16;356.644;52.6752;356.644;52.6752;347.348;677.0622
G. P. SOUZA;115;Reservatório com Usina;CAPIVARI;SUL;S;SUL;2026-01-16;101.985;64.2001;101.985;64.2001;101.874;158.855
GARIBALDI;89;Reservatório com Usina;URUGUAI;SUL;S;SUL;2026-01-16;98.753;121.0637;98.753;121.0637;97.854;81.5711
GOV JAYME CANET JR;57;Reservatório com Usina;PARANAPANEMA;IGUACU;S;SUL;2026-01-16;130.419;40.7474;130.419;40.7474;129.875;320.067
GUAPORE;196;Fio dagua;AMAZONAS;MADEIRA;SE;SUDESTE;2026-01-16;58.548;105.2507;58.548;105.2507;58.456;55.6272
GUILM. AMORIM;192;Fio dagua;DOCE;SUDESTE;SE;SUDESTE;2026-01-16;42.096;28.2567;42.096;28.2567;41.783;148.9768
HENRY BORDEN;119;Fio dagua;TIETE;SUDESTE;SE;SUDESTE;2026-01-16;1396.681;366.9551;1396.681;366.9551;1395.908;380.6136
I. SOLTEIRA;34;Reservatório com Usina;PARANA;PARANA;SE;SUDESTE;2026-01-16;1339.355;39.9419;1339.355;39.9419;1364.259;3353.2623
IBITINGA;39;Fio dagua;TIETE;PARANA;SE;SUDESTE;2026-01-16;136.9;86.7996;136.9;86.7996;137.728;157.7196
IGARAPAVA;10;Fio dagua;GRANDE;PARANA;SE;SUDESTE;2026-01-16;98.422;32.0395;83.649;27.2305;97.436;307.1891
ILHA POMBOS;130;Fio dagua;PARAIBA DO SUL;SUDESTE;SE;SUDESTE;2026-01-16;51.905;22.2852;51.905;22.2852;55.787;232.9124
IRAPE;148;Reservatório com Usina;JEQUITINHONHA;SUDESTE;SE;SUDESTE;2026-01-16;78.667;16.403;78.667;16.403;78.761;479.589
ITÁ;92;Fio dagua;URUGUAI;SUL;S;SUL;2026-01-16;573.511;89.1711;573.511;89.1711;570.891;643.1579
ITAIPU;66;Fio dagua;PARANA;ITAIPU;SE;SUDESTE;2026-01-16;8863.027;58.9448;8863.027;58.9448;9040.027;15036.1432
ITAPEBI;154;Fio dagua;JEQUITINHONHA;NORDESTE;NE;NORDESTE;2026-01-16;167.396;30.2481;140.941;25.4677;170.555;553.41
ITAUBA;113;Fio dagua;JACUI;SUL;S;SUL;2026-01-16;191.109;145.3968;191.109;145.3968;186.551;131.4396
ITIQUIRA I;304;Fio dagua;PARAGUAI;SUDESTE;SE;SUDESTE;2026-01-16;39.562;51.9995;39.562;51.9995;39.486;76.0815
ITIQUIRA II;305;Fio dagua;PARAGUAI;SUDESTE;SE;SUDESTE;2026-01-16;63.006;51.9997;59.335;48.97;63.138;121.1661
ITUMBIARA;31;Reservatório com Usina;PARANAIBA;PARANA;SE;SUDESTE;2026-01-16;896.617;48.7939;896.617;48.7939;815.42;1837.5605
ITUTINGA;2;Fio dagua;GRANDE;PARANA;SE;SUDESTE;2026-01-16;20.237;34.3143;20.237;34.3143;20.699;58.9754
JACUI;112;Fio dagua;JACUI;SUL;S;SUL;2026-01-16;178.365;159.0995;28.091;25.0568;185.423;112.1091
JAGUARA;9;Fio dagua;GRANDE;PARANA;SE;SUDESTE;2026-01-16;245.845;31.6898;205.222;26.4535;245.697;775.7848
JAGUARI;120;Reservatório com Usina;PARAIBA DO SUL;SUDESTE;SE;SUDESTE;2026-01-16;16.093;70.8406;15.06;66.2934;14.559;22.7172
JAURU;195;Fio dagua;PARAGUAI;SUDESTE;SE;SUDESTE;2026-01-16;73.586;82.4482;73.586;82.4482;73.374;89.2512
JIRAU;285;Fio dagua;AMAZONAS;MADEIRA;SE;SUDESTE;2026-01-16;3985.465;109.3552;3417.545;93.7723;3652.449;3644.515
JUPIA;45;Fio dagua;PARANA;PARANA;SE;SUDESTE;2026-01-16;785.693;42.3084;785.693;42.3084;810.557;1857.06
JURUENA;309;Fio dagua;AMAZONAS;TELES PIRES;SE;SUDESTE;2026-01-16;39.381;82.9004;31.365;66.026;40.578;47.504
JURUMIRIM;47;Reservatório com Usina;PARANAPANEMA;PARANAPANEMA;SE;SUDESTE;2026-01-16;32.852;34.8796;32.852;34.8796;32.787;94.1868
L. C. BARRETO;8;Fio dagua;GRANDE;PARANA;SE;SUDESTE;2026-01-16;335.952;31.6709;335.952;31.6709;334.971;1060.7587
LAJEADO;261;Fio dagua;TOCANTINS;SUDESTE;SE;SUDESTE;2026-01-16;493.322;34.44;493.322;34.44;490.492;1432.4115
LIMOEIRO;16;Fio dagua;GRANDE;PARANA;SE;SUDESTE;2026-01-16;27.336;78.8206;26.232;75.6373;26.816;34.6813
LUIZ GONZAGA;172;Reservatório com Usina;SAO FRANCISCO;NORDESTE;NE;NORDESTE;2026-01-16;605.26;30.5044;605.26;30.5044;592.29;1984.17
M. MORAES;7;Reservatório com Usina;GRANDE;PARANA;SE;SUDESTE;2026-01-16;208.59;31.4799;208.59;31.4799;217.878;662.6139
MACHADINHO;91;Reservatório com Usina;URUGUAI;SUL;S;SUL;2026-01-16;439.521;96.0941;439.521;96.0941;442.699;457.3859
MANSO;278;Reservatório com Usina;PARAGUAI;SUDESTE;SE;SUDESTE;2026-01-16;97.119;64.5875;97.119;64.5875;96.325;150.368
MARIMBONDO;17;Reservatório com Usina;GRANDE;PARANA;SE;SUDESTE;2026-01-16;585.021;35.2178;585.021;35.2178;526.621;1661.1515
MASCARENHAS;144;Fio dagua;DOCE;SUDESTE;SE;SUDESTE;2026-01-16;74.174;20.8802;74.174;20.8802;73.82;355.2354
MIRANDA;26;Reservatório com Usina;PARANAIBA;PARANA;SE;SUDESTE;2026-01-16;136.556;38.0051;136.556;38.0051;137.439;359.31
MONJOLINHO;94;Fio dagua;URUGUAI;SUL;S;SUL;2026-01-16;27.934;83.4349;27.934;83.4349;27.58;33.48
MONTE CLARO;98;Fio dagua;JACUI;SUL;S;SUL;2026-01-16;59.446;103.6291;54.843;95.6049;58.241;57.3642
N. AVANHANDAVA;42;Fio dagua;TIETE;PARANA;SE;SUDESTE;2026-01-16;207.486;63.4281;207.486;63.4281;205.744;327.12
NILO PEÇANHA;131;Fio dagua;PARAIBA DO SUL;SUDESTE;SE;SUDESTE;2026-01-16;332.851;86.6224;332.851;86.6224;332.769;384.2553
NOVA PONTE;25;Reservatório com Usina;PARANAIBA;PARANA;SE;SUDESTE;2026-01-16;203.523;41.4351;203.523;41.4351;178.074;491.1852
OURINHOS;249;Fio dagua;PARANAPANEMA;PARANAPANEMA;SE;SUDESTE;2026-01-16;14.747;30.1169;13.978;28.5465;16.112;48.9658
P. AFONSO 1,2,3;174;Fio dagua;SAO FRANCISCO;NORDESTE;NE;NORDESTE;2026-01-16;519.772;30.5181;519.772;30.5181;84.602;1703.16
P. AFONSO 4;175;Fio dagua;SAO FRANCISCO;NORDESTE;NE;NORDESTE;2026-01-16;743.957;30.5181;743.957;30.5181;1290.092;2437.7598
P. COLOMBIA;12;Fio dagua;GRANDE;PARANA;SE;SUDESTE;2026-01-16;171.213;35.4419;171.213;35.4419;174.605;483.0812
PARAIBUNA;121;Reservatório com Usina;PARAIBA DO SUL;SUDESTE;SE;SUDESTE;2026-01-16;33.08;44.9618;0.0;0.0;30.421;73.5735
PARANAPANEMA;53;Fio dagua;PARANAPANEMA;PARANAPANEMA;SE;SUDESTE;2026-01-16;14.427;34.1852;14.427;34.1852;15.074;42.2025
PASSO FUNDO;93;Reservatório com Usina;URUGUAI;SUL;S;SUL;2026-01-16;64.909;83.3427;64.909;83.3427;65.4;77.882
PASSO REAL;111;Reservatório com Usina;JACUI;SUL;S;SUL;2026-01-16;81.961;158.9994;81.961;158.9994;86.706;51.548
PASSO SAO JOAO;102;Fio dagua;URUGUAI;SUL;S;SUL;2026-01-16;63.335;142.206;57.481;129.062;63.016;44.5375
PEDRA DO CAVALO;189;Reservatório com Usina;PARAGUACU;NORDESTE;NE;NORDESTE;2026-01-16;8.487;5.8495;8.487;5.8495;8.588;145.0899
PEIXE ANGICAL;257;Reservatório com Usina;TOCANTINS;SUDESTE;SE;SUDESTE;2026-01-16;235.5;32.3838;235.5;32.3838;233.783;727.216
PEREIRA PASSOS;133;Fio dagua;PARAIBA DO SUL;SUDESTE;SE;SUDESTE;2026-01-16;45.543;74.9304;45.543;74.9304;45.587;60.7804
PICADA;126;Fio dagua;PARAIBA DO SUL;SUDESTE;SE;SUDESTE;2026-01-16;23.438;32.7414;23.438;32.7414;23.443;71.5852
PIMENTAL;314;Fio dagua;AMAZONAS;BELO MONTE;N;NORTE;2026-01-16;123.937;88.3157;123.937;88.3157;123.789;140.334
PIRAJU;48;Fio dagua;PARANAPANEMA;PARANAPANEMA;SE;SUDESTE;2026-01-16;26.092;34.1838;26.092;34.1838;26.946;76.3286
PONTE DE PEDRA;281;Fio dagua;PARAGUAI;SUDESTE;SE;SUDESTE;2026-01-16;166.149;87.3955;135.2;71.1161;166.899;190.1116
PORTO ESTRELA;135;Reservatório com Usina;DOCE;SUDESTE;SE;SUDESTE;2026-01-16;27.044;19.6926;27.044;19.6926;25.731;137.3307
PORTO PRIMAVERA;46;Fio dagua;PARANA;PARANA;SE;SUDESTE;2026-01-16;938.083;47.7522;938.083;47.7522;968.353;1964.48
PROMISSÃO;40;Reservatório com Usina;TIETE;PARANA;SE;SUDESTE;2026-01-16;155.356;66.6701;70.156;30.107;157.794;233.022
QUEBRA QUEIXO;95;Reservatório com Usina;URUGUAI;SUL;S;SUL;2026-01-16;74.779;124.5694;74.779;124.5694;74.653;60.03
QUEIMADO;162;Reservatório com Usina;SAO FRANCISCO;SUDESTE;SE;SUDESTE;2026-01-16;50.049;39.6237;50.049;39.6237;48.859;126.3108
RETIRO BAIXO;155;Reservatório com Usina;SAO FRANCISCO;SUDESTE;SE;SUDESTE;2026-01-16;26.694;25.1668;26.694;25.1668;26.713;106.0682
RONDON II;276;Reservatório com Usina;AMAZONAS;MADEIRA;SE;SUDESTE;2026-01-16;80.102;130.5554;80.102;130.5554;78.969;61.3548
ROSAL;217;Fio dagua;ITABAPOANA;SUDESTE;SE;SUDESTE;2026-01-16;36.375;35.2784;36.375;35.2784;36.185;103.1083
ROSANA;63;Fio dagua;PARANAPANEMA;PARANAPANEMA;SE;SUDESTE;2026-01-16;190.048;59.3281;190.048;59.3281;191.189;320.334
S.DO FACÃO;21;Reservatório com Usina;PARANAIBA;PARANA;SE;SUDESTE;2026-01-16;79.315;40.0754;79.315;40.0754;75.151;197.9145
S.R.VERDINHO;241;Fio dagua;PARANAIBA;PARANA;SE;SUDESTE;2026-01-16;46.416;48.2648;46.416;48.2648;47.245;96.1694
SA CARVALHO;193;Fio dagua;DOCE;SUDESTE;SE;SUDESTE;2026-01-16;40.059;26.5713;39.123;25.9504;39.942;150.7604
SALTO;262;Fio dagua;PARANAIBA;PARANA;SE;SUDESTE;2026-01-16;49.936;46.9998;49.936;46.9998;49.548;106.2472
SALTO CAXIAS;82;Fio dagua;IGUACU;IGUACU;S;SUL;2026-01-16;414.054;62.2297;414.054;62.2297;409.906;665.3644
SALTO GRANDE CM;134;Fio dagua;DOCE;SUDESTE;SE;SUDESTE;2026-01-16;47.254;20.5297;46.452;20.1813;47.122;230.174
SALTO GRANDE CS;50;Fio dagua;PARANAPANEMA;PARANAPANEMA;SE;SUDESTE;2026-01-16;40.228;41.5407;14.424;14.8947;42.247;96.8399
SALTO OSORIO;78;Fio dagua;IGUACU;IGUACU;S;SUL;2026-01-16;333.59;60.5276;333.59;60.5276;333.8;551.1373
SALTO PILAO;215;Fio dagua;ITAJAI;SUL;S;SUL;2026-01-16;170.095;83.8437;115.407;56.8867;170.561;202.8715
SALTO SANTIAGO;77;Reservatório com Usina;IGUACU;IGUACU;S;SUL;2026-01-16;485.838;59.0673;485.838;59.0673;494.424;822.5162
SAMUEL;279;Reservatório com Usina;AMAZONAS;MADEIRA;SE;SUDESTE;2026-01-16;226.285;167.8851;226.285;167.8851;194.361;134.7856
SANTA BRANCA;122;Reservatório com Usina;PARAIBA DO SUL;SUDESTE;SE;SUDESTE;2026-01-16;17.869;40.4752;17.869;40.4752;14.77;44.148
SANTA CLARA-PR;71;Reservatório com Usina;IGUACU;IGUACU;S;SUL;2026-01-16;43.222;56.5849;43.222;56.5849;43.385;76.3844
SANTO ANTONIO;287;Fio dagua;AMAZONAS;MADEIRA;SE;SUDESTE;2026-01-16;4052.058;106.8002;3474.615;91.5805;3519.536;3794.0553
SAO DOMINGOS;153;Fio dagua;PARANA;PARANA;SE;SUDESTE;2026-01-16;30.062;65.6979;28.219;61.6702;30.084;45.7579
SAO JOSE;101;Fio dagua;URUGUAI;SUL;S;SUL;2026-01-16;44.156;139.1257;44.156;139.1257;44.093;31.7382
SAO MANOEL;230;Fio dagua;AMAZONAS;TELES PIRES;SE;SUDESTE;2026-01-16;696.84;84.2379;676.437;81.7715;689.867;827.2283
SAO ROQUE;88;Reservatório com Usina;URUGUAI;SUL;S;SUL;2026-01-16;118.233;147.4273;118.233;147.4273;118.938;80.1975
SAO SALVADOR;253;Fio dagua;TOCANTINS;SUDESTE;SE;SUDESTE;2026-01-16;134.426;36.9697;134.426;36.9697;135.08;363.6108
SÃO SIMÃO;33;Reservatório com Usina;PARANAIBA;PARANA;SE;SUDESTE;2026-01-16;1132.15;45.1473;1132.15;45.1473;1086.664;2507.683
SEGREDO;76;Reservatório com Usina;IGUACU;IGUACU;S;SUL;2026-01-16;420.27;57.68;420.27;57.68;420.954;728.624
SERRA DA MESA;251;Reservatório com Usina;TOCANTINS;SUDESTE;SE;SUDESTE;2026-01-16;550.153;38.4574;550.153;38.4574;535.836;1430.55
SIMPLICIO;129;Fio dagua;PARAIBA DO SUL;SUDESTE;SE;SUDESTE;2026-01-16;45.999;14.5321;45.999;14.5321;46.58;316.53285
SINOP;227;Reservatório com Usina;AMAZONAS;TELES PIRES;SE;SUDESTE;2026-01-16;197.998;58.0108;190.705;55.874;160.145;341.3124
SOBRADINHO;169;Reservatório com Usina;SAO FRANCISCO;NORDESTE;NE;NORDESTE;2026-01-16;400.904;36.8281;400.904;36.8281;367.237;1088.5805
SOBRAGI;127;Fio dagua;PARAIBA DO SUL;SUDESTE;SE;SUDESTE;2026-01-16;22.867;25.5355;21.435;23.9363;22.928;89.55
STA.CLARA-MG;283;Fio dagua;MUCURI;SUDESTE;SE;SUDESTE;2026-01-16;15.229;20.5333;15.229;20.5333;15.109;74.1675
STO ANTONIO DO JARI;286;Fio dagua;AMAZONAS;MANAUS-AMAPA;N;NORTE;2026-01-16;64.227;40.2668;64.227;40.2668;65.723;159.5035
SUIÇA;145;Fio dagua;SANTA MARIA VIT;SUDESTE;SE;SUDESTE;2026-01-16;12.616;29.8505;12.616;29.8505;12.559;42.264
TAQUARUÇU;62;Fio dagua;PARANAPANEMA;PARANAPANEMA;SE;SUDESTE;2026-01-16;191.495;54.743;191.495;54.743;184.074;349.8075
TELES PIRES;229;Fio dagua;AMAZONAS;TELES PIRES;SE;SUDESTE;2026-01-16;1530.038;83.6987;1346.578;73.6627;1554.436;1828.0318
TRÊS IRMÃOS;43;Reservatório com Usina;TIETE;PARANA;SE;SUDESTE;2026-01-16;254.376;51.4231;254.376;51.4231;257.335;494.6725
TRÊS MARIAS;156;Reservatório com Usina;SAO FRANCISCO;SUDESTE;SE;SUDESTE;2026-01-16;221.471;35.6464;221.471;35.6464;215.948;621.3
TUCURUI;275;Reservatório com Usina;TOCANTINS;NORTE;N;NORTE;2026-01-16;4705.109;58.0483;4705.109;58.0483;4312.469;8105.5008
VOLTA GRANDE;11;Fio dagua;GRANDE;PARANA;SE;SUDESTE;2026-01-16;176.691;33.4535;176.691;33.4535;171.888;528.1696
XINGO;178;Fio dagua;SAO FRANCISCO;NORDESTE;NE;NORDESTE;2026-01-16;1441.258;29.8737;1441.258;29.8737;1467.132;4824.4975
14 DE JULHO;99;Fio dagua;JACUI;SUL;S;SUL;2026-01-17;48.0;94.7329;48.0;94.7329;46.472;50.6688
A. VERMELHA;18;Reservatório com Usina;GRANDE;PARANA;SE;SUDESTE;2026-01-17;591.061;35.7174;591.061;35.7174;556.799;1654.825
AIMORES;143;Fio dagua;DOCE;SUDESTE;SE;SUDESTE;2026-01-17;79.551;20.2995;79.551;20.2995;82.056;391.8856
APOLONIO SALES;173;Fio dagua;SAO FRANCISCO;NORDESTE;NE;NORDESTE;2026-01-17;143.777;32.9351;143.777;32.9351;26.057;436.5468
B. BONITA;37;Reservatório com Usina;TIETE;PARANA;SE;SUDESTE;2026-01-17;142.496;118.1653;130.064;107.856;146.547;120.5904
B.COQUEIROS;312;Fio dagua;PARANAIBA;PARANA;SE;SUDESTE;2026-01-17;39.558;42.5883;39.558;42.5883;40.773;92.8846
BAGUARI;141;Fio dagua;DOCE;SUDESTE;SE;SUDESTE;2026-01-17;47.023;27.2839;47.023;27.2839;48.01;172.347
BAIXO IGUACU;83;Fio dagua;IGUACU;IGUACU;S;SUL;2026-01-17;110.913;59.2923;110.913;59.2923;107.436;187.0614
BALBINA;277;Reservatório com Usina;AMAZONAS;MANAUS-AMAPA;N;NORTE;2026-01-17;119.444;141.7901;119.444;141.7901;114.712;84.24
BARIRI;38;Fio dagua;TIETE;PARANA;SE;SUDESTE;2026-01-17;156.42;111.2258;156.42;111.2258;154.044;140.6328
BARRA BRAUNA;185;Fio dagua;PARAIBA DO SUL;SUDESTE;SE;SUDESTE;2026-01-17;13.996;30.8012;13.996;30.8012;13.754;45.4398
BARRA GRANDE;86;Reservatório com Usina;URUGUAI;SUL;S;SUL;2026-01-17;246.291;92.0743;246.291;92.0743;249.392;267.4917
BATALHA;20;Reservatório com Usina;PARANAIBA;PARANA;SE;SUDESTE;2026-01-17;23.579;36.0875;23.579;36.0875;21.759;65.3384
BELO MONTE;288;Fio dagua;AMAZONAS;BELO MONTE;N;NORTE;2026-01-17;4509.362;80.5453;4509.362;80.5453;4528.571;5598.54
BOA ESPERANÇA;190;Reservatório com Usina;PARNAIBA;NORDESTE;NE;NORDESTE;2026-01-17;131.051;54.4543;131.051;54.4543;127.863;240.6624
C. DOURADA;32;Fio dagua;PARANAIBA;PARANA;SE;SUDESTE;2026-01-17;349.752;47.2933;345.429;46.7088;370.315;739.5374
C.BRANCO-1;27;Reservatório com Usina;PARANAIBA;PARANA;SE;SUDESTE;2026-01-17;111.48;36.9474;87.956;29.151;108.963;301.726
C.BRANCO-2;28;Fio dagua;PARANAIBA;PARANA;SE;SUDESTE;2026-01-17;92.894;36.4682;92.894;36.4682;92.389;254.7259
CACHOEIRA CALDEIRAO;204;Fio dagua;ARAGUARI;MANAUS-AMAPA;N;NORTE;2026-01-17;32.425;41.2556;32.425;41.2556;33.658;78.5954
CACONDE;14;Reservatório com Usina;GRANDE;PARANA;SE;SUDESTE;2026-01-17;97.068;123.7158;97.068;123.7158;92.948;78.4605
CACU;311;Reservatório com Usina;PARANAIBA;PARANA;SE;SUDESTE;2026-01-17;28.453;42.1189;28.453;42.1189;29.094;67.554
CAMARGOS;1;Reservatório com Usina;GRANDE;PARANA;SE;SUDESTE;2026-01-17;19.137;38.0918;19.137;38.0918;18.216;50.2392
CAMPOS NOVOS;90;Reservatório com Usina;URUGUAI;SUL;S;SUL;2026-01-17;464.558;120.5042;464.558;120.5042;468.533;385.512
CANA BRAVA;252;Fio dagua;TOCANTINS;SUDESTE;SE;SUDESTE;2026-01-17;211.649;35.6237;211.649;35.6237;209.719;594.1248
CANASTRA;87;Fio dagua;JACUI;SUL;S;SUL;2026-01-17;;;;;;
CANDONGA;139;Fio dagua;DOCE;SUDESTE;SE;SUDESTE;2026-01-17;41.491;34.6394;41.491;34.6394;40.383;119.7798
CANOAS I;52;Fio dagua;PARANAPANEMA;PARANAPANEMA;SE;SUDESTE;2026-01-17;46.302;45.2635;46.302;45.2635;47.069;102.2943
CANOAS II;51;Fio dagua;PARANAPANEMA;PARANAPANEMA;SE;SUDESTE;2026-01-17;37.644;44.0825;37.644;44.0825;38.492;85.3944
CAPIVARA;61;Reservatório com Usina;PARANAPANEMA;PARANAPANEMA;SE;SUDESTE;2026-01-17;294.091;52.2621;294.091;52.2621;312.441;562.7232
CASTRO ALVES;97;Fio dagua;JACUI;SUL;S;SUL;2026-01-17;68.516;92.9792;68.516;92.9792;66.736;73.6896
CHAVANTES;49;Reservatório com Usina;PARANAPANEMA;PARANAPANEMA;SE;SUDESTE;2026-01-17;99.573;32.0476;99.573;32.0476;98.546;310.7031
COARACY NUNES;280;Fio dagua;ARAGUARI;MANAUS-AMAPA;N;NORTE;2026-01-17;41.594;41.3051;41.594;41.3051;41.433;100.6995
COLIDER;228;Fio dagua;AMAZONAS;TELES PIRES;SE;SUDESTE;2026-01-17;185.21;58.1023;122.454;38.4151;133.301;318.7652
CORUMBA;30;Reservatório com Usina;PARANAIBA;PARANA;SE;SUDESTE;2026-01-17;244.944;54.2776;244.944;54.2776;235.378;451.2798
CORUMBA-3;203;Reservatório com Usina;PARANAIBA;PARANA;SE;SUDESTE;2026-01-17;47.848;53.2242;41.947;46.6602;46.544;89.8989
CORUMBA-4;29;Reservatório com Usina;PARANAIBA;PARANA;SE;SUDESTE;2026-01-17;57.222;47.1394;52.553;43.2931;57.095;121.3888
CURUA-UNA;272;Reservatório com Usina;AMAZONAS;BELO MONTE;N;NORTE;2026-01-17;22.908;90.3565;22.908;90.3565;19.572;25.3529
D. FRANCISCA;114;Fio dagua;JACUI;SUL;S;SUL;2026-01-17;97.223;136.6505;97.223;136.6505;98.192;71.1472
DARDANELOS;310;Fio dagua;AMAZONAS;MADEIRA;SE;SUDESTE;2026-01-17;412.893;97.3751;255.622;60.2849;402.074;424.0232
E. DA CUNHA;15;Fio dagua;GRANDE;PARANA;SE;SUDESTE;2026-01-17;129.71;112.2731;129.71;112.2731;126.018;115.5308
EMBORCAÇÃO;24;Reservatório com Usina;PARANAIBA;PARANA;SE;SUDESTE;2026-01-17;387.939;38.9024;387.939;38.9024;368.017;997.2102
ESPORA;290;Reservatório com Usina;PARANAIBA;PARANA;SE;SUDESTE;2026-01-17;21.987;68.3505;21.987;68.3505;20.849;32.168
ESTREITO;267;Fio dagua;TOCANTINS;NORTE;N;NORTE;2026-01-17;616.447;43.7685;616.447;43.7685;542.166;1408.425
FERREIRA GOMES;284;Fio dagua;ARAGUARI;MANAUS-AMAPA;N;NORTE;2026-01-17;35.072;41.4105;35.072;41.4105;38.704;84.6935
FONTES;132;Fio dagua;PARAIBA DO SUL;SUDESTE;SE;SUDESTE;2026-01-17;45.924;37.7779;45.924;37.7779;45.894;121.563
FOZ CHAPECO;103;Fio dagua;URUGUAI;SUL;S;SUL;2026-01-17;361.516;93.5081;327.271;84.6504;363.933;386.6148
FOZ DO RIO CLARO;315;Fio dagua;PARANAIBA;PARANA;SE;SUDESTE;2026-01-17;32.301;43.506;31.583;42.5389;32.173;74.245
FUNDÃO;72;Fio dagua;IGUACU;IGUACU;S;SUL;2026-01-17;45.772;55.6571;45.772;55.6571;46.647;82.2393
FUNIL;123;Reservatório com Usina;PARAIBA DO SUL;SUDESTE;SE;SUDESTE;2026-01-17;74.242;35.6068;74.242;35.6068;64.564;208.505
FUNIL-MG;4;Fio dagua;GRANDE;PARANA;SE;SUDESTE;2026-01-17;65.667;32.4613;65.667;32.4613;68.252;202.293
FURNAS;6;Reservatório com Usina;GRANDE;PARANA;SE;SUDESTE;2026-01-17;525.767;37.7966;525.767;37.7966;495.495;1391.043
G. B. MUNHOZ;74;Reservatório com Usina;IGUACU;IGUACU;S;SUL;2026-01-17;370.317;54.6947;370.317;54.6947;361.664;677.0622
G. P. SOUZA;115;Reservatório com Usina;CAPIVARI;SUL;S;SUL;2026-01-17;181.095;114.0002;181.095;114.0002;180.931;158.855
GARIBALDI;89;Reservatório com Usina;URUGUAI;SUL;S;SUL;2026-01-17;106.976;131.1445;106.976;131.1445;107.278;81.5711
GOV JAYME CANET JR;57;Reservatório com Usina;PARANAPANEMA;IGUACU;S;SUL;2026-01-17;126.39;39.4886;126.39;39.4886;125.873;320.067
GUAPORE;196;Fio dagua;AMAZONAS;MADEIRA;SE;SUDESTE;2026-01-17;57.79;103.888;57.79;103.888;57.704;55.6272
GUILM. AMORIM;192;Fio dagua;DOCE;SUDESTE;SE;SUDESTE;2026-01-17;28.698;19.2634;28.698;19.2634;28.532;148.9768
HENRY BORDEN;119;Fio dagua;TIETE;SUDESTE;SE;SUDESTE;2026-01-17;1280.396;336.4031;1280.396;336.4031;1279.758;380.6136
I. SOLTEIRA;34;Reservatório com Usina;PARANA;PARANA;SE;SUDESTE;2026-01-17;1353.067;40.3508;1353.067;40.3508;1380.646;3353.2623
IBITINGA;39;Fio dagua;TIETE;PARANA;SE;SUDESTE;2026-01-17;165.251;104.7752;165.251;104.7752;166.652;157.7196
IGARAPAVA;10;Fio dagua;GRANDE;PARANA;SE;SUDESTE;2026-01-17;106.311;34.6077;105.55;34.3599;107.192;307.1891
ILHA POMBOS;130;Fio dagua;PARAIBA DO SUL;SUDESTE;SE;SUDESTE;2026-01-17;54.683;23.4779;54.683;23.4779;55.596;232.9124
IRAPE;148;Reservatório com Usina;JEQUITINHONHA;SUDESTE;SE;SUDESTE;2026-01-17;78.856;16.4424;78.856;16.4424;78.95;479.589
ITÁ;92;Fio dagua;URUGUAI;SUL;S;SUL;2026-01-17;543.919;84.5701;543.919;84.5701;541.006;643.1579
ITAIPU;66;Fio dagua;PARANA;ITAIPU;SE;SUDESTE;2026-01-17;8925.71;59.3617;8925.71;59.3617;9151.994;15036.1432
ITAPEBI;154;Fio dagua;JEQUITINHONHA;NORDESTE;NE;NORDESTE;2026-01-17;125.297;22.6409;100.987;18.2481;127.506;553.41
ITAUBA;113;Fio dagua;JACUI;SUL;S;SUL;2026-01-17;195.452;148.701;195.452;148.701;191.849;131.4396
ITIQUIRA I;304;Fio dagua;PARAGUAI;SUDESTE;SE;SUDESTE;2026-01-17;39.501;51.9193;39.501;51.9193;39.465;76.0815
ITIQUIRA II;305;Fio dagua;PARAGUAI;SUDESTE;SE;SUDESTE;2026-01-17;62.908;51.9188;62.908;51.9188;63.068;121.1661
ITUMBIARA;31;Reservatório com Usina;PARANAIBA;PARANA;SE;SUDESTE;2026-01-17;884.362;48.127;884.362;48.127;810.701;1837.5605
ITUTINGA;2;Fio dagua;GRANDE;PARANA;SE;SUDESTE;2026-01-17;22.464;38.0905;22.464;38.0905;23.001;58.9754
JACUI;112;Fio dagua;JACUI;SUL;S;SUL;2026-01-17;185.179;165.1775;35.7;31.844;192.364;112.1091
JAGUARA;9;Fio dagua;GRANDE;PARANA;SE;SUDESTE;2026-01-17;271.604;35.0102;271.604;35.0102;272.61;775.7848
JAGUARI;120;Reservatório com Usina;PARAIBA DO SUL;SUDESTE;SE;SUDESTE;2026-01-17;18.69;82.2725;18.69;82.2725;16.918;22.7172
JAURU;195;Fio dagua;PARAGUAI;SUDESTE;SE;SUDESTE;2026-01-17;73.028;81.823;73.028;81.823;72.776;89.2512
JIRAU;285;Fio dagua;AMAZONAS;MADEIRA;SE;SUDESTE;2026-01-17;4078.11;111.8972;3388.36;92.9715;3701.577;3644.515
JUPIA;45;Fio dagua;PARANA;PARANA;SE;SUDESTE;2026-01-17;800.064;43.0823;800.064;43.0823;824.994;1857.06
JURUENA;309;Fio dagua;AMAZONAS;TELES PIRES;SE;SUDESTE;2026-01-17;39.912;84.0182;24.473;51.5178;41.174;47.504
JURUMIRIM;47;Reservatório com Usina;PARANAPANEMA;PARANAPANEMA;SE;SUDESTE;2026-01-17;33.617;35.6918;33.617;35.6918;33.54;94.1868
L. C. BARRETO;8;Fio dagua;GRANDE;PARANA;SE;SUDESTE;2026-01-17;375.751;35.4229;375.751;35.4229;378.586;1060.7587
LAJEADO;261;Fio dagua;TOCANTINS;SUDESTE;SE;SUDESTE;2026-01-17;461.703;32.2326;461.703;32.2326;438.154;1432.4115
LIMOEIRO;16;Fio dagua;GRANDE;PARANA;SE;SUDESTE;2026-01-17;37.425;107.9112;37.425;107.9112;36.96;34.6813
LUIZ GONZAGA;172;Reservatório com Usina;SAO FRANCISCO;NORDESTE;NE;NORDESTE;2026-01-17;653.196;32.9204;653.196;32.9204;640.747;1984.17
M. MORAES;7;Reservatório com Usina;GRANDE;PARANA;SE;SUDESTE;2026-01-17;237.618;35.8607;237.618;35.8607;249.028;662.6139
MACHADINHO;91;Reservatório com Usina;URUGUAI;SUL;S;SUL;2026-01-17;465.173;101.7025;465.173;101.7025;472.749;457.3859
MANSO;278;Reservatório com Usina;PARAGUAI;SUDESTE;SE;SUDESTE;2026-01-17;101.539;67.527;101.539;67.527;100.708;150.368
MARIMBONDO;17;Reservatório com Usina;GRANDE;PARANA;SE;SUDESTE;2026-01-17;622.551;37.4771;622.551;37.4771;561.385;1661.1515
MASCARENHAS;144;Fio dagua;DOCE;SUDESTE;SE;SUDESTE;2026-01-17;74.253;20.9025;74.253;20.9025;72.963;355.2354
MIRANDA;26;Reservatório com Usina;PARANAIBA;PARANA;SE;SUDESTE;2026-01-17;133.385;37.1225;133.385;37.1225;132.63;359.31
MONJOLINHO;94;Fio dagua;URUGUAI;SUL;S;SUL;2026-01-17;29.873;89.2264;29.873;89.2264;29.708;33.48
MONTE CLARO;98;Fio dagua;JACUI;SUL;S;SUL;2026-01-17;52.449;91.4316;47.846;83.4074;51.954;57.3642
N. AVANHANDAVA;42;Fio dagua;TIETE;PARANA;SE;SUDESTE;2026-01-17;237.999;72.7559;237.999;72.7559;235.69;327.12
NILO PEÇANHA;131;Fio dagua;PARAIBA DO SUL;SUDESTE;SE;SUDESTE;2026-01-17;336.452;87.5595;336.452;87.5595;336.336;384.2553
NOVA PONTE;25;Reservatório com Usina;PARANAIBA;PARANA;SE;SUDESTE;2026-01-17;189.077;38.494;189.077;38.494;165.505;491.1852
OURINHOS;249;Fio dagua;PARANAPANEMA;PARANAPANEMA;SE;SUDESTE;2026-01-17;15.835;32.3389;15.835;32.3389;17.601;48.9658
P. AFONSO 1,2,3;174;Fio dagua;SAO FRANCISCO;NORDESTE;NE;NORDESTE;2026-01-17;560.937;32.9351;560.937;32.9351;110.731;1703.16
P. AFONSO 4;175;Fio dagua;SAO FRANCISCO;NORDESTE;NE;NORDESTE;2026-01-17;802.878;32.9351;802.878;32.9351;1367.86;2437.7598
P. COLOMBIA;12;Fio dagua;GRANDE;PARANA;SE;SUDESTE;2026-01-17;181.229;37.5152;181.229;37.5152;186.208;483.0812
PARAIBUNA;121;Reservatório com Usina;PARAIBA DO SUL;SUDESTE;SE;SUDESTE;2026-01-17;51.193;69.5808;36.478;49.5804;47.161;73.5735
PARANAPANEMA;53;Fio dagua;PARANAPANEMA;PARANAPANEMA;SE;SUDESTE;2026-01-17;14.954;35.4339;14.954;35.4339;15.655;42.2025
PASSO FUNDO;93;Reservatório com Usina;URUGUAI;SUL;S;SUL;2026-01-17;73.343;94.172;73.343;94.172;73.897;77.882
PASSO REAL;111;Reservatório com Usina;JACUI;SUL;S;SUL;2026-01-17;85.5;165.8648;85.5;165.8648;90.618;51.548
PASSO SAO JOAO;102;Fio dagua;URUGUAI;SUL;S;SUL;2026-01-17;60.446;135.7193;54.084;121.4347;60.248;44.5375
PEDRA DO CAVALO;189;Reservatório com Usina;PARAGUACU;NORDESTE;NE;NORDESTE;2026-01-17;10.09;6.9543;10.09;6.9543;10.209;145.0899
PEIXE ANGICAL;257;Reservatório com Usina;TOCANTINS;SUDESTE;SE;SUDESTE;2026-01-17;232.721;32.0016;232.721;32.0016;231.723;727.216
PEREIRA PASSOS;133;Fio dagua;PARAIBA DO SUL;SUDESTE;SE;SUDESTE;2026-01-17;45.976;75.6428;45.976;75.6428;46.253;60.7804
PICADA;126;Fio dagua;PARAIBA DO SUL;SUDESTE;SE;SUDESTE;2026-01-17;24.859;34.7265;24.859;34.7265;24.808;71.5852
PIMENTAL;314;Fio dagua;AMAZONAS;BELO MONTE;N;NORTE;2026-01-17;125.088;89.1359;125.088;89.1359;127.174;140.334
PIRAJU;48;Fio dagua;PARANAPANEMA;PARANAPANEMA;SE;SUDESTE;2026-01-17;27.047;35.4349;27.047;35.4349;27.974;76.3286
PONTE DE PEDRA;281;Fio dagua;PARAGUAI;SUDESTE;SE;SUDESTE;2026-01-17;162.568;85.5119;131.619;69.2325;163.511;190.1116
PORTO ESTRELA;135;Reservatório com Usina;DOCE;SUDESTE;SE;SUDESTE;2026-01-17;24.779;18.0433;24.779;18.0433;23.266;137.3307
PORTO PRIMAVERA;46;Fio dagua;PARANA;PARANA;SE;SUDESTE;2026-01-17;917.231;46.6908;917.231;46.6908;945.428;1964.48
PROMISSÃO;40;Reservatório com Usina;TIETE;PARANA;SE;SUDESTE;2026-01-17;189.227;81.2056;60.362;25.904;190.712;233.022
QUEBRA QUEIXO;95;Reservatório com Usina;URUGUAI;SUL;S;SUL;2026-01-17;58.27;97.0681;58.27;97.0681;58.408;60.03
QUEIMADO;162;Reservatório com Usina;SAO FRANCISCO;SUDESTE;SE;SUDESTE;2026-01-17;45.669;36.1561;45.669;36.1561;44.575;126.3108
RETIRO BAIXO;155;Reservatório com Usina;SAO FRANCISCO;SUDESTE;SE;SUDESTE;2026-01-17;28.926;27.2711;28.926;27.2711;29.008;106.0682
RONDON II;276;Reservatório com Usina;AMAZONAS;MADEIRA;SE;SUDESTE;2026-01-17;75.571;123.1705;75.571;123.1705;74.942;61.3548
ROSAL;217;Fio dagua;ITABAPOANA;SUDESTE;SE;SUDESTE;2026-01-17;35.057;34.0002;35.057;34.0002;35.024;103.1083
ROSANA;63;Fio dagua;PARANAPANEMA;PARANAPANEMA;SE;SUDESTE;2026-01-17;179.562;56.0546;179.562;56.0546;181.616;320.334
S.DO FACÃO;21;Reservatório com Usina;PARANAIBA;PARANA;SE;SUDESTE;2026-01-17;72.171;36.4657;72.171;36.4657;68.42;197.9145
S.R.VERDINHO;241;Fio dagua;PARANAIBA;PARANA;SE;SUDESTE;2026-01-17;45.394;47.2021;45.394;47.2021;46.131;96.1694
SA CARVALHO;193;Fio dagua;DOCE;SUDESTE;SE;SUDESTE;2026-01-17;29.375;19.4846;28.438;18.863;29.286;150.7604
SALTO;262;Fio dagua;PARANAIBA;PARANA;SE;SUDESTE;2026-01-17;48.536;45.6821;48.536;45.6821;48.743;106.2472
SALTO CAXIAS;82;Fio dagua;IGUACU;IGUACU;S;SUL;2026-01-17;391.104;58.7804;391.104;58.7804;390.882;665.3644
SALTO GRANDE CM;134;Fio dagua;DOCE;SUDESTE;SE;SUDESTE;2026-01-17;42.907;18.6411;42.105;18.2927;42.953;230.174
SALTO GRANDE CS;50;Fio dagua;PARANAPANEMA;PARANAPANEMA;SE;SUDESTE;2026-01-17;42.162;43.5378;18.137;18.7289;44.278;96.8399
SALTO OSORIO;78;Fio dagua;IGUACU;IGUACU;S;SUL;2026-01-17;319.66;58.0001;319.66;58.0001;325.621;551.1373
SALTO PILAO;215;Fio dagua;ITAJAI;SUL;S;SUL;2026-01-17;168.701;83.1566;108.721;53.5911;168.976;202.8715
SALTO SANTIAGO;77;Reservatório com Usina;IGUACU;IGUACU;S;SUL;2026-01-17;471.261;57.295;471.261;57.295;479.781;822.5162
SAMUEL;279;Reservatório com Usina;AMAZONAS;MADEIRA;SE;SUDESTE;2026-01-17;211.351;156.8053;211.351;156.8053;188.027;134.7856
SANTA BRANCA;122;Reservatório com Usina;PARAIBA DO SUL;SUDESTE;SE;SUDESTE;2026-01-17;28.409;64.3495;28.409;64.3495;23.497;44.148
SANTA CLARA-PR;71;Reservatório com Usina;IGUACU;IGUACU;S;SUL;2026-01-17;41.751;54.6591;41.751;54.6591;42.024;76.3844
SANTO ANTONIO;287;Fio dagua;AMAZONAS;MADEIRA;SE;SUDESTE;2026-01-17;4176.969;110.0925;3433.953;90.5088;3542.257;3794.0553
SAO DOMINGOS;153;Fio dagua;PARANA;PARANA;SE;SUDESTE;2026-01-17;30.808;67.3283;26.816;58.6041;30.921;45.7579
SAO JOSE;101;Fio dagua;URUGUAI;SUL;S;SUL;2026-01-17;42.401;133.5961;42.401;133.5961;41.919;31.7382
SAO MANOEL;230;Fio dagua;AMAZONAS;TELES PIRES;SE;SUDESTE;2026-01-17;664.17;80.2886;589.132;71.2176;652.429;827.2283
SAO ROQUE;88;Reservatório com Usina;URUGUAI;SUL;S;SUL;2026-01-17;124.774;155.5834;124.774;155.5834;126.362;80.1975
SAO SALVADOR;253;Fio dagua;TOCANTINS;SUDESTE;SE;SUDESTE;2026-01-17;131.519;36.1703;131.519;36.1703;132.379;363.6108
SÃO SIMÃO;33;Reservatório com Usina;PARANAIBA;PARANA;SE;SUDESTE;2026-01-17;1126.729;44.9311;1126.729;44.9311;1079.686;2507.683
SEGREDO;76;Reservatório com Usina;IGUACU;IGUACU;S;SUL;2026-01-17;420.496;57.711;420.496;57.711;421.056;728.624
SERRA DA MESA;251;Reservatório com Usina;TOCANTINS;SUDESTE;SE;SUDESTE;2026-01-17;503.46;35.1935;503.46;35.1935;489.566;1430.55
SIMPLICIO;129;Fio dagua;PARAIBA DO SUL;SUDESTE;SE;SUDESTE;2026-01-17;67.953;21.4679;67.953;21.4679;68.565;316.53285
SINOP;227;Reservatório com Usina;AMAZONAS;TELES PIRES;SE;SUDESTE;2026-01-17;198.732;58.2258;191.439;56.0891;156.795;341.3124
SOBRADINHO;169;Reservatório com Usina;SAO FRANCISCO;NORDESTE;NE;NORDESTE;2026-01-17;460.196;42.2749;460.196;42.2749;421.884;1088.5805
SOBRAGI;127;Fio dagua;PARAIBA DO SUL;SUDESTE;SE;SUDESTE;2026-01-17;26.227;29.2875;21.213;23.6884;26.304;89.55
STA.CLARA-MG;283;Fio dagua;MUCURI;SUDESTE;SE;SUDESTE;2026-01-17;13.948;18.8061;13.948;18.8061;13.79;74.1675
STO ANTONIO DO JARI;286;Fio dagua;AMAZONAS;MANAUS-AMAPA;N;NORTE;2026-01-17;63.285;39.6762;63.285;39.6762;64.833;159.5035
SUIÇA;145;Fio dagua;SANTA MARIA VIT;SUDESTE;SE;SUDESTE;2026-01-17;11.39;26.9496;11.39;26.9496;11.304;42.264
TAQUARUÇU;62;Fio dagua;PARANAPANEMA;PARANAPANEMA;SE;SUDESTE;2026-01-17;186.973;53.4503;186.973;53.4503;179.803;349.8075
TELES PIRES;229;Fio dagua;AMAZONAS;TELES PIRES;SE;SUDESTE;2026-01-17;1447.931;79.2071;1426.198;78.0182;1467.913;1828.0318
TRÊS IRMÃOS;43;Reservatório com Usina;TIETE;PARANA;SE;SUDESTE;2026-01-17;277.991;56.197;277.991;56.197;281.468;494.6725
TRÊS MARIAS;156;Reservatório com Usina;SAO FRANCISCO;SUDESTE;SE;SUDESTE;2026-01-17;206.891;33.2997;206.891;33.2997;201.484;621.3
TUCURUI;275;Reservatório com Usina;TOCANTINS;NORTE;N;NORTE;2026-01-17;4751.935;58.6261;4751.935;58.6261;4308.387;8105.5008
VOLTA GRANDE;11;Fio dagua;GRANDE;PARANA;SE;SUDESTE;2026-01-17;187.113;35.4267;187.113;35.4267;181.619;528.1696
XINGO;178;Fio dagua;SAO FRANCISCO;NORDESTE;NE;NORDESTE;2026-01-17;1474.647;30.5658;1474.647;30.5658;1500.627;4824.4975
14 DE JULHO;99;Fio dagua;JACUI;SUL;S;SUL;2026-01-18;53.878;106.3337;53.878;106.3337;51.637;50.6688
A. VERMELHA;18;Reservatório com Usina;GRANDE;PARANA;SE;SUDESTE;2026-01-18;632.436;38.2177;632.436;38.2177;596.379;1654.825
AIMORES;143;Fio dagua;DOCE;SUDESTE;SE;SUDESTE;2026-01-18;76.622;19.5521;76.622;19.5521;78.954;391.8856
APOLONIO SALES;173;Fio dagua;SAO FRANCISCO;NORDESTE;NE;NORDESTE;2026-01-18;159.445;36.5241;159.445;36.5241;31.323;436.5468
B. BONITA;37;Reservatório com Usina;TIETE;PARANA;SE;SUDESTE;2026-01-18;174.753;144.9145;162.321;134.6052;182.68;120.5904
B.COQUEIROS;312;Fio dagua;PARANAIBA;PARANA;SE;SUDESTE;2026-01-18;38.221;41.1489;38.221;41.1489;39.437;92.8846
BAGUARI;141;Fio dagua;DOCE;SUDESTE;SE;SUDESTE;2026-01-18;42.953;24.9224;42.953;24.9224;44.059;172.347
BAIXO IGUACU;83;Fio dagua;IGUACU;IGUACU;S;SUL;2026-01-18;103.877;55.531;103.877;55.531;104.767;187.0614
BALBINA;277;Reservatório com Usina;AMAZONAS;MANAUS-AMAPA;N;NORTE;2026-01-18;126.872;150.6078;126.872;150.6078;121.627;84.24
BARIRI;38;Fio dagua;TIETE;PARANA;SE;SUDESTE;2026-01-18;178.997;127.2797;176.964;125.8341;182.009;140.6328
BARRA BRAUNA;185;Fio dagua;PARAIBA DO SUL;SUDESTE;SE;SUDESTE;2026-01-18;12.254;26.9675;12.254;26.9675;11.996;45.4398
BARRA GRANDE;86;Reservatório com Usina;URUGUAI;SUL;S;SUL;2026-01-18;213.286;79.7356;204.794;76.5609;216.555;267.4917
BATALHA;20;Reservatório com Usina;PARANAIBA;PARANA;SE;SUDESTE;2026-01-18;21.974;33.6311;21.974;33.6311;20.284;65.3384
BELO MONTE;288;Fio dagua;AMAZONAS;BELO MONTE;N;NORTE;2026-01-18;4597.564;82.1208;4597.564;82.1208;4630.978;5598.54
BOA ESPERANÇA;190;Reservatório com Usina;PARNAIBA;NORDESTE;NE;NORDESTE;2026-01-18;130.957;54.4152;130.957;54.4152;127.307;240.6624
C. DOURADA;32;Fio dagua;PARANAIBA;PARANA;SE;SUDESTE;2026-01-18;350.339;47.3727;348.177;47.0804;367.603;739.5374
C.BRANCO-1;27;Reservatório com Usina;PARANAIBA;PARANA;SE;SUDESTE;2026-01-18;105.44;34.9456;82.939;27.4882;103.43;301.726
C.BRANCO-2;28;Fio dagua;PARANAIBA;PARANA;SE;SUDESTE;2026-01-18;90.163;35.3961;55.143;21.648;89.575;254.7259
CACHOEIRA CALDEIRAO;204;Fio dagua;ARAGUARI;MANAUS-AMAPA;N;NORTE;2026-01-18;36.591;46.5562;35.185;44.7673;38.477;78.5954
CACONDE;14;Reservatório com Usina;GRANDE;PARANA;SE;SUDESTE;2026-01-18;113.28;144.3784;113.28;144.3784;109.059;78.4605
CACU;311;Reservatório com Usina;PARANAIBA;PARANA;SE;SUDESTE;2026-01-18;27.527;40.7481;27.527;40.7481;28.351;67.554
CAMARGOS;1;Reservatório com Usina;GRANDE;PARANA;SE;SUDESTE;2026-01-18;20.833;41.4676;20.833;41.4676;19.918;50.2392
CAMPOS NOVOS;90;Reservatório com Usina;URUGUAI;SUL;S;SUL;2026-01-18;503.832;130.6917;503.832;130.6917;510.536;385.512
CANA BRAVA;252;Fio dagua;TOCANTINS;SUDESTE;SE;SUDESTE;2026-01-18;190.244;32.0209;190.244;32.0209;188.16;594.1248
CANASTRA;87;Fio dagua;JACUI;SUL;S;SUL;2026-01-18;;;;;;
CANDONGA;139;Fio dagua;DOCE;SUDESTE;SE;SUDESTE;2026-01-18;36.992;30.8833;36.992;30.8833;36.153;119.7798
CANOAS I;52;Fio dagua;PARANAPANEMA;PARANAPANEMA;SE;SUDESTE;2026-01-18;46.506;45.4629;46.506;45.4629;47.59;102.2943
CANOAS II;51;Fio dagua;PARANAPANEMA;PARANAPANEMA;SE;SUDESTE;2026-01-18;37.679;44.1235;37.679;44.1235;38.793;85.3944
CAPIVARA;61;Reservatório com Usina;PARANAPANEMA;PARANAPANEMA;SE;SUDESTE;2026-01-18;291.691;51.8356;291.691;51.8356;311.691;562.7232
CASTRO ALVES;97;Fio dagua;JACUI;SUL;S;SUL;2026-01-18;95.628;129.7714;95.628;129.7714;92.998;73.6896
CHAVANTES;49;Reservatório com Usina;PARANAPANEMA;PARANAPANEMA;SE;SUDESTE;2026-01-18;98.548;31.7177;98.548;31.7177;97.335;310.7031
COARACY NUNES;280;Fio dagua;ARAGUARI;MANAUS-AMAPA;N;NORTE;2026-01-18;46.413;46.0906;46.413;46.0906;46.326;100.6995
COLIDER;228;Fio dagua;AMAZONAS;TELES PIRES;SE;SUDESTE;2026-01-18;184.549;57.895;127.196;39.9027;132.257;318.7652
CORUMBA;30;Reservatório com Usina;PARANAIBA;PARANA;SE;SUDESTE;2026-01-18;244.201;54.113;244.201;54.113;235.008;451.2798
CORUMBA-3;203;Reservatório com Usina;PARANAIBA;PARANA;SE;SUDESTE;2026-01-18;42.426;47.193;38.955;43.332;40.807;89.8989
CORUMBA-4;29;Reservatório com Usina;PARANAIBA;PARANA;SE;SUDESTE;2026-01-18;53.008;43.6679;50.09;41.2641;52.073;121.3888
CURUA-UNA;272;Reservatório com Usina;AMAZONAS;BELO MONTE;N;NORTE;2026-01-18;24.817;97.8862;24.817;97.8862;21.229;25.3529
D. FRANCISCA;114;Fio dagua;JACUI;SUL;S;SUL;2026-01-18;117.557;165.2307;117.557;165.2307;118.79;71.1472
DARDANELOS;310;Fio dagua;AMAZONAS;MADEIRA;SE;SUDESTE;2026-01-18;405.072;95.5306;259.966;61.3094;394.459;424.0232
E. DA CUNHA;15;Fio dagua;GRANDE;PARANA;SE;SUDESTE;2026-01-18;160.49;138.9153;139.485;120.734;153.935;115.5308
EMBORCAÇÃO;24;Reservatório com Usina;PARANAIBA;PARANA;SE;SUDESTE;2026-01-18;366.871;36.7897;366.871;36.7897;348.461;997.2102
ESPORA;290;Reservatório com Usina;PARANAIBA;PARANA;SE;SUDESTE;2026-01-18;22.083;68.649;22.083;68.649;20.71;32.168
ESTREITO;267;Fio dagua;TOCANTINS;NORTE;N;NORTE;2026-01-18;574.661;40.8017;574.661;40.8017;529.647;1408.425
FERREIRA GOMES;284;Fio dagua;ARAGUARI;MANAUS-AMAPA;N;NORTE;2026-01-18;38.739;45.7402;38.739;45.7402;42.727;84.6935
FONTES;132;Fio dagua;PARAIBA DO SUL;SUDESTE;SE;SUDESTE;2026-01-18;33.632;27.6663;33.632;27.6663;33.61;121.563
FOZ CHAPECO;103;Fio dagua;URUGUAI;SUL;S;SUL;2026-01-18;357.718;92.5257;323.472;83.6678;357.01;386.6148
FOZ DO RIO CLARO;315;Fio dagua;PARANAIBA;PARANA;SE;SUDESTE;2026-01-18;31.197;42.019;28.323;38.148;31.085;74.245
FUNDÃO;72;Fio dagua;IGUACU;IGUACU;S;SUL;2026-01-18;43.986;53.4854;43.986;53.4854;45.166;82.2393
FUNIL;123;Reservatório com Usina;PARAIBA DO SUL;SUDESTE;SE;SUDESTE;2026-01-18;85.08;40.8048;85.08;40.8048;74.383;208.505
FUNIL-MG;4;Fio dagua;GRANDE;PARANA;SE;SUDESTE;2026-01-18;68.691;33.9562;68.691;33.9562;71.464;202.293
FURNAS;6;Reservatório com Usina;GRANDE;PARANA;SE;SUDESTE;2026-01-18;567.661;40.8083;567.661;40.8083;547.602;1391.043
G. B. MUNHOZ;74;Reservatório com Usina;IGUACU;IGUACU;S;SUL;2026-01-18;370.383;54.7044;370.383;54.7044;362.062;677.0622
G. P. SOUZA;115;Reservatório com Usina;CAPIVARI;SUL;S;SUL;2026-01-18;149.768;94.2797;149.768;94.2797;149.652;158.855
GARIBALDI;89;Reservatório com Usina;URUGUAI;SUL;S;SUL;2026-01-18;114.879;140.833;114.879;140.833;114.505;81.5711
GOV JAYME CANET JR;57;Reservatório com Usina;PARANAPANEMA;IGUACU;S;SUL;2026-01-18;124.406;38.8687;124.406;38.8687;124.037;320.067
GUAPORE;196;Fio dagua;AMAZONAS;MADEIRA;SE;SUDESTE;2026-01-18;57.512;103.3883;57.512;103.3883;57.446;55.6272
GUILM. AMORIM;192;Fio dagua;DOCE;SUDESTE;SE;SUDESTE;2026-01-18;24.36;16.3515;24.36;16.3515;24.227;148.9768
HENRY BORDEN;119;Fio dagua;TIETE;SUDESTE;SE;SUDESTE;2026-01-18;875.298;229.9702;875.298;229.9702;874.568;380.6136
I. SOLTEIRA;34;Reservatório com Usina;PARANA;PARANA;SE;SUDESTE;2026-01-18;1380.645;41.1732;1380.645;41.1732;1413.725;3353.2623
IBITINGA;39;Fio dagua;TIETE;PARANA;SE;SUDESTE;2026-01-18;188.914;119.7784;176.061;111.6291;191.159;157.7196
IGARAPAVA;10;Fio dagua;GRANDE;PARANA;SE;SUDESTE;2026-01-18;118.881;38.6996;118.881;38.6996;120.076;307.1891
ILHA POMBOS;130;Fio dagua;PARAIBA DO SUL;SUDESTE;SE;SUDESTE;2026-01-18;56.761;24.3701;56.761;24.3701;57.299;232.9124
IRAPE;148;Reservatório com Usina;JEQUITINHONHA;SUDESTE;SE;SUDESTE;2026-01-18;116.497;24.291;116.497;24.291;116.251;479.589
ITÁ;92;Fio dagua;URUGUAI;SUL;S;SUL;2026-01-18;571.055;88.7892;571.055;88.7892;569.625;643.1579
ITAIPU;66;Fio dagua;PARANA;ITAIPU;SE;SUDESTE;2026-01-18;8834.692;58.7564;8834.692;58.7564;9124.915;15036.1432
ITAPEBI;154;Fio dagua;JEQUITINHONHA;NORDESTE;NE;NORDESTE;2026-01-18;95.503;17.2572;68.333;12.3476;97.08;553.41
ITAUBA;113;Fio dagua;JACUI;SUL;S;SUL;2026-01-18;210.311;160.0058;210.311;160.0058;209.366;131.4396
ITIQUIRA I;304;Fio dagua;PARAGUAI;SUDESTE;SE;SUDESTE;2026-01-18;38.164;50.162;38.164;50.162;38.155;76.0815
ITIQUIRA II;305;Fio dagua;PARAGUAI;SUDESTE;SE;SUDESTE;2026-01-18;60.779;50.1617;60.779;50.1617;60.977;121.1661
ITUMBIARA;31;Reservatório com Usina;PARANAIBA;PARANA;SE;SUDESTE;2026-01-18;891.305;48.5048;891.305;48.5048;820.36;1837.5605
ITUTINGA;2;Fio dagua;GRANDE;PARANA;SE;SUDESTE;2026-01-18;24.455;41.4664;24.455;41.4664;25.04;58.9754
JACUI;112;Fio dagua;JACUI;SUL;S;SUL;2026-01-18;163.886;146.1844;15.997;14.2691;170.119;112.1091
JAGUARA;9;Fio dagua;GRANDE;PARANA;SE;SUDESTE;2026-01-18;308.275;39.7372;308.275;39.7372;308.508;775.7848
JAGUARI;120;Reservatório com Usina;PARAIBA DO SUL;SUDESTE;SE;SUDESTE;2026-01-18;19.041;83.8175;19.041;83.8175;17.245;22.7172
JAURU;195;Fio dagua;PARAGUAI;SUDESTE;SE;SUDESTE;2026-01-18;74.274;83.219;74.274;83.219;74.074;89.2512
JIRAU;285;Fio dagua;AMAZONAS;MADEIRA;SE;SUDESTE;2026-01-18;4171.529;114.4605;3005.309;82.4612;3776.612;3644.515
JUPIA;45;Fio dagua;PARANA;PARANA;SE;SUDESTE;2026-01-18;825.543;44.4543;825.543;44.4543;843.641;1857.06
JURUENA;309;Fio dagua;AMAZONAS;TELES PIRES;SE;SUDESTE;2026-01-18;41.177;86.6811;25.441;53.5555;42.554;47.504
JURUMIRIM;47;Reservatório com Usina;PARANAPANEMA;PARANAPANEMA;SE;SUDESTE;2026-01-18;35.416;37.6019;35.416;37.6019;35.303;94.1868
L. C. BARRETO;8;Fio dagua;GRANDE;PARANA;SE;SUDESTE;2026-01-18;428.876;40.4311;428.876;40.4311;434.426;1060.7587
LAJEADO;261;Fio dagua;TOCANTINS;SUDESTE;SE;SUDESTE;2026-01-18;470.236;32.8283;470.236;32.8283;437.147;1432.4115
LIMOEIRO;16;Fio dagua;GRANDE;PARANA;SE;SUDESTE;2026-01-18;46.833;135.0382;40.427;116.5671;46.197;34.6813
LUIZ GONZAGA;172;Reservatório com Usina;SAO FRANCISCO;NORDESTE;NE;NORDESTE;2026-01-18;724.377;36.5078;724.377;36.5078;709.14;1984.17
M. MORAES;7;Reservatório com Usina;GRANDE;PARANA;SE;SUDESTE;2026-01-18;273.095;41.2148;273.095;41.2148;285.459;662.6139
MACHADINHO;91;Reservatório com Usina;URUGUAI;SUL;S;SUL;2026-01-18;500.868;109.5067;500.868;109.5067;509.593;457.3859
MANSO;278;Reservatório com Usina;PARAGUAI;SUDESTE;SE;SUDESTE;2026-01-18;103.383;68.7533;103.383;68.7533;102.52;150.368
MARIMBONDO;17;Reservatório com Usina;GRANDE;PARANA;SE;SUDESTE;2026-01-18;679.782;40.9223;679.782;40.9223;619.774;1661.1515
MASCARENHAS;144;Fio dagua;DOCE;SUDESTE;SE;SUDESTE;2026-01-18;71.986;20.2643;71.986;20.2643;68.791;355.2354
MIRANDA;26;Reservatório com Usina;PARANAIBA;PARANA;SE;SUDESTE;2026-01-18;124.873;34.7536;124.873;34.7536;124.7;359.31
MONJOLINHO;94;Fio dagua;URUGUAI;SUL;S;SUL;2026-01-18;46.494;138.871;46.494;138.871;45.95;33.48
MONTE CLARO;98;Fio dagua;JACUI;SUL;S;SUL;2026-01-18;62.396;108.7717;57.793;100.7475;62.592;57.3642
N. AVANHANDAVA;42;Fio dagua;TIETE;PARANA;SE;SUDESTE;2026-01-18;276.746;84.6008;276.746;84.6008;274.785;327.12
NILO PEÇANHA;131;Fio dagua;PARAIBA DO SUL;SUDESTE;SE;SUDESTE;2026-01-18;352.816;91.8181;352.816;91.8181;352.695;384.2553
NOVA PONTE;25;Reservatório com Usina;PARANAIBA;PARANA;SE;SUDESTE;2026-01-18;174.912;35.6102;174.912;35.6102;153.057;491.1852
OURINHOS;249;Fio dagua;PARANAPANEMA;PARANAPANEMA;SE;SUDESTE;2026-01-18;15.822;32.3123;15.822;32.3123;17.714;48.9658
P. AFONSO 1,2,3;174;Fio dagua;SAO FRANCISCO;NORDESTE;NE;NORDESTE;2026-01-18;622.064;36.5241;622.064;36.5241;131.648;1703.16
P. AFONSO 4;175;Fio dagua;SAO FRANCISCO;NORDESTE;NE;NORDESTE;2026-01-18;890.37;36.5241;890.37;36.5241;1507.81;2437.7598
P. COLOMBIA;12;Fio dagua;GRANDE;PARANA;SE;SUDESTE;2026-01-18;194.758;40.3158;194.758;40.3158;200.635;483.0812
PARAIBUNA;121;Reservatório com Usina;PARAIBA DO SUL;SUDESTE;SE;SUDESTE;2026-01-18;56.014;76.1334;56.014;76.1334;51.693;73.5735
PARANAPANEMA;53;Fio dagua;PARANAPANEMA;PARANAPANEMA;SE;SUDESTE;2026-01-18;15.607;36.9812;15.607;36.9812;16.307;42.2025
PASSO FUNDO;93;Reservatório com Usina;URUGUAI;SUL;S;SUL;2026-01-18;120.517;154.7431;120.517;154.7431;121.533;77.882
PASSO REAL;111;Reservatório com Usina;JACUI;SUL;S;SUL;2026-01-18;74.244;144.0289;74.244;144.0289;78.798;51.548
PASSO SAO JOAO;102;Fio dagua;URUGUAI;SUL;S;SUL;2026-01-18;59.138;132.7825;50.231;112.7836;58.861;44.5375
PEDRA DO CAVALO;189;Reservatório com Usina;PARAGUACU;NORDESTE;NE;NORDESTE;2026-01-18;12.641;8.7125;12.641;8.7125;12.789;145.0899
PEIXE ANGICAL;257;Reservatório com Usina;TOCANTINS;SUDESTE;SE;SUDESTE;2026-01-18;243.745;33.5176;243.745;33.5176;241.693;727.216
PEREIRA PASSOS;133;Fio dagua;PARAIBA DO SUL;SUDESTE;SE;SUDESTE;2026-01-18;46.474;76.4621;46.474;76.4621;46.877;60.7804
PICADA;126;Fio dagua;PARAIBA DO SUL;SUDESTE;SE;SUDESTE;2026-01-18;22.896;31.9843;22.896;31.9843;22.922;71.5852
PIMENTAL;314;Fio dagua;AMAZONAS;BELO MONTE;N;NORTE;2026-01-18;126.238;89.9554;126.238;89.9554;131.189;140.334
PIRAJU;48;Fio dagua;PARANAPANEMA;PARANAPANEMA;SE;SUDESTE;2026-01-18;28.228;36.9822;28.228;36.9822;29.195;76.3286
PONTE DE PEDRA;281;Fio dagua;PARAGUAI;SUDESTE;SE;SUDESTE;2026-01-18;158.633;83.442;127.684;67.1627;159.046;190.1116
PORTO ESTRELA;135;Reservatório com Usina;DOCE;SUDESTE;SE;SUDESTE;2026-01-18;22.584;16.445;22.584;16.445;20.989;137.3307
PORTO PRIMAVERA;46;Fio dagua;PARANA;PARANA;SE;SUDESTE;2026-01-18;908.102;46.2261;908.102;46.2261;936.48;1964.48
PROMISSÃO;40;Reservatório com Usina;TIETE;PARANA;SE;SUDESTE;2026-01-18;218.945;93.9589;73.04;31.3447;219.035;233.022
QUEBRA QUEIXO;95;Reservatório com Usina;URUGUAI;SUL;S;SUL;2026-01-18;55.197;91.949;55.197;91.949;55.443;60.03
QUEIMADO;162;Reservatório com Usina;SAO FRANCISCO;SUDESTE;SE;SUDESTE;2026-01-18;43.897;34.7532;43.897;34.7532;42.877;126.3108
RETIRO BAIXO;155;Reservatório com Usina;SAO FRANCISCO;SUDESTE;SE;SUDESTE;2026-01-18;28.786;27.1391;28.786;27.1391;28.96;106.0682
RONDON II;276;Reservatório com Usina;AMAZONAS;MADEIRA;SE;SUDESTE;2026-01-18;67.836;110.5635;67.836;110.5635;67.283;61.3548
ROSAL;217;Fio dagua;ITABAPOANA;SUDESTE;SE;SUDESTE;2026-01-18;33.891;32.8693;33.891;32.8693;33.77;103.1083
ROSANA;63;Fio dagua;PARANAPANEMA;PARANAPANEMA;SE;SUDESTE;2026-01-18;174.744;54.5506;174.744;54.5506;180.631;320.334
S.DO FACÃO;21;Reservatório com Usina;PARANAIBA;PARANA;SE;SUDESTE;2026-01-18;66.759;33.7312;66.759;33.7312;63.281;197.9145
S.R.VERDINHO;241;Fio dagua;PARANAIBA;PARANA;SE;SUDESTE;2026-01-18;44.126;45.8836;44.126;45.8836;44.811;96.1694
SA CARVALHO;193;Fio dagua;DOCE;SUDESTE;SE;SUDESTE;2026-01-18;23.841;15.8138;22.904;15.1923;23.767;150.7604
SALTO;262;Fio dagua;PARANAIBA;PARANA;SE;SUDESTE;2026-01-18;47.591;44.7927;47.591;44.7927;47.887;106.2472
SALTO CAXIAS;82;Fio dagua;IGUACU;IGUACU;S;SUL;2026-01-18;368.877;55.4398;368.877;55.4398;369.467;665.3644
SALTO GRANDE CM;134;Fio dagua;DOCE;SUDESTE;SE;SUDESTE;2026-01-18;39.122;16.9967;38.32;16.6483;39.244;230.174
SALTO GRANDE CS;50;Fio dagua;PARANAPANEMA;PARANAPANEMA;SE;SUDESTE;2026-01-18;41.984;43.354;20.035;20.6888;43.921;96.8399
SALTO OSORIO;78;Fio dagua;IGUACU;IGUACU;S;SUL;2026-01-18;310.631;56.3618;310.631;56.3618;316.791;551.1373
SALTO PILAO;215;Fio dagua;ITAJAI;SUL;S;SUL;2026-01-18;155.17;76.4868;102.247;50.3999;155.454;202.8715
SALTO SANTIAGO;77;Reservatório com Usina;IGUACU;IGUACU;S;SUL;2026-01-18;462.67;56.2506;462.67;56.2506;472.02;822.5162
SAMUEL;279;Reservatório com Usina;AMAZONAS;MADEIRA;SE;SUDESTE;2026-01-18;221.595;164.4055;221.595;164.4055;201.799;134.7856
SANTA BRANCA;122;Reservatório com Usina;PARAIBA DO SUL;SUDESTE;SE;SUDESTE;2026-01-18;33.056;74.8754;33.056;74.8754;27.42;44.148
SANTA CLARA-PR;71;Reservatório com Usina;IGUACU;IGUACU;S;SUL;2026-01-18;40.24;52.6809;40.24;52.6809;40.543;76.3844
SANTO ANTONIO;287;Fio dagua;AMAZONAS;MADEIRA;SE;SUDESTE;2026-01-18;4272.112;112.6002;3208.436;84.5648;3577.893;3794.0553
SAO DOMINGOS;153;Fio dagua;PARANA;PARANA;SE;SUDESTE;2026-01-18;30.55;66.7644;24.101;52.6707;30.582;45.7579
SAO JOSE;101;Fio dagua;URUGUAI;SUL;S;SUL;2026-01-18;41.896;132.005;41.896;132.005;41.539;31.7382
SAO MANOEL;230;Fio dagua;AMAZONAS;TELES PIRES;SE;SUDESTE;2026-01-18;632.656;76.479;584.596;70.6692;612.021;827.2283
SAO ROQUE;88;Reservatório com Usina;URUGUAI;SUL;S;SUL;2026-01-18;126.933;158.2755;126.933;158.2755;130.004;80.1975
SAO SALVADOR;253;Fio dagua;TOCANTINS;SUDESTE;SE;SUDESTE;2026-01-18;124.807;34.3243;124.807;34.3243;125.1;363.6108
SÃO SIMÃO;33;Reservatório com Usina;PARANAIBA;PARANA;SE;SUDESTE;2026-01-18;1125.229;44.8713;1125.229;44.8713;1078.571;2507.683
SEGREDO;76;Reservatório com Usina;IGUACU;IGUACU;S;SUL;2026-01-18;417.928;57.3585;417.928;57.3585;418.977;728.624
SERRA DA MESA;251;Reservatório com Usina;TOCANTINS;SUDESTE;SE;SUDESTE;2026-01-18;423.089;29.5753;423.089;29.5753;412.041;1430.55
SIMPLICIO;129;Fio dagua;PARAIBA DO SUL;SUDESTE;SE;SUDESTE;2026-01-18;52.695;16.6476;52.695;16.6476;53.543;316.53285
SINOP;227;Reservatório com Usina;AMAZONAS;TELES PIRES;SE;SUDESTE;2026-01-18;195.372;57.2414;188.079;55.1046;158.973;341.3124
SOBRADINHO;169;Reservatório com Usina;SAO FRANCISCO;NORDESTE;NE;NORDESTE;2026-01-18;525.249;48.2508;525.249;48.2508;482.093;1088.5805
SOBRAGI;127;Fio dagua;PARAIBA DO SUL;SUDESTE;SE;SUDESTE;2026-01-18;24.193;27.0162;22.044;24.6164;24.182;89.55
STA.CLARA-MG;283;Fio dagua;MUCURI;SUDESTE;SE;SUDESTE;2026-01-18;13.121;17.691;13.121;17.691;12.934;74.1675
STO ANTONIO DO JARI;286;Fio dagua;AMAZONAS;MANAUS-AMAPA;N;NORTE;2026-01-18;64.908;40.6938;64.908;40.6938;66.873;159.5035
SUIÇA;145;Fio dagua;SANTA MARIA VIT;SUDESTE;SE;SUDESTE;2026-01-18;10.481;24.7989;10.481;24.7989;10.373;42.264
TAQUARUÇU;62;Fio dagua;PARANAPANEMA;PARANAPANEMA;SE;SUDESTE;2026-01-18;184.245;52.6704;184.245;52.6704;185.067;349.8075
TELES PIRES;229;Fio dagua;AMAZONAS;TELES PIRES;SE;SUDESTE;2026-01-18;1383.052;75.658;1316.845;72.0362;1398.678;1828.0318
TRÊS IRMÃOS;43;Reservatório com Usina;TIETE;PARANA;SE;SUDESTE;2026-01-18;309.845;62.6364;309.845;62.6364;313.789;494.6725
TRÊS MARIAS;156;Reservatório com Usina;SAO FRANCISCO;SUDESTE;SE;SUDESTE;2026-01-18;205.543;33.0827;205.543;33.0827;200.089;621.3
TUCURUI;275;Reservatório com Usina;TOCANTINS;NORTE;N;NORTE;2026-01-18;4752.155;58.6288;4752.155;58.6288;4267.067;8105.5008
VOLTA GRANDE;11;Fio dagua;GRANDE;PARANA;SE;SUDESTE;2026-01-18;204.385;38.6969;204.385;38.6969;199.348;528.1696
XINGO;178;Fio dagua;SAO FRANCISCO;NORDESTE;NE;NORDESTE;2026-01-18;1591.437;32.9866;1591.437;32.9866;1627.326;4824.4975
14 DE JULHO;99;Fio dagua;JACUI;SUL;S;SUL;2026-01-19;58.664;115.7793;58.664;115.7793;56.572;50.6688
A. VERMELHA;18;Reservatório com Usina;GRANDE;PARANA;SE;SUDESTE;2026-01-19;691.914;41.8119;691.914;41.8119;652.73;1654.825
AIMORES;143;Fio dagua;DOCE;SUDESTE;SE;SUDESTE;2026-01-19;69.936;17.846;69.936;17.846;72.43;391.8856
APOLONIO SALES;173;Fio dagua;SAO FRANCISCO;NORDESTE;NE;NORDESTE;2026-01-19;183.026;41.9259;183.026;41.9259;56.396;436.5468
B. BONITA;37;Reservatório com Usina;TIETE;PARANA;SE;SUDESTE;2026-01-19;182.367;151.2285;169.935;140.9192;194.273;120.5904
B.COQUEIROS;312;Fio dagua;PARANAIBA;PARANA;SE;SUDESTE;2026-01-19;37.202;40.0518;37.202;40.0518;38.303;92.8846
BAGUARI;141;Fio dagua;DOCE;SUDESTE;SE;SUDESTE;2026-01-19;38.811;22.5191;38.811;22.5191;39.462;172.347
BAIXO IGUACU;83;Fio dagua;IGUACU;IGUACU;S;SUL;2026-01-19;100.277;53.6065;100.277;53.6065;95.007;187.0614
BALBINA;277;Reservatório com Usina;AMAZONAS;MANAUS-AMAPA;N;NORTE;2026-01-19;124.403;147.6769;124.403;147.6769;119.851;84.24
BARIRI;38;Fio dagua;TIETE;PARANA;SE;SUDESTE;2026-01-19;202.36;143.8925;202.36;143.8925;201.111;140.6328
BARRA BRAUNA;185;Fio dagua;PARAIBA DO SUL;SUDESTE;SE;SUDESTE;2026-01-19;19.721;43.4003;19.721;43.4003;19.455;45.4398
BARRA GRANDE;86;Reservatório com Usina;URUGUAI;SUL;S;SUL;2026-01-19;381.395;142.582;375.734;140.4657;386.844;267.4917
BATALHA;20;Reservatório com Usina;PARANAIBA;PARANA;SE;SUDESTE;2026-01-19;21.579;33.0265;21.579;33.0265;19.925;65.3384
BELO MONTE;288;Fio dagua;AMAZONAS;BELO MONTE;N;NORTE;2026-01-19;4443.375;79.3667;4443.375;79.3667;4392.007;5598.54
BOA ESPERANÇA;190;Reservatório com Usina;PARNAIBA;NORDESTE;NE;NORDESTE;2026-01-19;135.009;56.0989;135.009;56.0989;130.354;240.6624
C. DOURADA;32;Fio dagua;PARANAIBA;PARANA;SE;SUDESTE;2026-01-19;360.058;48.6869;358.977;48.5407;382.825;739.5374
C.BRANCO-1;27;Reservatório com Usina;PARANAIBA;PARANA;SE;SUDESTE;2026-01-19;104.566;34.6559;78.996;26.1814;101.855;301.726
C.BRANCO-2;28;Fio dagua;PARANAIBA;PARANA;SE;SUDESTE;2026-01-19;87.741;34.4453;75.234;29.5353;87.074;254.7259
CACHOEIRA CALDEIRAO;204;Fio dagua;ARAGUARI;MANAUS-AMAPA;N;NORTE;2026-01-19;41.277;52.5183;39.028;49.6569;42.37;78.5954
CACONDE;14;Reservatório com Usina;GRANDE;PARANA;SE;SUDESTE;2026-01-19;111.009;141.4839;111.009;141.4839;107.356;78.4605
CACU;311;Reservatório com Usina;PARANAIBA;PARANA;SE;SUDESTE;2026-01-19;26.844;39.7371;26.844;39.7371;27.578;67.554
CAMARGOS;1;Reservatório com Usina;GRANDE;PARANA;SE;SUDESTE;2026-01-19;23.162;46.1034;23.162;46.1034;22.272;50.2392
CAMPOS NOVOS;90;Reservatório com Usina;URUGUAI;SUL;S;SUL;2026-01-19;511.558;132.6957;511.558;132.6957;515.415;385.512
CANA BRAVA;252;Fio dagua;TOCANTINS;SUDESTE;SE;SUDESTE;2026-01-19;168.792;28.4102;168.792;28.4102;163.653;594.1248
CANASTRA;87;Fio dagua;JACUI;SUL;S;SUL;2026-01-19;;;;;;
CANDONGA;139;Fio dagua;DOCE;SUDESTE;SE;SUDESTE;2026-01-19;29.157;24.3422;29.157;24.3422;28.396;119.7798
CANOAS I;52;Fio dagua;PARANAPANEMA;PARANAPANEMA;SE;SUDESTE;2026-01-19;45.484;44.4639;45.484;44.4639;46.071;102.2943
CANOAS II;51;Fio dagua;PARANAPANEMA;PARANAPANEMA;SE;SUDESTE;2026-01-19;36.708;42.9864;36.708;42.9864;37.793;85.3944
CAPIVARA;61;Reservatório com Usina;PARANAPANEMA;PARANAPANEMA;SE;SUDESTE;2026-01-19;293.035;52.0744;293.035;52.0744;311.119;562.7232
CASTRO ALVES;97;Fio dagua;JACUI;SUL;S;SUL;2026-01-19;100.08;135.8129;100.08;135.8129;97.211;73.6896
CHAVANTES;49;Reservatório com Usina;PARANAPANEMA;PARANAPANEMA;SE;SUDESTE;2026-01-19;93.223;30.0039;93.223;30.0039;91.996;310.7031
COARACY NUNES;280;Fio dagua;ARAGUARI;MANAUS-AMAPA;N;NORTE;2026-01-19;52.358;51.9943;52.358;51.9943;53.431;100.6995
COLIDER;228;Fio dagua;AMAZONAS;TELES PIRES;SE;SUDESTE;2026-01-19;185.979;58.3436;159.796;50.1297;136.067;318.7652
CORUMBA;30;Reservatório com Usina;PARANAIBA;PARANA;SE;SUDESTE;2026-01-19;239.266;53.0194;239.266;53.0194;228.746;451.2798
CORUMBA-3;203;Reservatório com Usina;PARANAIBA;PARANA;SE;SUDESTE;2026-01-19;42.558;47.3398;40.475;45.0228;40.676;89.8989
CORUMBA-4;29;Reservatório com Usina;PARANAIBA;PARANA;SE;SUDESTE;2026-01-19;56.656;46.6732;54.905;45.2307;55.393;121.3888
CURUA-UNA;272;Reservatório com Usina;AMAZONAS;BELO MONTE;N;NORTE;2026-01-19;25.036;98.75;25.036;98.75;21.364;25.3529
D. FRANCISCA;114;Fio dagua;JACUI;SUL;S;SUL;2026-01-19;105.321;148.0325;105.321;148.0325;107.746;71.1472
DARDANELOS;310;Fio dagua;AMAZONAS;MADEIRA;SE;SUDESTE;2026-01-19;397.252;93.6864;259.966;61.3094;386.926;424.0232
E. DA CUNHA;15;Fio dagua;GRANDE;PARANA;SE;SUDESTE;2026-01-19;165.524;143.2726;165.524;143.2726;157.226;115.5308
EMBORCAÇÃO;24;Reservatório com Usina;PARANAIBA;PARANA;SE;SUDESTE;2026-01-19;352.0;35.2985;352.0;35.2985;334.116;997.2102
ESPORA;290;Reservatório com Usina;PARANAIBA;PARANA;SE;SUDESTE;2026-01-19;23.495;73.0384;23.495;73.0384;21.891;32.168
ESTREITO;267;Fio dagua;TOCANTINS;NORTE;N;NORTE;2026-01-19;570.405;40.4995;570.405;40.4995;503.39;1408.425
FERREIRA GOMES;284;Fio dagua;ARAGUARI;MANAUS-AMAPA;N;NORTE;2026-01-19;43.666;51.5577;43.666;51.5577;48.292;84.6935
FONTES;132;Fio dagua;PARAIBA DO SUL;SUDESTE;SE;SUDESTE;2026-01-19;118.591;97.5552;118.591;97.5552;118.513;121.563
FOZ CHAPECO;103;Fio dagua;URUGUAI;SUL;S;SUL;2026-01-19;371.24;96.0232;336.995;87.1656;373.21;386.6148
FOZ DO RIO CLARO;315;Fio dagua;PARANAIBA;PARANA;SE;SUDESTE;2026-01-19;30.237;40.726;30.237;40.726;30.15;74.245
FUNDÃO;72;Fio dagua;IGUACU;IGUACU;S;SUL;2026-01-19;41.601;50.5853;41.601;50.5853;42.504;82.2393
FUNIL;123;Reservatório com Usina;PARAIBA DO SUL;SUDESTE;SE;SUDESTE;2026-01-19;103.366;49.5748;103.366;49.5748;90.929;208.505
FUNIL-MG;4;Fio dagua;GRANDE;PARANA;SE;SUDESTE;2026-01-19;77.961;38.5387;77.961;38.5387;81.148;202.293
FURNAS;6;Reservatório com Usina;GRANDE;PARANA;SE;SUDESTE;2026-01-19;617.677;44.4039;617.677;44.4039;595.098;1391.043
G. B. MUNHOZ;74;Reservatório com Usina;IGUACU;IGUACU;S;SUL;2026-01-19;352.893;52.1212;352.893;52.1212;345.051;677.0622
G. P. SOUZA;115;Reservatório com Usina;CAPIVARI;SUL;S;SUL;2026-01-19;127.338;80.1599;127.338;80.1599;127.235;158.855
GARIBALDI;89;Reservatório com Usina;URUGUAI;SUL;S;SUL;2026-01-19;115.189;141.213;115.189;141.213;115.002;81.5711
GOV JAYME CANET JR;57;Reservatório com Usina;PARANAPANEMA;IGUACU;S;SUL;2026-01-19;115.119;35.9672;115.119;35.9672;114.648;320.067
GUAPORE;196;Fio dagua;AMAZONAS;MADEIRA;SE;SUDESTE;2026-01-19;56.508;101.5834;56.508;101.5834;56.436;55.6272
GUILM. AMORIM;192;Fio dagua;DOCE;SUDESTE;SE;SUDESTE;2026-01-19;23.001;15.4393;23.001;15.4393;22.996;148.9768
HENRY BORDEN;119;Fio dagua;TIETE;SUDESTE;SE;SUDESTE;2026-01-19;851.609;223.7463;851.609;223.7463;851.292;380.6136
I. SOLTEIRA;34;Reservatório com Usina;PARANA;PARANA;SE;SUDESTE;2026-01-19;1415.303;42.2067;1415.303;42.2067;1441.303;3353.2623
IBITINGA;39;Fio dagua;TIETE;PARANA;SE;SUDESTE;2026-01-19;208.774;132.3704;208.774;132.3704;210.544;157.7196
IGARAPAVA;10;Fio dagua;GRANDE;PARANA;SE;SUDESTE;2026-01-19;133.32;43.4;133.32;43.4;131.432;307.1891
ILHA POMBOS;130;Fio dagua;PARAIBA DO SUL;SUDESTE;SE;SUDESTE;2026-01-19;49.536;21.2681;49.536;21.2681;50.239;232.9124
IRAPE;148;Reservatório com Usina;JEQUITINHONHA;SUDESTE;SE;SUDESTE;2026-01-19;146.362;30.5182;146.362;30.5182;145.5;479.589
ITÁ;92;Fio dagua;URUGUAI;SUL;S;SUL;2026-01-19;603.704;93.8656;603.704;93.8656;601.777;643.1579
ITAIPU;66;Fio dagua;PARANA;ITAIPU;SE;SUDESTE;2026-01-19;8699.471;57.8571;8699.471;57.8571;8959.927;15036.1432
ITAPEBI;154;Fio dagua;JEQUITINHONHA;NORDESTE;NE;NORDESTE;2026-01-19;76.684;13.8566;50.944;9.2055;77.676;553.41
ITAUBA;113;Fio dagua;JACUI;SUL;S;SUL;2026-01-19;205.31;156.201;205.31;156.201;204.412;131.4396
ITIQUIRA I;304;Fio dagua;PARAGUAI;SUDESTE;SE;SUDESTE;2026-01-19;38.033;49.9898;38.033;49.9898;38.042;76.0815
ITIQUIRA II;305;Fio dagua;PARAGUAI;SUDESTE;SE;SUDESTE;2026-01-19;60.571;49.9901;60.571;49.9901;61.883;121.1661
ITUMBIARA;31;Reservatório com Usina;PARANAIBA;PARANA;SE;SUDESTE;2026-01-19;925.161;50.3472;925.161;50.3472;845.624;1837.5605
ITUTINGA;2;Fio dagua;GRANDE;PARANA;SE;SUDESTE;2026-01-19;27.19;46.104;27.19;46.104;27.81;58.9754
JACUI;112;Fio dagua;JACUI;SUL;S;SUL;2026-01-19;194.028;173.0707;46.935;41.8655;201.28;112.1091
JAGUARA;9;Fio dagua;GRANDE;PARANA;SE;SUDESTE;2026-01-19;342.927;44.2039;316.108;40.7469;344.897;775.7848
JAGUARI;120;Reservatório com Usina;PARAIBA DO SUL;SUDESTE;SE;SUDESTE;2026-01-19;16.692;73.4774;16.692;73.4774;15.123;22.7172
JAURU;195;Fio dagua;PARAGUAI;SUDESTE;SE;SUDESTE;2026-01-19;74.181;83.1148;74.181;83.1148;74.06;89.2512
JIRAU;285;Fio dagua;AMAZONAS;MADEIRA;SE;SUDESTE;2026-01-19;4199.568;115.2298;3788.973;103.9637;3804.453;3644.515
JUPIA;45;Fio dagua;PARANA;PARANA;SE;SUDESTE;2026-01-19;860.243;46.3228;860.243;46.3228;879.52;1857.06
JURUENA;309;Fio dagua;AMAZONAS;TELES PIRES;SE;SUDESTE;2026-01-19;41.869;88.1378;37.712;79.387;43.205;47.504
JURUMIRIM;47;Reservatório com Usina;PARANAPANEMA;PARANAPANEMA;SE;SUDESTE;2026-01-19;31.204;33.1299;31.204;33.1299;31.123;94.1868
L. C. BARRETO;8;Fio dagua;GRANDE;PARANA;SE;SUDESTE;2026-01-19;474.085;44.693;474.085;44.693;470.375;1060.7587
LAJEADO;261;Fio dagua;TOCANTINS;SUDESTE;SE;SUDESTE;2026-01-19;471.744;32.9336;471.744;32.9336;450.642;1432.4115
LIMOEIRO;16;Fio dagua;GRANDE;PARANA;SE;SUDESTE;2026-01-19;49.285;142.1083;47.96;138.2878;47.483;34.6813
LUIZ GONZAGA;172;Reservatório com Usina;SAO FRANCISCO;NORDESTE;NE;NORDESTE;2026-01-19;831.511;41.9072;831.511;41.9072;811.721;1984.17
M. MORAES;7;Reservatório com Usina;GRANDE;PARANA;SE;SUDESTE;2026-01-19;297.239;44.8586;297.239;44.8586;309.288;662.6139
MACHADINHO;91;Reservatório com Usina;URUGUAI;SUL;S;SUL;2026-01-19;545.378;119.238;545.378;119.238;550.444;457.3859
MANSO;278;Reservatório com Usina;PARAGUAI;SUDESTE;SE;SUDESTE;2026-01-19;101.473;67.4831;101.473;67.4831;100.625;150.368
MARIMBONDO;17;Reservatório com Usina;GRANDE;PARANA;SE;SUDESTE;2026-01-19;759.496;45.7211;759.496;45.7211;696.837;1661.1515
MASCARENHAS;144;Fio dagua;DOCE;SUDESTE;SE;SUDESTE;2026-01-19;66.21;18.6383;66.21;18.6383;66.758;355.2354
MIRANDA;26;Reservatório com Usina;PARANAIBA;PARANA;SE;SUDESTE;2026-01-19;125.467;34.9189;125.467;34.9189;125.169;359.31
MONJOLINHO;94;Fio dagua;URUGUAI;SUL;S;SUL;2026-01-19;29.5;88.1123;29.5;88.1123;29.044;33.48
MONTE CLARO;98;Fio dagua;JACUI;SUL;S;SUL;2026-01-19;67.024;116.8394;52.506;91.531;66.29;57.3642
N. AVANHANDAVA;42;Fio dagua;TIETE;PARANA;SE;SUDESTE;2026-01-19;305.416;93.3651;305.416;93.3651;299.762;327.12
NILO PEÇANHA;131;Fio dagua;PARAIBA DO SUL;SUDESTE;SE;SUDESTE;2026-01-19;386.942;100.6992;386.942;100.6992;386.809;384.2553
NOVA PONTE;25;Reservatório com Usina;PARANAIBA;PARANA;SE;SUDESTE;2026-01-19;182.986;37.254;182.986;37.254;160.36;491.1852
OURINHOS;249;Fio dagua;PARANAPANEMA;PARANAPANEMA;SE;SUDESTE;2026-01-19;15.072;30.7807;13.148;26.8514;16.221;48.9658
P. AFONSO 1,2,3;174;Fio dagua;SAO FRANCISCO;NORDESTE;NE;NORDESTE;2026-01-19;714.066;41.9259;714.066;41.9259;237.48;1703.16
P. AFONSO 4;175;Fio dagua;SAO FRANCISCO;NORDESTE;NE;NORDESTE;2026-01-19;1022.053;41.9259;1022.053;41.9259;1621.486;2437.7598
P. COLOMBIA;12;Fio dagua;GRANDE;PARANA;SE;SUDESTE;2026-01-19;213.435;44.182;213.435;44.182;219.011;483.0812
PARAIBUNA;121;Reservatório com Usina;PARAIBA DO SUL;SUDESTE;SE;SUDESTE;2026-01-19;49.617;67.4387;49.617;67.4387;45.66;73.5735
PARANAPANEMA;53;Fio dagua;PARANAPANEMA;PARANAPANEMA;SE;SUDESTE;2026-01-19;14.289;33.8582;14.289;33.8582;14.901;42.2025
PASSO FUNDO;93;Reservatório com Usina;URUGUAI;SUL;S;SUL;2026-01-19;59.457;76.3424;59.457;76.3424;59.876;77.882
PASSO REAL;111;Reservatório com Usina;JACUI;SUL;S;SUL;2026-01-19;90.117;174.8215;90.117;174.8215;95.666;51.548
PASSO SAO JOAO;102;Fio dagua;URUGUAI;SUL;S;SUL;2026-01-19;57.55;129.217;51.951;116.6455;57.179;44.5375
PEDRA DO CAVALO;189;Reservatório com Usina;PARAGUACU;NORDESTE;NE;NORDESTE;2026-01-19;16.14;11.1241;16.14;11.1241;16.328;145.0899
PEIXE ANGICAL;257;Reservatório com Usina;TOCANTINS;SUDESTE;SE;SUDESTE;2026-01-19;238.695;32.8231;238.695;32.8231;231.398;727.216
PEREIRA PASSOS;133;Fio dagua;PARAIBA DO SUL;SUDESTE;SE;SUDESTE;2026-01-19;60.748;99.9467;60.748;99.9467;61.113;60.7804
PICADA;126;Fio dagua;PARAIBA DO SUL;SUDESTE;SE;SUDESTE;2026-01-19;21.914;30.6125;21.914;30.6125;21.892;71.5852
PIMENTAL;314;Fio dagua;AMAZONAS;BELO MONTE;N;NORTE;2026-01-19;127.388;90.7749;127.388;90.7749;127.335;140.334
PIRAJU;48;Fio dagua;PARANAPANEMA;PARANAPANEMA;SE;SUDESTE;2026-01-19;25.843;33.8576;25.843;33.8576;26.679;76.3286
PONTE DE PEDRA;281;Fio dagua;PARAGUAI;SUDESTE;SE;SUDESTE;2026-01-19;155.383;81.7325;106.75;56.1512;155.266;190.1116
PORTO ESTRELA;135;Reservatório com Usina;DOCE;SUDESTE;SE;SUDESTE;2026-01-19;21.61;15.7357;21.61;15.7357;20.079;137.3307
PORTO PRIMAVERA;46;Fio dagua;PARANA;PARANA;SE;SUDESTE;2026-01-19;915.26;46.5904;915.26;46.5904;943.862;1964.48
PROMISSÃO;40;Reservatório com Usina;TIETE;PARANA;SE;SUDESTE;2026-01-19;240.522;103.2186;207.081;88.8676;243.7;233.022
QUEBRA QUEIXO;95;Reservatório com Usina;URUGUAI;SUL;S;SUL;2026-01-19;34.093;56.7933;34.093;56.7933;34.116;60.03
QUEIMADO;162;Reservatório com Usina;SAO FRANCISCO;SUDESTE;SE;SUDESTE;2026-01-19;52.69;41.7146;52.69;41.7146;51.485;126.3108
RETIRO BAIXO;155;Reservatório com Usina;SAO FRANCISCO;SUDESTE;SE;SUDESTE;2026-01-19;26.858;25.3214;26.858;25.3214;26.733;106.0682
RONDON II;276;Reservatório com Usina;AMAZONAS;MADEIRA;SE;SUDESTE;2026-01-19;67.988;110.8112;67.988;110.8112;67.083;61.3548
ROSAL;217;Fio dagua;ITABAPOANA;SUDESTE;SE;SUDESTE;2026-01-19;31.271;30.3283;31.271;30.3283;31.195;103.1083
ROSANA;63;Fio dagua;PARANAPANEMA;PARANAPANEMA;SE;SUDESTE;2026-01-19;171.252;53.4605;171.252;53.4605;177.952;320.334
S.DO FACÃO;21;Reservatório com Usina;PARANAIBA;PARANA;SE;SUDESTE;2026-01-19;64.481;32.5802;64.481;32.5802;61.052;197.9145
S.R.VERDINHO;241;Fio dagua;PARANAIBA;PARANA;SE;SUDESTE;2026-01-19;43.029;44.7429;43.029;44.7429;43.778;96.1694
SA CARVALHO;193;Fio dagua;DOCE;SUDESTE;SE;SUDESTE;2026-01-19;22.09;14.6524;21.153;14.0309;22.054;150.7604
SALTO;262;Fio dagua;PARANAIBA;PARANA;SE;SUDESTE;2026-01-19;45.385;42.7164;45.385;42.7164;45.569;106.2472
SALTO CAXIAS;82;Fio dagua;IGUACU;IGUACU;S;SUL;2026-01-19;359.252;53.9933;359.252;53.9933;357.378;665.3644
SALTO GRANDE CM;134;Fio dagua;DOCE;SUDESTE;SE;SUDESTE;2026-01-19;37.606;16.3381;36.804;15.9896;37.707;230.174
SALTO GRANDE CS;50;Fio dagua;PARANAPANEMA;PARANAPANEMA;SE;SUDESTE;2026-01-19;40.76;42.0901;13.918;14.3722;42.217;96.8399
SALTO OSORIO;78;Fio dagua;IGUACU;IGUACU;S;SUL;2026-01-19;306.804;55.6674;306.804;55.6674;310.169;551.1373
SALTO PILAO;215;Fio dagua;ITAJAI;SUL;S;SUL;2026-01-19;135.13;66.6087;112.197;55.3045;135.439;202.8715
SALTO SANTIAGO;77;Reservatório com Usina;IGUACU;IGUACU;S;SUL;2026-01-19;460.315;55.9642;460.315;55.9642;466.256;822.5162
SAMUEL;279;Reservatório com Usina;AMAZONAS;MADEIRA;SE;SUDESTE;2026-01-19;225.573;167.3569;225.573;167.3569;203.232;134.7856
SANTA BRANCA;122;Reservatório com Usina;PARAIBA DO SUL;SUDESTE;SE;SUDESTE;2026-01-19;30.679;69.4913;30.679;69.4913;25.509;44.148
SANTA CLARA-PR;71;Reservatório com Usina;IGUACU;IGUACU;S;SUL;2026-01-19;37.371;48.9249;37.371;48.9249;37.277;76.3844
SANTO ANTONIO;287;Fio dagua;AMAZONAS;MADEIRA;SE;SUDESTE;2026-01-19;4364.092;115.0245;3920.602;103.3354;3637.971;3794.0553
SAO DOMINGOS;153;Fio dagua;PARANA;PARANA;SE;SUDESTE;2026-01-19;31.994;69.9202;30.151;65.8924;31.747;45.7579
SAO JOSE;101;Fio dagua;URUGUAI;SUL;S;SUL;2026-01-19;40.445;127.4332;40.445;127.4332;39.658;31.7382
SAO MANOEL;230;Fio dagua;AMAZONAS;TELES PIRES;SE;SUDESTE;2026-01-19;616.155;74.4843;591.898;71.552;596.804;827.2283
SAO ROQUE;88;Reservatório com Usina;URUGUAI;SUL;S;SUL;2026-01-19;119.685;149.2378;119.685;149.2378;121.944;80.1975
SAO SALVADOR;253;Fio dagua;TOCANTINS;SUDESTE;SE;SUDESTE;2026-01-19;113.386;31.1833;113.386;31.1833;114.46;363.6108
SÃO SIMÃO;33;Reservatório com Usina;PARANAIBA;PARANA;SE;SUDESTE;2026-01-19;1131.711;45.1297;1131.711;45.1297;1082.839;2507.683
SEGREDO;76;Reservatório com Usina;IGUACU;IGUACU;S;SUL;2026-01-19;420.27;57.68;420.27;57.68;421.118;728.624
SERRA DA MESA;251;Reservatório com Usina;TOCANTINS;SUDESTE;SE;SUDESTE;2026-01-19;377.551;26.392;377.551;26.392;366.636;1430.55
SIMPLICIO;129;Fio dagua;PARAIBA DO SUL;SUDESTE;SE;SUDESTE;2026-01-19;47.258;14.9299;47.258;14.9299;47.834;316.53285
SINOP;227;Reservatório com Usina;AMAZONAS;TELES PIRES;SE;SUDESTE;2026-01-19;205.903;60.3268;198.61;58.1901;165.614;341.3124
SOBRADINHO;169;Reservatório com Usina;SAO FRANCISCO;NORDESTE;NE;NORDESTE;2026-01-19;582.536;53.5134;582.536;53.5134;535.307;1088.5805
SOBRAGI;127;Fio dagua;PARAIBA DO SUL;SUDESTE;SE;SUDESTE;2026-01-19;21.592;24.1117;20.159;22.5114;21.628;89.55
STA.CLARA-MG;283;Fio dagua;MUCURI;SUDESTE;SE;SUDESTE;2026-01-19;12.487;16.8362;12.487;16.8362;12.316;74.1675
STO ANTONIO DO JARI;286;Fio dagua;AMAZONAS;MANAUS-AMAPA;N;NORTE;2026-01-19;67.684;42.4342;67.684;42.4342;70.179;159.5035
SUIÇA;145;Fio dagua;SANTA MARIA VIT;SUDESTE;SE;SUDESTE;2026-01-19;9.129;21.5999;9.129;21.5999;9.025;42.264
TAQUARUÇU;62;Fio dagua;PARANAPANEMA;PARANAPANEMA;SE;SUDESTE;2026-01-19;183.239;52.3828;183.239;52.3828;177.856;349.8075
TELES PIRES;229;Fio dagua;AMAZONAS;TELES PIRES;SE;SUDESTE;2026-01-19;1357.954;74.285;1251.315;68.4515;1373.296;1828.0318
TRÊS IRMÃOS;43;Reservatório com Usina;TIETE;PARANA;SE;SUDESTE;2026-01-19;361.296;73.0374;361.296;73.0374;367.245;494.6725
TRÊS MARIAS;156;Reservatório com Usina;SAO FRANCISCO;SUDESTE;SE;SUDESTE;2026-01-19;216.169;34.793;216.169;34.793;210.26;621.3
TUCURUI;275;Reservatório com Usina;TOCANTINS;NORTE;N;NORTE;2026-01-19;4723.559;58.276;4723.559;58.276;4241.39;8105.5008
VOLTA GRANDE;11;Fio dagua;GRANDE;PARANA;SE;SUDESTE;2026-01-19;229.059;43.3685;229.059;43.3685;221.753;528.1696
XINGO;178;Fio dagua;SAO FRANCISCO;NORDESTE;NE;NORDESTE;2026-01-19;1764.86;36.5812;1764.86;36.5812;1803.627;4824.4975
14 DE JULHO;99;Fio dagua;JACUI;SUL;S;SUL;2026-01-20;51.721;102.0766;51.721;102.0766;50.336;50.6688
A. VERMELHA;18;Reservatório com Usina;GRANDE;PARANA;SE;SUDESTE;2026-01-20;779.465;47.1026;779.465;47.1026;735.769;1654.825
AIMORES;143;Fio dagua;DOCE;SUDESTE;SE;SUDESTE;2026-01-20;68.145;17.389;68.145;17.389;70.481;391.8856
APOLONIO SALES;173;Fio dagua;SAO FRANCISCO;NORDESTE;NE;NORDESTE;2026-01-20;208.899;47.8526;208.899;47.8526;65.655;436.5468
B. BONITA;37;Reservatório com Usina;TIETE;PARANA;SE;SUDESTE;2026-01-20;165.161;136.9603;151.841;125.9147;175.532;120.5904
B.COQUEIROS;312;Fio dagua;PARANAIBA;PARANA;SE;SUDESTE;2026-01-20;33.663;36.2417;33.663;36.2417;34.651;92.8846
BAGUARI;141;Fio dagua;DOCE;SUDESTE;SE;SUDESTE;2026-01-20;39.095;22.6839;39.095;22.6839;40.102;172.347
BAIXO IGUACU;83;Fio dagua;IGUACU;IGUACU;S;SUL;2026-01-20;97.02;51.8653;97.02;51.8653;94.705;187.0614
BALBINA;277;Reservatório com Usina;AMAZONAS;MANAUS-AMAPA;N;NORTE;2026-01-20;137.097;162.7457;137.097;162.7457;128.826;84.24
BARIRI;38;Fio dagua;TIETE;PARANA;SE;SUDESTE;2026-01-20;199.251;141.6817;199.251;141.6817;197.393;140.6328
BARRA BRAUNA;185;Fio dagua;PARAIBA DO SUL;SUDESTE;SE;SUDESTE;2026-01-20;39.698;87.3639;38.86;85.5197;40.042;45.4398
BARRA GRANDE;86;Reservatório com Usina;URUGUAI;SUL;S;SUL;2026-01-20;369.492;138.1321;368.077;137.6031;374.097;267.4917
BATALHA;20;Reservatório com Usina;PARANAIBA;PARANA;SE;SUDESTE;2026-01-20;27.985;42.8309;27.985;42.8309;25.925;65.3384
BELO MONTE;288;Fio dagua;AMAZONAS;BELO MONTE;N;NORTE;2026-01-20;4536.176;81.0243;4536.176;81.0243;4498.391;5598.54
BOA ESPERANÇA;190;Reservatório com Usina;PARNAIBA;NORDESTE;NE;NORDESTE;2026-01-20;139.471;57.953;139.471;57.953;134.958;240.6624
C. DOURADA;32;Fio dagua;PARANAIBA;PARANA;SE;SUDESTE;2026-01-20;373.776;50.5419;371.884;50.286;397.647;739.5374
C.BRANCO-1;27;Reservatório com Usina;PARANAIBA;PARANA;SE;SUDESTE;2026-01-20;113.694;37.6812;98.352;32.5965;111.567;301.726
C.BRANCO-2;28;Fio dagua;PARANAIBA;PARANA;SE;SUDESTE;2026-01-20;91.384;35.8754;91.384;35.8754;91.107;254.7259
CACHOEIRA CALDEIRAO;204;Fio dagua;ARAGUARI;MANAUS-AMAPA;N;NORTE;2026-01-20;42.83;54.4943;39.877;50.7371;44.128;78.5954
CACONDE;14;Reservatório com Usina;GRANDE;PARANA;SE;SUDESTE;2026-01-20;83.697;106.6741;83.697;106.6741;81.133;78.4605
CACU;311;Reservatório com Usina;PARANAIBA;PARANA;SE;SUDESTE;2026-01-20;23.68;35.0534;23.68;35.0534;24.171;67.554
CAMARGOS;1;Reservatório com Usina;GRANDE;PARANA;SE;SUDESTE;2026-01-20;24.79;49.3439;24.79;49.3439;23.952;50.2392
CAMPOS NOVOS;90;Reservatório com Usina;URUGUAI;SUL;S;SUL;2026-01-20;491.962;127.6126;491.962;127.6126;495.308;385.512
CANA BRAVA;252;Fio dagua;TOCANTINS;SUDESTE;SE;SUDESTE;2026-01-20;177.042;29.7988;177.042;29.7988;172.951;594.1248
CANASTRA;87;Fio dagua;JACUI;SUL;S;SUL;2026-01-20;;;;;;
CANDONGA;139;Fio dagua;DOCE;SUDESTE;SE;SUDESTE;2026-01-20;39.298;32.8085;39.298;32.8085;37.924;119.7798
CANOAS I;52;Fio dagua;PARANAPANEMA;PARANAPANEMA;SE;SUDESTE;2026-01-20;44.226;43.2341;43.333;42.3611;44.715;102.2943
CANOAS II;51;Fio dagua;PARANAPANEMA;PARANAPANEMA;SE;SUDESTE;2026-01-20;35.703;41.8095;35.703;41.8095;36.835;85.3944
CAPIVARA;61;Reservatório com Usina;PARANAPANEMA;PARANAPANEMA;SE;SUDESTE;2026-01-20;290.576;51.6375;290.576;51.6375;307.976;562.7232
CASTRO ALVES;97;Fio dagua;JACUI;SUL;S;SUL;2026-01-20;72.331;98.1563;72.331;98.1563;70.832;73.6896
CHAVANTES;49;Reservatório com Usina;PARANAPANEMA;PARANAPANEMA;SE;SUDESTE;2026-01-20;92.198;29.674;92.198;29.674;90.984;310.7031
COARACY NUNES;280;Fio dagua;ARAGUARI;MANAUS-AMAPA;N;NORTE;2026-01-20;54.681;54.3012;54.681;54.3012;54.361;100.6995
COLIDER;228;Fio dagua;AMAZONAS;TELES PIRES;SE;SUDESTE;2026-01-20;192.955;60.532;171.551;53.8174;145.335;318.7652
CORUMBA;30;Reservatório com Usina;PARANAIBA;PARANA;SE;SUDESTE;2026-01-20;249.469;55.2803;249.469;55.2803;238.535;451.2798
CORUMBA-3;203;Reservatório com Usina;PARANAIBA;PARANA;SE;SUDESTE;2026-01-20;54.377;60.4868;49.864;55.4668;52.633;89.8989
CORUMBA-4;29;Reservatório com Usina;PARANAIBA;PARANA;SE;SUDESTE;2026-01-20;90.697;74.7161;87.196;71.832;89.477;121.3888
CURUA-UNA;272;Reservatório com Usina;AMAZONAS;BELO MONTE;N;NORTE;2026-01-20;24.915;98.2728;24.915;98.2728;21.118;25.3529
D. FRANCISCA;114;Fio dagua;JACUI;SUL;S;SUL;2026-01-20;82.178;115.5042;82.178;115.5042;80.4;71.1472
DARDANELOS;310;Fio dagua;AMAZONAS;MADEIRA;SE;SUDESTE;2026-01-20;390.31;92.0492;259.975;61.3115;380.244;424.0232
E. DA CUNHA;15;Fio dagua;GRANDE;PARANA;SE;SUDESTE;2026-01-20;136.424;118.0845;136.424;118.0845;133.229;115.5308
EMBORCAÇÃO;24;Reservatório com Usina;PARANAIBA;PARANA;SE;SUDESTE;2026-01-20;357.293;35.8293;357.293;35.8293;339.865;997.2102
ESPORA;290;Reservatório com Usina;PARANAIBA;PARANA;SE;SUDESTE;2026-01-20;24.966;77.6113;24.966;77.6113;23.262;32.168
ESTREITO;267;Fio dagua;TOCANTINS;NORTE;N;NORTE;2026-01-20;602.283;42.7629;602.283;42.7629;532.818;1408.425
FERREIRA GOMES;284;Fio dagua;ARAGUARI;MANAUS-AMAPA;N;NORTE;2026-01-20;45.871;54.1612;45.871;54.1612;49.992;84.6935
FONTES;132;Fio dagua;PARAIBA DO SUL;SUDESTE;SE;SUDESTE;2026-01-20;137.771;113.333;137.771;113.333;137.542;121.563
FOZ CHAPECO;103;Fio dagua;URUGUAI;SUL;S;SUL;2026-01-20;373.75;96.6725;339.505;87.8148;375.292;386.6148
FOZ DO RIO CLARO;315;Fio dagua;PARANAIBA;PARANA;SE;SUDESTE;2026-01-20;28.534;38.4322;28.534;38.4322;28.431;74.245
FUNDÃO;72;Fio dagua;IGUACU;IGUACU;S;SUL;2026-01-20;35.845;43.5862;35.845;43.5862;36.511;82.2393
FUNIL;123;Reservatório com Usina;PARAIBA DO SUL;SUDESTE;SE;SUDESTE;2026-01-20;130.003;62.3501;130.003;62.3501;117.436;208.505
FUNIL-MG;4;Fio dagua;GRANDE;PARANA;SE;SUDESTE;2026-01-20;83.614;41.3331;83.614;41.3331;86.63;202.293
FURNAS;6;Reservatório com Usina;GRANDE;PARANA;SE;SUDESTE;2026-01-20;680.847;48.9451;680.847;48.9451;654.076;1391.043
G. B. MUNHOZ;74;Reservatório com Usina;IGUACU;IGUACU;S;SUL;2026-01-20;332.701;49.1389;332.701;49.1389;325.526;677.0622
G. P. SOUZA;115;Reservatório com Usina;CAPIVARI;SUL;S;SUL;2026-01-20;106.242;66.8799;106.242;66.8799;106.15;158.855
GARIBALDI;89;Reservatório com Usina;URUGUAI;SUL;S;SUL;2026-01-20;106.718;130.8282;106.718;130.8282;105.822;81.5711
GOV JAYME CANET JR;57;Reservatório com Usina;PARANAPANEMA;IGUACU;S;SUL;2026-01-20;105.832;33.0656;105.832;33.0656;105.344;320.067
GUAPORE;196;Fio dagua;AMAZONAS;MADEIRA;SE;SUDESTE;2026-01-20;56.307;101.2221;56.307;101.2221;56.229;55.6272
GUILM. AMORIM;192;Fio dagua;DOCE;SUDESTE;SE;SUDESTE;2026-01-20;33.379;22.4055;33.379;22.4055;33.104;148.9768
HENRY BORDEN;119;Fio dagua;TIETE;SUDESTE;SE;SUDESTE;2026-01-20;881.092;231.4925;881.092;231.4925;880.986;380.6136
I. SOLTEIRA;34;Reservatório com Usina;PARANA;PARANA;SE;SUDESTE;2026-01-20;1472.793;43.9212;1472.793;43.9212;1500.507;3353.2623
IBITINGA;39;Fio dagua;TIETE;PARANA;SE;SUDESTE;2026-01-20;218.379;138.4603;218.379;138.4603;221.504;157.7196
IGARAPAVA;10;Fio dagua;GRANDE;PARANA;SE;SUDESTE;2026-01-20;146.015;47.5326;146.015;47.5326;142.049;307.1891
ILHA POMBOS;130;Fio dagua;PARAIBA DO SUL;SUDESTE;SE;SUDESTE;2026-01-20;72.624;31.1808;72.624;31.1808;73.655;232.9124
IRAPE;148;Reservatório com Usina;JEQUITINHONHA;SUDESTE;SE;SUDESTE;2026-01-20;259.894;54.191;259.894;54.191;258.441;479.589
ITÁ;92;Fio dagua;URUGUAI;SUL;S;SUL;2026-01-20;668.593;103.9547;668.593;103.9547;666.985;643.1579
ITAIPU;66;Fio dagua;PARANA;ITAIPU;SE;SUDESTE;2026-01-20;8441.312;56.1401;8441.312;56.1401;8644.89;15036.1432
ITAPEBI;154;Fio dagua;JEQUITINHONHA;NORDESTE;NE;NORDESTE;2026-01-20;61.805;11.168;38.925;7.0337;62.841;553.41
ITAUBA;113;Fio dagua;JACUI;SUL;S;SUL;2026-01-20;161.18;122.6267;161.18;122.6267;160.3;131.4396
ITIQUIRA I;304;Fio dagua;PARAGUAI;SUDESTE;SE;SUDESTE;2026-01-20;38.079;50.0503;38.079;50.0503;177.593;76.0815
ITIQUIRA II;305;Fio dagua;PARAGUAI;SUDESTE;SE;SUDESTE;2026-01-20;60.644;50.0503;60.644;50.0503;60.816;121.1661
ITUMBIARA;31;Reservatório com Usina;PARANAIBA;PARANA;SE;SUDESTE;2026-01-20;955.44;51.995;955.44;51.995;878.66;1837.5605
ITUTINGA;2;Fio dagua;GRANDE;PARANA;SE;SUDESTE;2026-01-20;29.1;49.3426;29.1;49.3426;29.661;58.9754
JACUI;112;Fio dagua;JACUI;SUL;S;SUL;2026-01-20;133.139;118.7584;0.0;0.0;138.057;112.1091
JAGUARA;9;Fio dagua;GRANDE;PARANA;SE;SUDESTE;2026-01-20;372.854;48.0615;358.656;46.2314;371.276;775.7848
JAGUARI;120;Reservatório com Usina;PARAIBA DO SUL;SUDESTE;SE;SUDESTE;2026-01-20;14.343;63.1372;14.343;63.1372;12.981;22.7172
JAURU;195;Fio dagua;PARAGUAI;SUDESTE;SE;SUDESTE;2026-01-20;72.349;81.0622;72.349;81.0622;72.134;89.2512
JIRAU;285;Fio dagua;AMAZONAS;MADEIRA;SE;SUDESTE;2026-01-20;4177.202;114.6161;3874.952;106.3228;3786.634;3644.515
JUPIA;45;Fio dagua;PARANA;PARANA;SE;SUDESTE;2026-01-20;906.354;48.8059;906.354;48.8059;933.714;1857.06
JURUENA;309;Fio dagua;AMAZONAS;TELES PIRES;SE;SUDESTE;2026-01-20;42.284;89.0115;38.128;80.2627;43.866;47.504
JURUMIRIM;47;Reservatório com Usina;PARANAPANEMA;PARANAPANEMA;SE;SUDESTE;2026-01-20;31.442;33.3826;31.442;33.3826;31.387;94.1868
L. C. BARRETO;8;Fio dagua;GRANDE;PARANA;SE;SUDESTE;2026-01-20;513.704;48.428;513.704;48.428;510.86;1060.7587
LAJEADO;261;Fio dagua;TOCANTINS;SUDESTE;SE;SUDESTE;2026-01-20;476.528;33.2675;476.528;33.2675;460.54;1432.4115
LIMOEIRO;16;Fio dagua;GRANDE;PARANA;SE;SUDESTE;2026-01-20;41.845;120.6558;41.845;120.6558;40.136;34.6813
LUIZ GONZAGA;172;Reservatório com Usina;SAO FRANCISCO;NORDESTE;NE;NORDESTE;2026-01-20;949.052;47.8312;949.052;47.8312;924.216;1984.17
M. MORAES;7;Reservatório com Usina;GRANDE;PARANA;SE;SUDESTE;2026-01-20;321.977;48.5919;321.977;48.5919;337.116;662.6139
MACHADINHO;91;Reservatório com Usina;URUGUAI;SUL;S;SUL;2026-01-20;600.027;131.1862;600.027;131.1862;603.748;457.3859
MANSO;278;Reservatório com Usina;PARAGUAI;SUDESTE;SE;SUDESTE;2026-01-20;115.58;76.8648;115.58;76.8648;114.576;150.368
MARIMBONDO;17;Reservatório com Usina;GRANDE;PARANA;SE;SUDESTE;2026-01-20;857.88;51.6437;857.88;51.6437;793.86;1661.1515
MASCARENHAS;144;Fio dagua;DOCE;SUDESTE;SE;SUDESTE;2026-01-20;66.214;18.6395;66.214;18.6395;65.332;355.2354
MIRANDA;26;Reservatório com Usina;PARANAIBA;PARANA;SE;SUDESTE;2026-01-20;139.059;38.7017;139.059;38.7017;139.343;359.31
MONJOLINHO;94;Fio dagua;URUGUAI;SUL;S;SUL;2026-01-20;22.658;67.6762;22.658;67.6762;22.474;33.48
MONTE CLARO;98;Fio dagua;JACUI;SUL;S;SUL;2026-01-20;56.196;97.9635;50.176;87.4692;55.976;57.3642
N. AVANHANDAVA;42;Fio dagua;TIETE;PARANA;SE;SUDESTE;2026-01-20;327.217;100.0297;327.217;100.0297;322.121;327.12
NILO PEÇANHA;131;Fio dagua;PARAIBA DO SUL;SUDESTE;SE;SUDESTE;2026-01-20;386.942;100.6992;386.942;100.6992;386.809;384.2553
NOVA PONTE;25;Reservatório com Usina;PARANAIBA;PARANA;SE;SUDESTE;2026-01-20;211.287;43.0158;211.287;43.0158;185.063;491.1852
OURINHOS;249;Fio dagua;PARANAPANEMA;PARANAPANEMA;SE;SUDESTE;2026-01-20;14.812;30.2497;14.331;29.2674;16.263;48.9658
P. AFONSO 1,2,3;174;Fio dagua;SAO FRANCISCO;NORDESTE;NE;NORDESTE;2026-01-20;815.005;47.8525;815.005;47.8525;274.194;1703.16
P. AFONSO 4;175;Fio dagua;SAO FRANCISCO;NORDESTE;NE;NORDESTE;2026-01-20;1166.53;47.8525;1166.53;47.8525;1848.211;2437.7598
P. COLOMBIA;12;Fio dagua;GRANDE;PARANA;SE;SUDESTE;2026-01-20;236.603;48.9779;236.603;48.9779;241.504;483.0812
PARAIBUNA;121;Reservatório com Usina;PARAIBA DO SUL;SUDESTE;SE;SUDESTE;2026-01-20;45.384;61.6853;45.384;61.6853;41.709;73.5735
PARANAPANEMA;53;Fio dagua;PARANAPANEMA;PARANAPANEMA;SE;SUDESTE;2026-01-20;14.005;33.1852;14.005;33.1852;14.642;42.2025
PASSO FUNDO;93;Reservatório com Usina;URUGUAI;SUL;S;SUL;2026-01-20;53.294;68.4292;53.294;68.4292;53.688;77.882
PASSO REAL;111;Reservatório com Usina;JACUI;SUL;S;SUL;2026-01-20;59.589;115.5991;59.589;115.5991;63.332;51.548
PASSO SAO JOAO;102;Fio dagua;URUGUAI;SUL;S;SUL;2026-01-20;56.242;126.2801;49.879;111.9933;55.801;44.5375
PEDRA DO CAVALO;189;Reservatório com Usina;PARAGUACU;NORDESTE;NE;NORDESTE;2026-01-20;20.588;14.1898;20.588;14.1898;20.822;145.0899
PEIXE ANGICAL;257;Reservatório com Usina;TOCANTINS;SUDESTE;SE;SUDESTE;2026-01-20;229.405;31.5456;229.405;31.5456;227.388;727.216
PEREIRA PASSOS;133;Fio dagua;PARAIBA DO SUL;SUDESTE;SE;SUDESTE;2026-01-20;63.044;103.7242;63.044;103.7242;63.439;60.7804
PICADA;126;Fio dagua;PARAIBA DO SUL;SUDESTE;SE;SUDESTE;2026-01-20;22.85;31.92;22.85;31.92;22.837;71.5852
PIMENTAL;314;Fio dagua;AMAZONAS;BELO MONTE;N;NORTE;2026-01-20;128.538;91.5943;128.538;91.5943;124.988;140.334
PIRAJU;48;Fio dagua;PARANAPANEMA;PARANAPANEMA;SE;SUDESTE;2026-01-20;25.329;33.1842;25.329;33.1842;26.158;76.3286
PONTE DE PEDRA;281;Fio dagua;PARAGUAI;SUDESTE;SE;SUDESTE;2026-01-20;153.924;80.9651;30.13;15.8486;153.444;190.1116
PORTO ESTRELA;135;Reservatório com Usina;DOCE;SUDESTE;SE;SUDESTE;2026-01-20;23.456;17.0799;23.456;17.0799;21.864;137.3307
PORTO PRIMAVERA;46;Fio dagua;PARANA;PARANA;SE;SUDESTE;2026-01-20;924.386;47.055;924.386;47.055;953.273;1964.48
PROMISSÃO;40;Reservatório com Usina;TIETE;PARANA;SE;SUDESTE;2026-01-20;254.927;109.4004;216.8;93.0384;260.191;233.022
QUEBRA QUEIXO;95;Reservatório com Usina;URUGUAI;SUL;S;SUL;2026-01-20;31.505;52.4821;31.505;52.4821;31.28;60.03
QUEIMADO;162;Reservatório com Usina;SAO FRANCISCO;SUDESTE;SE;SUDESTE;2026-01-20;59.563;47.1559;59.563;47.1559;58.234;126.3108
RETIRO BAIXO;155;Reservatório com Usina;SAO FRANCISCO;SUDESTE;SE;SUDESTE;2026-01-20;25.078;23.6433;25.078;23.6433;25.069;106.0682
RONDON II;276;Reservatório com Usina;AMAZONAS;MADEIRA;SE;SUDESTE;2026-01-20;68.329;111.367;68.329;111.367;67.84;61.3548
ROSAL;217;Fio dagua;ITABAPOANA;SUDESTE;SE;SUDESTE;2026-01-20;29.969;29.0656;29.969;29.0656;29.946;103.1083
ROSANA;63;Fio dagua;PARANAPANEMA;PARANAPANEMA;SE;SUDESTE;2026-01-20;171.141;53.4258;171.141;53.4258;179.698;320.334
S.DO FACÃO;21;Reservatório com Usina;PARANAIBA;PARANA;SE;SUDESTE;2026-01-20;77.303;39.0588;77.303;39.0588;73.182;197.9145
S.R.VERDINHO;241;Fio dagua;PARANAIBA;PARANA;SE;SUDESTE;2026-01-20;41.645;43.3038;41.645;43.3038;42.36;96.1694
SA CARVALHO;193;Fio dagua;DOCE;SUDESTE;SE;SUDESTE;2026-01-20;30.143;19.994;28.27;18.7516;30.188;150.7604
SALTO;262;Fio dagua;PARANAIBA;PARANA;SE;SUDESTE;2026-01-20;45.547;42.8689;45.547;42.8689;45.651;106.2472
SALTO CAXIAS;82;Fio dagua;IGUACU;IGUACU;S;SUL;2026-01-20;348.295;52.3465;348.295;52.3465;347.773;665.3644
SALTO GRANDE CM;134;Fio dagua;DOCE;SUDESTE;SE;SUDESTE;2026-01-20;41.263;17.9269;40.461;17.5784;41.348;230.174
SALTO GRANDE CS;50;Fio dagua;PARANAPANEMA;PARANAPANEMA;SE;SUDESTE;2026-01-20;39.664;40.9583;12.822;13.2404;41.311;96.8399
SALTO OSORIO;78;Fio dagua;IGUACU;IGUACU;S;SUL;2026-01-20;298.47;54.1553;298.47;54.1553;299.716;551.1373
SALTO PILAO;215;Fio dagua;ITAJAI;SUL;S;SUL;2026-01-20;116.501;57.426;109.445;53.9479;116.791;202.8715
SALTO SANTIAGO;77;Reservatório com Usina;IGUACU;IGUACU;S;SUL;2026-01-20;441.795;53.7126;441.795;53.7126;447.811;822.5162
SAMUEL;279;Reservatório com Usina;AMAZONAS;MADEIRA;SE;SUDESTE;2026-01-20;227.906;169.0878;227.906;169.0878;203.787;134.7856
SANTA BRANCA;122;Reservatório com Usina;PARAIBA DO SUL;SUDESTE;SE;SUDESTE;2026-01-20;27.85;63.0833;27.85;63.0833;23.244;44.148
SANTA CLARA-PR;71;Reservatório com Usina;IGUACU;IGUACU;S;SUL;2026-01-20;31.903;41.7664;31.903;41.7664;31.681;76.3844
SANTO ANTONIO;287;Fio dagua;AMAZONAS;MADEIRA;SE;SUDESTE;2026-01-20;4388.932;115.6792;3942.423;103.9105;3661.115;3794.0553
SAO DOMINGOS;153;Fio dagua;PARANA;PARANA;SE;SUDESTE;2026-01-20;29.706;64.9199;27.863;60.8922;29.347;45.7579
SAO JOSE;101;Fio dagua;URUGUAI;SUL;S;SUL;2026-01-20;39.782;125.3442;39.782;125.3442;38.574;31.7382
SAO MANOEL;230;Fio dagua;AMAZONAS;TELES PIRES;SE;SUDESTE;2026-01-20;622.391;75.2381;618.311;74.7449;605.86;827.2283
SAO ROQUE;88;Reservatório com Usina;URUGUAI;SUL;S;SUL;2026-01-20;110.725;138.0654;110.725;138.0654;113.857;80.1975
SAO SALVADOR;253;Fio dagua;TOCANTINS;SUDESTE;SE;SUDESTE;2026-01-20;107.147;29.4675;107.147;29.4675;107.803;363.6108
SÃO SIMÃO;33;Reservatório com Usina;PARANAIBA;PARANA;SE;SUDESTE;2026-01-20;1185.532;47.276;1185.532;47.276;1133.486;2507.683
SEGREDO;76;Reservatório com Usina;IGUACU;IGUACU;S;SUL;2026-01-20;388.404;53.3065;388.404;53.3065;389.531;728.624
SERRA DA MESA;251;Reservatório com Usina;TOCANTINS;SUDESTE;SE;SUDESTE;2026-01-20;446.623;31.2204;446.623;31.2204;433.516;1430.55
SIMPLICIO;129;Fio dagua;PARAIBA DO SUL;SUDESTE;SE;SUDESTE;2026-01-20;61.432;19.4078;61.432;19.4078;62.153;316.53285
SINOP;227;Reservatório com Usina;AMAZONAS;TELES PIRES;SE;SUDESTE;2026-01-20;207.727;60.8613;200.434;58.7245;166.458;341.3124
SOBRADINHO;169;Reservatório com Usina;SAO FRANCISCO;NORDESTE;NE;NORDESTE;2026-01-20;623.841;57.3078;623.841;57.3078;573.715;1088.5805
SOBRAGI;127;Fio dagua;PARAIBA DO SUL;SUDESTE;SE;SUDESTE;2026-01-20;26.929;30.0715;24.064;26.8721;26.957;89.55
STA.CLARA-MG;283;Fio dagua;MUCURI;SUDESTE;SE;SUDESTE;2026-01-20;12.51;16.8672;12.51;16.8672;12.348;74.1675
STO ANTONIO DO JARI;286;Fio dagua;AMAZONAS;MANAUS-AMAPA;N;NORTE;2026-01-20;70.297;44.0724;70.297;44.0724;72.371;159.5035
SUIÇA;145;Fio dagua;SANTA MARIA VIT;SUDESTE;SE;SUDESTE;2026-01-20;25.189;59.5992;25.189;59.5992;24.926;42.264
TAQUARUÇU;62;Fio dagua;PARANAPANEMA;PARANAPANEMA;SE;SUDESTE;2026-01-20;182.906;52.2876;182.906;52.2876;177.682;349.8075
TELES PIRES;229;Fio dagua;AMAZONAS;TELES PIRES;SE;SUDESTE;2026-01-20;1387.525;75.9027;1340.018;73.3039;1403.201;1828.0318
TRÊS IRMÃOS;43;Reservatório com Usina;TIETE;PARANA;SE;SUDESTE;2026-01-20;415.07;83.908;415.07;83.908;421.448;494.6725
TRÊS MARIAS;156;Reservatório com Usina;SAO FRANCISCO;SUDESTE;SE;SUDESTE;2026-01-20;226.772;36.4996;226.772;36.4996;221.344;621.3
TUCURUI;275;Reservatório com Usina;TOCANTINS;NORTE;N;NORTE;2026-01-20;4789.61;59.0909;4789.61;59.0909;4274.643;8105.5008
VOLTA GRANDE;11;Fio dagua;GRANDE;PARANA;SE;SUDESTE;2026-01-20;252.544;47.8149;252.544;47.8149;243.481;528.1696
XINGO;178;Fio dagua;SAO FRANCISCO;NORDESTE;NE;NORDESTE;2026-01-20;2025.879;41.9915;2025.879;41.9915;2067.669;4824.4975
14 DE JULHO;99;Fio dagua;JACUI;SUL;S;SUL;2026-01-21;45.882;90.5528;45.882;90.5528;44.517;50.6688
A. VERMELHA;18;Reservatório com Usina;GRANDE;PARANA;SE;SUDESTE;2026-01-21;861.846;52.0808;861.846;52.0808;809.749;1654.825
AIMORES;143;Fio dagua;DOCE;SUDESTE;SE;SUDESTE;2026-01-21;89.806;22.9164;89.806;22.9164;92.947;391.8856
APOLONIO SALES;173;Fio dagua;SAO FRANCISCO;NORDESTE;NE;NORDESTE;2026-01-21;231.682;53.0715;231.682;53.0715;84.635;436.5468
B. BONITA;37;Reservatório com Usina;TIETE;PARANA;SE;SUDESTE;2026-01-21;137.61;114.1136;124.823;103.5099;145.36;120.5904
B.COQUEIROS;312;Fio dagua;PARANAIBA;PARANA;SE;SUDESTE;2026-01-21;33.03;35.5603;33.03;35.5603;33.999;92.8846
BAGUARI;141;Fio dagua;DOCE;SUDESTE;SE;SUDESTE;2026-01-21;62.398;36.2049;62.398;36.2049;63.147;172.347
BAIXO IGUACU;83;Fio dagua;IGUACU;IGUACU;S;SUL;2026-01-21;91.753;49.0497;91.753;49.0497;90.022;187.0614
BALBINA;277;Reservatório com Usina;AMAZONAS;MANAUS-AMAPA;N;NORTE;2026-01-21;155.376;184.4444;155.376;184.4444;148.282;84.24
BARIRI;38;Fio dagua;TIETE;PARANA;SE;SUDESTE;2026-01-21;172.417;122.6008;172.417;122.6008;170.73;140.6328
BARRA BRAUNA;185;Fio dagua;PARAIBA DO SUL;SUDESTE;SE;SUDESTE;2026-01-21;53.952;118.7329;23.17;50.9905;53.38;45.4398
BARRA GRANDE;86;Reservatório com Usina;URUGUAI;SUL;S;SUL;2026-01-21;284.008;106.1745;284.008;106.1745;286.919;267.4917
BATALHA;20;Reservatório com Usina;PARANAIBA;PARANA;SE;SUDESTE;2026-01-21;42.434;64.945;42.434;64.945;39.419;65.3384
BELO MONTE;288;Fio dagua;AMAZONAS;BELO MONTE;N;NORTE;2026-01-21;4667.676;83.3731;4667.676;83.3731;4645.437;5598.54
BOA ESPERANÇA;190;Reservatório com Usina;PARNAIBA;NORDESTE;NE;NORDESTE;2026-01-21;208.018;86.4356;208.018;86.4356;198.291;240.6624
C. DOURADA;32;Fio dagua;PARANAIBA;PARANA;SE;SUDESTE;2026-01-21;388.604;52.5469;388.604;52.5469;422.418;739.5374
C.BRANCO-1;27;Reservatório com Usina;PARANAIBA;PARANA;SE;SUDESTE;2026-01-21;125.953;41.7442;111.634;36.9985;124.238;301.726
C.BRANCO-2;28;Fio dagua;PARANAIBA;PARANA;SE;SUDESTE;2026-01-21;99.956;39.2406;99.956;39.2406;100.719;254.7259
CACHOEIRA CALDEIRAO;204;Fio dagua;ARAGUARI;MANAUS-AMAPA;N;NORTE;2026-01-21;44.139;56.1598;42.451;54.0121;45.392;78.5954
CACONDE;14;Reservatório com Usina;GRANDE;PARANA;SE;SUDESTE;2026-01-21;64.148;81.7583;64.148;81.7583;62.289;78.4605
CACU;311;Reservatório com Usina;PARANAIBA;PARANA;SE;SUDESTE;2026-01-21;24.074;35.6367;24.074;35.6367;24.377;67.554
CAMARGOS;1;Reservatório com Usina;GRANDE;PARANA;SE;SUDESTE;2026-01-21;24.939;49.6405;24.939;49.6405;24.318;50.2392
CAMPOS NOVOS;90;Reservatório com Usina;URUGUAI;SUL;S;SUL;2026-01-21;439.741;114.0667;439.741;114.0667;444.572;385.512
CANA BRAVA;252;Fio dagua;TOCANTINS;SUDESTE;SE;SUDESTE;2026-01-21;226.328;38.0944;226.328;38.0944;223.849;594.1248
CANASTRA;87;Fio dagua;JACUI;SUL;S;SUL;2026-01-21;;;;;;
CANDONGA;139;Fio dagua;DOCE;SUDESTE;SE;SUDESTE;2026-01-21;94.14;78.5942;89.637;74.8348;89.596;119.7798
CANOAS I;52;Fio dagua;PARANAPANEMA;PARANAPANEMA;SE;SUDESTE;2026-01-21;42.434;41.4823;41.242;40.317;43.033;102.2943
CANOAS II;51;Fio dagua;PARANAPANEMA;PARANAPANEMA;SE;SUDESTE;2026-01-21;34.212;40.0635;34.212;40.0635;35.344;85.3944
CAPIVARA;61;Reservatório com Usina;PARANAPANEMA;PARANAPANEMA;SE;SUDESTE;2026-01-21;282.451;50.1936;282.451;50.1936;298.784;562.7232
CASTRO ALVES;97;Fio dagua;JACUI;SUL;S;SUL;2026-01-21;82.348;111.7498;82.348;111.7498;80.17;73.6896
CHAVANTES;49;Reservatório com Usina;PARANAPANEMA;PARANAPANEMA;SE;SUDESTE;2026-01-21;87.713;28.2305;87.713;28.2305;86.584;310.7031
COARACY NUNES;280;Fio dagua;ARAGUARI;MANAUS-AMAPA;N;NORTE;2026-01-21;56.381;55.9894;56.381;55.9894;55.855;100.6995
COLIDER;228;Fio dagua;AMAZONAS;TELES PIRES;SE;SUDESTE;2026-01-21;197.838;62.0639;127.809;40.095;144.917;318.7652
CORUMBA;30;Reservatório com Usina;PARANAIBA;PARANA;SE;SUDESTE;2026-01-21;304.189;67.4059;304.189;67.4059;295.217;451.2798
CORUMBA-3;203;Reservatório com Usina;PARANAIBA;PARANA;SE;SUDESTE;2026-01-21;75.539;84.0266;66.862;74.3747;75.184;89.8989
CORUMBA-4;29;Reservatório com Usina;PARANAIBA;PARANA;SE;SUDESTE;2026-01-21;120.963;99.6492;113.376;93.3991;122.798;121.3888
CURUA-UNA;272;Reservatório com Usina;AMAZONAS;BELO MONTE;N;NORTE;2026-01-21;23.677;93.3897;23.677;93.3897;19.836;25.3529
D. FRANCISCA;114;Fio dagua;JACUI;SUL;S;SUL;2026-01-21;84.863;119.2781;84.863;119.2781;85.021;71.1472
DARDANELOS;310;Fio dagua;AMAZONAS;MADEIRA;SE;SUDESTE;2026-01-21;382.481;90.2028;259.966;61.3094;372.695;424.0232
E. DA CUNHA;15;Fio dagua;GRANDE;PARANA;SE;SUDESTE;2026-01-21;103.933;89.9613;103.933;89.9613;104.061;115.5308
EMBORCAÇÃO;24;Reservatório com Usina;PARANAIBA;PARANA;SE;SUDESTE;2026-01-21;456.134;45.741;456.134;45.741;434.347;997.2102
ESPORA;290;Reservatório com Usina;PARANAIBA;PARANA;SE;SUDESTE;2026-01-21;21.774;67.6884;21.774;67.6884;20.282;32.168
ESTREITO;267;Fio dagua;TOCANTINS;NORTE;N;NORTE;2026-01-21;649.992;46.1503;649.992;46.1503;582.297;1408.425
FERREIRA GOMES;284;Fio dagua;ARAGUARI;MANAUS-AMAPA;N;NORTE;2026-01-21;47.346;55.9028;47.346;55.9028;51.882;84.6935
FONTES;132;Fio dagua;PARAIBA DO SUL;SUDESTE;SE;SUDESTE;2026-01-21;109.731;90.2668;109.731;90.2668;110.346;121.563
FOZ CHAPECO;103;Fio dagua;URUGUAI;SUL;S;SUL;2026-01-21;396.474;102.5501;362.228;93.6922;399.358;386.6148
FOZ DO RIO CLARO;315;Fio dagua;PARANAIBA;PARANA;SE;SUDESTE;2026-01-21;26.738;36.0132;26.738;36.0132;26.691;74.245
FUNDÃO;72;Fio dagua;IGUACU;IGUACU;S;SUL;2026-01-21;32.098;39.03;29.606;35.9998;32.691;82.2393
FUNIL;123;Reservatório com Usina;PARAIBA DO SUL;SUDESTE;SE;SUDESTE;2026-01-21;149.51;71.7057;149.51;71.7057;134.756;208.505
FUNIL-MG;4;Fio dagua;GRANDE;PARANA;SE;SUDESTE;2026-01-21;85.762;42.3949;85.762;42.3949;88.789;202.293
FURNAS;6;Reservatório com Usina;GRANDE;PARANA;SE;SUDESTE;2026-01-21;741.757;53.3238;741.757;53.3238;713.001;1391.043
G. B. MUNHOZ;74;Reservatório com Usina;IGUACU;IGUACU;S;SUL;2026-01-21;326.959;48.2908;326.959;48.2908;319.613;677.0622
G. P. SOUZA;115;Reservatório com Usina;CAPIVARI;SUL;S;SUL;2026-01-21;85.909;54.0801;85.909;54.0801;85.827;158.855
GARIBALDI;89;Reservatório com Usina;URUGUAI;SUL;S;SUL;2026-01-21;98.203;120.3895;98.203;120.3895;98.09;81.5711
GOV JAYME CANET JR;57;Reservatório com Usina;PARANAPANEMA;IGUACU;S;SUL;2026-01-21;98.339;30.7245;98.339;30.7245;97.988;320.067
GUAPORE;196;Fio dagua;AMAZONAS;MADEIRA;SE;SUDESTE;2026-01-21;55.751;100.2226;55.751;100.2226;55.677;55.6272
GUILM. AMORIM;192;Fio dagua;DOCE;SUDESTE;SE;SUDESTE;2026-01-21;79.099;53.0948;79.099;53.0948;77.883;148.9768
HENRY BORDEN;119;Fio dagua;TIETE;SUDESTE;SE;SUDESTE;2026-01-21;642.612;168.8358;642.612;168.8358;642.616;380.6136
I. SOLTEIRA;34;Reservatório com Usina;PARANA;PARANA;SE;SUDESTE;2026-01-21;1569.278;46.7985;1569.278;46.7985;1600.211;3353.2623
IBITINGA;39;Fio dagua;TIETE;PARANA;SE;SUDESTE;2026-01-21;202.769;128.563;202.769;128.563;207.345;157.7196
IGARAPAVA;10;Fio dagua;GRANDE;PARANA;SE;SUDESTE;2026-01-21;157.434;51.2499;157.434;51.2499;156.785;307.1891
ILHA POMBOS;130;Fio dagua;PARAIBA DO SUL;SUDESTE;SE;SUDESTE;2026-01-21;112.43;48.2714;104.594;44.907;114.767;232.9124
IRAPE;148;Reservatório com Usina;JEQUITINHONHA;SUDESTE;SE;SUDESTE;2026-01-21;272.901;56.9031;272.901;56.9031;271.637;479.589
ITÁ;92;Fio dagua;URUGUAI;SUL;S;SUL;2026-01-21;687.397;106.8784;687.397;106.8784;685.946;643.1579
ITAIPU;66;Fio dagua;PARANA;ITAIPU;SE;SUDESTE;2026-01-21;8265.392;54.9702;8265.392;54.9702;8467.644;15036.1432
ITAPEBI;154;Fio dagua;JEQUITINHONHA;NORDESTE;NE;NORDESTE;2026-01-21;67.038;12.1136;53.453;9.6588;67.433;553.41
ITAUBA;113;Fio dagua;JACUI;SUL;S;SUL;2026-01-21;166.279;126.506;166.279;126.506;164.652;131.4396
ITIQUIRA I;304;Fio dagua;PARAGUAI;SUDESTE;SE;SUDESTE;2026-01-21;38.894;51.1215;38.894;51.1215;38.903;76.0815
ITIQUIRA II;305;Fio dagua;PARAGUAI;SUDESTE;SE;SUDESTE;2026-01-21;61.942;51.1216;61.942;51.1216;62.094;121.1661
ITUMBIARA;31;Reservatório com Usina;PARANAIBA;PARANA;SE;SUDESTE;2026-01-21;989.901;53.8704;989.901;53.8704;916.66;1837.5605
ITUTINGA;2;Fio dagua;GRANDE;PARANA;SE;SUDESTE;2026-01-21;29.276;49.641;29.276;49.641;29.892;58.9754
JACUI;112;Fio dagua;JACUI;SUL;S;SUL;2026-01-21;157.764;140.7236;24.982;22.2837;163.591;112.1091
JAGUARA;9;Fio dagua;GRANDE;PARANA;SE;SUDESTE;2026-01-21;402.284;51.8551;388.086;50.025;406.238;775.7848
JAGUARI;120;Reservatório com Usina;PARAIBA DO SUL;SUDESTE;SE;SUDESTE;2026-01-21;14.245;62.7058;14.245;62.7058;12.887;22.7172
JAURU;195;Fio dagua;PARAGUAI;SUDESTE;SE;SUDESTE;2026-01-21;72.256;80.958;72.256;80.958;72.042;89.2512
JIRAU;285;Fio dagua;AMAZONAS;MADEIRA;SE;SUDESTE;2026-01-21;4129.973;113.3202;3807.728;104.4783;3746.236;3644.515
JUPIA;45;Fio dagua;PARANA;PARANA;SE;SUDESTE;2026-01-21;977.389;52.631;977.389;52.631;1005.943;1857.06
JURUENA;309;Fio dagua;AMAZONAS;TELES PIRES;SE;SUDESTE;2026-01-21;43.128;90.7881;38.971;82.0373;44.728;47.504
JURUMIRIM;47;Reservatório com Usina;PARANAPANEMA;PARANAPANEMA;SE;SUDESTE;2026-01-21;31.268;33.1979;31.268;33.1979;31.215;94.1868
L. C. BARRETO;8;Fio dagua;GRANDE;PARANA;SE;SUDESTE;2026-01-21;554.563;52.2798;554.563;52.2798;552.853;1060.7587
LAJEADO;261;Fio dagua;TOCANTINS;SUDESTE;SE;SUDESTE;2026-01-21;491.094;34.2844;491.094;34.2844;485.599;1432.4115
LIMOEIRO;16;Fio dagua;GRANDE;PARANA;SE;SUDESTE;2026-01-21;32.258;93.0127;32.258;93.0127;31.368;34.6813
LUIZ GONZAGA;172;Reservatório com Usina;SAO FRANCISCO;NORDESTE;NE;NORDESTE;2026-01-21;1052.561;53.0479;1052.561;53.0479;1026.264;1984.17
M. MORAES;7;Reservatório com Usina;GRANDE;PARANA;SE;SUDESTE;2026-01-21;348.69;52.6234;348.69;52.6234;360.476;662.6139
MACHADINHO;91;Reservatório com Usina;URUGUAI;SUL;S;SUL;2026-01-21;548.898;120.0076;548.898;120.0076;551.06;457.3859
MANSO;278;Reservatório com Usina;PARAGUAI;SUDESTE;SE;SUDESTE;2026-01-21;126.756;84.2972;126.756;84.2972;125.676;150.368
MARIMBONDO;17;Reservatório com Usina;GRANDE;PARANA;SE;SUDESTE;2026-01-21;979.271;58.9513;979.271;58.9513;914.761;1661.1515
MASCARENHAS;144;Fio dagua;DOCE;SUDESTE;SE;SUDESTE;2026-01-21;87.715;24.6921;87.715;24.6921;85.875;355.2354
MIRANDA;26;Reservatório com Usina;PARANAIBA;PARANA;SE;SUDESTE;2026-01-21;154.361;42.9604;154.361;42.9604;155.226;359.31
MONJOLINHO;94;Fio dagua;URUGUAI;SUL;S;SUL;2026-01-21;20.725;61.9026;20.725;61.9026;20.543;33.48
MONTE CLARO;98;Fio dagua;JACUI;SUL;S;SUL;2026-01-21;51.1;89.0799;46.497;81.0558;52.29;57.3642
N. AVANHANDAVA;42;Fio dagua;TIETE;PARANA;SE;SUDESTE;2026-01-21;348.568;106.5566;348.568;106.5566;340.864;327.12
NILO PEÇANHA;131;Fio dagua;PARAIBA DO SUL;SUDESTE;SE;SUDESTE;2026-01-21;386.942;100.6992;386.942;100.6992;387.978;384.2553
NOVA PONTE;25;Reservatório com Usina;PARANAIBA;PARANA;SE;SUDESTE;2026-01-21;233.555;47.5493;233.555;47.5493;206.779;491.1852
OURINHOS;249;Fio dagua;PARANAPANEMA;PARANAPANEMA;SE;SUDESTE;2026-01-21;14.161;28.9202;14.161;28.9202;15.202;48.9658
P. AFONSO 1,2,3;174;Fio dagua;SAO FRANCISCO;NORDESTE;NE;NORDESTE;2026-01-21;903.895;53.0716;903.895;53.0716;356.224;1703.16
P. AFONSO 4;175;Fio dagua;SAO FRANCISCO;NORDESTE;NE;NORDESTE;2026-01-21;1293.759;53.0716;1293.759;53.0716;1979.91;2437.7598
P. COLOMBIA;12;Fio dagua;GRANDE;PARANA;SE;SUDESTE;2026-01-21;255.266;52.8412;255.266;52.8412;259.978;483.0812
PARAIBUNA;121;Reservatório com Usina;PARAIBA DO SUL;SUDESTE;SE;SUDESTE;2026-01-21;42.659;57.9815;42.659;57.9815;39.235;73.5735
PARANAPANEMA;53;Fio dagua;PARANAPANEMA;PARANAPANEMA;SE;SUDESTE;2026-01-21;13.931;33.0099;13.931;33.0099;14.564;42.2025
PASSO FUNDO;93;Reservatório com Usina;URUGUAI;SUL;S;SUL;2026-01-21;48.977;62.8862;48.977;62.8862;49.337;77.882
PASSO REAL;111;Reservatório com Usina;JACUI;SUL;S;SUL;2026-01-21;73.331;142.2577;73.331;142.2577;78.027;51.548
PASSO SAO JOAO;102;Fio dagua;URUGUAI;SUL;S;SUL;2026-01-21;53.608;120.366;47.5;106.6517;53.074;44.5375
PEDRA DO CAVALO;189;Reservatório com Usina;PARAGUACU;NORDESTE;NE;NORDESTE;2026-01-21;35.135;24.216;35.135;24.216;35.547;145.0899
PEIXE ANGICAL;257;Reservatório com Usina;TOCANTINS;SUDESTE;SE;SUDESTE;2026-01-21;234.183;32.2027;234.183;32.2027;234.146;727.216
PEREIRA PASSOS;133;Fio dagua;PARAIBA DO SUL;SUDESTE;SE;SUDESTE;2026-01-21;59.688;98.2027;59.688;98.2027;60.253;60.7804
PICADA;126;Fio dagua;PARAIBA DO SUL;SUDESTE;SE;SUDESTE;2026-01-21;24.212;33.8226;24.212;33.8226;24.226;71.5852
PIMENTAL;314;Fio dagua;AMAZONAS;BELO MONTE;N;NORTE;2026-01-21;129.688;92.4138;129.688;92.4138;127.617;140.334
PIRAJU;48;Fio dagua;PARANAPANEMA;PARANAPANEMA;SE;SUDESTE;2026-01-21;25.195;33.0086;25.195;33.0086;26.02;76.3286
PONTE DE PEDRA;281;Fio dagua;PARAGUAI;SUDESTE;SE;SUDESTE;2026-01-21;149.414;78.5928;60.99;32.0812;148.819;190.1116
PORTO ESTRELA;135;Reservatório com Usina;DOCE;SUDESTE;SE;SUDESTE;2026-01-21;78.793;57.3746;78.793;57.3746;75.137;137.3307
PORTO PRIMAVERA;46;Fio dagua;PARANA;PARANA;SE;SUDESTE;2026-01-21;956.811;48.7056;956.811;48.7056;986.711;1964.48
PROMISSÃO;40;Reservatório com Usina;TIETE;PARANA;SE;SUDESTE;2026-01-21;271.89;116.68;186.69;80.1169;275.259;233.022
QUEBRA QUEIXO;95;Reservatório com Usina;URUGUAI;SUL;S;SUL;2026-01-21;31.102;51.8108;31.102;51.8108;30.905;60.03
QUEIMADO;162;Reservatório com Usina;SAO FRANCISCO;SUDESTE;SE;SUDESTE;2026-01-21;74.671;59.1169;74.671;59.1169;73.033;126.3108
RETIRO BAIXO;155;Reservatório com Usina;SAO FRANCISCO;SUDESTE;SE;SUDESTE;2026-01-21;26.119;24.6247;26.119;24.6247;25.676;106.0682
RONDON II;276;Reservatório com Usina;AMAZONAS;MADEIRA;SE;SUDESTE;2026-01-21;70.112;114.273;70.112;114.273;69.843;61.3548
ROSAL;217;Fio dagua;ITABAPOANA;SUDESTE;SE;SUDESTE;2026-01-21;60.158;58.3445;51.706;50.1473;59.811;103.1083
ROSANA;63;Fio dagua;PARANAPANEMA;PARANAPANEMA;SE;SUDESTE;2026-01-21;168.124;52.484;168.124;52.484;172.458;320.334
S.DO FACÃO;21;Reservatório com Usina;PARANAIBA;PARANA;SE;SUDESTE;2026-01-21;112.889;57.0393;112.889;57.0393;106.855;197.9145
S.R.VERDINHO;241;Fio dagua;PARANAIBA;PARANA;SE;SUDESTE;2026-01-21;41.009;42.6425;41.009;42.6425;42.077;96.1694
SA CARVALHO;193;Fio dagua;DOCE;SUDESTE;SE;SUDESTE;2026-01-21;68.142;45.1989;50.35;33.3974;67.747;150.7604
SALTO;262;Fio dagua;PARANAIBA;PARANA;SE;SUDESTE;2026-01-21;46.245;43.5259;46.245;43.5259;46.332;106.2472
SALTO CAXIAS;82;Fio dagua;IGUACU;IGUACU;S;SUL;2026-01-21;328.698;49.4012;328.698;49.4012;328.918;665.3644
SALTO GRANDE CM;134;Fio dagua;DOCE;SUDESTE;SE;SUDESTE;2026-01-21;146.341;63.5784;145.539;63.23;146.278;230.174
SALTO GRANDE CS;50;Fio dagua;PARANAPANEMA;PARANAPANEMA;SE;SUDESTE;2026-01-21;37.937;39.175;12.429;12.8346;39.534;96.8399
SALTO OSORIO;78;Fio dagua;IGUACU;IGUACU;S;SUL;2026-01-21;280.936;50.9739;280.936;50.9739;286.881;551.1373
SALTO PILAO;215;Fio dagua;ITAJAI;SUL;S;SUL;2026-01-21;104.135;51.3305;102.371;50.461;104.399;202.8715
SALTO SANTIAGO;77;Reservatório com Usina;IGUACU;IGUACU;S;SUL;2026-01-21;410.99;49.9674;410.99;49.9674;415.337;822.5162
SAMUEL;279;Reservatório com Usina;AMAZONAS;MADEIRA;SE;SUDESTE;2026-01-21;227.531;168.8096;227.531;168.8096;217.284;134.7856
SANTA BRANCA;122;Reservatório com Usina;PARAIBA DO SUL;SUDESTE;SE;SUDESTE;2026-01-21;26.014;58.9245;26.014;58.9245;22.891;44.148
SANTA CLARA-PR;71;Reservatório com Usina;IGUACU;IGUACU;S;SUL;2026-01-21;28.717;37.5954;28.717;37.5954;28.479;76.3844
SANTO ANTONIO;287;Fio dagua;AMAZONAS;MADEIRA;SE;SUDESTE;2026-01-21;4362.612;114.9855;3830.297;100.9552;3641.58;3794.0553
SAO DOMINGOS;153;Fio dagua;PARANA;PARANA;SE;SUDESTE;2026-01-21;25.517;55.7652;23.674;51.7375;25.239;45.7579
SAO JOSE;101;Fio dagua;URUGUAI;SUL;S;SUL;2026-01-21;37.286;117.4799;37.286;117.4799;36.649;31.7382
SAO MANOEL;230;Fio dagua;AMAZONAS;TELES PIRES;SE;SUDESTE;2026-01-21;647.342;78.2543;587.946;71.0742;624.66;827.2283
SAO ROQUE;88;Reservatório com Usina;URUGUAI;SUL;S;SUL;2026-01-21;91.538;114.1407;91.538;114.1407;94.034;80.1975
SAO SALVADOR;253;Fio dagua;TOCANTINS;SUDESTE;SE;SUDESTE;2026-01-21;119.86;32.9638;119.86;32.9638;119.889;363.6108
SÃO SIMÃO;33;Reservatório com Usina;PARANAIBA;PARANA;SE;SUDESTE;2026-01-21;1268.363;50.5791;1268.363;50.5791;1215.043;2507.683
SEGREDO;76;Reservatório com Usina;IGUACU;IGUACU;S;SUL;2026-01-21;365.08;50.1054;365.08;50.1054;367.214;728.624
SERRA DA MESA;251;Reservatório com Usina;TOCANTINS;SUDESTE;SE;SUDESTE;2026-01-21;620.058;43.344;620.058;43.344;606.414;1430.55
SIMPLICIO;129;Fio dagua;PARAIBA DO SUL;SUDESTE;SE;SUDESTE;2026-01-21;50.206;15.8612;50.206;15.8612;51.014;316.53285
SINOP;227;Reservatório com Usina;AMAZONAS;TELES PIRES;SE;SUDESTE;2026-01-21;219.225;64.23;211.932;62.0933;175.18;341.3124
SOBRADINHO;169;Reservatório com Usina;SAO FRANCISCO;NORDESTE;NE;NORDESTE;2026-01-21;643.019;59.0695;643.019;59.0695;592.285;1088.5805
SOBRAGI;127;Fio dagua;PARAIBA DO SUL;SUDESTE;SE;SUDESTE;2026-01-21;25.712;28.7125;24.279;27.1122;25.777;89.55
STA.CLARA-MG;283;Fio dagua;MUCURI;SUDESTE;SE;SUDESTE;2026-01-21;15.341;20.6843;15.341;20.6843;15.23;74.1675
STO ANTONIO DO JARI;286;Fio dagua;AMAZONAS;MANAUS-AMAPA;N;NORTE;2026-01-21;72.485;45.4441;72.485;45.4441;74.623;159.5035
SUIÇA;145;Fio dagua;SANTA MARIA VIT;SUDESTE;SE;SUDESTE;2026-01-21;53.147;125.75;42.581;100.75;52.87;42.264
TAQUARUÇU;62;Fio dagua;PARANAPANEMA;PARANAPANEMA;SE;SUDESTE;2026-01-21;178.677;51.0787;178.677;51.0787;175.249;349.8075
TELES PIRES;229;Fio dagua;AMAZONAS;TELES PIRES;SE;SUDESTE;2026-01-21;1453.126;79.4913;1320.206;72.2201;1469.543;1828.0318
TRÊS IRMÃOS;43;Reservatório com Usina;TIETE;PARANA;SE;SUDESTE;2026-01-21;480.778;97.1912;480.778;97.1912;487.849;494.6725
TRÊS MARIAS;156;Reservatório com Usina;SAO FRANCISCO;SUDESTE;SE;SUDESTE;2026-01-21;308.518;49.6568;308.518;49.6568;305.574;621.3
TUCURUI;275;Reservatório com Usina;TOCANTINS;NORTE;N;NORTE;2026-01-21;4719.459;58.2254;4719.459;58.2254;4262.604;8105.5008
VOLTA GRANDE;11;Fio dagua;GRANDE;PARANA;SE;SUDESTE;2026-01-21;272.097;51.517;272.097;51.517;261.347;528.1696
XINGO;178;Fio dagua;SAO FRANCISCO;NORDESTE;NE;NORDESTE;2026-01-21;2312.255;47.9274;2312.255;47.9274;2358.212;4824.4975
14 DE JULHO;99;Fio dagua;JACUI;SUL;S;SUL;2026-01-22;41.473;81.8512;41.473;81.8512;40.386;50.6688
A. VERMELHA;18;Reservatório com Usina;GRANDE;PARANA;SE;SUDESTE;2026-01-22;960.978;58.0713;960.978;58.0713;897.021;1654.825
AIMORES;143;Fio dagua;DOCE;SUDESTE;SE;SUDESTE;2026-01-22;177.042;45.177;177.042;45.177;183.48;391.8856
APOLONIO SALES;173;Fio dagua;SAO FRANCISCO;NORDESTE;NE;NORDESTE;2026-01-22;248.11;56.8347;248.11;56.8347;81.988;436.5468
B. BONITA;37;Reservatório com Usina;TIETE;PARANA;SE;SUDESTE;2026-01-22;105.914;87.8295;93.482;77.5203;111.984;120.5904
B.COQUEIROS;312;Fio dagua;PARANAIBA;PARANA;SE;SUDESTE;2026-01-22;33.432;35.993;33.432;35.993;34.682;92.8846
BAGUARI;141;Fio dagua;DOCE;SUDESTE;SE;SUDESTE;2026-01-22;138.519;80.3722;128.331;74.4608;138.205;172.347
BAIXO IGUACU;83;Fio dagua;IGUACU;IGUACU;S;SUL;2026-01-22;85.539;45.7278;85.539;45.7278;85.046;187.0614
BALBINA;277;Reservatório com Usina;AMAZONAS;MANAUS-AMAPA;N;NORTE;2026-01-22;163.195;193.7263;163.195;193.7263;160.675;84.24
BARIRI;38;Fio dagua;TIETE;PARANA;SE;SUDESTE;2026-01-22;136.392;96.9845;136.392;96.9845;136.657;140.6328
BARRA BRAUNA;185;Fio dagua;PARAIBA DO SUL;SUDESTE;SE;SUDESTE;2026-01-22;59.736;131.4618;43.612;95.9775;59.553;45.4398
BARRA GRANDE;86;Reservatório com Usina;URUGUAI;SUL;S;SUL;2026-01-22;176.813;66.1004;161.245;60.2804;179.927;267.4917
BATALHA;20;Reservatório com Usina;PARANAIBA;PARANA;SE;SUDESTE;2026-01-22;84.205;128.8752;84.205;128.8752;78.563;65.3384
BELO MONTE;288;Fio dagua;AMAZONAS;BELO MONTE;N;NORTE;2026-01-22;4666.187;83.3465;4666.187;83.3465;4650.713;5598.54
BOA ESPERANÇA;190;Reservatório com Usina;PARNAIBA;NORDESTE;NE;NORDESTE;2026-01-22;180.126;74.8459;180.126;74.8459;172.596;240.6624
C. DOURADA;32;Fio dagua;PARANAIBA;PARANA;SE;SUDESTE;2026-01-22;438.202;59.2535;433.068;58.5593;466.049;739.5374
C.BRANCO-1;27;Reservatório com Usina;PARANAIBA;PARANA;SE;SUDESTE;2026-01-22;134.785;44.6713;120.465;39.9253;132.974;301.726
C.BRANCO-2;28;Fio dagua;PARANAIBA;PARANA;SE;SUDESTE;2026-01-22;108.561;42.6188;108.561;42.6188;108.61;254.7259
CACHOEIRA CALDEIRAO;204;Fio dagua;ARAGUARI;MANAUS-AMAPA;N;NORTE;2026-01-22;49.245;62.6563;43.762;55.6801;50.675;78.5954
CACONDE;14;Reservatório com Usina;GRANDE;PARANA;SE;SUDESTE;2026-01-22;52.99;67.5372;52.99;67.5372;51.509;78.4605
CACU;311;Reservatório com Usina;PARANAIBA;PARANA;SE;SUDESTE;2026-01-22;24.334;36.0216;24.334;36.0216;18.779;67.554
CAMARGOS;1;Reservatório com Usina;GRANDE;PARANA;SE;SUDESTE;2026-01-22;24.484;48.7349;24.484;48.7349;23.875;50.2392
CAMPOS NOVOS;90;Reservatório com Usina;URUGUAI;SUL;S;SUL;2026-01-22;379.472;98.4333;379.472;98.4333;383.277;385.512
CANA BRAVA;252;Fio dagua;TOCANTINS;SUDESTE;SE;SUDESTE;2026-01-22;265.515;44.6901;265.515;44.6901;265.225;594.1248
CANASTRA;87;Fio dagua;JACUI;SUL;S;SUL;2026-01-22;;;;;;
CANDONGA;139;Fio dagua;DOCE;SUDESTE;SE;SUDESTE;2026-01-22;131.316;109.6312;100.696;84.0676;122.914;119.7798
CANOAS I;52;Fio dagua;PARANAPANEMA;PARANAPANEMA;SE;SUDESTE;2026-01-22;39.902;39.0071;39.902;39.0071;40.857;102.2943
CANOAS II;51;Fio dagua;PARANAPANEMA;PARANAPANEMA;SE;SUDESTE;2026-01-22;32.273;37.7929;32.273;37.7929;33.273;85.3944
CAPIVARA;61;Reservatório com Usina;PARANAPANEMA;PARANAPANEMA;SE;SUDESTE;2026-01-22;268.756;47.7599;268.756;47.7599;286.384;562.7232
CASTRO ALVES;97;Fio dagua;JACUI;SUL;S;SUL;2026-01-22;67.203;91.1974;67.203;91.1974;65.387;73.6896
CHAVANTES;49;Reservatório com Usina;PARANAPANEMA;PARANAPANEMA;SE;SUDESTE;2026-01-22;89.282;28.7355;89.282;28.7355;88.209;310.7031
COARACY NUNES;280;Fio dagua;ARAGUARI;MANAUS-AMAPA;N;NORTE;2026-01-22;62.518;62.0837;62.518;62.0837;62.711;100.6995
COLIDER;228;Fio dagua;AMAZONAS;TELES PIRES;SE;SUDESTE;2026-01-22;205.161;64.3612;109.781;34.4395;146.305;318.7652
CORUMBA;30;Reservatório com Usina;PARANAIBA;PARANA;SE;SUDESTE;2026-01-22;362.528;80.3333;362.528;80.3333;354.994;451.2798
CORUMBA-3;203;Reservatório com Usina;PARANAIBA;PARANA;SE;SUDESTE;2026-01-22;84.168;93.6252;75.144;83.5872;83.922;89.8989
CORUMBA-4;29;Reservatório com Usina;PARANAIBA;PARANA;SE;SUDESTE;2026-01-22;115.599;95.2304;108.013;88.981;117.527;121.3888
CURUA-UNA;272;Reservatório com Usina;AMAZONAS;BELO MONTE;N;NORTE;2026-01-22;23.122;91.2006;23.122;91.2006;19.682;25.3529
D. FRANCISCA;114;Fio dagua;JACUI;SUL;S;SUL;2026-01-22;77.175;108.4723;77.175;108.4723;78.548;71.1472
DARDANELOS;310;Fio dagua;AMAZONAS;MADEIRA;SE;SUDESTE;2026-01-22;384.236;90.6167;260.852;61.5183;374.445;424.0232
E. DA CUNHA;15;Fio dagua;GRANDE;PARANA;SE;SUDESTE;2026-01-22;83.58;72.3443;83.58;72.3443;83.75;115.5308
EMBORCAÇÃO;24;Reservatório com Usina;PARANAIBA;PARANA;SE;SUDESTE;2026-01-22;694.503;69.6446;694.503;69.6446;662.578;997.2102
ESPORA;290;Reservatório com Usina;PARANAIBA;PARANA;SE;SUDESTE;2026-01-22;19.2;59.6866;19.2;59.6866;17.869;32.168
ESTREITO;267;Fio dagua;TOCANTINS;NORTE;N;NORTE;2026-01-22;648.787;46.0647;648.787;46.0647;617.229;1408.425
FERREIRA GOMES;284;Fio dagua;ARAGUARI;MANAUS-AMAPA;N;NORTE;2026-01-22;52.206;61.6411;52.206;61.6411;56.896;84.6935
FONTES;132;Fio dagua;PARAIBA DO SUL;SUDESTE;SE;SUDESTE;2026-01-22;97.926;80.5558;97.926;80.5558;97.861;121.563
FOZ CHAPECO;103;Fio dagua;URUGUAI;SUL;S;SUL;2026-01-22;393.68;101.8275;359.885;93.0862;396.234;386.6148
FOZ DO RIO CLARO;315;Fio dagua;PARANAIBA;PARANA;SE;SUDESTE;2026-01-22;26.577;35.7963;26.577;35.7963;26.621;74.245
FUNDÃO;72;Fio dagua;IGUACU;IGUACU;S;SUL;2026-01-22;31.251;38.0001;31.251;38.0001;31.936;82.2393
FUNIL;123;Reservatório com Usina;PARAIBA DO SUL;SUDESTE;SE;SUDESTE;2026-01-22;137.641;66.0133;137.641;66.0133;125.016;208.505
FUNIL-MG;4;Fio dagua;GRANDE;PARANA;SE;SUDESTE;2026-01-22;84.363;41.7034;84.363;41.7034;87.384;202.293
FURNAS;6;Reservatório com Usina;GRANDE;PARANA;SE;SUDESTE;2026-01-22;749.716;53.896;749.716;53.896;714.928;1391.043
G. B. MUNHOZ;74;Reservatório com Usina;IGUACU;IGUACU;S;SUL;2026-01-22;328.588;48.5314;328.588;48.5314;321.26;677.0622
G. P. SOUZA;115;Reservatório com Usina;CAPIVARI;SUL;S;SUL;2026-01-22;70.277;44.2397;70.277;44.2397;70.216;158.855
GARIBALDI;89;Reservatório com Usina;URUGUAI;SUL;S;SUL;2026-01-22;81.951;100.4657;81.951;100.4657;81.244;81.5711
GOV JAYME CANET JR;57;Reservatório com Usina;PARANAPANEMA;IGUACU;S;SUL;2026-01-22;92.158;28.7933;92.158;28.7933;91.805;320.067
GUAPORE;196;Fio dagua;AMAZONAS;MADEIRA;SE;SUDESTE;2026-01-22;55.179;99.1943;55.179;99.1943;55.122;55.6272
GUILM. AMORIM;192;Fio dagua;DOCE;SUDESTE;SE;SUDESTE;2026-01-22;130.677;87.7163;124.637;83.662;130.423;148.9768
HENRY BORDEN;119;Fio dagua;TIETE;SUDESTE;SE;SUDESTE;2026-01-22;591.996;155.5373;591.996;155.5373;592.074;380.6136
I. SOLTEIRA;34;Reservatório com Usina;PARANA;PARANA;SE;SUDESTE;2026-01-22;1685.843;50.2747;1685.843;50.2747;1719.074;3353.2623
IBITINGA;39;Fio dagua;TIETE;PARANA;SE;SUDESTE;2026-01-22;164.331;104.1919;164.331;104.1919;165.804;157.7196
IGARAPAVA;10;Fio dagua;GRANDE;PARANA;SE;SUDESTE;2026-01-22;168.695;54.9157;154.531;50.3048;164.214;307.1891
ILHA POMBOS;130;Fio dagua;PARAIBA DO SUL;SUDESTE;SE;SUDESTE;2026-01-22;131.36;56.3989;87.858;37.7215;132.11;232.9124
IRAPE;148;Reservatório com Usina;JEQUITINHONHA;SUDESTE;SE;SUDESTE;2026-01-22;333.067;69.4484;333.067;69.4484;333.723;479.589
ITÁ;92;Fio dagua;URUGUAI;SUL;S;SUL;2026-01-22;600.411;93.3536;600.411;93.3536;604.396;643.1579
ITAIPU;66;Fio dagua;PARANA;ITAIPU;SE;SUDESTE;2026-01-22;8212.666;54.6195;8212.666;54.6195;8478.833;15036.1432
ITAPEBI;154;Fio dagua;JEQUITINHONHA;NORDESTE;NE;NORDESTE;2026-01-22;93.944;16.9755;71.779;12.9703;94.857;553.41
ITAUBA;113;Fio dagua;JACUI;SUL;S;SUL;2026-01-22;154.2;117.3162;154.2;117.3162;153.006;131.4396
ITIQUIRA I;304;Fio dagua;PARAGUAI;SUDESTE;SE;SUDESTE;2026-01-22;39.401;51.7879;39.401;51.7879;39.401;76.0815
ITIQUIRA II;305;Fio dagua;PARAGUAI;SUDESTE;SE;SUDESTE;2026-01-22;62.749;51.7876;62.749;51.7876;62.872;121.1661
ITUMBIARA;31;Reservatório com Usina;PARANAIBA;PARANA;SE;SUDESTE;2026-01-22;1152.435;62.7155;1152.435;62.7155;1060.412;1837.5605
ITUTINGA;2;Fio dagua;GRANDE;PARANA;SE;SUDESTE;2026-01-22;28.742;48.7356;28.742;48.7356;29.429;58.9754
JACUI;112;Fio dagua;JACUI;SUL;S;SUL;2026-01-22;139.62;124.5394;0.0;0.0;144.7;112.1091
JAGUARA;9;Fio dagua;GRANDE;PARANA;SE;SUDESTE;2026-01-22;431.32;55.5979;401.345;51.7341;428.712;775.7848
JAGUARI;120;Reservatório com Usina;PARAIBA DO SUL;SUDESTE;SE;SUDESTE;2026-01-22;13.697;60.2935;13.697;60.2935;12.387;22.7172
JAURU;195;Fio dagua;PARAGUAI;SUDESTE;SE;SUDESTE;2026-01-22;68.789;77.0735;68.789;77.0735;68.624;89.2512
JIRAU;285;Fio dagua;AMAZONAS;MADEIRA;SE;SUDESTE;2026-01-22;4102.771;112.5739;3796.801;104.1785;3735.958;3644.515
JUPIA;45;Fio dagua;PARANA;PARANA;SE;SUDESTE;2026-01-22;1055.709;56.8484;1055.709;56.8484;1087.578;1857.06
JURUENA;309;Fio dagua;AMAZONAS;TELES PIRES;SE;SUDESTE;2026-01-22;44.577;93.8384;40.123;84.4624;46.189;47.504
JURUMIRIM;47;Reservatório com Usina;PARANAPANEMA;PARANAPANEMA;SE;SUDESTE;2026-01-22;33.291;35.3457;33.291;35.3457;33.225;94.1868
L. C. BARRETO;8;Fio dagua;GRANDE;PARANA;SE;SUDESTE;2026-01-22;594.4;56.0354;594.4;56.0354;594.122;1060.7587
LAJEADO;261;Fio dagua;TOCANTINS;SUDESTE;SE;SUDESTE;2026-01-22;493.531;34.4546;493.531;34.4546;498.102;1432.4115
LIMOEIRO;16;Fio dagua;GRANDE;PARANA;SE;SUDESTE;2026-01-22;25.728;74.1841;25.728;74.1841;25.559;34.6813
LUIZ GONZAGA;172;Reservatório com Usina;SAO FRANCISCO;NORDESTE;NE;NORDESTE;2026-01-22;1127.194;56.8093;1127.194;56.8093;1105.042;1984.17
M. MORAES;7;Reservatório com Usina;GRANDE;PARANA;SE;SUDESTE;2026-01-22;373.632;56.3876;373.632;56.3876;387.007;662.6139
MACHADINHO;91;Reservatório com Usina;URUGUAI;SUL;S;SUL;2026-01-22;440.478;96.3034;440.478;96.3034;445.249;457.3859
MANSO;278;Reservatório com Usina;PARAGUAI;SUDESTE;SE;SUDESTE;2026-01-22;126.05;83.8277;126.05;83.8277;125.061;150.368
MARIMBONDO;17;Reservatório com Usina;GRANDE;PARANA;SE;SUDESTE;2026-01-22;1081.008;65.0758;1081.008;65.0758;1018.687;1661.1515
MASCARENHAS;144;Fio dagua;DOCE;SUDESTE;SE;SUDESTE;2026-01-22;170.602;48.0251;166.426;46.8495;162.109;355.2354
MIRANDA;26;Reservatório com Usina;PARANAIBA;PARANA;SE;SUDESTE;2026-01-22;163.839;45.5982;163.839;45.5982;164.711;359.31
MONJOLINHO;94;Fio dagua;URUGUAI;SUL;S;SUL;2026-01-22;19.656;58.7097;19.656;58.7097;19.477;33.48
MONTE CLARO;98;Fio dagua;JACUI;SUL;S;SUL;2026-01-22;46.054;80.2835;41.451;72.2594;46.524;57.3642
N. AVANHANDAVA;42;Fio dagua;TIETE;PARANA;SE;SUDESTE;2026-01-22;353.223;107.9796;353.223;107.9796;348.298;327.12
NILO PEÇANHA;131;Fio dagua;PARAIBA DO SUL;SUDESTE;SE;SUDESTE;2026-01-22;386.942;100.6992;386.942;100.6992;386.809;384.2553
NOVA PONTE;25;Reservatório com Usina;PARANAIBA;PARANA;SE;SUDESTE;2026-01-22;241.899;49.248;241.899;49.248;213.269;491.1852
OURINHOS;249;Fio dagua;PARANAPANEMA;PARANAPANEMA;SE;SUDESTE;2026-01-22;14.234;29.0693;14.234;29.0693;15.512;48.9658
P. AFONSO 1,2,3;174;Fio dagua;SAO FRANCISCO;NORDESTE;NE;NORDESTE;2026-01-22;967.985;56.8346;967.985;56.8346;345.975;1703.16
P. AFONSO 4;175;Fio dagua;SAO FRANCISCO;NORDESTE;NE;NORDESTE;2026-01-22;1385.493;56.8347;1385.493;56.8347;2160.963;2437.7598
P. COLOMBIA;12;Fio dagua;GRANDE;PARANA;SE;SUDESTE;2026-01-22;269.451;55.7776;269.451;55.7776;276.126;483.0812
PARAIBUNA;121;Reservatório com Usina;PARAIBA DO SUL;SUDESTE;SE;SUDESTE;2026-01-22;42.336;57.5425;42.336;57.5425;39.349;73.5735
PARANAPANEMA;53;Fio dagua;PARANAPANEMA;PARANAPANEMA;SE;SUDESTE;2026-01-22;14.612;34.6235;14.612;34.6235;15.247;42.2025
PASSO FUNDO;93;Reservatório com Usina;URUGUAI;SUL;S;SUL;2026-01-22;46.818;60.114;46.818;60.114;47.178;77.882
PASSO REAL;111;Reservatório com Usina;JACUI;SUL;S;SUL;2026-01-22;63.78;123.7293;63.78;123.7293;67.88;51.548
PASSO SAO JOAO;102;Fio dagua;URUGUAI;SUL;S;SUL;2026-01-22;51.132;114.8066;45.533;102.2352;50.838;44.5375
PEDRA DO CAVALO;189;Reservatório com Usina;PARAGUACU;NORDESTE;NE;NORDESTE;2026-01-22;43.612;30.0586;43.612;30.0586;44.145;145.0899
PEIXE ANGICAL;257;Reservatório com Usina;TOCANTINS;SUDESTE;SE;SUDESTE;2026-01-22;261.393;35.9443;261.393;35.9443;267.142;727.216
PEREIRA PASSOS;133;Fio dagua;PARAIBA DO SUL;SUDESTE;SE;SUDESTE;2026-01-22;58.275;95.8779;58.275;95.8779;58.857;60.7804
PICADA;126;Fio dagua;PARAIBA DO SUL;SUDESTE;SE;SUDESTE;2026-01-22;28.311;39.5487;28.311;39.5487;28.321;71.5852
PIMENTAL;314;Fio dagua;AMAZONAS;BELO MONTE;N;NORTE;2026-01-22;130.838;93.2333;130.838;93.2333;129.563;140.334
PIRAJU;48;Fio dagua;PARANAPANEMA;PARANAPANEMA;SE;SUDESTE;2026-01-22;26.427;34.6227;26.427;34.6227;27.291;76.3286
PONTE DE PEDRA;281;Fio dagua;PARAGUAI;SUDESTE;SE;SUDESTE;2026-01-22;151.338;79.6048;91.651;48.2091;150.552;190.1116
PORTO ESTRELA;135;Reservatório com Usina;DOCE;SUDESTE;SE;SUDESTE;2026-01-22;214.397;156.1173;91.304;66.4848;208.471;137.3307
PORTO PRIMAVERA;46;Fio dagua;PARANA;PARANA;SE;SUDESTE;2026-01-22;999.845;50.8962;999.845;50.8962;1030.072;1964.48
PROMISSÃO;40;Reservatório com Usina;TIETE;PARANA;SE;SUDESTE;2026-01-22;261.992;112.4323;142.286;61.0612;262.966;233.022
QUEBRA QUEIXO;95;Reservatório com Usina;URUGUAI;SUL;S;SUL;2026-01-22;31.226;52.0173;31.226;52.0173;30.96;60.03
QUEIMADO;162;Reservatório com Usina;SAO FRANCISCO;SUDESTE;SE;SUDESTE;2026-01-22;83.382;66.0134;83.382;66.0134;81.576;126.3108
RETIRO BAIXO;155;Reservatório com Usina;SAO FRANCISCO;SUDESTE;SE;SUDESTE;2026-01-22;42.009;39.6056;28.625;26.9874;41.352;106.0682
RONDON II;276;Reservatório com Usina;AMAZONAS;MADEIRA;SE;SUDESTE;2026-01-22;71.984;117.3242;71.984;117.3242;71.588;61.3548
ROSAL;217;Fio dagua;ITABAPOANA;SUDESTE;SE;SUDESTE;2026-01-22;104.308;101.1635;43.458;42.1479;103.055;103.1083
ROSANA;63;Fio dagua;PARANAPANEMA;PARANAPANEMA;SE;SUDESTE;2026-01-22;162.071;50.5944;162.071;50.5944;171.056;320.334
S.DO FACÃO;21;Reservatório com Usina;PARANAIBA;PARANA;SE;SUDESTE;2026-01-22;212.035;107.1346;212.035;107.1346;200.93;197.9145
S.R.VERDINHO;241;Fio dagua;PARANAIBA;PARANA;SE;SUDESTE;2026-01-22;41.259;42.9024;41.259;42.9024;41.9;96.1694
SA CARVALHO;193;Fio dagua;DOCE;SUDESTE;SE;SUDESTE;2026-01-22;116.301;77.1429;64.799;42.9814;115.617;150.7604
SALTO;262;Fio dagua;PARANAIBA;PARANA;SE;SUDESTE;2026-01-22;44.196;41.5973;44.196;41.5973;44.297;106.2472
SALTO CAXIAS;82;Fio dagua;IGUACU;IGUACU;S;SUL;2026-01-22;306.073;46.0008;306.073;46.0008;307.558;665.3644
SALTO GRANDE CM;134;Fio dagua;DOCE;SUDESTE;SE;SUDESTE;2026-01-22;395.097;171.6514;394.295;171.303;394.715;230.174
SALTO GRANDE CS;50;Fio dagua;PARANAPANEMA;PARANAPANEMA;SE;SUDESTE;2026-01-22;35.823;36.992;12.689;13.1031;36.855;96.8399
SALTO OSORIO;78;Fio dagua;IGUACU;IGUACU;S;SUL;2026-01-22;261.868;47.5141;261.868;47.5141;265.282;551.1373
SALTO PILAO;215;Fio dagua;ITAJAI;SUL;S;SUL;2026-01-22;94.256;46.4609;94.256;46.4609;94.333;202.8715
SALTO SANTIAGO;77;Reservatório com Usina;IGUACU;IGUACU;S;SUL;2026-01-22;384.281;46.7202;384.281;46.7202;388.929;822.5162
SAMUEL;279;Reservatório com Usina;AMAZONAS;MADEIRA;SE;SUDESTE;2026-01-22;285.304;211.6725;285.304;211.6725;258.708;134.7856
SANTA BRANCA;122;Reservatório com Usina;PARAIBA DO SUL;SUDESTE;SE;SUDESTE;2026-01-22;25.507;57.7761;25.507;57.7761;22.444;44.148
SANTA CLARA-PR;71;Reservatório com Usina;IGUACU;IGUACU;S;SUL;2026-01-22;28.969;37.9253;28.969;37.9253;28.643;76.3844
SANTO ANTONIO;287;Fio dagua;AMAZONAS;MADEIRA;SE;SUDESTE;2026-01-22;4312.554;113.6661;3686.965;97.1774;3621.337;3794.0553
SAO DOMINGOS;153;Fio dagua;PARANA;PARANA;SE;SUDESTE;2026-01-22;19.753;43.1685;17.91;39.1408;19.733;45.7579
SAO JOSE;101;Fio dagua;URUGUAI;SUL;S;SUL;2026-01-22;35.902;113.1192;35.902;113.1192;35.255;31.7382
SAO MANOEL;230;Fio dagua;AMAZONAS;TELES PIRES;SE;SUDESTE;2026-01-22;686.733;83.0161;682.199;82.468;655.739;827.2283
SAO ROQUE;88;Reservatório com Usina;URUGUAI;SUL;S;SUL;2026-01-22;89.427;111.5085;89.427;111.5085;92.305;80.1975
SAO SALVADOR;253;Fio dagua;TOCANTINS;SUDESTE;SE;SUDESTE;2026-01-22;146.259;40.2241;146.259;40.2241;147.891;363.6108
SÃO SIMÃO;33;Reservatório com Usina;PARANAIBA;PARANA;SE;SUDESTE;2026-01-22;1439.903;57.4197;1439.903;57.4197;1378.547;2507.683
SEGREDO;76;Reservatório com Usina;IGUACU;IGUACU;S;SUL;2026-01-22;340.202;46.691;340.202;46.691;342.557;728.624
SERRA DA MESA;251;Reservatório com Usina;TOCANTINS;SUDESTE;SE;SUDESTE;2026-01-22;669.362;46.7905;669.362;46.7905;655.452;1430.55
SIMPLICIO;129;Fio dagua;PARAIBA DO SUL;SUDESTE;SE;SUDESTE;2026-01-22;97.395;30.7693;97.395;30.7693;98.485;316.53285
SINOP;227;Reservatório com Usina;AMAZONAS;TELES PIRES;SE;SUDESTE;2026-01-22;220.319;64.5505;213.026;62.4138;175.642;341.3124
SOBRADINHO;169;Reservatório com Usina;SAO FRANCISCO;NORDESTE;NE;NORDESTE;2026-01-22;639.872;58.7804;639.872;58.7804;596.812;1088.5805
SOBRAGI;127;Fio dagua;PARAIBA DO SUL;SUDESTE;SE;SUDESTE;2026-01-22;31.221;34.8643;26.922;30.0637;31.245;89.55
STA.CLARA-MG;283;Fio dagua;MUCURI;SUDESTE;SE;SUDESTE;2026-01-22;23.1;31.1457;23.1;31.1457;23.062;74.1675
STO ANTONIO DO JARI;286;Fio dagua;AMAZONAS;MANAUS-AMAPA;N;NORTE;2026-01-22;72.503;45.4554;72.503;45.4554;73.855;159.5035
SUIÇA;145;Fio dagua;SANTA MARIA VIT;SUDESTE;SE;SUDESTE;2026-01-22;69.207;163.7493;52.302;123.7507;68.861;42.264
TAQUARUÇU;62;Fio dagua;PARANAPANEMA;PARANAPANEMA;SE;SUDESTE;2026-01-22;171.121;48.9186;171.121;48.9186;168.955;349.8075
TELES PIRES;229;Fio dagua;AMAZONAS;TELES PIRES;SE;SUDESTE;2026-01-22;1548.915;84.7313;1496.353;81.856;1566.968;1828.0318
TRÊS IRMÃOS;43;Reservatório com Usina;TIETE;PARANA;SE;SUDESTE;2026-01-22;543.021;109.7738;543.021;109.7738;551.246;494.6725
TRÊS MARIAS;156;Reservatório com Usina;SAO FRANCISCO;SUDESTE;SE;SUDESTE;2026-01-22;482.709;77.6934;482.709;77.6934;482.543;621.3
TUCURUI;275;Reservatório com Usina;TOCANTINS;NORTE;N;NORTE;2026-01-22;4818.788;59.4508;4818.788;59.4508;4425.4;8105.5008
VOLTA GRANDE;11;Fio dagua;GRANDE;PARANA;SE;SUDESTE;2026-01-22;290.523;55.0056;290.523;55.0056;279.677;528.1696
XINGO;178;Fio dagua;SAO FRANCISCO;NORDESTE;NE;NORDESTE;2026-01-22;2564.444;53.1546;2564.444;53.1546;2590.97;4824.4975
14 DE JULHO;99;Fio dagua;JACUI;SUL;S;SUL;2026-01-23;37.947;74.8922;37.947;74.8922;37.155;50.6688
A. VERMELHA;18;Reservatório com Usina;GRANDE;PARANA;SE;SUDESTE;2026-01-23;1035.954;62.602;1035.954;62.602;980.054;1654.825
AIMORES;143;Fio dagua;DOCE;SUDESTE;SE;SUDESTE;2026-01-23;315.877;80.6044;315.877;80.6044;328.577;391.8856
APOLONIO SALES;173;Fio dagua;SAO FRANCISCO;NORDESTE;NE;NORDESTE;2026-01-23;255.737;58.5818;255.737;58.5818;82.285;436.5468
B. BONITA;37;Reservatório com Usina;TIETE;PARANA;SE;SUDESTE;2026-01-23;69.749;57.8396;57.317;47.5303;74.407;120.5904
B.COQUEIROS;312;Fio dagua;PARANAIBA;PARANA;SE;SUDESTE;2026-01-23;36.141;38.9096;36.141;38.9096;37.312;92.8846
BAGUARI;141;Fio dagua;DOCE;SUDESTE;SE;SUDESTE;2026-01-23;239.732;139.0984;177.585;103.0392;230.189;172.347
BAIXO IGUACU;83;Fio dagua;IGUACU;IGUACU;S;SUL;2026-01-23;78.671;42.0562;78.671;42.0562;77.873;187.0614
BALBINA;277;Reservatório com Usina;AMAZONAS;MANAUS-AMAPA;N;NORTE;2026-01-23;172.168;204.378;172.168;204.378;164.53;84.24
BARIRI;38;Fio dagua;TIETE;PARANA;SE;SUDESTE;2026-01-23;101.019;71.8317;101.019;71.8317;100.897;140.6328
BARRA BRAUNA;185;Fio dagua;PARAIBA DO SUL;SUDESTE;SE;SUDESTE;2026-01-23;55.009;121.0591;37.001;81.4286;54.795;45.4398
BARRA GRANDE;86;Reservatório com Usina;URUGUAI;SUL;S;SUL;2026-01-23;148.168;55.3916;139.676;52.2169;150.506;267.4917
BATALHA;20;Reservatório com Usina;PARANAIBA;PARANA;SE;SUDESTE;2026-01-23;126.103;192.9998;126.103;192.9998;119.353;65.3384
BELO MONTE;288;Fio dagua;AMAZONAS;BELO MONTE;N;NORTE;2026-01-23;4635.026;82.7899;4635.026;82.7899;4625.853;5598.54
BOA ESPERANÇA;190;Reservatório com Usina;PARNAIBA;NORDESTE;NE;NORDESTE;2026-01-23;174.783;72.6258;174.783;72.6258;167.889;240.6624
C. DOURADA;32;Fio dagua;PARANAIBA;PARANA;SE;SUDESTE;2026-01-23;527.098;71.274;524.666;70.9452;557.251;739.5374
C.BRANCO-1;27;Reservatório com Usina;PARANAIBA;PARANA;SE;SUDESTE;2026-01-23;152.413;50.5137;137.582;45.5983;150.365;301.726
C.BRANCO-2;28;Fio dagua;PARANAIBA;PARANA;SE;SUDESTE;2026-01-23;119.513;46.9183;119.513;46.9183;119.593;254.7259
CACHOEIRA CALDEIRAO;204;Fio dagua;ARAGUARI;MANAUS-AMAPA;N;NORTE;2026-01-23;60.078;76.4396;54.033;68.7483;61.282;78.5954
CACONDE;14;Reservatório com Usina;GRANDE;PARANA;SE;SUDESTE;2026-01-23;53.75;68.5058;53.75;68.5058;52.315;78.4605
CACU;311;Reservatório com Usina;PARANAIBA;PARANA;SE;SUDESTE;2026-01-23;26.839;39.7297;26.839;39.7297;27.623;67.554
CAMARGOS;1;Reservatório com Usina;GRANDE;PARANA;SE;SUDESTE;2026-01-23;24.399;48.5657;24.399;48.5657;23.915;50.2392
CAMPOS NOVOS;90;Reservatório com Usina;URUGUAI;SUL;S;SUL;2026-01-23;358.863;93.0874;358.863;93.0874;362.624;385.512
CANA BRAVA;252;Fio dagua;TOCANTINS;SUDESTE;SE;SUDESTE;2026-01-23;265.407;44.6719;265.407;44.6719;264.63;594.1248
CANASTRA;87;Fio dagua;JACUI;SUL;S;SUL;2026-01-23;;;;;;
CANDONGA;139;Fio dagua;DOCE;SUDESTE;SE;SUDESTE;2026-01-23;143.394;119.7147;91.159;76.1055;131.647;119.7798
CANOAS I;52;Fio dagua;PARANAPANEMA;PARANAPANEMA;SE;SUDESTE;2026-01-23;37.923;37.0724;37.923;37.0724;38.854;102.2943
CANOAS II;51;Fio dagua;PARANAPANEMA;PARANAPANEMA;SE;SUDESTE;2026-01-23;31.024;36.3303;31.024;36.3303;31.985;85.3944
CAPIVARA;61;Reservatório com Usina;PARANAPANEMA;PARANAPANEMA;SE;SUDESTE;2026-01-23;252.016;44.7851;252.016;44.7851;266.244;562.7232
CASTRO ALVES;97;Fio dagua;JACUI;SUL;S;SUL;2026-01-23;66.229;89.8756;66.229;89.8756;64.454;73.6896
CHAVANTES;49;Reservatório com Usina;PARANAPANEMA;PARANAPANEMA;SE;SUDESTE;2026-01-23;97.757;31.4632;97.757;31.4632;96.428;310.7031
COARACY NUNES;280;Fio dagua;ARAGUARI;MANAUS-AMAPA;N;NORTE;2026-01-23;75.78;75.2536;47.957;47.6239;75.562;100.6995
COLIDER;228;Fio dagua;AMAZONAS;TELES PIRES;SE;SUDESTE;2026-01-23;210.971;66.1838;120.786;37.8918;149.705;318.7652
CORUMBA;30;Reservatório com Usina;PARANAIBA;PARANA;SE;SUDESTE;2026-01-23;356.58;79.0153;356.58;79.0153;350.072;451.2798
CORUMBA-3;203;Reservatório com Usina;PARANAIBA;PARANA;SE;SUDESTE;2026-01-23;81.669;90.8454;75.074;83.5094;80.706;89.8989
CORUMBA-4;29;Reservatório com Usina;PARANAIBA;PARANA;SE;SUDESTE;2026-01-23;117.012;96.3944;111.176;91.5867;117.858;121.3888
CURUA-UNA;272;Reservatório com Usina;AMAZONAS;BELO MONTE;N;NORTE;2026-01-23;23.234;91.6424;23.234;91.6424;19.718;25.3529
D. FRANCISCA;114;Fio dagua;JACUI;SUL;S;SUL;2026-01-23;68.962;96.9286;68.962;96.9286;69.289;71.1472
DARDANELOS;310;Fio dagua;AMAZONAS;MADEIRA;SE;SUDESTE;2026-01-23;400.737;94.5083;260.844;61.5164;390.319;424.0232
E. DA CUNHA;15;Fio dagua;GRANDE;PARANA;SE;SUDESTE;2026-01-23;79.296;68.6362;79.296;68.6362;78.985;115.5308
EMBORCAÇÃO;24;Reservatório com Usina;PARANAIBA;PARANA;SE;SUDESTE;2026-01-23;1003.997;100.6806;1003.997;100.6806;959.569;997.2102
ESPORA;290;Reservatório com Usina;PARANAIBA;PARANA;SE;SUDESTE;2026-01-23;15.384;47.8239;15.384;47.8239;14.595;32.168
ESTREITO;267;Fio dagua;TOCANTINS;NORTE;N;NORTE;2026-01-23;638.136;45.3085;638.136;45.3085;582.109;1408.425
FERREIRA GOMES;284;Fio dagua;ARAGUARI;MANAUS-AMAPA;N;NORTE;2026-01-23;62.879;74.243;62.879;74.243;66.729;84.6935
FONTES;132;Fio dagua;PARAIBA DO SUL;SUDESTE;SE;SUDESTE;2026-01-23;114.945;94.5559;114.945;94.5559;114.869;121.563
FOZ CHAPECO;103;Fio dagua;URUGUAI;SUL;S;SUL;2026-01-23;339.491;87.8112;305.696;79.0699;344.032;386.6148
FOZ DO RIO CLARO;315;Fio dagua;PARANAIBA;PARANA;SE;SUDESTE;2026-01-23;27.713;37.3264;27.713;37.3264;27.664;74.245
FUNDÃO;72;Fio dagua;IGUACU;IGUACU;S;SUL;2026-01-23;32.696;39.7571;30.204;36.727;33.732;82.2393
FUNIL;123;Reservatório com Usina;PARAIBA DO SUL;SUDESTE;SE;SUDESTE;2026-01-23;134.045;64.2886;134.045;64.2886;123.594;208.505
FUNIL-MG;4;Fio dagua;GRANDE;PARANA;SE;SUDESTE;2026-01-23;87.785;43.395;87.785;43.395;90.192;202.293
FURNAS;6;Reservatório com Usina;GRANDE;PARANA;SE;SUDESTE;2026-01-23;745.521;53.5944;745.521;53.5944;709.36;1391.043
G. B. MUNHOZ;74;Reservatório com Usina;IGUACU;IGUACU;S;SUL;2026-01-23;322.135;47.5783;322.135;47.5783;315.742;677.0622
G. P. SOUZA;115;Reservatório com Usina;CAPIVARI;SUL;S;SUL;2026-01-23;73.455;46.2403;73.455;46.2403;73.395;158.855
GARIBALDI;89;Reservatório com Usina;URUGUAI;SUL;S;SUL;2026-01-23;81.172;99.5107;81.172;99.5107;80.681;81.5711
GOV JAYME CANET JR;57;Reservatório com Usina;PARANAPANEMA;IGUACU;S;SUL;2026-01-23;89.986;28.1147;51.158;15.9835;89.378;320.067
GUAPORE;196;Fio dagua;AMAZONAS;MADEIRA;SE;SUDESTE;2026-01-23;54.654;98.2505;54.654;98.2505;54.591;55.6272
GUILM. AMORIM;192;Fio dagua;DOCE;SUDESTE;SE;SUDESTE;2026-01-23;297.541;199.723;215.0;144.3178;295.691;148.9768
HENRY BORDEN;119;Fio dagua;TIETE;SUDESTE;SE;SUDESTE;2026-01-23;503.66;132.3284;503.66;132.3284;503.219;380.6136
I. SOLTEIRA;34;Reservatório com Usina;PARANA;PARANA;SE;SUDESTE;2026-01-23;1850.531;55.186;1850.531;55.186;1884.112;3353.2623
IBITINGA;39;Fio dagua;TIETE;PARANA;SE;SUDESTE;2026-01-23;126.902;80.4605;126.902;80.4605;128.224;157.7196
IGARAPAVA;10;Fio dagua;GRANDE;PARANA;SE;SUDESTE;2026-01-23;177.119;57.658;177.119;57.658;176.18;307.1891
ILHA POMBOS;130;Fio dagua;PARAIBA DO SUL;SUDESTE;SE;SUDESTE;2026-01-23;120.255;51.631;120.255;51.631;122.263;232.9124
IRAPE;148;Reservatório com Usina;JEQUITINHONHA;SUDESTE;SE;SUDESTE;2026-01-23;487.408;101.6304;487.408;101.6304;489.39;479.589
ITÁ;92;Fio dagua;URUGUAI;SUL;S;SUL;2026-01-23;484.743;75.3692;484.743;75.3692;489.437;643.1579
ITAIPU;66;Fio dagua;PARANA;ITAIPU;SE;SUDESTE;2026-01-23;8202.842;54.5542;8202.842;54.5542;8513.556;15036.1432
ITAPEBI;154;Fio dagua;JEQUITINHONHA;NORDESTE;NE;NORDESTE;2026-01-23;148.863;26.8992;123.838;22.3773;151.58;553.41
ITAUBA;113;Fio dagua;JACUI;SUL;S;SUL;2026-01-23;140.172;106.6437;140.172;106.6437;137.773;131.4396
ITIQUIRA I;304;Fio dagua;PARAGUAI;SUDESTE;SE;SUDESTE;2026-01-23;39.785;52.2926;39.785;52.2926;39.754;76.0815
ITIQUIRA II;305;Fio dagua;PARAGUAI;SUDESTE;SE;SUDESTE;2026-01-23;63.361;52.2927;63.361;52.2927;63.522;121.1661
ITUMBIARA;31;Reservatório com Usina;PARANAIBA;PARANA;SE;SUDESTE;2026-01-23;1391.641;75.7331;1391.641;75.7331;1276.614;1837.5605
ITUTINGA;2;Fio dagua;GRANDE;PARANA;SE;SUDESTE;2026-01-23;28.642;48.566;28.642;48.566;29.266;58.9754
JACUI;112;Fio dagua;JACUI;SUL;S;SUL;2026-01-23;131.828;117.589;0.0;0.0;136.74;112.1091
JAGUARA;9;Fio dagua;GRANDE;PARANA;SE;SUDESTE;2026-01-23;447.238;57.6498;409.77;52.8201;452.546;775.7848
JAGUARI;120;Reservatório com Usina;PARAIBA DO SUL;SUDESTE;SE;SUDESTE;2026-01-23;12.778;56.2481;12.778;56.2481;11.56;22.7172
JAURU;195;Fio dagua;PARAGUAI;SUDESTE;SE;SUDESTE;2026-01-23;66.297;74.2814;66.297;74.2814;66.138;89.2512
JIRAU;285;Fio dagua;AMAZONAS;MADEIRA;SE;SUDESTE;2026-01-23;4048.783;111.0925;3752.423;102.9608;3696.268;3644.515
JUPIA;45;Fio dagua;PARANA;PARANA;SE;SUDESTE;2026-01-23;1144.231;61.6152;1144.231;61.6152;1181.554;1857.06
JURUENA;309;Fio dagua;AMAZONAS;TELES PIRES;SE;SUDESTE;2026-01-23;44.648;93.9879;40.194;84.6118;46.277;47.504
JURUMIRIM;47;Reservatório com Usina;PARANAPANEMA;PARANAPANEMA;SE;SUDESTE;2026-01-23;36.233;38.4693;36.233;38.4693;36.15;94.1868
L. C. BARRETO;8;Fio dagua;GRANDE;PARANA;SE;SUDESTE;2026-01-23;611.369;57.6351;611.369;57.6351;605.685;1060.7587
LAJEADO;261;Fio dagua;TOCANTINS;SUDESTE;SE;SUDESTE;2026-01-23;497.711;34.7464;497.711;34.7464;500.828;1432.4115
LIMOEIRO;16;Fio dagua;GRANDE;PARANA;SE;SUDESTE;2026-01-23;23.857;68.7892;23.857;68.7892;23.672;34.6813
LUIZ GONZAGA;172;Reservatório com Usina;SAO FRANCISCO;NORDESTE;NE;NORDESTE;2026-01-23;1161.846;58.5558;1161.846;58.5558;1138.325;1984.17
M. MORAES;7;Reservatório com Usina;GRANDE;PARANA;SE;SUDESTE;2026-01-23;378.207;57.078;378.207;57.078;390.237;662.6139
MACHADINHO;91;Reservatório com Usina;URUGUAI;SUL;S;SUL;2026-01-23;362.617;79.2803;362.617;79.2803;369.679;457.3859
MANSO;278;Reservatório com Usina;PARAGUAI;SUDESTE;SE;SUDESTE;2026-01-23;122.128;81.2194;122.128;81.2194;121.501;150.368
MARIMBONDO;17;Reservatório com Usina;GRANDE;PARANA;SE;SUDESTE;2026-01-23;1137.368;68.4686;1137.368;68.4686;1075.579;1661.1515
MASCARENHAS;144;Fio dagua;DOCE;SUDESTE;SE;SUDESTE;2026-01-23;284.202;80.0039;284.202;80.0039;266.983;355.2354
MIRANDA;26;Reservatório com Usina;PARANAIBA;PARANA;SE;SUDESTE;2026-01-23;188.192;52.3759;188.192;52.3759;189.193;359.31
MONJOLINHO;94;Fio dagua;URUGUAI;SUL;S;SUL;2026-01-23;16.103;48.0974;16.103;48.0974;15.718;33.48
MONTE CLARO;98;Fio dagua;JACUI;SUL;S;SUL;2026-01-23;42.372;73.8649;37.768;65.839;42.782;57.3642
N. AVANHANDAVA;42;Fio dagua;TIETE;PARANA;SE;SUDESTE;2026-01-23;319.923;97.7999;319.923;97.7999;315.88;327.12
NILO PEÇANHA;131;Fio dagua;PARAIBA DO SUL;SUDESTE;SE;SUDESTE;2026-01-23;386.942;100.6992;386.942;100.6992;386.809;384.2553
NOVA PONTE;25;Reservatório com Usina;PARANAIBA;PARANA;SE;SUDESTE;2026-01-23;302.63;61.6122;302.63;61.6122;267.121;491.1852
OURINHOS;249;Fio dagua;PARANAPANEMA;PARANAPANEMA;SE;SUDESTE;2026-01-23;15.351;31.3505;15.351;31.3505;16.729;48.9658
P. AFONSO 1,2,3;174;Fio dagua;SAO FRANCISCO;NORDESTE;NE;NORDESTE;2026-01-23;997.743;58.5819;997.743;58.5819;344.453;1703.16
P. AFONSO 4;175;Fio dagua;SAO FRANCISCO;NORDESTE;NE;NORDESTE;2026-01-23;1428.086;58.5819;1428.086;58.5819;2244.553;2437.7598
P. COLOMBIA;12;Fio dagua;GRANDE;PARANA;SE;SUDESTE;2026-01-23;282.891;58.5597;282.891;58.5597;295.255;483.0812
PARAIBUNA;121;Reservatório com Usina;PARAIBA DO SUL;SUDESTE;SE;SUDESTE;2026-01-23;52.279;71.0568;52.279;71.0568;48.986;73.5735
PARANAPANEMA;53;Fio dagua;PARANAPANEMA;PARANAPANEMA;SE;SUDESTE;2026-01-23;15.852;37.5618;15.852;37.5618;16.469;42.2025
PASSO FUNDO;93;Reservatório com Usina;URUGUAI;SUL;S;SUL;2026-01-23;36.827;47.2856;36.827;47.2856;37.086;77.882
PASSO REAL;111;Reservatório com Usina;JACUI;SUL;S;SUL;2026-01-23;60.602;117.5642;60.602;117.5642;64.438;51.548
PASSO SAO JOAO;102;Fio dagua;URUGUAI;SUL;S;SUL;2026-01-23;47.655;106.9997;42.311;95.0008;47.365;44.5375
PEDRA DO CAVALO;189;Reservatório com Usina;PARAGUACU;NORDESTE;NE;NORDESTE;2026-01-23;38.235;26.3526;38.235;26.3526;38.713;145.0899
PEIXE ANGICAL;257;Reservatório com Usina;TOCANTINS;SUDESTE;SE;SUDESTE;2026-01-23;294.12;40.4447;294.12;40.4447;304.785;727.216
PEREIRA PASSOS;133;Fio dagua;PARAIBA DO SUL;SUDESTE;SE;SUDESTE;2026-01-23;60.312;99.2294;60.312;99.2294;61.011;60.7804
PICADA;126;Fio dagua;PARAIBA DO SUL;SUDESTE;SE;SUDESTE;2026-01-23;34.511;48.2097;34.511;48.2097;34.468;71.5852
PIMENTAL;314;Fio dagua;AMAZONAS;BELO MONTE;N;NORTE;2026-01-23;131.988;94.0528;131.988;94.0528;131.42;140.334
PIRAJU;48;Fio dagua;PARANAPANEMA;PARANAPANEMA;SE;SUDESTE;2026-01-23;28.67;37.5613;28.67;37.5613;29.62;76.3286
PONTE DE PEDRA;281;Fio dagua;PARAGUAI;SUDESTE;SE;SUDESTE;2026-01-23;150.719;79.2792;119.77;62.9998;149.887;190.1116
PORTO ESTRELA;135;Reservatório com Usina;DOCE;SUDESTE;SE;SUDESTE;2026-01-23;486.238;354.0636;69.194;50.3849;453.412;137.3307
PORTO PRIMAVERA;46;Fio dagua;PARANA;PARANA;SE;SUDESTE;2026-01-23;1058.913;53.903;1058.913;53.903;1090.926;1964.48
PROMISSÃO;40;Reservatório com Usina;TIETE;PARANA;SE;SUDESTE;2026-01-23;218.806;93.8993;133.606;57.3362;220.885;233.022
QUEBRA QUEIXO;95;Reservatório com Usina;URUGUAI;SUL;S;SUL;2026-01-23;30.326;50.5181;30.326;50.5181;30.134;60.03
QUEIMADO;162;Reservatório com Usina;SAO FRANCISCO;SUDESTE;SE;SUDESTE;2026-01-23;89.91;71.1816;89.91;71.1816;88.124;126.3108
RETIRO BAIXO;155;Reservatório com Usina;SAO FRANCISCO;SUDESTE;SE;SUDESTE;2026-01-23;82.275;77.568;48.815;46.0223;79.094;106.0682
RONDON II;276;Reservatório com Usina;AMAZONAS;MADEIRA;SE;SUDESTE;2026-01-23;74.491;121.4102;74.491;121.4102;74.18;61.3548
ROSAL;217;Fio dagua;ITABAPOANA;SUDESTE;SE;SUDESTE;2026-01-23;124.389;120.6392;44.945;43.5901;122.927;103.1083
ROSANA;63;Fio dagua;PARANAPANEMA;PARANAPANEMA;SE;SUDESTE;2026-01-23;154.554;48.2478;154.554;48.2478;162.282;320.334
S.DO FACÃO;21;Reservatório com Usina;PARANAIBA;PARANA;SE;SUDESTE;2026-01-23;336.409;169.9769;336.409;169.9769;320.109;197.9145
S.R.VERDINHO;241;Fio dagua;PARANAIBA;PARANA;SE;SUDESTE;2026-01-23;40.425;42.0352;40.425;42.0352;41.043;96.1694
SA CARVALHO;193;Fio dagua;DOCE;SUDESTE;SE;SUDESTE;2026-01-23;257.145;170.5653;75.483;50.0682;252.331;150.7604
SALTO;262;Fio dagua;PARANAIBA;PARANA;SE;SUDESTE;2026-01-23;42.994;40.466;42.994;40.466;43.169;106.2472
SALTO CAXIAS;82;Fio dagua;IGUACU;IGUACU;S;SUL;2026-01-23;282.872;42.5138;282.872;42.5138;283.237;665.3644
SALTO GRANDE CM;134;Fio dagua;DOCE;SUDESTE;SE;SUDESTE;2026-01-23;890.308;386.7978;883.09;383.6619;878.986;230.174
SALTO GRANDE CS;50;Fio dagua;PARANAPANEMA;PARANAPANEMA;SE;SUDESTE;2026-01-23;34.708;35.8406;12.167;12.564;36.35;96.8399
SALTO OSORIO;78;Fio dagua;IGUACU;IGUACU;S;SUL;2026-01-23;248.828;45.1481;248.828;45.1481;253.799;551.1373
SALTO PILAO;215;Fio dagua;ITAJAI;SUL;S;SUL;2026-01-23;85.876;42.3302;85.876;42.3302;85.96;202.8715
SALTO SANTIAGO;77;Reservatório com Usina;IGUACU;IGUACU;S;SUL;2026-01-23;372.211;45.2527;372.211;45.2527;377.506;822.5162
SAMUEL;279;Reservatório com Usina;AMAZONAS;MADEIRA;SE;SUDESTE;2026-01-23;284.585;211.139;284.585;211.139;263.303;134.7856
SANTA BRANCA;122;Reservatório com Usina;PARAIBA DO SUL;SUDESTE;SE;SUDESTE;2026-01-23;30.138;68.2658;30.138;68.2658;26.549;44.148
SANTA CLARA-PR;71;Reservatório com Usina;IGUACU;IGUACU;S;SUL;2026-01-23;30.123;39.4361;30.123;39.4361;29.807;76.3844
SANTO ANTONIO;287;Fio dagua;AMAZONAS;MADEIRA;SE;SUDESTE;2026-01-23;4280.836;112.8301;3797.303;100.0856;3611.334;3794.0553
SAO DOMINGOS;153;Fio dagua;PARANA;PARANA;SE;SUDESTE;2026-01-23;16.774;36.6582;14.931;32.6304;16.816;45.7579
SAO JOSE;101;Fio dagua;URUGUAI;SUL;S;SUL;2026-01-23;32.869;103.5629;32.869;103.5629;32.23;31.7382
SAO MANOEL;230;Fio dagua;AMAZONAS;TELES PIRES;SE;SUDESTE;2026-01-23;725.295;87.6777;680.408;82.2515;677.333;827.2283
SAO ROQUE;88;Reservatório com Usina;URUGUAI;SUL;S;SUL;2026-01-23;71.484;89.1349;71.484;89.1349;73.946;80.1975
SAO SALVADOR;253;Fio dagua;TOCANTINS;SUDESTE;SE;SUDESTE;2026-01-23;161.577;44.4368;161.577;44.4368;163.176;363.6108
SÃO SIMÃO;33;Reservatório com Usina;PARANAIBA;PARANA;SE;SUDESTE;2026-01-23;1796.012;71.6204;1796.012;71.6204;1719.224;2507.683
SEGREDO;76;Reservatório com Usina;IGUACU;IGUACU;S;SUL;2026-01-23;349.089;47.9107;349.089;47.9107;351.574;728.624
SERRA DA MESA;251;Reservatório com Usina;TOCANTINS;SUDESTE;SE;SUDESTE;2026-01-23;626.685;43.8073;626.685;43.8073;613.717;1430.55
SIMPLICIO;129;Fio dagua;PARAIBA DO SUL;SUDESTE;SE;SUDESTE;2026-01-23;127.287;40.2129;127.287;40.2129;126.953;316.53285
SINOP;227;Reservatório com Usina;AMAZONAS;TELES PIRES;SE;SUDESTE;2026-01-23;235.982;69.1396;228.689;67.0028;188.305;341.3124
SOBRADINHO;169;Reservatório com Usina;SAO FRANCISCO;NORDESTE;NE;NORDESTE;2026-01-23;619.582;56.9165;619.582;56.9165;578.786;1088.5805
SOBRAGI;127;Fio dagua;PARAIBA DO SUL;SUDESTE;SE;SUDESTE;2026-01-23;37.905;42.3283;34.323;38.3283;37.991;89.55
STA.CLARA-MG;283;Fio dagua;MUCURI;SUDESTE;SE;SUDESTE;2026-01-23;43.736;58.9692;43.736;58.9692;43.367;74.1675
STO ANTONIO DO JARI;286;Fio dagua;AMAZONAS;MANAUS-AMAPA;N;NORTE;2026-01-23;71.797;45.0128;71.797;45.0128;73.637;159.5035
SUIÇA;145;Fio dagua;SANTA MARIA VIT;SUDESTE;SE;SUDESTE;2026-01-23;47.843;113.2004;35.164;83.2008;47.615;42.264
TAQUARUÇU;62;Fio dagua;PARANAPANEMA;PARANAPANEMA;SE;SUDESTE;2026-01-23;161.598;46.1963;161.598;46.1963;159.091;349.8075
TELES PIRES;229;Fio dagua;AMAZONAS;TELES PIRES;SE;SUDESTE;2026-01-23;1629.844;89.1584;1475.192;80.6984;1643.596;1828.0318
TRÊS IRMÃOS;43;Reservatório com Usina;TIETE;PARANA;SE;SUDESTE;2026-01-23;578.328;116.9113;578.328;116.9113;586.834;494.6725
TRÊS MARIAS;156;Reservatório com Usina;SAO FRANCISCO;SUDESTE;SE;SUDESTE;2026-01-23;853.466;137.3678;853.466;137.3678;860.168;621.3
TUCURUI;275;Reservatório com Usina;TOCANTINS;NORTE;N;NORTE;2026-01-23;4915.848;60.6483;4915.848;60.6483;4572.881;8105.5008
VOLTA GRANDE;11;Fio dagua;GRANDE;PARANA;SE;SUDESTE;2026-01-23;307.172;58.1578;307.172;58.1578;295.37;528.1696
XINGO;178;Fio dagua;SAO FRANCISCO;NORDESTE;NE;NORDESTE;2026-01-23;2746.276;56.9236;2746.276;56.9236;2780.654;4824.4975
14 DE JULHO;99;Fio dagua;JACUI;SUL;S;SUL;2026-01-24;33.806;66.7196;33.806;66.7196;32.911;50.6688
A. VERMELHA;18;Reservatório com Usina;GRANDE;PARANA;SE;SUDESTE;2026-01-24;1079.965;65.2616;1079.965;65.2616;1021.072;1654.825
AIMORES;143;Fio dagua;DOCE;SUDESTE;SE;SUDESTE;2026-01-24;473.675;120.8707;458.071;116.889;487.76;391.8856
APOLONIO SALES;173;Fio dagua;SAO FRANCISCO;NORDESTE;NE;NORDESTE;2026-01-24;254.486;58.2952;254.486;58.2952;59.455;436.5468
B. BONITA;37;Reservatório com Usina;TIETE;PARANA;SE;SUDESTE;2026-01-24;60.981;50.5687;48.549;40.2594;64.749;120.5904
B.COQUEIROS;312;Fio dagua;PARANAIBA;PARANA;SE;SUDESTE;2026-01-24;36.45;39.2422;36.45;39.2422;37.56;92.8846
BAGUARI;141;Fio dagua;DOCE;SUDESTE;SE;SUDESTE;2026-01-24;342.042;198.4612;124.868;72.4515;313.596;172.347
BAIXO IGUACU;83;Fio dagua;IGUACU;IGUACU;S;SUL;2026-01-24;73.759;39.4304;73.759;39.4304;74.023;187.0614
BALBINA;277;Reservatório com Usina;AMAZONAS;MANAUS-AMAPA;N;NORTE;2026-01-24;173.47;205.9236;173.47;205.9236;157.838;84.24
BARIRI;38;Fio dagua;TIETE;PARANA;SE;SUDESTE;2026-01-24;77.233;54.9182;77.233;54.9182;76.966;140.6328
BARRA BRAUNA;185;Fio dagua;PARAIBA DO SUL;SUDESTE;SE;SUDESTE;2026-01-24;52.706;115.9908;26.74;58.8471;52.368;45.4398
BARRA GRANDE;86;Reservatório com Usina;URUGUAI;SUL;S;SUL;2026-01-24;127.703;47.7409;119.211;44.5662;129.435;267.4917
BATALHA;20;Reservatório com Usina;PARANAIBA;PARANA;SE;SUDESTE;2026-01-24;149.38;228.6251;149.38;228.6251;142.788;65.3384
BELO MONTE;288;Fio dagua;AMAZONAS;BELO MONTE;N;NORTE;2026-01-24;4682.074;83.6303;4682.074;83.6303;4695.237;5598.54
BOA ESPERANÇA;190;Reservatório com Usina;PARNAIBA;NORDESTE;NE;NORDESTE;2026-01-24;169.705;70.5158;169.705;70.5158;162.811;240.6624
C. DOURADA;32;Fio dagua;PARANAIBA;PARANA;SE;SUDESTE;2026-01-24;613.119;82.9057;608.796;82.3212;650.526;739.5374
C.BRANCO-1;27;Reservatório com Usina;PARANAIBA;PARANA;SE;SUDESTE;2026-01-24;199.85;66.2356;185.019;61.3202;196.989;301.726
C.BRANCO-2;28;Fio dagua;PARANAIBA;PARANA;SE;SUDESTE;2026-01-24;146.061;57.3405;146.061;57.3405;147.017;254.7259
CACHOEIRA CALDEIRAO;204;Fio dagua;ARAGUARI;MANAUS-AMAPA;N;NORTE;2026-01-24;57.955;73.7384;54.3;69.088;59.452;78.5954
CACONDE;14;Reservatório com Usina;GRANDE;PARANA;SE;SUDESTE;2026-01-24;61.397;78.2521;61.397;78.2521;59.873;78.4605
CACU;311;Reservatório com Usina;PARANAIBA;PARANA;SE;SUDESTE;2026-01-24;26.344;38.997;26.344;38.997;27.141;67.554
CAMARGOS;1;Reservatório com Usina;GRANDE;PARANA;SE;SUDESTE;2026-01-24;28.101;55.9344;28.101;55.9344;27.864;50.2392
CAMPOS NOVOS;90;Reservatório com Usina;URUGUAI;SUL;S;SUL;2026-01-24;297.39;77.1416;297.39;77.1416;300.692;385.512
CANA BRAVA;252;Fio dagua;TOCANTINS;SUDESTE;SE;SUDESTE;2026-01-24;291.338;49.0365;291.338;49.0365;290.017;594.1248
CANASTRA;87;Fio dagua;JACUI;SUL;S;SUL;2026-01-24;;;;;;
CANDONGA;139;Fio dagua;DOCE;SUDESTE;SE;SUDESTE;2026-01-24;191.454;159.8383;110.4;92.1691;175.693;119.7798
CANOAS I;52;Fio dagua;PARANAPANEMA;PARANAPANEMA;SE;SUDESTE;2026-01-24;37.036;36.2053;37.036;36.2053;38.308;102.2943
CANOAS II;51;Fio dagua;PARANAPANEMA;PARANAPANEMA;SE;SUDESTE;2026-01-24;30.466;35.6768;30.466;35.6768;31.582;85.3944
CAPIVARA;61;Reservatório com Usina;PARANAPANEMA;PARANAPANEMA;SE;SUDESTE;2026-01-24;237.145;42.1424;237.145;42.1424;251.346;562.7232
CASTRO ALVES;97;Fio dagua;JACUI;SUL;S;SUL;2026-01-24;46.517;63.1256;46.517;63.1256;45.574;73.6896
CHAVANTES;49;Reservatório com Usina;PARANAPANEMA;PARANAPANEMA;SE;SUDESTE;2026-01-24;97.64;31.4255;97.64;31.4255;96.521;310.7031
COARACY NUNES;280;Fio dagua;ARAGUARI;MANAUS-AMAPA;N;NORTE;2026-01-24;74.44;73.9229;63.85;63.4065;74.005;100.6995
COLIDER;228;Fio dagua;AMAZONAS;TELES PIRES;SE;SUDESTE;2026-01-24;223.053;69.9741;144.712;45.3977;159.359;318.7652
CORUMBA;30;Reservatório com Usina;PARANAIBA;PARANA;SE;SUDESTE;2026-01-24;333.821;73.9721;333.821;73.9721;330.543;451.2798
CORUMBA-3;203;Reservatório com Usina;PARANAIBA;PARANA;SE;SUDESTE;2026-01-24;123.585;137.4711;117.684;130.9071;121.876;89.8989
CORUMBA-4;29;Reservatório com Usina;PARANAIBA;PARANA;SE;SUDESTE;2026-01-24;260.297;214.4325;256.796;211.5483;260.15;121.3888
CURUA-UNA;272;Reservatório com Usina;AMAZONAS;BELO MONTE;N;NORTE;2026-01-24;23.679;93.3976;23.679;93.3976;20.12;25.3529
D. FRANCISCA;114;Fio dagua;JACUI;SUL;S;SUL;2026-01-24;63.787;89.655;63.787;89.655;63.29;71.1472
DARDANELOS;310;Fio dagua;AMAZONAS;MADEIRA;SE;SUDESTE;2026-01-24;446.806;105.373;260.861;61.5205;434.778;424.0232
E. DA CUNHA;15;Fio dagua;GRANDE;PARANA;SE;SUDESTE;2026-01-24;87.503;75.74;87.503;75.74;86.839;115.5308
EMBORCAÇÃO;24;Reservatório com Usina;PARANAIBA;PARANA;SE;SUDESTE;2026-01-24;1257.354;126.0872;1257.354;126.0872;1203.873;997.2102
ESPORA;290;Reservatório com Usina;PARANAIBA;PARANA;SE;SUDESTE;2026-01-24;17.805;55.35;17.805;55.35;16.91;32.168
ESTREITO;267;Fio dagua;TOCANTINS;NORTE;N;NORTE;2026-01-24;621.437;44.1228;588.099;41.7558;595.221;1408.425
FERREIRA GOMES;284;Fio dagua;ARAGUARI;MANAUS-AMAPA;N;NORTE;2026-01-24;62.757;74.099;62.757;74.099;65.739;84.6935
FONTES;132;Fio dagua;PARAIBA DO SUL;SUDESTE;SE;SUDESTE;2026-01-24;129.397;106.4444;129.397;106.4444;129.312;121.563
FOZ CHAPECO;103;Fio dagua;URUGUAI;SUL;S;SUL;2026-01-24;283.089;73.2225;242.535;62.733;289.551;386.6148
FOZ DO RIO CLARO;315;Fio dagua;PARANAIBA;PARANA;SE;SUDESTE;2026-01-24;29.023;39.0908;29.023;39.0908;28.972;74.245
FUNDÃO;72;Fio dagua;IGUACU;IGUACU;S;SUL;2026-01-24;33.328;40.5256;33.328;40.5256;34.391;82.2393
FUNIL;123;Reservatório com Usina;PARAIBA DO SUL;SUDESTE;SE;SUDESTE;2026-01-24;138.528;66.4387;138.528;66.4387;130.21;208.505
FUNIL-MG;4;Fio dagua;GRANDE;PARANA;SE;SUDESTE;2026-01-24;108.099;53.4368;108.099;53.4368;110.625;202.293
FURNAS;6;Reservatório com Usina;GRANDE;PARANA;SE;SUDESTE;2026-01-24;838.398;60.2712;838.398;60.2712;797.083;1391.043
G. B. MUNHOZ;74;Reservatório com Usina;IGUACU;IGUACU;S;SUL;2026-01-24;302.108;44.6204;302.108;44.6204;296.309;677.0622
G. P. SOUZA;115;Reservatório com Usina;CAPIVARI;SUL;S;SUL;2026-01-24;79.11;49.8001;79.11;49.8001;79.049;158.855
GARIBALDI;89;Reservatório com Usina;URUGUAI;SUL;S;SUL;2026-01-24;63.039;77.281;63.039;77.281;62.716;81.5711
GOV JAYME CANET JR;57;Reservatório com Usina;PARANAPANEMA;IGUACU;S;SUL;2026-01-24;73.773;23.0492;29.698;9.2787;73.319;320.067
GUAPORE;196;Fio dagua;AMAZONAS;MADEIRA;SE;SUDESTE;2026-01-24;56.972;102.4175;56.972;102.4175;56.926;55.6272
GUILM. AMORIM;192;Fio dagua;DOCE;SUDESTE;SE;SUDESTE;2026-01-24;340.724;228.7094;262.209;176.0066;337.565;148.9768
HENRY BORDEN;119;Fio dagua;TIETE;SUDESTE;SE;SUDESTE;2026-01-24;390.896;102.7015;390.896;102.7015;390.548;380.6136
I. SOLTEIRA;34;Reservatório com Usina;PARANA;PARANA;SE;SUDESTE;2026-01-24;2094.243;62.4539;2094.243;62.4539;2138.802;3353.2623
IBITINGA;39;Fio dagua;TIETE;PARANA;SE;SUDESTE;2026-01-24;101.458;64.3281;101.458;64.3281;102.91;157.7196
IGARAPAVA;10;Fio dagua;GRANDE;PARANA;SE;SUDESTE;2026-01-24;180.517;58.7641;180.517;58.7641;182.012;307.1891
ILHA POMBOS;130;Fio dagua;PARAIBA DO SUL;SUDESTE;SE;SUDESTE;2026-01-24;142.258;61.0779;142.258;61.0779;142.4;232.9124
IRAPE;148;Reservatório com Usina;JEQUITINHONHA;SUDESTE;SE;SUDESTE;2026-01-24;643.885;134.2577;643.885;134.2577;647.779;479.589
ITÁ;92;Fio dagua;URUGUAI;SUL;S;SUL;2026-01-24;405.89;63.1089;405.89;63.1089;409.262;643.1579
ITAIPU;66;Fio dagua;PARANA;ITAIPU;SE;SUDESTE;2026-01-24;8276.998;55.0473;8276.998;55.0473;8635.062;15036.1432
ITAPEBI;154;Fio dagua;JEQUITINHONHA;NORDESTE;NE;NORDESTE;2026-01-24;185.65;33.5466;160.625;29.0246;189.038;553.41
ITAUBA;113;Fio dagua;JACUI;SUL;S;SUL;2026-01-24;131.296;99.8907;131.296;99.8907;129.459;131.4396
ITIQUIRA I;304;Fio dagua;PARAGUAI;SUDESTE;SE;SUDESTE;2026-01-24;39.47;51.8786;39.47;51.8786;39.475;76.0815
ITIQUIRA II;305;Fio dagua;PARAGUAI;SUDESTE;SE;SUDESTE;2026-01-24;62.86;51.8792;62.86;51.8792;63.01;121.1661
ITUMBIARA;31;Reservatório com Usina;PARANAIBA;PARANA;SE;SUDESTE;2026-01-24;1586.872;86.3575;1586.872;86.3575;1458.338;1837.5605
ITUTINGA;2;Fio dagua;GRANDE;PARANA;SE;SUDESTE;2026-01-24;32.987;55.9335;32.987;55.9335;33.623;58.9754
JACUI;112;Fio dagua;JACUI;SUL;S;SUL;2026-01-24;125.204;111.6805;0.0;0.0;129.953;112.1091
JAGUARA;9;Fio dagua;GRANDE;PARANA;SE;SUDESTE;2026-01-24;450.953;58.1286;389.821;50.2486;453.953;775.7848
JAGUARI;120;Reservatório com Usina;PARAIBA DO SUL;SUDESTE;SE;SUDESTE;2026-01-24;13.207;58.1366;13.207;58.1366;12.044;22.7172
JAURU;195;Fio dagua;PARAGUAI;SUDESTE;SE;SUDESTE;2026-01-24;66.985;75.0522;66.985;75.0522;66.914;89.2512
JIRAU;285;Fio dagua;AMAZONAS;MADEIRA;SE;SUDESTE;2026-01-24;4081.596;111.9928;2823.151;77.463;3730.999;3644.515
JUPIA;45;Fio dagua;PARANA;PARANA;SE;SUDESTE;2026-01-24;1246.019;67.0963;1246.019;67.0963;1285.451;1857.06
JURUENA;309;Fio dagua;AMAZONAS;TELES PIRES;SE;SUDESTE;2026-01-24;45.099;94.9373;30.254;63.6873;46.649;47.504
JURUMIRIM;47;Reservatório com Usina;PARANAPANEMA;PARANAPANEMA;SE;SUDESTE;2026-01-24;34.154;36.262;34.154;36.262;34.076;94.1868
L. C. BARRETO;8;Fio dagua;GRANDE;PARANA;SE;SUDESTE;2026-01-24;613.375;57.8242;613.375;57.8242;610.882;1060.7587
LAJEADO;261;Fio dagua;TOCANTINS;SUDESTE;SE;SUDESTE;2026-01-24;525.732;36.7026;525.732;36.7026;531.605;1432.4115
LIMOEIRO;16;Fio dagua;GRANDE;PARANA;SE;SUDESTE;2026-01-24;25.85;74.5358;25.85;74.5358;26.092;34.6813
LUIZ GONZAGA;172;Reservatório com Usina;SAO FRANCISCO;NORDESTE;NE;NORDESTE;2026-01-24;1156.16;58.2692;1156.16;58.2692;1131.84;1984.17
M. MORAES;7;Reservatório com Usina;GRANDE;PARANA;SE;SUDESTE;2026-01-24;378.131;57.0666;378.131;57.0666;394.307;662.6139
MACHADINHO;91;Reservatório com Usina;URUGUAI;SUL;S;SUL;2026-01-24;318.845;69.7103;318.845;69.7103;325.743;457.3859
MANSO;278;Reservatório com Usina;PARAGUAI;SUDESTE;SE;SUDESTE;2026-01-24;116.251;77.311;116.251;77.311;115.634;150.368
MARIMBONDO;17;Reservatório com Usina;GRANDE;PARANA;SE;SUDESTE;2026-01-24;1149.662;69.2087;1149.662;69.2087;1094.448;1661.1515
MASCARENHAS;144;Fio dagua;DOCE;SUDESTE;SE;SUDESTE;2026-01-24;412.544;116.1326;304.343;85.6736;358.024;355.2354
MIRANDA;26;Reservatório com Usina;PARANAIBA;PARANA;SE;SUDESTE;2026-01-24;254.342;70.7862;254.342;70.7862;255.696;359.31
MONJOLINHO;94;Fio dagua;URUGUAI;SUL;S;SUL;2026-01-24;16.929;50.5645;16.929;50.5645;16.888;33.48
MONTE CLARO;98;Fio dagua;JACUI;SUL;S;SUL;2026-01-24;36.996;64.4932;32.393;56.469;37.234;57.3642
N. AVANHANDAVA;42;Fio dagua;TIETE;PARANA;SE;SUDESTE;2026-01-24;257.345;78.6699;257.345;78.6699;252.328;327.12
NILO PEÇANHA;131;Fio dagua;PARAIBA DO SUL;SUDESTE;SE;SUDESTE;2026-01-24;386.942;100.6992;386.942;100.6992;386.809;384.2553
NOVA PONTE;25;Reservatório com Usina;PARANAIBA;PARANA;SE;SUDESTE;2026-01-24;441.496;89.8838;441.496;89.8838;393.957;491.1852
OURINHOS;249;Fio dagua;PARANAPANEMA;PARANAPANEMA;SE;SUDESTE;2026-01-24;15.477;31.6078;15.284;31.2136;17.104;48.9658
P. AFONSO 1,2,3;174;Fio dagua;SAO FRANCISCO;NORDESTE;NE;NORDESTE;2026-01-24;992.86;58.2952;992.86;58.2952;249.625;1703.16
P. AFONSO 4;175;Fio dagua;SAO FRANCISCO;NORDESTE;NE;NORDESTE;2026-01-24;1421.096;58.2952;1421.096;58.2952;2355.279;2437.7598
P. COLOMBIA;12;Fio dagua;GRANDE;PARANA;SE;SUDESTE;2026-01-24;292.497;60.5482;247.025;51.1353;303.566;483.0812
PARAIBUNA;121;Reservatório com Usina;PARAIBA DO SUL;SUDESTE;SE;SUDESTE;2026-01-24;62.201;84.5427;62.201;84.5427;58.121;73.5735
PARANAPANEMA;53;Fio dagua;PARANAPANEMA;PARANAPANEMA;SE;SUDESTE;2026-01-24;15.393;36.4741;15.393;36.4741;16.043;42.2025
PASSO FUNDO;93;Reservatório com Usina;URUGUAI;SUL;S;SUL;2026-01-24;41.567;53.3718;41.567;53.3718;41.878;77.882
PASSO REAL;111;Reservatório com Usina;JACUI;SUL;S;SUL;2026-01-24;57.594;111.7289;57.594;111.7289;61.183;51.548
PASSO SAO JOAO;102;Fio dagua;URUGUAI;SUL;S;SUL;2026-01-24;43.792;98.3261;37.938;85.1821;43.786;44.5375
PEDRA DO CAVALO;189;Reservatório com Usina;PARAGUACU;NORDESTE;NE;NORDESTE;2026-01-24;25.633;17.667;25.633;17.667;25.955;145.0899
PEIXE ANGICAL;257;Reservatório com Usina;TOCANTINS;SUDESTE;SE;SUDESTE;2026-01-24;315.395;43.3702;315.395;43.3702;330.266;727.216
PEREIRA PASSOS;133;Fio dagua;PARAIBA DO SUL;SUDESTE;SE;SUDESTE;2026-01-24;62.041;102.074;62.041;102.074;62.645;60.7804
PICADA;126;Fio dagua;PARAIBA DO SUL;SUDESTE;SE;SUDESTE;2026-01-24;42.593;59.4997;42.593;59.4997;42.467;71.5852
PIMENTAL;314;Fio dagua;AMAZONAS;BELO MONTE;N;NORTE;2026-01-24;133.138;94.8722;133.138;94.8722;135.463;140.334
PIRAJU;48;Fio dagua;PARANAPANEMA;PARANAPANEMA;SE;SUDESTE;2026-01-24;27.84;36.4739;27.84;36.4739;28.762;76.3286
PONTE DE PEDRA;281;Fio dagua;PARAGUAI;SUDESTE;SE;SUDESTE;2026-01-24;149.039;78.3955;122.511;64.4416;148.846;190.1116
PORTO ESTRELA;135;Reservatório com Usina;DOCE;SUDESTE;SE;SUDESTE;2026-01-24;481.911;350.9128;104.826;76.3311;450.225;137.3307
PORTO PRIMAVERA;46;Fio dagua;PARANA;PARANA;SE;SUDESTE;2026-01-24;1127.801;57.4096;1127.801;57.4096;1160.749;1964.48
PROMISSÃO;40;Reservatório com Usina;TIETE;PARANA;SE;SUDESTE;2026-01-24;167.595;71.9224;95.601;41.0266;169.464;233.022
QUEBRA QUEIXO;95;Reservatório com Usina;URUGUAI;SUL;S;SUL;2026-01-24;28.773;47.931;28.773;47.931;28.533;60.03
QUEIMADO;162;Reservatório com Usina;SAO FRANCISCO;SUDESTE;SE;SUDESTE;2026-01-24;95.57;75.6626;95.57;75.6626;93.749;126.3108
RETIRO BAIXO;155;Reservatório com Usina;SAO FRANCISCO;SUDESTE;SE;SUDESTE;2026-01-24;146.521;138.1385;63.541;59.9058;141.641;106.0682
RONDON II;276;Reservatório com Usina;AMAZONAS;MADEIRA;SE;SUDESTE;2026-01-24;73.364;119.5734;73.364;119.5734;73.058;61.3548
ROSAL;217;Fio dagua;ITABAPOANA;SUDESTE;SE;SUDESTE;2026-01-24;125.894;122.0988;59.972;58.1641;125.379;103.1083
ROSANA;63;Fio dagua;PARANAPANEMA;PARANAPANEMA;SE;SUDESTE;2026-01-24;145.426;45.3982;145.426;45.3982;149.319;320.334
S.DO FACÃO;21;Reservatório com Usina;PARANAIBA;PARANA;SE;SUDESTE;2026-01-24;422.59;213.5215;422.59;213.5215;402.342;197.9145
S.R.VERDINHO;241;Fio dagua;PARANAIBA;PARANA;SE;SUDESTE;2026-01-24;38.906;40.4557;38.906;40.4557;39.419;96.1694
SA CARVALHO;193;Fio dagua;DOCE;SUDESTE;SE;SUDESTE;2026-01-24;317.393;210.5281;16.808;11.1488;309.839;150.7604
SALTO;262;Fio dagua;PARANAIBA;PARANA;SE;SUDESTE;2026-01-24;39.685;37.3516;39.685;37.3516;39.815;106.2472
SALTO CAXIAS;82;Fio dagua;IGUACU;IGUACU;S;SUL;2026-01-24;268.121;40.2969;268.121;40.2969;266.806;665.3644
SALTO GRANDE CM;134;Fio dagua;DOCE;SUDESTE;SE;SUDESTE;2026-01-24;837.039;363.6549;836.237;363.3065;827.477;230.174
SALTO GRANDE CS;50;Fio dagua;PARANAPANEMA;PARANAPANEMA;SE;SUDESTE;2026-01-24;34.207;35.3233;11.072;11.4333;36.003;96.8399
SALTO OSORIO;78;Fio dagua;IGUACU;IGUACU;S;SUL;2026-01-24;242.213;43.9479;242.213;43.9479;251.774;551.1373
SALTO PILAO;215;Fio dagua;ITAJAI;SUL;S;SUL;2026-01-24;79.155;39.0173;79.155;39.0173;79.26;202.8715
SALTO SANTIAGO;77;Reservatório com Usina;IGUACU;IGUACU;S;SUL;2026-01-24;365.77;44.4696;365.77;44.4696;370.38;822.5162
SAMUEL;279;Reservatório com Usina;AMAZONAS;MADEIRA;SE;SUDESTE;2026-01-24;340.428;252.57;340.428;252.57;308.474;134.7856
SANTA BRANCA;122;Reservatório com Usina;PARAIBA DO SUL;SUDESTE;SE;SUDESTE;2026-01-24;36.109;81.7908;36.109;81.7908;31.844;44.148
SANTA CLARA-PR;71;Reservatório com Usina;IGUACU;IGUACU;S;SUL;2026-01-24;30.83;40.3616;30.83;40.3616;30.38;76.3844
SANTO ANTONIO;287;Fio dagua;AMAZONAS;MADEIRA;SE;SUDESTE;2026-01-24;4227.007;111.4113;3137.43;82.6933;3579.999;3794.0553
SAO DOMINGOS;153;Fio dagua;PARANA;PARANA;SE;SUDESTE;2026-01-24;15.429;33.7188;13.586;29.691;15.481;45.7579
SAO JOSE;101;Fio dagua;URUGUAI;SUL;S;SUL;2026-01-24;30.264;95.3551;30.264;95.3551;29.604;31.7382
SAO MANOEL;230;Fio dagua;AMAZONAS;TELES PIRES;SE;SUDESTE;2026-01-24;754.204;91.1724;655.362;79.2238;685.755;827.2283
SAO ROQUE;88;Reservatório com Usina;URUGUAI;SUL;S;SUL;2026-01-24;54.14;67.5083;54.14;67.5083;55.261;80.1975
SAO SALVADOR;253;Fio dagua;TOCANTINS;SUDESTE;SE;SUDESTE;2026-01-24;167.214;45.9871;167.214;45.9871;167.816;363.6108
SÃO SIMÃO;33;Reservatório com Usina;PARANAIBA;PARANA;SE;SUDESTE;2026-01-24;2169.4;86.5101;2169.4;86.5101;2082.242;2507.683
SEGREDO;76;Reservatório com Usina;IGUACU;IGUACU;S;SUL;2026-01-24;335.8;46.0869;335.8;46.0869;338.19;728.624
SERRA DA MESA;251;Reservatório com Usina;TOCANTINS;SUDESTE;SE;SUDESTE;2026-01-24;769.345;53.7797;769.345;53.7797;752.012;1430.55
SIMPLICIO;129;Fio dagua;PARAIBA DO SUL;SUDESTE;SE;SUDESTE;2026-01-24;162.303;51.2752;162.303;51.2752;161.185;316.53285
SINOP;227;Reservatório com Usina;AMAZONAS;TELES PIRES;SE;SUDESTE;2026-01-24;243.888;71.4559;236.595;69.3192;201.554;341.3124
SOBRADINHO;169;Reservatório com Usina;SAO FRANCISCO;NORDESTE;NE;NORDESTE;2026-01-24;590.892;54.281;590.892;54.281;552.414;1088.5805
SOBRAGI;127;Fio dagua;PARAIBA DO SUL;SUDESTE;SE;SUDESTE;2026-01-24;47.619;53.1759;40.455;45.1759;47.71;89.55
STA.CLARA-MG;283;Fio dagua;MUCURI;SUDESTE;SE;SUDESTE;2026-01-24;53.311;71.8792;53.311;71.8792;52.22;74.1675
STO ANTONIO DO JARI;286;Fio dagua;AMAZONAS;MANAUS-AMAPA;N;NORTE;2026-01-24;71.902;45.0786;71.902;45.0786;73.493;159.5035
SUIÇA;145;Fio dagua;SANTA MARIA VIT;SUDESTE;SE;SUDESTE;2026-01-24;33.156;78.4497;24.703;58.4493;33.004;42.264
TAQUARUÇU;62;Fio dagua;PARANAPANEMA;PARANAPANEMA;SE;SUDESTE;2026-01-24;151.768;43.3861;151.768;43.3861;149.289;349.8075
TELES PIRES;229;Fio dagua;AMAZONAS;TELES PIRES;SE;SUDESTE;2026-01-24;1686.788;92.2734;1279.435;69.9898;1688.657;1828.0318
TRÊS IRMÃOS;43;Reservatório com Usina;TIETE;PARANA;SE;SUDESTE;2026-01-24;558.328;112.8682;558.328;112.8682;566.417;494.6725
TRÊS MARIAS;156;Reservatório com Usina;SAO FRANCISCO;SUDESTE;SE;SUDESTE;2026-01-24;1171.432;188.5453;1171.432;188.5453;1188.126;621.3
TUCURUI;275;Reservatório com Usina;TOCANTINS;NORTE;N;NORTE;2026-01-24;4933.012;60.8601;4933.012;60.8601;4614.057;8105.5008
VOLTA GRANDE;11;Fio dagua;GRANDE;PARANA;SE;SUDESTE;2026-01-24;316.8;59.9807;316.8;59.9807;304.628;528.1696
XINGO;178;Fio dagua;SAO FRANCISCO;NORDESTE;NE;NORDESTE;2026-01-24;2830.702;58.6735;2830.702;58.6735;2865.19;4824.4975
14 DE JULHO;99;Fio dagua;JACUI;SUL;S;SUL;2026-01-25;34.774;68.63;34.774;68.63;34.049;50.6688
A. VERMELHA;18;Reservatório com Usina;GRANDE;PARANA;SE;SUDESTE;2026-01-25;1089.743;65.8525;1089.743;65.8525;1031.148;1654.825
AIMORES;143;Fio dagua;DOCE;SUDESTE;SE;SUDESTE;2026-01-25;541.183;138.0972;430.166;109.7683;556.898;391.8856
APOLONIO SALES;173;Fio dagua;SAO FRANCISCO;NORDESTE;NE;NORDESTE;2026-01-25;246.416;56.4466;246.416;56.4466;83.743;436.5468
B. BONITA;37;Reservatório com Usina;TIETE;PARANA;SE;SUDESTE;2026-01-25;53.596;44.4447;40.276;33.399;56.748;120.5904
B.COQUEIROS;312;Fio dagua;PARANAIBA;PARANA;SE;SUDESTE;2026-01-25;36.688;39.4985;36.688;39.4985;37.917;92.8846
BAGUARI;141;Fio dagua;DOCE;SUDESTE;SE;SUDESTE;2026-01-25;332.03;192.652;46.087;26.7408;300.204;172.347
BAIXO IGUACU;83;Fio dagua;IGUACU;IGUACU;S;SUL;2026-01-25;71.242;38.0848;61.328;32.785;73.764;187.0614
BALBINA;277;Reservatório com Usina;AMAZONAS;MANAUS-AMAPA;N;NORTE;2026-01-25;171.151;203.1707;171.151;203.1707;163.337;84.24
BARIRI;38;Fio dagua;TIETE;PARANA;SE;SUDESTE;2026-01-25;69.283;49.2652;69.283;49.2652;69.668;140.6328
BARRA BRAUNA;185;Fio dagua;PARAIBA DO SUL;SUDESTE;SE;SUDESTE;2026-01-25;46.679;102.7271;35.581;78.3036;46.654;45.4398
BARRA GRANDE;86;Reservatório com Usina;URUGUAI;SUL;S;SUL;2026-01-25;123.174;46.0478;99.113;37.0527;125.005;267.4917
BATALHA;20;Reservatório com Usina;PARANAIBA;PARANA;SE;SUDESTE;2026-01-25;150.491;230.3255;150.491;230.3255;144.96;65.3384
BELO MONTE;288;Fio dagua;AMAZONAS;BELO MONTE;N;NORTE;2026-01-25;4751.573;84.8716;4751.573;84.8716;4797.224;5598.54
BOA ESPERANÇA;190;Reservatório com Usina;PARNAIBA;NORDESTE;NE;NORDESTE;2026-01-25;165.698;68.8508;165.698;68.8508;158.223;240.6624
C. DOURADA;32;Fio dagua;PARANAIBA;PARANA;SE;SUDESTE;2026-01-25;686.019;92.7633;683.857;92.4709;734.4;739.5374
C.BRANCO-1;27;Reservatório com Usina;PARANAIBA;PARANA;SE;SUDESTE;2026-01-25;282.896;93.7592;268.577;89.0135;280.19;301.726
C.BRANCO-2;28;Fio dagua;PARANAIBA;PARANA;SE;SUDESTE;2026-01-25;199.095;78.1605;199.095;78.1605;201.309;254.7259
CACHOEIRA CALDEIRAO;204;Fio dagua;ARAGUARI;MANAUS-AMAPA;N;NORTE;2026-01-25;54.727;69.6313;53.884;68.5587;55.929;78.5954
CACONDE;14;Reservatório com Usina;GRANDE;PARANA;SE;SUDESTE;2026-01-25;65.155;83.0418;65.155;83.0418;63.673;78.4605
CACU;311;Reservatório com Usina;PARANAIBA;PARANA;SE;SUDESTE;2026-01-25;26.728;39.5654;26.728;39.5654;27.557;67.554
CAMARGOS;1;Reservatório com Usina;GRANDE;PARANA;SE;SUDESTE;2026-01-25;38.337;76.3089;38.337;76.3089;38.5;50.2392
CAMPOS NOVOS;90;Reservatório com Usina;URUGUAI;SUL;S;SUL;2026-01-25;231.596;60.0749;231.596;60.0749;234.39;385.512
CANA BRAVA;252;Fio dagua;TOCANTINS;SUDESTE;SE;SUDESTE;2026-01-25;414.042;69.6894;414.042;69.6894;415.963;594.1248
CANASTRA;87;Fio dagua;JACUI;SUL;S;SUL;2026-01-25;;;;;;
CANDONGA;139;Fio dagua;DOCE;SUDESTE;SE;SUDESTE;2026-01-25;219.927;183.6094;115.457;96.391;201.6;119.7798
CANOAS I;52;Fio dagua;PARANAPANEMA;PARANAPANEMA;SE;SUDESTE;2026-01-25;35.224;34.434;35.224;34.434;36.39;102.2943
CANOAS II;51;Fio dagua;PARANAPANEMA;PARANAPANEMA;SE;SUDESTE;2026-01-25;28.868;33.8055;28.868;33.8055;29.864;85.3944
CAPIVARA;61;Reservatório com Usina;PARANAPANEMA;PARANAPANEMA;SE;SUDESTE;2026-01-25;222.483;39.5368;222.483;39.5368;235.654;562.7232
CASTRO ALVES;97;Fio dagua;JACUI;SUL;S;SUL;2026-01-25;68.055;92.3536;68.055;92.3536;66.637;73.6896
CHAVANTES;49;Reservatório com Usina;PARANAPANEMA;PARANAPANEMA;SE;SUDESTE;2026-01-25;90.382;29.0895;90.382;29.0895;89.372;310.7031
COARACY NUNES;280;Fio dagua;ARAGUARI;MANAUS-AMAPA;N;NORTE;2026-01-25;70.423;69.9338;47.627;47.2962;70.501;100.6995
COLIDER;228;Fio dagua;AMAZONAS;TELES PIRES;SE;SUDESTE;2026-01-25;228.011;71.5295;200.581;62.9244;166.517;318.7652
CORUMBA;30;Reservatório com Usina;PARANAIBA;PARANA;SE;SUDESTE;2026-01-25;447.604;99.1855;447.604;99.1855;447.926;451.2798
CORUMBA-3;203;Reservatório com Usina;PARANAIBA;PARANA;SE;SUDESTE;2026-01-25;166.719;185.4517;160.124;178.1156;165.935;89.8989
CORUMBA-4;29;Reservatório com Usina;PARANAIBA;PARANA;SE;SUDESTE;2026-01-25;254.275;209.4715;248.439;204.6639;257.523;121.3888
CURUA-UNA;272;Reservatório com Usina;AMAZONAS;BELO MONTE;N;NORTE;2026-01-25;24.57;96.912;24.57;96.912;21.005;25.3529
D. FRANCISCA;114;Fio dagua;JACUI;SUL;S;SUL;2026-01-25;64.811;91.0942;64.811;91.0942;65.253;71.1472
DARDANELOS;310;Fio dagua;AMAZONAS;MADEIRA;SE;SUDESTE;2026-01-25;465.965;109.8914;259.167;61.1209;453.374;424.0232
E. DA CUNHA;15;Fio dagua;GRANDE;PARANA;SE;SUDESTE;2026-01-25;94.833;82.0846;84.33;72.9935;95.287;115.5308
EMBORCAÇÃO;24;Reservatório com Usina;PARANAIBA;PARANA;SE;SUDESTE;2026-01-25;1387.246;139.1127;1387.246;139.1127;1330.406;997.2102
ESPORA;290;Reservatório com Usina;PARANAIBA;PARANA;SE;SUDESTE;2026-01-25;18.794;58.4245;18.794;58.4245;17.837;32.168
ESTREITO;267;Fio dagua;TOCANTINS;NORTE;N;NORTE;2026-01-25;590.718;41.9417;488.805;34.7058;546.225;1408.425
FERREIRA GOMES;284;Fio dagua;ARAGUARI;MANAUS-AMAPA;N;NORTE;2026-01-25;59.563;70.3277;59.563;70.3277;64.062;84.6935
FONTES;132;Fio dagua;PARAIBA DO SUL;SUDESTE;SE;SUDESTE;2026-01-25;137.771;113.333;137.771;113.333;137.681;121.563
FOZ CHAPECO;103;Fio dagua;URUGUAI;SUL;S;SUL;2026-01-25;248.528;64.2831;200.765;51.9289;253.027;386.6148
FOZ DO RIO CLARO;315;Fio dagua;PARANAIBA;PARANA;SE;SUDESTE;2026-01-25;29.262;39.4128;27.586;37.1554;29.222;74.245
FUNDÃO;72;Fio dagua;IGUACU;IGUACU;S;SUL;2026-01-25;32.48;39.4945;32.48;39.4945;33.645;82.2393
FUNIL;123;Reservatório com Usina;PARAIBA DO SUL;SUDESTE;SE;SUDESTE;2026-01-25;172.451;82.7083;172.451;82.7083;164.549;208.505
FUNIL-MG;4;Fio dagua;GRANDE;PARANA;SE;SUDESTE;2026-01-25;128.928;63.7333;128.928;63.7333;131.908;202.293
FURNAS;6;Reservatório com Usina;GRANDE;PARANA;SE;SUDESTE;2026-01-25;1083.274;77.8749;1083.274;77.8749;1047.272;1391.043
G. B. MUNHOZ;74;Reservatório com Usina;IGUACU;IGUACU;S;SUL;2026-01-25;278.547;41.1405;278.547;41.1405;273.064;677.0622
G. P. SOUZA;115;Reservatório com Usina;CAPIVARI;SUL;S;SUL;2026-01-25;95.249;59.9597;95.249;59.9597;95.176;158.855
GARIBALDI;89;Reservatório com Usina;URUGUAI;SUL;S;SUL;2026-01-25;47.957;58.7917;47.957;58.7917;47.7;81.5711
GOV JAYME CANET JR;57;Reservatório com Usina;PARANAPANEMA;IGUACU;S;SUL;2026-01-25;70.614;22.0623;49.626;15.5049;70.088;320.067
GUAPORE;196;Fio dagua;AMAZONAS;MADEIRA;SE;SUDESTE;2026-01-25;59.336;106.6672;59.336;106.6672;59.26;55.6272
GUILM. AMORIM;192;Fio dagua;DOCE;SUDESTE;SE;SUDESTE;2026-01-25;210.299;141.1622;145.876;97.9186;209.358;148.9768
HENRY BORDEN;119;Fio dagua;TIETE;SUDESTE;SE;SUDESTE;2026-01-25;371.411;97.5822;371.411;97.5822;371.304;380.6136
I. SOLTEIRA;34;Reservatório com Usina;PARANA;PARANA;SE;SUDESTE;2026-01-25;2346.394;69.9735;2346.394;69.9735;2399.99;3353.2623
IBITINGA;39;Fio dagua;TIETE;PARANA;SE;SUDESTE;2026-01-25;86.329;54.7357;86.329;54.7357;87.648;157.7196
IGARAPAVA;10;Fio dagua;GRANDE;PARANA;SE;SUDESTE;2026-01-25;186.208;60.6167;163.515;53.2294;187.641;307.1891
ILHA POMBOS;130;Fio dagua;PARAIBA DO SUL;SUDESTE;SE;SUDESTE;2026-01-25;183.285;78.6927;118.167;50.7345;185.77;232.9124
IRAPE;148;Reservatório com Usina;JEQUITINHONHA;SUDESTE;SE;SUDESTE;2026-01-25;679.069;141.5939;679.069;141.5939;684.602;479.589
ITÁ;92;Fio dagua;URUGUAI;SUL;S;SUL;2026-01-25;348.433;54.1753;348.433;54.1753;351.157;643.1579
ITAIPU;66;Fio dagua;PARANA;ITAIPU;SE;SUDESTE;2026-01-25;8434.899;56.0975;8434.899;56.0975;8825.837;15036.1432
ITAPEBI;154;Fio dagua;JEQUITINHONHA;NORDESTE;NE;NORDESTE;2026-01-25;229.143;41.4056;121.893;22.0258;232.447;553.41
ITAUBA;113;Fio dagua;JACUI;SUL;S;SUL;2026-01-25;130.239;99.0866;130.239;99.0866;128.98;131.4396
ITIQUIRA I;304;Fio dagua;PARAGUAI;SUDESTE;SE;SUDESTE;2026-01-25;39.055;51.3331;39.055;51.3331;38.993;76.0815
ITIQUIRA II;305;Fio dagua;PARAGUAI;SUDESTE;SE;SUDESTE;2026-01-25;62.199;51.3337;62.199;51.3337;62.379;121.1661
ITUMBIARA;31;Reservatório com Usina;PARANAIBA;PARANA;SE;SUDESTE;2026-01-25;1775.814;96.6398;1775.814;96.6398;1648.728;1837.5605
ITUTINGA;2;Fio dagua;GRANDE;PARANA;SE;SUDESTE;2026-01-25;45.004;76.3098;45.004;76.3098;45.872;58.9754
JACUI;112;Fio dagua;JACUI;SUL;S;SUL;2026-01-25;121.308;108.2053;31.462;28.0637;125.603;112.1091
JAGUARA;9;Fio dagua;GRANDE;PARANA;SE;SUDESTE;2026-01-25;475.236;61.2587;467.743;60.2929;481.847;775.7848
JAGUARI;120;Reservatório com Usina;PARAIBA DO SUL;SUDESTE;SE;SUDESTE;2026-01-25;14.09;62.0235;14.09;62.0235;12.91;22.7172
JAURU;195;Fio dagua;PARAGUAI;SUDESTE;SE;SUDESTE;2026-01-25;71.103;79.6662;71.103;79.6662;70.885;89.2512
JIRAU;285;Fio dagua;AMAZONAS;MADEIRA;SE;SUDESTE;2026-01-25;4142.525;113.6646;2911.825;79.8961;3789.117;3644.515
JUPIA;45;Fio dagua;PARANA;PARANA;SE;SUDESTE;2026-01-25;1338.262;72.0635;1338.262;72.0635;1376.709;1857.06
JURUENA;309;Fio dagua;AMAZONAS;TELES PIRES;SE;SUDESTE;2026-01-25;43.505;91.5818;23.019;48.457;44.827;47.504
JURUMIRIM;47;Reservatório com Usina;PARANAPANEMA;PARANAPANEMA;SE;SUDESTE;2026-01-25;29.521;31.343;29.521;31.343;29.453;94.1868
L. C. BARRETO;8;Fio dagua;GRANDE;PARANA;SE;SUDESTE;2026-01-25;655.724;61.8165;655.724;61.8165;655.096;1060.7587
LAJEADO;261;Fio dagua;TOCANTINS;SUDESTE;SE;SUDESTE;2026-01-25;585.313;40.8621;585.313;40.8621;585.467;1432.4115
LIMOEIRO;16;Fio dagua;GRANDE;PARANA;SE;SUDESTE;2026-01-25;28.074;80.9485;28.074;80.9485;27.889;34.6813
LUIZ GONZAGA;172;Reservatório com Usina;SAO FRANCISCO;NORDESTE;NE;NORDESTE;2026-01-25;1119.498;56.4215;1119.498;56.4215;1094.403;1984.17
M. MORAES;7;Reservatório com Usina;GRANDE;PARANA;SE;SUDESTE;2026-01-25;417.353;62.9859;417.353;62.9859;437.602;662.6139
MACHADINHO;91;Reservatório com Usina;URUGUAI;SUL;S;SUL;2026-01-25;275.16;60.1593;275.16;60.1593;281.34;457.3859
MANSO;278;Reservatório com Usina;PARAGUAI;SUDESTE;SE;SUDESTE;2026-01-25;492.242;327.3582;492.242;327.3582;484.465;150.368
MARIMBONDO;17;Reservatório com Usina;GRANDE;PARANA;SE;SUDESTE;2026-01-25;1124.835;67.7142;1124.835;67.7142;1078.491;1661.1515
MASCARENHAS;144;Fio dagua;DOCE;SUDESTE;SE;SUDESTE;2026-01-25;465.161;130.9444;261.886;73.7218;386.099;355.2354
MIRANDA;26;Reservatório com Usina;PARANAIBA;PARANA;SE;SUDESTE;2026-01-25;364.13;101.3415;364.13;101.3415;366.587;359.31
MONJOLINHO;94;Fio dagua;URUGUAI;SUL;S;SUL;2026-01-25;18.625;55.6302;18.625;55.6302;18.646;33.48
MONTE CLARO;98;Fio dagua;JACUI;SUL;S;SUL;2026-01-25;39.978;69.6915;35.375;61.6674;40.144;57.3642
N. AVANHANDAVA;42;Fio dagua;TIETE;PARANA;SE;SUDESTE;2026-01-25;203.513;62.2136;203.513;62.2136;199.812;327.12
NILO PEÇANHA;131;Fio dagua;PARAIBA DO SUL;SUDESTE;SE;SUDESTE;2026-01-25;386.942;100.6992;386.942;100.6992;386.834;384.2553
NOVA PONTE;25;Reservatório com Usina;PARANAIBA;PARANA;SE;SUDESTE;2026-01-25;642.457;130.7973;642.457;130.7973;571.309;491.1852
OURINHOS;249;Fio dagua;PARANAPANEMA;PARANAPANEMA;SE;SUDESTE;2026-01-25;14.469;29.5492;14.469;29.5492;16.017;48.9658
P. AFONSO 1,2,3;174;Fio dagua;SAO FRANCISCO;NORDESTE;NE;NORDESTE;2026-01-25;961.377;56.4467;961.377;56.4467;351.625;1703.16
P. AFONSO 4;175;Fio dagua;SAO FRANCISCO;NORDESTE;NE;NORDESTE;2026-01-25;1376.034;56.4467;1376.034;56.4467;2141.18;2437.7598
P. COLOMBIA;12;Fio dagua;GRANDE;PARANA;SE;SUDESTE;2026-01-25;295.243;61.1166;234.682;48.5802;303.887;483.0812
PARAIBUNA;121;Reservatório com Usina;PARAIBA DO SUL;SUDESTE;SE;SUDESTE;2026-01-25;91.28;124.0664;91.28;124.0664;85.383;73.5735
PARANAPANEMA;53;Fio dagua;PARANAPANEMA;PARANAPANEMA;SE;SUDESTE;2026-01-25;13.585;32.19;13.585;32.19;14.167;42.2025
PASSO FUNDO;93;Reservatório com Usina;URUGUAI;SUL;S;SUL;2026-01-25;45.461;58.3716;45.461;58.3716;45.822;77.882
PASSO REAL;111;Reservatório com Usina;JACUI;SUL;S;SUL;2026-01-25;55.782;108.2137;55.782;108.2137;59.629;51.548
PASSO SAO JOAO;102;Fio dagua;URUGUAI;SUL;S;SUL;2026-01-25;40.636;91.24;29.184;65.5268;41.088;44.5375
PEDRA DO CAVALO;189;Reservatório com Usina;PARAGUACU;NORDESTE;NE;NORDESTE;2026-01-25;21.223;14.6275;21.223;14.6275;21.49;145.0899
PEIXE ANGICAL;257;Reservatório com Usina;TOCANTINS;SUDESTE;SE;SUDESTE;2026-01-25;345.827;47.5549;345.827;47.5549;356.939;727.216
PEREIRA PASSOS;133;Fio dagua;PARAIBA DO SUL;SUDESTE;SE;SUDESTE;2026-01-25;63.044;103.7242;63.044;103.7242;63.489;60.7804
PICADA;126;Fio dagua;PARAIBA DO SUL;SUDESTE;SE;SUDESTE;2026-01-25;53.62;74.9038;49.001;68.4513;53.593;71.5852
PIMENTAL;314;Fio dagua;AMAZONAS;BELO MONTE;N;NORTE;2026-01-25;134.289;95.6924;134.289;95.6924;140.913;140.334
PIRAJU;48;Fio dagua;PARANAPANEMA;PARANAPANEMA;SE;SUDESTE;2026-01-25;24.57;32.1898;24.57;32.1898;25.384;76.3286
PONTE DE PEDRA;281;Fio dagua;PARAGUAI;SUDESTE;SE;SUDESTE;2026-01-25;143.225;75.3373;116.698;61.3839;143.349;190.1116
PORTO ESTRELA;135;Reservatório com Usina;DOCE;SUDESTE;SE;SUDESTE;2026-01-25;281.725;205.1435;69.529;50.6289;270.03;137.3307
PORTO PRIMAVERA;46;Fio dagua;PARANA;PARANA;SE;SUDESTE;2026-01-25;1209.592;61.5731;1209.592;61.5731;1244.929;1964.48
PROMISSÃO;40;Reservatório com Usina;TIETE;PARANA;SE;SUDESTE;2026-01-25;137.063;58.8198;120.023;51.5072;139.894;233.022
QUEBRA QUEIXO;95;Reservatório com Usina;URUGUAI;SUL;S;SUL;2026-01-25;29.746;49.5519;29.746;49.5519;29.54;60.03
QUEIMADO;162;Reservatório com Usina;SAO FRANCISCO;SUDESTE;SE;SUDESTE;2026-01-25;93.454;73.9873;93.454;73.9873;91.78;126.3108
RETIRO BAIXO;155;Reservatório com Usina;SAO FRANCISCO;SUDESTE;SE;SUDESTE;2026-01-25;170.807;161.0351;75.111;70.8139;165.255;106.0682
RONDON II;276;Reservatório com Usina;AMAZONAS;MADEIRA;SE;SUDESTE;2026-01-25;90.532;147.5549;90.532;147.5549;90.878;61.3548
ROSAL;217;Fio dagua;ITABAPOANA;SUDESTE;SE;SUDESTE;2026-01-25;105.204;102.0325;54.495;52.8522;105.255;103.1083
ROSANA;63;Fio dagua;PARANAPANEMA;PARANAPANEMA;SE;SUDESTE;2026-01-25;138.038;43.0919;138.038;43.0919;143.03;320.334
S.DO FACÃO;21;Reservatório com Usina;PARANAIBA;PARANA;SE;SUDESTE;2026-01-25;446.145;225.4231;446.145;225.4231;425.069;197.9145
S.R.VERDINHO;241;Fio dagua;PARANAIBA;PARANA;SE;SUDESTE;2026-01-25;36.963;38.4353;36.963;38.4353;37.503;96.1694
SA CARVALHO;193;Fio dagua;DOCE;SUDESTE;SE;SUDESTE;2026-01-25;220.251;146.0934;0.0;0.0;216.31;150.7604
SALTO;262;Fio dagua;PARANAIBA;PARANA;SE;SUDESTE;2026-01-25;40.851;38.449;40.851;38.449;41.082;106.2472
SALTO CAXIAS;82;Fio dagua;IGUACU;IGUACU;S;SUL;2026-01-25;260.567;39.1615;239.302;35.9656;260.701;665.3644
SALTO GRANDE CM;134;Fio dagua;DOCE;SUDESTE;SE;SUDESTE;2026-01-25;460.557;200.0908;459.755;199.7424;455.246;230.174
SALTO GRANDE CS;50;Fio dagua;PARANAPANEMA;PARANAPANEMA;SE;SUDESTE;2026-01-25;32.246;33.2983;9.556;9.8678;33.697;96.8399
SALTO OSORIO;78;Fio dagua;IGUACU;IGUACU;S;SUL;2026-01-25;236.271;42.8697;220.179;39.9499;242.631;551.1373
SALTO PILAO;215;Fio dagua;ITAJAI;SUL;S;SUL;2026-01-25;72.505;35.7394;63.684;31.3913;72.685;202.8715
SALTO SANTIAGO;77;Reservatório com Usina;IGUACU;IGUACU;S;SUL;2026-01-25;355.216;43.1865;355.216;43.1865;359.441;822.5162
SAMUEL;279;Reservatório com Usina;AMAZONAS;MADEIRA;SE;SUDESTE;2026-01-25;386.47;286.7294;386.47;286.7294;359.943;134.7856
SANTA BRANCA;122;Reservatório com Usina;PARAIBA DO SUL;SUDESTE;SE;SUDESTE;2026-01-25;51.083;115.7085;51.083;115.7085;45.248;44.148
SANTA CLARA-PR;71;Reservatório com Usina;IGUACU;IGUACU;S;SUL;2026-01-25;29.375;38.4568;29.375;38.4568;28.885;76.3844
SANTO ANTONIO;287;Fio dagua;AMAZONAS;MADEIRA;SE;SUDESTE;2026-01-25;4260.862;112.3036;3117.1;82.1575;3599.213;3794.0553
SAO DOMINGOS;153;Fio dagua;PARANA;PARANA;SE;SUDESTE;2026-01-25;17.962;39.2544;12.434;27.1734;18.175;45.7579
SAO JOSE;101;Fio dagua;URUGUAI;SUL;S;SUL;2026-01-25;28.208;88.8771;24.452;77.0428;27.847;31.7382
SAO MANOEL;230;Fio dagua;AMAZONAS;TELES PIRES;SE;SUDESTE;2026-01-25;782.346;94.5744;697.107;84.2702;695.55;827.2283
SAO ROQUE;88;Reservatório com Usina;URUGUAI;SUL;S;SUL;2026-01-25;50.876;63.4384;50.876;63.4384;51.773;80.1975
SAO SALVADOR;253;Fio dagua;TOCANTINS;SUDESTE;SE;SUDESTE;2026-01-25;201.078;55.3003;201.078;55.3003;200.028;363.6108
SÃO SIMÃO;33;Reservatório com Usina;PARANAIBA;PARANA;SE;SUDESTE;2026-01-25;2398.377;95.6412;2398.377;95.6412;2303.737;2507.683
SEGREDO;76;Reservatório com Usina;IGUACU;IGUACU;S;SUL;2026-01-25;329.318;45.1972;329.318;45.1972;332.147;728.624
SERRA DA MESA;251;Reservatório com Usina;TOCANTINS;SUDESTE;SE;SUDESTE;2026-01-25;1220.264;85.3003;1220.264;85.3003;1193.947;1430.55
SIMPLICIO;129;Fio dagua;PARAIBA DO SUL;SUDESTE;SE;SUDESTE;2026-01-25;131.572;41.5666;131.572;41.5666;131.467;316.53285
SINOP;227;Reservatório com Usina;AMAZONAS;TELES PIRES;SE;SUDESTE;2026-01-25;244.405;71.6074;237.112;69.4707;203.904;341.3124
SOBRADINHO;169;Reservatório com Usina;SAO FRANCISCO;NORDESTE;NE;NORDESTE;2026-01-25;575.429;52.8605;575.429;52.8605;538.166;1088.5805
SOBRAGI;127;Fio dagua;PARAIBA DO SUL;SUDESTE;SE;SUDESTE;2026-01-25;55.449;61.9196;43.987;49.12;55.569;89.55
STA.CLARA-MG;283;Fio dagua;MUCURI;SUDESTE;SE;SUDESTE;2026-01-25;63.847;86.0849;63.847;86.0849;61.959;74.1675
STO ANTONIO DO JARI;286;Fio dagua;AMAZONAS;MANAUS-AMAPA;N;NORTE;2026-01-25;71.471;44.8084;71.471;44.8084;73.219;159.5035
SUIÇA;145;Fio dagua;SANTA MARIA VIT;SUDESTE;SE;SUDESTE;2026-01-25;26.838;63.5009;24.724;58.499;26.692;42.264
TAQUARUÇU;62;Fio dagua;PARANAPANEMA;PARANAPANEMA;SE;SUDESTE;2026-01-25;143.188;40.9334;143.188;40.9334;141.783;349.8075
TELES PIRES;229;Fio dagua;AMAZONAS;TELES PIRES;SE;SUDESTE;2026-01-25;1751.221;95.7982;1414.625;77.3851;1755.666;1828.0318
TRÊS IRMÃOS;43;Reservatório com Usina;TIETE;PARANA;SE;SUDESTE;2026-01-25;491.01;99.2596;491.01;99.2596;498.339;494.6725
TRÊS MARIAS;156;Reservatório com Usina;SAO FRANCISCO;SUDESTE;SE;SUDESTE;2026-01-25;1218.153;196.0652;1218.153;196.0652;1241.115;621.3
TUCURUI;275;Reservatório com Usina;TOCANTINS;NORTE;N;NORTE;2026-01-25;4873.748;60.1289;4873.748;60.1289;4550.591;8105.5008
VOLTA GRANDE;11;Fio dagua;GRANDE;PARANA;SE;SUDESTE;2026-01-25;322.839;61.1241;322.839;61.1241;312.424;528.1696
XINGO;178;Fio dagua;SAO FRANCISCO;NORDESTE;NE;NORDESTE;2026-01-25;2816.849;58.3864;2816.849;58.3864;2872.835;4824.4975
14 DE JULHO;99;Fio dagua;JACUI;SUL;S;SUL;2026-01-26;36.825;72.6779;36.825;72.6779;35.708;50.6688
A. VERMELHA;18;Reservatório com Usina;GRANDE;PARANA;SE;SUDESTE;2026-01-26;1069.994;64.659;1069.994;64.659;1011.849;1654.825
AIMORES;143;Fio dagua;DOCE;SUDESTE;SE;SUDESTE;2026-01-26;470.094;119.9569;317.893;81.1188;486.041;391.8856
APOLONIO SALES;173;Fio dagua;SAO FRANCISCO;NORDESTE;NE;NORDESTE;2026-01-26;235.006;53.8329;235.006;53.8329;63.007;436.5468
B. BONITA;37;Reservatório com Usina;TIETE;PARANA;SE;SUDESTE;2026-01-26;55.377;45.9216;42.057;34.8759;59.489;120.5904
B.COQUEIROS;312;Fio dagua;PARANAIBA;PARANA;SE;SUDESTE;2026-01-26;36.026;38.7858;36.026;38.7858;37.192;92.8846
BAGUARI;141;Fio dagua;DOCE;SUDESTE;SE;SUDESTE;2026-01-26;251.418;145.879;56.318;32.6771;234.895;172.347
BAIXO IGUACU;83;Fio dagua;IGUACU;IGUACU;S;SUL;2026-01-26;71.355;38.1452;71.355;38.1452;72.055;187.0614
BALBINA;277;Reservatório com Usina;AMAZONAS;MANAUS-AMAPA;N;NORTE;2026-01-26;171.236;203.2716;171.236;203.2716;163.196;84.24
BARIRI;38;Fio dagua;TIETE;PARANA;SE;SUDESTE;2026-01-26;67.792;48.205;60.215;42.8172;67.465;140.6328
BARRA BRAUNA;185;Fio dagua;PARAIBA DO SUL;SUDESTE;SE;SUDESTE;2026-01-26;38.063;83.7658;36.387;80.0774;38.026;45.4398
BARRA GRANDE;86;Reservatório com Usina;URUGUAI;SUL;S;SUL;2026-01-26;95.547;35.7196;88.47;33.0739;96.402;267.4917
BATALHA;20;Reservatório com Usina;PARANAIBA;PARANA;SE;SUDESTE;2026-01-26;129.061;197.527;129.061;197.527;124.94;65.3384
BELO MONTE;288;Fio dagua;AMAZONAS;BELO MONTE;N;NORTE;2026-01-26;4813.959;85.986;4813.959;85.986;4852.7;5598.54
BOA ESPERANÇA;190;Reservatório com Usina;PARNAIBA;NORDESTE;NE;NORDESTE;2026-01-26;158.584;65.8948;158.584;65.8948;151.206;240.6624
C. DOURADA;32;Fio dagua;PARANAIBA;PARANA;SE;SUDESTE;2026-01-26;775.542;104.8685;773.65;104.6127;829.252;739.5374
C.BRANCO-1;27;Reservatório com Usina;PARANAIBA;PARANA;SE;SUDESTE;2026-01-26;364.5;120.805;350.181;116.0593;358.578;301.726
C.BRANCO-2;28;Fio dagua;PARANAIBA;PARANA;SE;SUDESTE;2026-01-26;266.003;104.4272;266.003;104.4272;267.108;254.7259
CACHOEIRA CALDEIRAO;204;Fio dagua;ARAGUARI;MANAUS-AMAPA;N;NORTE;2026-01-26;53.836;68.4976;53.414;67.9607;54.984;78.5954
CACONDE;14;Reservatório com Usina;GRANDE;PARANA;SE;SUDESTE;2026-01-26;81.335;103.6636;81.335;103.6636;79.72;78.4605
CACU;311;Reservatório com Usina;PARANAIBA;PARANA;SE;SUDESTE;2026-01-26;25.974;38.4492;25.974;38.4492;26.665;67.554
CAMARGOS;1;Reservatório com Usina;GRANDE;PARANA;SE;SUDESTE;2026-01-26;47.962;95.4673;47.962;95.4673;48.712;50.2392
CAMPOS NOVOS;90;Reservatório com Usina;URUGUAI;SUL;S;SUL;2026-01-26;208.096;53.9791;208.096;53.9791;209.618;385.512
CANA BRAVA;252;Fio dagua;TOCANTINS;SUDESTE;SE;SUDESTE;2026-01-26;550.041;92.58;550.041;92.58;547.926;594.1248
CANASTRA;87;Fio dagua;JACUI;SUL;S;SUL;2026-01-26;;;;;;
CANDONGA;139;Fio dagua;DOCE;SUDESTE;SE;SUDESTE;2026-01-26;174.703;145.8535;140.03;116.9062;162.081;119.7798
CANOAS I;52;Fio dagua;PARANAPANEMA;PARANAPANEMA;SE;SUDESTE;2026-01-26;32.429;31.7017;31.536;30.8287;33.423;102.2943
CANOAS II;51;Fio dagua;PARANAPANEMA;PARANAPANEMA;SE;SUDESTE;2026-01-26;26.477;31.0055;26.477;31.0055;27.26;85.3944
CAPIVARA;61;Reservatório com Usina;PARANAPANEMA;PARANAPANEMA;SE;SUDESTE;2026-01-26;209.814;37.2855;209.814;37.2855;220.413;562.7232
CASTRO ALVES;97;Fio dagua;JACUI;SUL;S;SUL;2026-01-26;67.18;91.1662;67.18;91.1662;65.85;73.6896
CHAVANTES;49;Reservatório com Usina;PARANAPANEMA;PARANAPANEMA;SE;SUDESTE;2026-01-26;82.0;26.3918;82.0;26.3918;80.757;310.7031
COARACY NUNES;280;Fio dagua;ARAGUARI;MANAUS-AMAPA;N;NORTE;2026-01-26;69.034;68.5545;69.034;68.5545;68.87;100.6995
COLIDER;228;Fio dagua;AMAZONAS;TELES PIRES;SE;SUDESTE;2026-01-26;227.506;71.371;227.506;71.371;172.461;318.7652
CORUMBA;30;Reservatório com Usina;PARANAIBA;PARANA;SE;SUDESTE;2026-01-26;571.275;126.59;571.275;126.59;574.576;451.2798
CORUMBA-3;203;Reservatório com Usina;PARANAIBA;PARANA;SE;SUDESTE;2026-01-26;139.166;154.8028;133.266;148.2399;138.159;89.8989
CORUMBA-4;29;Reservatório com Usina;PARANAIBA;PARANA;SE;SUDESTE;2026-01-26;158.29;130.3992;153.621;126.5529;159.481;121.3888
CURUA-UNA;272;Reservatório com Usina;AMAZONAS;BELO MONTE;N;NORTE;2026-01-26;24.349;96.0403;24.349;96.0403;20.689;25.3529
D. FRANCISCA;114;Fio dagua;JACUI;SUL;S;SUL;2026-01-26;62.959;88.4912;62.959;88.4912;62.221;71.1472
DARDANELOS;310;Fio dagua;AMAZONAS;MADEIRA;SE;SUDESTE;2026-01-26;485.906;114.5942;259.992;61.3155;472.477;424.0232
E. DA CUNHA;15;Fio dagua;GRANDE;PARANA;SE;SUDESTE;2026-01-26;113.175;97.9609;113.175;97.9609;111.771;115.5308
EMBORCAÇÃO;24;Reservatório com Usina;PARANAIBA;PARANA;SE;SUDESTE;2026-01-26;1399.187;140.3101;1399.187;140.3101;1343.386;997.2102
ESPORA;290;Reservatório com Usina;PARANAIBA;PARANA;SE;SUDESTE;2026-01-26;19.534;60.7249;19.534;60.7249;18.531;32.168
ESTREITO;267;Fio dagua;TOCANTINS;NORTE;N;NORTE;2026-01-26;567.727;40.3094;511.812;36.3393;508.6;1408.425
FERREIRA GOMES;284;Fio dagua;ARAGUARI;MANAUS-AMAPA;N;NORTE;2026-01-26;58.211;68.7314;58.211;68.7314;60.942;84.6935
FONTES;132;Fio dagua;PARAIBA DO SUL;SUDESTE;SE;SUDESTE;2026-01-26;137.771;113.333;137.771;113.333;137.86;121.563
FOZ CHAPECO;103;Fio dagua;URUGUAI;SUL;S;SUL;2026-01-26;223.344;57.7691;189.549;49.0279;224.486;386.6148
FOZ DO RIO CLARO;315;Fio dagua;PARANAIBA;PARANA;SE;SUDESTE;2026-01-26;29.13;39.235;29.13;39.235;28.96;74.245
FUNDÃO;72;Fio dagua;IGUACU;IGUACU;S;SUL;2026-01-26;29.673;36.0813;28.842;35.0708;30.73;82.2393
FUNIL;123;Reservatório com Usina;PARAIBA DO SUL;SUDESTE;SE;SUDESTE;2026-01-26;224.41;107.6281;224.41;107.6281;217.872;208.505
FUNIL-MG;4;Fio dagua;GRANDE;PARANA;SE;SUDESTE;2026-01-26;156.557;77.3912;156.557;77.3912;158.785;202.293
FURNAS;6;Reservatório com Usina;GRANDE;PARANA;SE;SUDESTE;2026-01-26;1283.459;92.2659;1283.459;92.2659;1239.242;1391.043
G. B. MUNHOZ;74;Reservatório com Usina;IGUACU;IGUACU;S;SUL;2026-01-26;257.174;37.9838;257.174;37.9838;250.639;677.0622
G. P. SOUZA;115;Reservatório com Usina;CAPIVARI;SUL;S;SUL;2026-01-26;97.664;61.48;97.664;61.48;97.562;158.855
GARIBALDI;89;Reservatório com Usina;URUGUAI;SUL;S;SUL;2026-01-26;43.476;53.2983;43.476;53.2983;43.182;81.5711
GOV JAYME CANET JR;57;Reservatório com Usina;PARANAPANEMA;IGUACU;S;SUL;2026-01-26;68.515;21.4065;62.219;19.4394;67.704;320.067
GUAPORE;196;Fio dagua;AMAZONAS;MADEIRA;SE;SUDESTE;2026-01-26;61.144;109.9175;61.144;109.9175;61.017;55.6272
GUILM. AMORIM;192;Fio dagua;DOCE;SUDESTE;SE;SUDESTE;2026-01-26;132.056;88.642;115.95;77.8309;130.336;148.9768
HENRY BORDEN;119;Fio dagua;TIETE;SUDESTE;SE;SUDESTE;2026-01-26;816.388;214.4926;816.388;214.4926;814.122;380.6136
I. SOLTEIRA;34;Reservatório com Usina;PARANA;PARANA;SE;SUDESTE;2026-01-26;2512.095;74.915;2512.095;74.915;2559.928;3353.2623
IBITINGA;39;Fio dagua;TIETE;PARANA;SE;SUDESTE;2026-01-26;83.741;53.0949;70.887;44.945;84.898;157.7196
IGARAPAVA;10;Fio dagua;GRANDE;PARANA;SE;SUDESTE;2026-01-26;207.661;67.6004;207.661;67.6004;206.56;307.1891
ILHA POMBOS;130;Fio dagua;PARAIBA DO SUL;SUDESTE;SE;SUDESTE;2026-01-26;210.959;90.5744;32.356;13.8919;212.494;232.9124
IRAPE;148;Reservatório com Usina;JEQUITINHONHA;SUDESTE;SE;SUDESTE;2026-01-26;615.429;128.3243;615.429;128.3243;621.551;479.589
ITÁ;92;Fio dagua;URUGUAI;SUL;S;SUL;2026-01-26;302.848;47.0877;302.848;47.0877;303.489;643.1579
ITAIPU;66;Fio dagua;PARANA;ITAIPU;SE;SUDESTE;2026-01-26;8551.24;56.8712;8551.24;56.8712;8921.922;15036.1432
ITAPEBI;154;Fio dagua;JEQUITINHONHA;NORDESTE;NE;NORDESTE;2026-01-26;228.392;41.2699;161.897;29.2544;230.584;553.41
ITAUBA;113;Fio dagua;JACUI;SUL;S;SUL;2026-01-26;128.448;97.724;128.448;97.724;125.91;131.4396
ITIQUIRA I;304;Fio dagua;PARAGUAI;SUDESTE;SE;SUDESTE;2026-01-26;38.794;50.9901;38.794;50.9901;38.816;76.0815
ITIQUIRA II;305;Fio dagua;PARAGUAI;SUDESTE;SE;SUDESTE;2026-01-26;61.782;50.9895;61.782;50.9895;61.953;121.1661
ITUMBIARA;31;Reservatório com Usina;PARANAIBA;PARANA;SE;SUDESTE;2026-01-26;2032.679;110.6183;2032.679;110.6183;1878.4;1837.5605
ITUTINGA;2;Fio dagua;GRANDE;PARANA;SE;SUDESTE;2026-01-26;56.302;95.4669;56.302;95.4669;57.268;58.9754
JACUI;112;Fio dagua;JACUI;SUL;S;SUL;2026-01-26;123.193;109.8867;0.0;0.0;127.703;112.1091
JAGUARA;9;Fio dagua;GRANDE;PARANA;SE;SUDESTE;2026-01-26;554.885;71.5256;529.644;68.272;560.213;775.7848
JAGUARI;120;Reservatório com Usina;PARAIBA DO SUL;SUDESTE;SE;SUDESTE;2026-01-26;14.983;65.9544;14.983;65.9544;13.733;22.7172
JAURU;195;Fio dagua;PARAGUAI;SUDESTE;SE;SUDESTE;2026-01-26;74.99;84.0213;74.99;84.0213;75.054;89.2512
JIRAU;285;Fio dagua;AMAZONAS;MADEIRA;SE;SUDESTE;2026-01-26;4229.586;116.0535;3304.701;90.676;3834.119;3644.515
JUPIA;45;Fio dagua;PARANA;PARANA;SE;SUDESTE;2026-01-26;1374.374;74.0081;1374.374;74.0081;1414.526;1857.06
JURUENA;309;Fio dagua;AMAZONAS;TELES PIRES;SE;SUDESTE;2026-01-26;42.599;89.6746;27.754;58.4246;44.141;47.504
JURUMIRIM;47;Reservatório com Usina;PARANAPANEMA;PARANAPANEMA;SE;SUDESTE;2026-01-26;28.323;30.0711;28.323;30.0711;28.249;94.1868
L. C. BARRETO;8;Fio dagua;GRANDE;PARANA;SE;SUDESTE;2026-01-26;783.901;73.9;783.901;73.9;781.484;1060.7587
LAJEADO;261;Fio dagua;TOCANTINS;SUDESTE;SE;SUDESTE;2026-01-26;626.936;43.7679;626.936;43.7679;612.74;1432.4115
LIMOEIRO;16;Fio dagua;GRANDE;PARANA;SE;SUDESTE;2026-01-26;33.15;95.5847;33.15;95.5847;32.765;34.6813
LUIZ GONZAGA;172;Reservatório com Usina;SAO FRANCISCO;NORDESTE;NE;NORDESTE;2026-01-26;1067.66;53.8089;1067.66;53.8089;1044.991;1984.17
M. MORAES;7;Reservatório com Usina;GRANDE;PARANA;SE;SUDESTE;2026-01-26;517.8;78.1451;517.8;78.1451;535.432;662.6139
MACHADINHO;91;Reservatório com Usina;URUGUAI;SUL;S;SUL;2026-01-26;246.734;53.9444;246.734;53.9444;249.813;457.3859
MANSO;278;Reservatório com Usina;PARAGUAI;SUDESTE;SE;SUDESTE;2026-01-26;486.811;323.7464;486.811;323.7464;487.854;150.368
MARIMBONDO;17;Reservatório com Usina;GRANDE;PARANA;SE;SUDESTE;2026-01-26;1088.446;65.5236;1088.446;65.5236;1052.933;1661.1515
MASCARENHAS;144;Fio dagua;DOCE;SUDESTE;SE;SUDESTE;2026-01-26;410.44;115.5403;179.915;50.6467;340.124;355.2354
MIRANDA;26;Reservatório com Usina;PARANAIBA;PARANA;SE;SUDESTE;2026-01-26;460.27;128.0983;460.27;128.0983;460.422;359.31
MONJOLINHO;94;Fio dagua;URUGUAI;SUL;S;SUL;2026-01-26;18.398;54.9522;18.398;54.9522;18.06;33.48
MONTE CLARO;98;Fio dagua;JACUI;SUL;S;SUL;2026-01-26;42.241;73.6365;37.637;65.6106;42.554;57.3642
N. AVANHANDAVA;42;Fio dagua;TIETE;PARANA;SE;SUDESTE;2026-01-26;170.642;52.165;170.642;52.165;165.645;327.12
NILO PEÇANHA;131;Fio dagua;PARAIBA DO SUL;SUDESTE;SE;SUDESTE;2026-01-26;386.942;100.6992;386.942;100.6992;386.772;384.2553
NOVA PONTE;25;Reservatório com Usina;PARANAIBA;PARANA;SE;SUDESTE;2026-01-26;752.393;153.1791;752.393;153.1791;662.365;491.1852
OURINHOS;249;Fio dagua;PARANAPANEMA;PARANAPANEMA;SE;SUDESTE;2026-01-26;13.164;26.8841;9.22;18.8295;14.596;48.9658
P. AFONSO 1,2,3;174;Fio dagua;SAO FRANCISCO;NORDESTE;NE;NORDESTE;2026-01-26;916.86;53.8329;916.86;53.8329;265.595;1703.16
P. AFONSO 4;175;Fio dagua;SAO FRANCISCO;NORDESTE;NE;NORDESTE;2026-01-26;1312.316;53.8329;1312.316;53.8329;2133.766;2437.7598
P. COLOMBIA;12;Fio dagua;GRANDE;PARANA;SE;SUDESTE;2026-01-26;304.247;62.9805;268.835;55.6501;305.61;483.0812
PARAIBUNA;121;Reservatório com Usina;PARAIBA DO SUL;SUDESTE;SE;SUDESTE;2026-01-26;183.527;249.4472;183.527;249.4472;172.059;73.5735
PARANAPANEMA;53;Fio dagua;PARANAPANEMA;PARANAPANEMA;SE;SUDESTE;2026-01-26;12.718;30.1357;12.718;30.1357;13.272;42.2025
PASSO FUNDO;93;Reservatório com Usina;URUGUAI;SUL;S;SUL;2026-01-26;43.903;56.3712;43.903;56.3712;44.195;77.882
PASSO REAL;111;Reservatório com Usina;JACUI;SUL;S;SUL;2026-01-26;56.857;110.2991;56.857;110.2991;60.512;51.548
PASSO SAO JOAO;102;Fio dagua;URUGUAI;SUL;S;SUL;2026-01-26;38.595;86.6573;32.487;72.943;38.875;44.5375
PEDRA DO CAVALO;189;Reservatório com Usina;PARAGUACU;NORDESTE;NE;NORDESTE;2026-01-26;31.142;21.4639;31.142;21.4639;31.531;145.0899
PEIXE ANGICAL;257;Reservatório com Usina;TOCANTINS;SUDESTE;SE;SUDESTE;2026-01-26;398.823;54.8424;398.823;54.8424;409.541;727.216
PEREIRA PASSOS;133;Fio dagua;PARAIBA DO SUL;SUDESTE;SE;SUDESTE;2026-01-26;63.044;103.7242;63.044;103.7242;63.64;60.7804
PICADA;126;Fio dagua;PARAIBA DO SUL;SUDESTE;SE;SUDESTE;2026-01-26;83.408;116.5157;47.616;66.5165;83.059;71.5852
PIMENTAL;314;Fio dagua;AMAZONAS;BELO MONTE;N;NORTE;2026-01-26;135.439;96.5119;135.439;96.5119;143.383;140.334
PIRAJU;48;Fio dagua;PARANAPANEMA;PARANAPANEMA;SE;SUDESTE;2026-01-26;23.002;30.1355;23.002;30.1355;23.764;76.3286
PONTE DE PEDRA;281;Fio dagua;PARAGUAI;SUDESTE;SE;SUDESTE;2026-01-26;141.589;74.4768;115.062;60.5234;141.706;190.1116
PORTO ESTRELA;135;Reservatório com Usina;DOCE;SUDESTE;SE;SUDESTE;2026-01-26;156.167;113.716;61.091;44.4846;150.66;137.3307
PORTO PRIMAVERA;46;Fio dagua;PARANA;PARANA;SE;SUDESTE;2026-01-26;1293.689;65.854;1293.689;65.854;1331.483;1964.48
PROMISSÃO;40;Reservatório com Usina;TIETE;PARANA;SE;SUDESTE;2026-01-26;116.792;50.1206;99.752;42.808;119.522;233.022
QUEBRA QUEIXO;95;Reservatório com Usina;URUGUAI;SUL;S;SUL;2026-01-26;28.183;46.9482;28.183;46.9482;27.801;60.03
QUEIMADO;162;Reservatório com Usina;SAO FRANCISCO;SUDESTE;SE;SUDESTE;2026-01-26;91.288;72.2725;91.288;72.2725;89.733;126.3108
RETIRO BAIXO;155;Reservatório com Usina;SAO FRANCISCO;SUDESTE;SE;SUDESTE;2026-01-26;152.768;144.0281;64.769;61.0635;147.435;106.0682
RONDON II;276;Reservatório com Usina;AMAZONAS;MADEIRA;SE;SUDESTE;2026-01-26;73.982;120.5806;73.982;120.5806;73.452;61.3548
ROSAL;217;Fio dagua;ITABAPOANA;SUDESTE;SE;SUDESTE;2026-01-26;82.977;80.4756;61.003;59.164;82.96;103.1083
ROSANA;63;Fio dagua;PARANAPANEMA;PARANAPANEMA;SE;SUDESTE;2026-01-26;130.685;40.7965;130.685;40.7965;134.635;320.334
S.DO FACÃO;21;Reservatório com Usina;PARANAIBA;PARANA;SE;SUDESTE;2026-01-26;403.064;203.6556;403.064;203.6556;384.351;197.9145
S.R.VERDINHO;241;Fio dagua;PARANAIBA;PARANA;SE;SUDESTE;2026-01-26;36.391;37.8405;36.391;37.8405;36.803;96.1694
SA CARVALHO;193;Fio dagua;DOCE;SUDESTE;SE;SUDESTE;2026-01-26;137.744;91.3662;30.058;19.9376;135.865;150.7604
SALTO;262;Fio dagua;PARANAIBA;PARANA;SE;SUDESTE;2026-01-26;40.964;38.5554;40.964;38.5554;41.098;106.2472
SALTO CAXIAS;82;Fio dagua;IGUACU;IGUACU;S;SUL;2026-01-26;259.957;39.0699;259.957;39.0699;257.232;665.3644
SALTO GRANDE CM;134;Fio dagua;DOCE;SUDESTE;SE;SUDESTE;2026-01-26;255.605;111.0486;254.803;110.7002;250.757;230.174
SALTO GRANDE CS;50;Fio dagua;PARANAPANEMA;PARANAPANEMA;SE;SUDESTE;2026-01-26;29.463;30.4244;7.218;7.4535;31.112;96.8399
SALTO OSORIO;78;Fio dagua;IGUACU;IGUACU;S;SUL;2026-01-26;228.558;41.4702;228.558;41.4702;232.719;551.1373
SALTO PILAO;215;Fio dagua;ITAJAI;SUL;S;SUL;2026-01-26;65.095;32.0868;65.095;32.0868;65.247;202.8715
SALTO SANTIAGO;77;Reservatório com Usina;IGUACU;IGUACU;S;SUL;2026-01-26;339.524;41.2787;339.524;41.2787;342.529;822.5162
SAMUEL;279;Reservatório com Usina;AMAZONAS;MADEIRA;SE;SUDESTE;2026-01-26;416.479;308.9937;416.479;308.9937;389.643;134.7856
SANTA BRANCA;122;Reservatório com Usina;PARAIBA DO SUL;SUDESTE;SE;SUDESTE;2026-01-26;98.27;222.5922;98.27;222.5922;87.212;44.148
SANTA CLARA-PR;71;Reservatório com Usina;IGUACU;IGUACU;S;SUL;2026-01-26;26.913;35.2336;26.913;35.2336;26.381;76.3844
SANTO ANTONIO;287;Fio dagua;AMAZONAS;MADEIRA;SE;SUDESTE;2026-01-26;4324.81;113.9891;3521.888;92.8265;3610.026;3794.0553
SAO DOMINGOS;153;Fio dagua;PARANA;PARANA;SE;SUDESTE;2026-01-26;20.112;43.9531;17.962;39.2544;20.186;45.7579
SAO JOSE;101;Fio dagua;URUGUAI;SUL;S;SUL;2026-01-26;27.066;85.2789;27.066;85.2789;26.604;31.7382
SAO MANOEL;230;Fio dagua;AMAZONAS;TELES PIRES;SE;SUDESTE;2026-01-26;813.44;98.3332;686.715;83.014;710.057;827.2283
SAO ROQUE;88;Reservatório com Usina;URUGUAI;SUL;S;SUL;2026-01-26;39.878;49.7247;39.878;49.7247;40.034;80.1975
SAO SALVADOR;253;Fio dagua;TOCANTINS;SUDESTE;SE;SUDESTE;2026-01-26;271.855;74.7654;271.855;74.7654;266.327;363.6108
SÃO SIMÃO;33;Reservatório com Usina;PARANAIBA;PARANA;SE;SUDESTE;2026-01-26;2597.924;103.5986;2597.924;103.5986;2495.038;2507.683
SEGREDO;76;Reservatório com Usina;IGUACU;IGUACU;S;SUL;2026-01-26;297.552;40.8375;297.552;40.8375;300.487;728.624
SERRA DA MESA;251;Reservatório com Usina;TOCANTINS;SUDESTE;SE;SUDESTE;2026-01-26;1524.072;106.5375;1524.072;106.5375;1488.937;1430.55
SIMPLICIO;129;Fio dagua;PARAIBA DO SUL;SUDESTE;SE;SUDESTE;2026-01-26;195.494;61.761;195.494;61.761;193.047;316.53285
SINOP;227;Reservatório com Usina;AMAZONAS;TELES PIRES;SE;SUDESTE;2026-01-26;241.921;70.8796;234.628;68.7429;200.654;341.3124
SOBRADINHO;169;Reservatório com Usina;SAO FRANCISCO;NORDESTE;NE;NORDESTE;2026-01-26;581.189;53.3896;581.189;53.3896;543.975;1088.5805
SOBRAGI;127;Fio dagua;PARAIBA DO SUL;SUDESTE;SE;SUDESTE;2026-01-26;75.824;84.6723;57.914;64.6723;75.864;89.55
STA.CLARA-MG;283;Fio dagua;MUCURI;SUDESTE;SE;SUDESTE;2026-01-26;63.02;84.9698;63.02;84.9698;61.511;74.1675
STO ANTONIO DO JARI;286;Fio dagua;AMAZONAS;MANAUS-AMAPA;N;NORTE;2026-01-26;71.179;44.6254;71.179;44.6254;73.031;159.5035
SUIÇA;145;Fio dagua;SANTA MARIA VIT;SUDESTE;SE;SUDESTE;2026-01-26;23.647;55.9507;23.647;55.9507;23.491;42.264
TAQUARUÇU;62;Fio dagua;PARANAPANEMA;PARANAPANEMA;SE;SUDESTE;2026-01-26;135.017;38.5975;135.017;38.5975;130.555;349.8075
TELES PIRES;229;Fio dagua;AMAZONAS;TELES PIRES;SE;SUDESTE;2026-01-26;1821.831;99.6608;1401.338;76.6583;1822.546;1828.0318
TRÊS IRMÃOS;43;Reservatório com Usina;TIETE;PARANA;SE;SUDESTE;2026-01-26;376.877;76.1872;376.877;76.1872;382.834;494.6725
TRÊS MARIAS;156;Reservatório com Usina;SAO FRANCISCO;SUDESTE;SE;SUDESTE;2026-01-26;1168.881;188.1347;1168.881;188.1347;1184.838;621.3
TUCURUI;275;Reservatório com Usina;TOCANTINS;NORTE;N;NORTE;2026-01-26;4705.972;58.059;4705.972;58.059;4351.272;8105.5008
VOLTA GRANDE;11;Fio dagua;GRANDE;PARANA;SE;SUDESTE;2026-01-26;343.516;65.039;343.516;65.039;331.314;528.1696
XINGO;178;Fio dagua;SAO FRANCISCO;NORDESTE;NE;NORDESTE;2026-01-26;2727.528;56.535;2727.528;56.535;2784.932;4824.4975
14 DE JULHO;99;Fio dagua;JACUI;SUL;S;SUL;2026-01-27;29.466;58.1541;29.466;58.1541;28.834;50.6688
A. VERMELHA;18;Reservatório com Usina;GRANDE;PARANA;SE;SUDESTE;2026-01-27;1039.094;62.7918;1039.094;62.7918;981.835;1654.825
AIMORES;143;Fio dagua;DOCE;SUDESTE;SE;SUDESTE;2026-01-27;350.482;89.4348;216.954;55.3616;362.983;391.8856
APOLONIO SALES;173;Fio dagua;SAO FRANCISCO;NORDESTE;NE;NORDESTE;2026-01-27;228.856;52.4242;228.856;52.4242;34.306;436.5468
B. BONITA;37;Reservatório com Usina;TIETE;PARANA;SE;SUDESTE;2026-01-27;59.558;49.3887;47.481;39.3738;62.942;120.5904
B.COQUEIROS;312;Fio dagua;PARANAIBA;PARANA;SE;SUDESTE;2026-01-27;35.56;38.2841;31.381;33.7849;36.642;92.8846
BAGUARI;141;Fio dagua;DOCE;SUDESTE;SE;SUDESTE;2026-01-27;178.494;103.5666;83.915;48.6896;168.557;172.347
BAIXO IGUACU;83;Fio dagua;IGUACU;IGUACU;S;SUL;2026-01-27;74.829;40.0024;74.829;40.0024;72.483;187.0614
BALBINA;277;Reservatório com Usina;AMAZONAS;MANAUS-AMAPA;N;NORTE;2026-01-27;167.396;198.7132;167.396;198.7132;161.777;84.24
BARIRI;38;Fio dagua;TIETE;PARANA;SE;SUDESTE;2026-01-27;71.427;50.7897;60.154;42.7738;70.149;140.6328
BARRA BRAUNA;185;Fio dagua;PARAIBA DO SUL;SUDESTE;SE;SUDESTE;2026-01-27;31.152;68.5566;31.152;68.5566;30.809;45.4398
BARRA GRANDE;86;Reservatório com Usina;URUGUAI;SUL;S;SUL;2026-01-27;84.267;31.5027;84.267;31.5027;84.642;267.4917
BATALHA;20;Reservatório com Usina;PARANAIBA;PARANA;SE;SUDESTE;2026-01-27;106.818;163.4843;106.818;163.4843;103.814;65.3384
BELO MONTE;288;Fio dagua;AMAZONAS;BELO MONTE;N;NORTE;2026-01-27;4875.944;87.0931;4875.944;87.0931;4875.528;5598.54
BOA ESPERANÇA;190;Reservatório com Usina;PARNAIBA;NORDESTE;NE;NORDESTE;2026-01-27;156.427;64.9985;156.427;64.9985;149.555;240.6624
C. DOURADA;32;Fio dagua;PARANAIBA;PARANA;SE;SUDESTE;2026-01-27;849.765;114.9049;846.793;114.5031;907.27;739.5374
C.BRANCO-1;27;Reservatório com Usina;PARANAIBA;PARANA;SE;SUDESTE;2026-01-27;360.967;119.634;346.647;114.888;355.101;301.726
C.BRANCO-2;28;Fio dagua;PARANAIBA;PARANA;SE;SUDESTE;2026-01-27;297.771;116.8986;297.771;116.8986;300.369;254.7259
CACHOEIRA CALDEIRAO;204;Fio dagua;ARAGUARI;MANAUS-AMAPA;N;NORTE;2026-01-27;57.995;73.7893;56.167;71.4635;59.343;78.5954
CACONDE;14;Reservatório com Usina;GRANDE;PARANA;SE;SUDESTE;2026-01-27;80.633;102.7689;80.633;102.7689;79.199;78.4605
CACU;311;Reservatório com Usina;PARANAIBA;PARANA;SE;SUDESTE;2026-01-27;25.768;38.1443;14.347;21.2378;26.558;67.554
CAMARGOS;1;Reservatório com Usina;GRANDE;PARANA;SE;SUDESTE;2026-01-27;52.261;104.0243;52.261;104.0243;53.763;50.2392
CAMPOS NOVOS;90;Reservatório com Usina;URUGUAI;SUL;S;SUL;2026-01-27;187.969;48.7583;187.969;48.7583;189.067;385.512
CANA BRAVA;252;Fio dagua;TOCANTINS;SUDESTE;SE;SUDESTE;2026-01-27;554.54;93.3373;554.54;93.3373;542.616;594.1248
CANASTRA;87;Fio dagua;JACUI;SUL;S;SUL;2026-01-27;;;;;;
CANDONGA;139;Fio dagua;DOCE;SUDESTE;SE;SUDESTE;2026-01-27;118.519;98.9474;118.519;98.9474;112.583;119.7798
CANOAS I;52;Fio dagua;PARANAPANEMA;PARANAPANEMA;SE;SUDESTE;2026-01-27;31.171;30.4719;30.128;29.4523;32.318;102.2943
CANOAS II;51;Fio dagua;PARANAPANEMA;PARANAPANEMA;SE;SUDESTE;2026-01-27;25.596;29.9739;25.596;29.9739;26.606;85.3944
CAPIVARA;61;Reservatório com Usina;PARANAPANEMA;PARANAPANEMA;SE;SUDESTE;2026-01-27;204.823;36.3985;204.823;36.3985;214.655;562.7232
CASTRO ALVES;97;Fio dagua;JACUI;SUL;S;SUL;2026-01-27;46.194;62.6873;46.194;62.6873;44.946;73.6896
CHAVANTES;49;Reservatório com Usina;PARANAPANEMA;PARANAPANEMA;SE;SUDESTE;2026-01-27;81.611;26.2666;81.611;26.2666;80.176;310.7031
COARACY NUNES;280;Fio dagua;ARAGUARI;MANAUS-AMAPA;N;NORTE;2026-01-27;73.821;73.3082;64.128;63.6825;73.866;100.6995
COLIDER;228;Fio dagua;AMAZONAS;TELES PIRES;SE;SUDESTE;2026-01-27;227.209;71.2779;213.909;67.1055;178.541;318.7652
CORUMBA;30;Reservatório com Usina;PARANAIBA;PARANA;SE;SUDESTE;2026-01-27;528.098;117.0223;528.098;117.0223;536.048;451.2798
CORUMBA-3;203;Reservatório com Usina;PARANAIBA;PARANA;SE;SUDESTE;2026-01-27;102.28;113.7722;96.726;107.5942;101.332;89.8989
CORUMBA-4;29;Reservatório com Usina;PARANAIBA;PARANA;SE;SUDESTE;2026-01-27;128.836;106.135;124.167;102.2887;129.805;121.3888
CURUA-UNA;272;Reservatório com Usina;AMAZONAS;BELO MONTE;N;NORTE;2026-01-27;24.517;96.7029;24.517;96.7029;20.832;25.3529
D. FRANCISCA;114;Fio dagua;JACUI;SUL;S;SUL;2026-01-27;58.156;81.7404;58.156;81.7404;56.077;71.1472
DARDANELOS;310;Fio dagua;AMAZONAS;MADEIRA;SE;SUDESTE;2026-01-27;509.349;120.1229;229.563;54.1393;505.047;424.0232
E. DA CUNHA;15;Fio dagua;GRANDE;PARANA;SE;SUDESTE;2026-01-27;119.799;103.6944;111.547;96.5517;117.557;115.5308
EMBORCAÇÃO;24;Reservatório com Usina;PARANAIBA;PARANA;SE;SUDESTE;2026-01-27;1300.496;130.4134;1300.496;130.4134;1251.271;997.2102
ESPORA;290;Reservatório com Usina;PARANAIBA;PARANA;SE;SUDESTE;2026-01-27;19.494;60.6006;19.494;60.6006;18.514;32.168
ESTREITO;267;Fio dagua;TOCANTINS;NORTE;N;NORTE;2026-01-27;585.865;41.5972;474.457;33.6871;531.654;1408.425
FERREIRA GOMES;284;Fio dagua;ARAGUARI;MANAUS-AMAPA;N;NORTE;2026-01-27;61.816;72.9879;61.816;72.9879;65.933;84.6935
FONTES;132;Fio dagua;PARAIBA DO SUL;SUDESTE;SE;SUDESTE;2026-01-27;118.375;97.3775;118.375;97.3775;118.451;121.563
FOZ CHAPECO;103;Fio dagua;URUGUAI;SUL;S;SUL;2026-01-27;213.102;55.12;179.307;46.3787;246.408;386.6148
FOZ DO RIO CLARO;315;Fio dagua;PARANAIBA;PARANA;SE;SUDESTE;2026-01-27;28.675;38.6221;28.675;38.6221;28.658;74.245
FUNDÃO;72;Fio dagua;IGUACU;IGUACU;S;SUL;2026-01-27;27.704;33.6871;19.397;23.586;28.724;82.2393
FUNIL;123;Reservatório com Usina;PARAIBA DO SUL;SUDESTE;SE;SUDESTE;2026-01-27;242.78;116.4385;242.78;116.4385;237.883;208.505
FUNIL-MG;4;Fio dagua;GRANDE;PARANA;SE;SUDESTE;2026-01-27;167.431;82.7666;167.431;82.7666;170.026;202.293
FURNAS;6;Reservatório com Usina;GRANDE;PARANA;SE;SUDESTE;2026-01-27;1498.156;107.7002;1498.156;107.7002;1441.403;1391.043
G. B. MUNHOZ;74;Reservatório com Usina;IGUACU;IGUACU;S;SUL;2026-01-27;239.892;35.4313;239.892;35.4313;231.656;677.0622
G. P. SOUZA;115;Reservatório com Usina;CAPIVARI;SUL;S;SUL;2026-01-27;104.018;65.4798;104.018;65.4798;103.884;158.855
GARIBALDI;89;Reservatório com Usina;URUGUAI;SUL;S;SUL;2026-01-27;34.492;42.2846;34.492;42.2846;34.59;81.5711
GOV JAYME CANET JR;57;Reservatório com Usina;PARANAPANEMA;IGUACU;S;SUL;2026-01-27;74.507;23.2786;74.507;23.2786;73.536;320.067
GUAPORE;196;Fio dagua;AMAZONAS;MADEIRA;SE;SUDESTE;2026-01-27;60.093;108.0281;60.093;108.0281;59.992;55.6272
GUILM. AMORIM;192;Fio dagua;DOCE;SUDESTE;SE;SUDESTE;2026-01-27;94.027;63.1152;63.829;42.8449;92.991;148.9768
HENRY BORDEN;119;Fio dagua;TIETE;SUDESTE;SE;SUDESTE;2026-01-27;655.337;172.1791;655.337;172.1791;655.13;380.6136
I. SOLTEIRA;34;Reservatório com Usina;PARANA;PARANA;SE;SUDESTE;2026-01-27;2619.263;78.1109;2619.263;78.1109;2663.28;3353.2623
IBITINGA;39;Fio dagua;TIETE;PARANA;SE;SUDESTE;2026-01-27;84.041;53.2851;18.73;11.8755;84.264;157.7196
IGARAPAVA;10;Fio dagua;GRANDE;PARANA;SE;SUDESTE;2026-01-27;245.209;79.8235;233.025;75.8572;241.737;307.1891
ILHA POMBOS;130;Fio dagua;PARAIBA DO SUL;SUDESTE;SE;SUDESTE;2026-01-27;219.773;94.3587;128.175;55.0314;221.855;232.9124
IRAPE;148;Reservatório com Usina;JEQUITINHONHA;SUDESTE;SE;SUDESTE;2026-01-27;396.141;82.6001;396.141;82.6001;400.461;479.589
ITÁ;92;Fio dagua;URUGUAI;SUL;S;SUL;2026-01-27;262.912;40.8783;262.912;40.8783;260.885;643.1579
ITAIPU;66;Fio dagua;PARANA;ITAIPU;SE;SUDESTE;2026-01-27;8865.373;58.9604;8865.373;58.9604;9202.747;15036.1432
ITAPEBI;154;Fio dagua;JEQUITINHONHA;NORDESTE;NE;NORDESTE;2026-01-27;261.697;47.2881;243.107;43.9289;264.079;553.41
ITAUBA;113;Fio dagua;JACUI;SUL;S;SUL;2026-01-27;116.868;88.9138;116.868;88.9138;113.969;131.4396
ITIQUIRA I;304;Fio dagua;PARAGUAI;SUDESTE;SE;SUDESTE;2026-01-27;38.909;51.1412;38.909;51.1412;38.825;76.0815
ITIQUIRA II;305;Fio dagua;PARAGUAI;SUDESTE;SE;SUDESTE;2026-01-27;61.966;51.1414;61.966;51.1414;62.164;121.1661
ITUMBIARA;31;Reservatório com Usina;PARANAIBA;PARANA;SE;SUDESTE;2026-01-27;2192.782;119.3311;2192.782;119.3311;2026.631;1837.5605
ITUTINGA;2;Fio dagua;GRANDE;PARANA;SE;SUDESTE;2026-01-27;61.349;104.0247;61.349;104.0247;62.467;58.9754
JACUI;112;Fio dagua;JACUI;SUL;S;SUL;2026-01-27;105.645;94.2341;0.0;0.0;109.605;112.1091
JAGUARA;9;Fio dagua;GRANDE;PARANA;SE;SUDESTE;2026-01-27;661.298;85.2425;548.894;70.7534;663.899;775.7848
JAGUARI;120;Reservatório com Usina;PARAIBA DO SUL;SUDESTE;SE;SUDESTE;2026-01-27;15.071;66.3418;15.071;66.3418;13.826;22.7172
JAURU;195;Fio dagua;PARAGUAI;SUDESTE;SE;SUDESTE;2026-01-27;77.927;87.312;77.927;87.312;77.524;89.2512
JIRAU;285;Fio dagua;AMAZONAS;MADEIRA;SE;SUDESTE;2026-01-27;4310.167;118.2645;3438.137;94.3373;3866.834;3644.515
JUPIA;45;Fio dagua;PARANA;PARANA;SE;SUDESTE;2026-01-27;1397.849;75.2722;1397.849;75.2722;1446.163;1857.06
JURUENA;309;Fio dagua;AMAZONAS;TELES PIRES;SE;SUDESTE;2026-01-27;41.904;88.2115;37.748;79.4628;43.382;47.504
JURUMIRIM;47;Reservatório com Usina;PARANAPANEMA;PARANAPANEMA;SE;SUDESTE;2026-01-27;29.788;31.6265;29.788;31.6265;29.693;94.1868
L. C. BARRETO;8;Fio dagua;GRANDE;PARANA;SE;SUDESTE;2026-01-27;934.267;88.0754;934.267;88.0754;928.331;1060.7587
LAJEADO;261;Fio dagua;TOCANTINS;SUDESTE;SE;SUDESTE;2026-01-27;667.475;46.598;667.475;46.598;669.107;1432.4115
LIMOEIRO;16;Fio dagua;GRANDE;PARANA;SE;SUDESTE;2026-01-27;35.56;102.5336;35.56;102.5336;35.063;34.6813
LUIZ GONZAGA;172;Reservatório com Usina;SAO FRANCISCO;NORDESTE;NE;NORDESTE;2026-01-27;1039.72;52.4008;1039.72;52.4008;1017.85;1984.17
M. MORAES;7;Reservatório com Usina;GRANDE;PARANA;SE;SUDESTE;2026-01-27;609.889;92.0429;609.889;92.0429;629.592;662.6139
MACHADINHO;91;Reservatório com Usina;URUGUAI;SUL;S;SUL;2026-01-27;238.956;52.2438;238.956;52.2438;237.782;457.3859
MANSO;278;Reservatório com Usina;PARAGUAI;SUDESTE;SE;SUDESTE;2026-01-27;268.31;178.4356;268.31;178.4356;269.339;150.368
MARIMBONDO;17;Reservatório com Usina;GRANDE;PARANA;SE;SUDESTE;2026-01-27;1105.446;66.547;1105.446;66.547;1080.792;1661.1515
MASCARENHAS;144;Fio dagua;DOCE;SUDESTE;SE;SUDESTE;2026-01-27;313.492;88.2491;206.285;58.0699;272.203;355.2354
MIRANDA;26;Reservatório com Usina;PARANAIBA;PARANA;SE;SUDESTE;2026-01-27;429.598;119.5619;429.598;119.5619;431.272;359.31
MONJOLINHO;94;Fio dagua;URUGUAI;SUL;S;SUL;2026-01-27;16.529;49.3698;16.529;49.3698;16.366;33.48
MONTE CLARO;98;Fio dagua;JACUI;SUL;S;SUL;2026-01-27;31.6;55.0866;26.997;47.0625;31.62;57.3642
N. AVANHANDAVA;42;Fio dagua;TIETE;PARANA;SE;SUDESTE;2026-01-27;155.937;47.6697;155.937;47.6697;153.203;327.12
NILO PEÇANHA;131;Fio dagua;PARAIBA DO SUL;SUDESTE;SE;SUDESTE;2026-01-27;386.942;100.6992;386.942;100.6992;386.91;384.2553
NOVA PONTE;25;Reservatório com Usina;PARANAIBA;PARANA;SE;SUDESTE;2026-01-27;571.728;116.3976;571.728;116.3976;502.786;491.1852
OURINHOS;249;Fio dagua;PARANAPANEMA;PARANAPANEMA;SE;SUDESTE;2026-01-27;12.943;26.4327;6.113;12.4842;14.164;48.9658
P. AFONSO 1,2,3;174;Fio dagua;SAO FRANCISCO;NORDESTE;NE;NORDESTE;2026-01-27;892.867;52.4241;892.867;52.4241;145.054;1703.16
P. AFONSO 4;175;Fio dagua;SAO FRANCISCO;NORDESTE;NE;NORDESTE;2026-01-27;1277.975;52.4242;1277.975;52.4242;2222.472;2437.7598
P. COLOMBIA;12;Fio dagua;GRANDE;PARANA;SE;SUDESTE;2026-01-27;339.905;70.3619;339.905;70.3619;347.405;483.0812
PARAIBUNA;121;Reservatório com Usina;PARAIBA DO SUL;SUDESTE;SE;SUDESTE;2026-01-27;274.324;372.8571;274.324;372.8571;258.613;73.5735
PARANAPANEMA;53;Fio dagua;PARANAPANEMA;PARANAPANEMA;SE;SUDESTE;2026-01-27;13.116;31.0787;13.116;31.0787;13.67;42.2025
PASSO FUNDO;93;Reservatório com Usina;URUGUAI;SUL;S;SUL;2026-01-27;38.741;49.7432;38.741;49.7432;38.978;77.882
PASSO REAL;111;Reservatório com Usina;JACUI;SUL;S;SUL;2026-01-27;48.197;93.4993;48.197;93.4993;51.236;51.548
PASSO SAO JOAO;102;Fio dagua;URUGUAI;SUL;S;SUL;2026-01-27;38.071;85.4808;32.217;72.3368;38.414;44.5375
PEDRA DO CAVALO;189;Reservatório com Usina;PARAGUACU;NORDESTE;NE;NORDESTE;2026-01-27;34.603;23.8494;34.603;23.8494;35.042;145.0899
PEIXE ANGICAL;257;Reservatório com Usina;TOCANTINS;SUDESTE;SE;SUDESTE;2026-01-27;475.912;65.443;475.912;65.443;498.708;727.216
PEREIRA PASSOS;133;Fio dagua;PARAIBA DO SUL;SUDESTE;SE;SUDESTE;2026-01-27;60.722;99.9039;60.722;99.9039;61.458;60.7804
PICADA;126;Fio dagua;PARAIBA DO SUL;SUDESTE;SE;SUDESTE;2026-01-27;106.939;149.387;49.209;68.7419;106.483;71.5852
PIMENTAL;314;Fio dagua;AMAZONAS;BELO MONTE;N;NORTE;2026-01-27;136.589;97.3314;136.589;97.3314;142.053;140.334
PIRAJU;48;Fio dagua;PARANAPANEMA;PARANAPANEMA;SE;SUDESTE;2026-01-27;23.722;31.0788;23.722;31.0788;24.507;76.3286
PONTE DE PEDRA;281;Fio dagua;PARAGUAI;SUDESTE;SE;SUDESTE;2026-01-27;150.829;79.3371;124.302;65.3837;150.91;190.1116
PORTO ESTRELA;135;Reservatório com Usina;DOCE;SUDESTE;SE;SUDESTE;2026-01-27;114.357;83.2713;79.45;57.8531;110.011;137.3307
PORTO PRIMAVERA;46;Fio dagua;PARANA;PARANA;SE;SUDESTE;2026-01-27;1387.147;70.6114;1387.147;70.6114;1426.966;1964.48
PROMISSÃO;40;Reservatório com Usina;TIETE;PARANA;SE;SUDESTE;2026-01-27;113.399;48.6645;56.954;24.4415;116.087;233.022
QUEBRA QUEIXO;95;Reservatório com Usina;URUGUAI;SUL;S;SUL;2026-01-27;27.935;46.5351;27.935;46.5351;27.539;60.03
QUEIMADO;162;Reservatório com Usina;SAO FRANCISCO;SUDESTE;SE;SUDESTE;2026-01-27;79.494;62.9352;79.494;62.9352;78.195;126.3108
RETIRO BAIXO;155;Reservatório com Usina;SAO FRANCISCO;SUDESTE;SE;SUDESTE;2026-01-27;133.586;125.9435;73.692;69.4761;129.816;106.0682
RONDON II;276;Reservatório com Usina;AMAZONAS;MADEIRA;SE;SUDESTE;2026-01-27;68.985;112.4362;68.985;112.4362;68.181;61.3548
ROSAL;217;Fio dagua;ITABAPOANA;SUDESTE;SE;SUDESTE;2026-01-27;63.538;61.6226;58.467;56.7045;63.472;103.1083
ROSANA;63;Fio dagua;PARANAPANEMA;PARANAPANEMA;SE;SUDESTE;2026-01-27;124.86;38.9781;124.86;38.9781;132.153;320.334
S.DO FACÃO;21;Reservatório com Usina;PARANAIBA;PARANA;SE;SUDESTE;2026-01-27;337.714;170.6363;337.714;170.6363;321.441;197.9145
S.R.VERDINHO;241;Fio dagua;PARANAIBA;PARANA;SE;SUDESTE;2026-01-27;37.136;38.6152;37.136;38.6152;37.634;96.1694
SA CARVALHO;193;Fio dagua;DOCE;SUDESTE;SE;SUDESTE;2026-01-27;95.326;63.2301;50.378;33.4159;94.888;150.7604
SALTO;262;Fio dagua;PARANAIBA;PARANA;SE;SUDESTE;2026-01-27;45.101;42.4491;45.101;42.4491;45.364;106.2472
SALTO CAXIAS;82;Fio dagua;IGUACU;IGUACU;S;SUL;2026-01-27;269.369;40.4844;269.369;40.4844;267.714;665.3644
SALTO GRANDE CM;134;Fio dagua;DOCE;SUDESTE;SE;SUDESTE;2026-01-27;194.597;84.5434;193.795;84.195;189.857;230.174
SALTO GRANDE CS;50;Fio dagua;PARANAPANEMA;PARANAPANEMA;SE;SUDESTE;2026-01-27;28.7;29.6365;5.714;5.9005;30.058;96.8399
SALTO OSORIO;78;Fio dagua;IGUACU;IGUACU;S;SUL;2026-01-27;224.024;40.6476;224.024;40.6476;225.852;551.1373
SALTO PILAO;215;Fio dagua;ITAJAI;SUL;S;SUL;2026-01-27;62.343;30.7303;62.343;30.7303;62.432;202.8715
SALTO SANTIAGO;77;Reservatório com Usina;IGUACU;IGUACU;S;SUL;2026-01-27;332.147;40.3818;332.147;40.3818;332.863;822.5162
SAMUEL;279;Reservatório com Usina;AMAZONAS;MADEIRA;SE;SUDESTE;2026-01-27;400.871;297.4138;400.871;297.4138;372.318;134.7856
SANTA BRANCA;122;Reservatório com Usina;PARAIBA DO SUL;SUDESTE;SE;SUDESTE;2026-01-27;153.068;346.7156;153.068;346.7156;135.77;44.148
SANTA CLARA-PR;71;Reservatório com Usina;IGUACU;IGUACU;S;SUL;2026-01-27;24.484;32.0537;24.484;32.0537;23.888;76.3844
SANTO ANTONIO;287;Fio dagua;AMAZONAS;MADEIRA;SE;SUDESTE;2026-01-27;4415.759;116.3863;3586.46;94.5284;3600.167;3794.0553
SAO DOMINGOS;153;Fio dagua;PARANA;PARANA;SE;SUDESTE;2026-01-27;24.35;53.2149;22.507;49.1871;24.326;45.7579
SAO JOSE;101;Fio dagua;URUGUAI;SUL;S;SUL;2026-01-27;27.092;85.3609;27.092;85.3609;26.797;31.7382
SAO MANOEL;230;Fio dagua;AMAZONAS;TELES PIRES;SE;SUDESTE;2026-01-27;851.159;102.8929;748.01;90.4236;739.889;827.2283
SAO ROQUE;88;Reservatório com Usina;URUGUAI;SUL;S;SUL;2026-01-27;34.338;42.8168;34.338;42.8168;33.896;80.1975
SAO SALVADOR;253;Fio dagua;TOCANTINS;SUDESTE;SE;SUDESTE;2026-01-27;323.614;89.0001;323.614;89.0001;314.994;363.6108
SÃO SIMÃO;33;Reservatório com Usina;PARANAIBA;PARANA;SE;SUDESTE;2026-01-27;2771.86;110.5347;2771.86;110.5347;2666.057;2507.683
SEGREDO;76;Reservatório com Usina;IGUACU;IGUACU;S;SUL;2026-01-27;293.321;40.2568;293.321;40.2568;296.991;728.624
SERRA DA MESA;251;Reservatório com Usina;TOCANTINS;SUDESTE;SE;SUDESTE;2026-01-27;1323.15;92.4924;1323.15;92.4924;1292.184;1430.55
SIMPLICIO;129;Fio dagua;PARAIBA DO SUL;SUDESTE;SE;SUDESTE;2026-01-27;200.648;63.3893;200.648;63.3893;198.027;316.53285
SINOP;227;Reservatório com Usina;AMAZONAS;TELES PIRES;SE;SUDESTE;2026-01-27;245.589;71.9543;238.539;69.8888;203.144;341.3124
SOBRADINHO;169;Reservatório com Usina;SAO FRANCISCO;NORDESTE;NE;NORDESTE;2026-01-27;572.219;52.5656;572.219;52.5656;536.201;1088.5805
SOBRAGI;127;Fio dagua;PARAIBA DO SUL;SUDESTE;SE;SUDESTE;2026-01-27;100.769;112.5282;60.65;67.7275;100.697;89.55
STA.CLARA-MG;283;Fio dagua;MUCURI;SUDESTE;SE;SUDESTE;2026-01-27;46.815;63.1206;46.815;63.1206;45.912;74.1675
STO ANTONIO DO JARI;286;Fio dagua;AMAZONAS;MANAUS-AMAPA;N;NORTE;2026-01-27;72.545;45.4818;72.545;45.4818;74.685;159.5035
SUIÇA;145;Fio dagua;SANTA MARIA VIT;SUDESTE;SE;SUDESTE;2026-01-27;17.244;40.8007;17.244;40.8007;17.083;42.264
TAQUARUÇU;62;Fio dagua;PARANAPANEMA;PARANAPANEMA;SE;SUDESTE;2026-01-27;130.179;37.2145;130.179;37.2145;127.947;349.8075
TELES PIRES;229;Fio dagua;AMAZONAS;TELES PIRES;SE;SUDESTE;2026-01-27;1910.523;104.5126;1537.033;84.0813;1909.908;1828.0318
TRÊS IRMÃOS;43;Reservatório com Usina;TIETE;PARANA;SE;SUDESTE;2026-01-27;309.647;62.5964;309.647;62.5964;312.976;494.6725
TRÊS MARIAS;156;Reservatório com Usina;SAO FRANCISCO;SUDESTE;SE;SUDESTE;2026-01-27;1087.885;175.0982;1087.885;175.0982;1095.124;621.3
TUCURUI;275;Reservatório com Usina;TOCANTINS;NORTE;N;NORTE;2026-01-27;4522.186;55.7916;4522.186;55.7916;4214.139;8105.5008
VOLTA GRANDE;11;Fio dagua;GRANDE;PARANA;SE;SUDESTE;2026-01-27;394.367;74.6667;394.367;74.6667;382.074;528.1696
XINGO;178;Fio dagua;SAO FRANCISCO;NORDESTE;NE;NORDESTE;2026-01-27;2601.229;53.9171;2601.229;53.9171;2652.277;4824.4975
14 DE JULHO;99;Fio dagua;JACUI;SUL;S;SUL;2026-01-28;22.059;43.5357;22.059;43.5357;21.971;50.6688
A. VERMELHA;18;Reservatório com Usina;GRANDE;PARANA;SE;SUDESTE;2026-01-28;1049.043;63.393;1049.043;63.393;987.432;1654.825
AIMORES;143;Fio dagua;DOCE;SUDESTE;SE;SUDESTE;2026-01-28;255.301;65.1468;243.279;62.0791;264.585;391.8856
APOLONIO SALES;173;Fio dagua;SAO FRANCISCO;NORDESTE;NE;NORDESTE;2026-01-28;231.147;52.949;231.147;52.949;44.601;436.5468
B. BONITA;37;Reservatório com Usina;TIETE;PARANA;SE;SUDESTE;2026-01-28;63.499;52.6568;58.526;48.5329;67.455;120.5904
B.COQUEIROS;312;Fio dagua;PARANAIBA;PARANA;SE;SUDESTE;2026-01-28;37.144;39.9894;37.144;39.9894;38.099;92.8846
BAGUARI;141;Fio dagua;DOCE;SUDESTE;SE;SUDESTE;2026-01-28;131.51;76.3054;87.872;50.9855;127.526;172.347
BAIXO IGUACU;83;Fio dagua;IGUACU;IGUACU;S;SUL;2026-01-28;75.559;40.3926;75.559;40.3926;74.416;187.0614
BALBINA;277;Reservatório com Usina;AMAZONAS;MANAUS-AMAPA;N;NORTE;2026-01-28;158.604;188.2764;158.604;188.2764;153.759;84.24
BARIRI;38;Fio dagua;TIETE;PARANA;SE;SUDESTE;2026-01-28;72.63;51.6451;70.228;49.9371;71.592;140.6328
BARRA BRAUNA;185;Fio dagua;PARAIBA DO SUL;SUDESTE;SE;SUDESTE;2026-01-28;26.299;57.8766;26.299;57.8766;25.47;45.4398
BARRA GRANDE;86;Reservatório com Usina;URUGUAI;SUL;S;SUL;2026-01-28;84.125;31.4496;84.125;31.4496;84.22;267.4917
BATALHA;20;Reservatório com Usina;PARANAIBA;PARANA;SE;SUDESTE;2026-01-28;91.612;140.2116;91.612;140.2116;89.339;65.3384
BELO MONTE;288;Fio dagua;AMAZONAS;BELO MONTE;N;NORTE;2026-01-28;4912.539;87.7468;4912.539;87.7468;4869.977;5598.54
BOA ESPERANÇA;190;Reservatório com Usina;PARNAIBA;NORDESTE;NE;NORDESTE;2026-01-28;150.686;62.613;150.686;62.613;144.174;240.6624
C. DOURADA;32;Fio dagua;PARANAIBA;PARANA;SE;SUDESTE;2026-01-28;839.014;113.4512;836.042;113.0493;881.424;739.5374
C.BRANCO-1;27;Reservatório com Usina;PARANAIBA;PARANA;SE;SUDESTE;2026-01-28;292.838;97.0543;288.235;95.5287;288.08;301.726
C.BRANCO-2;28;Fio dagua;PARANAIBA;PARANA;SE;SUDESTE;2026-01-28;268.554;105.4286;268.554;105.4286;270.956;254.7259
CACHOEIRA CALDEIRAO;204;Fio dagua;ARAGUARI;MANAUS-AMAPA;N;NORTE;2026-01-28;58.765;74.769;54.266;69.0448;60.283;78.5954
CACONDE;14;Reservatório com Usina;GRANDE;PARANA;SE;SUDESTE;2026-01-28;73.067;93.1258;73.067;93.1258;71.851;78.4605
CACU;311;Reservatório com Usina;PARANAIBA;PARANA;SE;SUDESTE;2026-01-28;27.347;40.4817;0.0;0.0;28.296;67.554
CAMARGOS;1;Reservatório com Usina;GRANDE;PARANA;SE;SUDESTE;2026-01-28;52.0;103.5048;52.0;103.5048;54.064;50.2392
CAMPOS NOVOS;90;Reservatório com Usina;URUGUAI;SUL;S;SUL;2026-01-28;177.111;45.9418;177.111;45.9418;177.494;385.512
CANA BRAVA;252;Fio dagua;TOCANTINS;SUDESTE;SE;SUDESTE;2026-01-28;461.549;77.6855;461.549;77.6855;454.588;594.1248
CANASTRA;87;Fio dagua;JACUI;SUL;S;SUL;2026-01-28;;;;;;
CANDONGA;139;Fio dagua;DOCE;SUDESTE;SE;SUDESTE;2026-01-28;101.565;84.7931;101.565;84.7931;96.499;119.7798
CANOAS I;52;Fio dagua;PARANAPANEMA;PARANAPANEMA;SE;SUDESTE;2026-01-28;31.148;30.4494;31.148;30.4494;31.435;102.2943
CANOAS II;51;Fio dagua;PARANAPANEMA;PARANAPANEMA;SE;SUDESTE;2026-01-28;25.674;30.0652;25.674;30.0652;26.288;85.3944
CAPIVARA;61;Reservatório com Usina;PARANAPANEMA;PARANAPANEMA;SE;SUDESTE;2026-01-28;207.897;36.9448;207.897;36.9448;217.781;562.7232
CASTRO ALVES;97;Fio dagua;JACUI;SUL;S;SUL;2026-01-28;26.014;35.3021;26.014;35.3021;25.353;73.6896
CHAVANTES;49;Reservatório com Usina;PARANAPANEMA;PARANAPANEMA;SE;SUDESTE;2026-01-28;82.346;26.5031;82.346;26.5031;80.676;310.7031
COARACY NUNES;280;Fio dagua;ARAGUARI;MANAUS-AMAPA;N;NORTE;2026-01-28;75.169;74.6468;75.169;74.6468;74.692;100.6995
COLIDER;228;Fio dagua;AMAZONAS;TELES PIRES;SE;SUDESTE;2026-01-28;230.772;72.3956;134.769;42.2785;169.042;318.7652
CORUMBA;30;Reservatório com Usina;PARANAIBA;PARANA;SE;SUDESTE;2026-01-28;432.423;95.8215;432.423;95.8215;438.385;451.2798
CORUMBA-3;203;Reservatório com Usina;PARANAIBA;PARANA;SE;SUDESTE;2026-01-28;86.775;96.5251;82.957;92.2781;85.202;89.8989
CORUMBA-4;29;Reservatório com Usina;PARANAIBA;PARANA;SE;SUDESTE;2026-01-28;112.08;92.3314;109.162;89.9276;111.715;121.3888
CURUA-UNA;272;Reservatório com Usina;AMAZONAS;BELO MONTE;N;NORTE;2026-01-28;24.235;95.5906;24.235;95.5906;20.441;25.3529
D. FRANCISCA;114;Fio dagua;JACUI;SUL;S;SUL;2026-01-28;59.938;84.2451;59.938;84.2451;58.281;71.1472
DARDANELOS;310;Fio dagua;AMAZONAS;MADEIRA;SE;SUDESTE;2026-01-28;534.591;126.0759;245.247;57.8381;530.13;424.0232
E. DA CUNHA;15;Fio dagua;GRANDE;PARANA;SE;SUDESTE;2026-01-28;111.705;96.6885;111.705;96.6885;109.448;115.5308
EMBORCAÇÃO;24;Reservatório com Usina;PARANAIBA;PARANA;SE;SUDESTE;2026-01-28;1180.252;118.3554;1180.252;118.3554;1133.92;997.2102
ESPORA;290;Reservatório com Usina;PARANAIBA;PARANA;SE;SUDESTE;2026-01-28;18.509;57.5385;18.509;57.5385;17.603;32.168
ESTREITO;267;Fio dagua;TOCANTINS;NORTE;N;NORTE;2026-01-28;600.844;42.6607;600.844;42.6607;533.613;1408.425
FERREIRA GOMES;284;Fio dagua;ARAGUARI;MANAUS-AMAPA;N;NORTE;2026-01-28;63.187;74.6067;63.187;74.6067;67.621;84.6935
FONTES;132;Fio dagua;PARAIBA DO SUL;SUDESTE;SE;SUDESTE;2026-01-28;109.38;89.978;109.38;89.978;109.45;121.563
FOZ CHAPECO;103;Fio dagua;URUGUAI;SUL;S;SUL;2026-01-28;200.138;51.7668;164.541;42.5594;200.058;386.6148
FOZ DO RIO CLARO;315;Fio dagua;PARANAIBA;PARANA;SE;SUDESTE;2026-01-28;29.023;39.0908;29.023;39.0908;29.005;74.245
FUNDÃO;72;Fio dagua;IGUACU;IGUACU;S;SUL;2026-01-28;30.412;36.9799;30.412;36.9799;31.522;82.2393
FUNIL;123;Reservatório com Usina;PARAIBA DO SUL;SUDESTE;SE;SUDESTE;2026-01-28;220.38;105.6953;220.38;105.6953;209.191;208.505
FUNIL-MG;4;Fio dagua;GRANDE;PARANA;SE;SUDESTE;2026-01-28;165.749;81.9351;165.749;81.9351;169.622;202.293
FURNAS;6;Reservatório com Usina;GRANDE;PARANA;SE;SUDESTE;2026-01-28;1572.749;113.0626;1572.749;113.0626;1490.373;1391.043
G. B. MUNHOZ;74;Reservatório com Usina;IGUACU;IGUACU;S;SUL;2026-01-28;223.901;33.0695;223.901;33.0695;214.326;677.0622
G. P. SOUZA;115;Reservatório com Usina;CAPIVARI;SUL;S;SUL;2026-01-28;107.386;67.6;107.386;67.6;107.212;158.855
GARIBALDI;89;Reservatório com Usina;URUGUAI;SUL;S;SUL;2026-01-28;32.385;39.7016;32.385;39.7016;32.499;81.5711
GOV JAYME CANET JR;57;Reservatório com Usina;PARANAPANEMA;IGUACU;S;SUL;2026-01-28;87.3;27.2755;87.3;27.2755;86.004;320.067
GUAPORE;196;Fio dagua;AMAZONAS;MADEIRA;SE;SUDESTE;2026-01-28;59.073;106.1945;59.073;106.1945;58.998;55.6272
GUILM. AMORIM;192;Fio dagua;DOCE;SUDESTE;SE;SUDESTE;2026-01-28;71.982;48.3176;71.982;48.3176;71.346;148.9768
HENRY BORDEN;119;Fio dagua;TIETE;SUDESTE;SE;SUDESTE;2026-01-28;570.466;149.8806;570.466;149.8806;570.142;380.6136
I. SOLTEIRA;34;Reservatório com Usina;PARANA;PARANA;SE;SUDESTE;2026-01-28;2712.981;80.9057;2712.981;80.9057;2781.016;3353.2623
IBITINGA;39;Fio dagua;TIETE;PARANA;SE;SUDESTE;2026-01-28;88.304;55.988;87.088;55.217;89.01;157.7196
IGARAPAVA;10;Fio dagua;GRANDE;PARANA;SE;SUDESTE;2026-01-28;286.985;93.4229;286.985;93.4229;276.818;307.1891
ILHA POMBOS;130;Fio dagua;PARAIBA DO SUL;SUDESTE;SE;SUDESTE;2026-01-28;192.037;82.4503;175.554;75.3734;193.133;232.9124
IRAPE;148;Reservatório com Usina;JEQUITINHONHA;SUDESTE;SE;SUDESTE;2026-01-28;265.489;55.3576;265.489;55.3576;266.744;479.589
ITÁ;92;Fio dagua;URUGUAI;SUL;S;SUL;2026-01-28;268.343;41.7227;268.343;41.7227;265.799;643.1579
ITAIPU;66;Fio dagua;PARANA;ITAIPU;SE;SUDESTE;2026-01-28;9276.772;61.6965;9276.772;61.6965;9525.868;15036.1432
ITAPEBI;154;Fio dagua;JEQUITINHONHA;NORDESTE;NE;NORDESTE;2026-01-28;309.18;55.8682;291.305;52.6382;311.153;553.41
ITAUBA;113;Fio dagua;JACUI;SUL;S;SUL;2026-01-28;122.775;93.4079;122.775;93.4079;119.11;131.4396
ITIQUIRA I;304;Fio dagua;PARAGUAI;SUDESTE;SE;SUDESTE;2026-01-28;39.316;51.6762;34.705;45.6156;39.348;76.0815
ITIQUIRA II;305;Fio dagua;PARAGUAI;SUDESTE;SE;SUDESTE;2026-01-28;62.615;51.677;60.167;49.6566;63.049;121.1661
ITUMBIARA;31;Reservatório com Usina;PARANAIBA;PARANA;SE;SUDESTE;2026-01-28;2086.815;113.5644;2086.815;113.5644;1930.023;1837.5605
ITUTINGA;2;Fio dagua;GRANDE;PARANA;SE;SUDESTE;2026-01-28;61.042;103.5042;61.042;103.5042;62.067;58.9754
JACUI;112;Fio dagua;JACUI;SUL;S;SUL;2026-01-28;121.65;108.5104;0.0;0.0;126.331;112.1091
JAGUARA;9;Fio dagua;GRANDE;PARANA;SE;SUDESTE;2026-01-28;768.686;99.085;712.286;91.8149;761.423;775.7848
JAGUARI;120;Reservatório com Usina;PARAIBA DO SUL;SUDESTE;SE;SUDESTE;2026-01-28;18.711;82.3649;18.711;82.3649;17.175;22.7172
JAURU;195;Fio dagua;PARAGUAI;SUDESTE;SE;SUDESTE;2026-01-28;81.293;91.0834;81.293;91.0834;80.989;89.2512
JIRAU;285;Fio dagua;AMAZONAS;MADEIRA;SE;SUDESTE;2026-01-28;4422.276;121.3406;3425.161;93.9813;3946.721;3644.515
JUPIA;45;Fio dagua;PARANA;PARANA;SE;SUDESTE;2026-01-28;1420.209;76.4762;1420.209;76.4762;1462.391;1857.06
JURUENA;309;Fio dagua;AMAZONAS;TELES PIRES;SE;SUDESTE;2026-01-28;43.434;91.4323;38.98;82.0562;44.74;47.504
JURUMIRIM;47;Reservatório com Usina;PARANAPANEMA;PARANAPANEMA;SE;SUDESTE;2026-01-28;30.131;31.9907;30.131;31.9907;30.035;94.1868
L. C. BARRETO;8;Fio dagua;GRANDE;PARANA;SE;SUDESTE;2026-01-28;1080.963;101.9047;1080.963;101.9047;1079.043;1060.7587
LAJEADO;261;Fio dagua;TOCANTINS;SUDESTE;SE;SUDESTE;2026-01-28;707.262;49.3756;707.262;49.3756;703.398;1432.4115
LIMOEIRO;16;Fio dagua;GRANDE;PARANA;SE;SUDESTE;2026-01-28;33.683;97.1215;32.799;94.5726;32.438;34.6813
LUIZ GONZAGA;172;Reservatório com Usina;SAO FRANCISCO;NORDESTE;NE;NORDESTE;2026-01-28;1050.128;52.9253;1050.128;52.9253;1027.209;1984.17
M. MORAES;7;Reservatório com Usina;GRANDE;PARANA;SE;SUDESTE;2026-01-28;702.926;106.0838;702.926;106.0838;728.44;662.6139
MACHADINHO;91;Reservatório com Usina;URUGUAI;SUL;S;SUL;2026-01-28;224.558;49.096;224.558;49.096;222.323;457.3859
MANSO;278;Reservatório com Usina;PARAGUAI;SUDESTE;SE;SUDESTE;2026-01-28;312.811;208.0303;312.811;208.0303;314.593;150.368
MARIMBONDO;17;Reservatório com Usina;GRANDE;PARANA;SE;SUDESTE;2026-01-28;1207.903;72.7148;1207.903;72.7148;1164.477;1661.1515
MASCARENHAS;144;Fio dagua;DOCE;SUDESTE;SE;SUDESTE;2026-01-28;231.923;65.2871;165.69;46.6423;205.136;355.2354
MIRANDA;26;Reservatório com Usina;PARANAIBA;PARANA;SE;SUDESTE;2026-01-28;333.421;92.7948;333.421;92.7948;334.72;359.31
MONJOLINHO;94;Fio dagua;URUGUAI;SUL;S;SUL;2026-01-28;13.338;39.8387;13.338;39.8387;13.206;33.48
MONTE CLARO;98;Fio dagua;JACUI;SUL;S;SUL;2026-01-28;23.197;40.4381;18.594;32.4139;23.778;57.3642
N. AVANHANDAVA;42;Fio dagua;TIETE;PARANA;SE;SUDESTE;2026-01-28;152.939;46.7532;152.939;46.7532;151.106;327.12
NILO PEÇANHA;131;Fio dagua;PARAIBA DO SUL;SUDESTE;SE;SUDESTE;2026-01-28;386.942;100.6992;386.942;100.6992;386.91;384.2553
NOVA PONTE;25;Reservatório com Usina;PARANAIBA;PARANA;SE;SUDESTE;2026-01-28;447.549;91.1161;447.549;91.1161;395.451;491.1852
OURINHOS;249;Fio dagua;PARANAPANEMA;PARANAPANEMA;SE;SUDESTE;2026-01-28;13.038;26.6267;9.286;18.9643;13.974;48.9658
P. AFONSO 1,2,3;174;Fio dagua;SAO FRANCISCO;NORDESTE;NE;NORDESTE;2026-01-28;901.805;52.9489;901.805;52.9489;188.421;1703.16
P. AFONSO 4;175;Fio dagua;SAO FRANCISCO;NORDESTE;NE;NORDESTE;2026-01-28;1290.767;52.9489;1290.767;52.9489;2190.985;2437.7598
P. COLOMBIA;12;Fio dagua;GRANDE;PARANA;SE;SUDESTE;2026-01-28;391.256;80.9918;391.256;80.9918;401.476;483.0812
PARAIBUNA;121;Reservatório com Usina;PARAIBA DO SUL;SUDESTE;SE;SUDESTE;2026-01-28;262.503;356.7901;262.503;356.7901;247.795;73.5735
PARANAPANEMA;53;Fio dagua;PARANAPANEMA;PARANAPANEMA;SE;SUDESTE;2026-01-28;13.363;31.664;13.363;31.664;13.927;42.2025
PASSO FUNDO;93;Reservatório com Usina;URUGUAI;SUL;S;SUL;2026-01-28;30.507;39.1708;30.507;39.1708;30.696;77.882
PASSO REAL;111;Reservatório com Usina;JACUI;SUL;S;SUL;2026-01-28;56.552;109.7075;56.552;109.7075;60.02;51.548
PASSO SAO JOAO;102;Fio dagua;URUGUAI;SUL;S;SUL;2026-01-28;37.59;84.4008;31.736;71.2568;37.691;44.5375
PEDRA DO CAVALO;189;Reservatório com Usina;PARAGUACU;NORDESTE;NE;NORDESTE;2026-01-28;34.025;23.451;34.025;23.451;34.463;145.0899
PEIXE ANGICAL;257;Reservatório com Usina;TOCANTINS;SUDESTE;SE;SUDESTE;2026-01-28;499.766;68.7232;499.766;68.7232;523.329;727.216
PEREIRA PASSOS;133;Fio dagua;PARAIBA DO SUL;SUDESTE;SE;SUDESTE;2026-01-28;59.646;98.1336;59.646;98.1336;60.258;60.7804
PICADA;126;Fio dagua;PARAIBA DO SUL;SUDESTE;SE;SUDESTE;2026-01-28;85.44;119.3543;47.339;66.1296;84.984;71.5852
PIMENTAL;314;Fio dagua;AMAZONAS;BELO MONTE;N;NORTE;2026-01-28;137.739;98.1508;137.739;98.1508;138.753;140.334
PIRAJU;48;Fio dagua;PARANAPANEMA;PARANAPANEMA;SE;SUDESTE;2026-01-28;24.169;31.6644;24.169;31.6644;24.979;76.3286
PONTE DE PEDRA;281;Fio dagua;PARAGUAI;SUDESTE;SE;SUDESTE;2026-01-28;156.179;82.1512;127.441;67.0348;156.411;190.1116
PORTO ESTRELA;135;Reservatório com Usina;DOCE;SUDESTE;SE;SUDESTE;2026-01-28;81.053;59.0203;73.245;53.3348;77.767;137.3307
PORTO PRIMAVERA;46;Fio dagua;PARANA;PARANA;SE;SUDESTE;2026-01-28;1435.756;73.0858;1435.756;73.0858;1475.508;1964.48
PROMISSÃO;40;Reservatório com Usina;TIETE;PARANA;SE;SUDESTE;2026-01-28;113.101;48.5366;0.0;0.0;113.942;233.022
QUEBRA QUEIXO;95;Reservatório com Usina;URUGUAI;SUL;S;SUL;2026-01-28;23.94;39.8801;23.94;39.8801;23.641;60.03
QUEIMADO;162;Reservatório com Usina;SAO FRANCISCO;SUDESTE;SE;SUDESTE;2026-01-28;78.887;62.4547;78.887;62.4547;77.53;126.3108
RETIRO BAIXO;155;Reservatório com Usina;SAO FRANCISCO;SUDESTE;SE;SUDESTE;2026-01-28;117.281;110.5713;83.821;79.0256;115.039;106.0682
RONDON II;276;Reservatório com Usina;AMAZONAS;MADEIRA;SE;SUDESTE;2026-01-28;66.725;108.7527;66.725;108.7527;65.736;61.3548
ROSAL;217;Fio dagua;ITABAPOANA;SUDESTE;SE;SUDESTE;2026-01-28;51.368;49.8195;51.368;49.8195;51.22;103.1083
ROSANA;63;Fio dagua;PARANAPANEMA;PARANAPANEMA;SE;SUDESTE;2026-01-28;121.74;38.0041;95.598;29.8432;127.466;320.334
S.DO FACÃO;21;Reservatório com Usina;PARANAIBA;PARANA;SE;SUDESTE;2026-01-28;286.1;144.5574;286.1;144.5574;272.469;197.9145
S.R.VERDINHO;241;Fio dagua;PARANAIBA;PARANA;SE;SUDESTE;2026-01-28;39.549;41.1243;39.549;41.1243;40.08;96.1694
SA CARVALHO;193;Fio dagua;DOCE;SUDESTE;SE;SUDESTE;2026-01-28;71.887;47.6829;46.605;30.9133;71.644;150.7604
SALTO;262;Fio dagua;PARANAIBA;PARANA;SE;SUDESTE;2026-01-28;50.404;47.4403;50.404;47.4403;50.619;106.2472
SALTO CAXIAS;82;Fio dagua;IGUACU;IGUACU;S;SUL;2026-01-28;269.067;40.439;269.067;40.439;267.372;665.3644
SALTO GRANDE CM;134;Fio dagua;DOCE;SUDESTE;SE;SUDESTE;2026-01-28;136.709;59.3938;136.709;59.3938;132.539;230.174
SALTO GRANDE CS;50;Fio dagua;PARANAPANEMA;PARANAPANEMA;SE;SUDESTE;2026-01-28;28.892;29.8348;7.092;7.3234;29.69;96.8399
SALTO OSORIO;78;Fio dagua;IGUACU;IGUACU;S;SUL;2026-01-28;221.897;40.2617;221.897;40.2617;224.495;551.1373
SALTO PILAO;215;Fio dagua;ITAJAI;SUL;S;SUL;2026-01-28;88.417;43.5828;88.417;43.5828;88.628;202.8715
SALTO SANTIAGO;77;Reservatório com Usina;IGUACU;IGUACU;S;SUL;2026-01-28;330.585;40.1919;330.585;40.1919;330.829;822.5162
SAMUEL;279;Reservatório com Usina;AMAZONAS;MADEIRA;SE;SUDESTE;2026-01-28;421.183;312.4837;421.183;312.4837;386.825;134.7856
SANTA BRANCA;122;Reservatório com Usina;PARAIBA DO SUL;SUDESTE;SE;SUDESTE;2026-01-28;159.429;361.1239;159.429;361.1239;141.567;44.148
SANTA CLARA-PR;71;Reservatório com Usina;IGUACU;IGUACU;S;SUL;2026-01-28;27.263;35.6918;27.263;35.6918;26.693;76.3844
SANTO ANTONIO;287;Fio dagua;AMAZONAS;MADEIRA;SE;SUDESTE;2026-01-28;4502.775;118.6797;3520.773;92.7971;3641.122;3794.0553
SAO DOMINGOS;153;Fio dagua;PARANA;PARANA;SE;SUDESTE;2026-01-28;27.897;60.9665;25.747;56.2679;27.934;45.7579
SAO JOSE;101;Fio dagua;URUGUAI;SUL;S;SUL;2026-01-28;26.559;83.6815;26.559;83.6815;26.597;31.7382
SAO MANOEL;230;Fio dagua;AMAZONAS;TELES PIRES;SE;SUDESTE;2026-01-28;886.064;107.1124;754.804;91.2449;778.101;827.2283
SAO ROQUE;88;Reservatório com Usina;URUGUAI;SUL;S;SUL;2026-01-28;30.943;38.5835;30.943;38.5835;30.615;80.1975
SAO SALVADOR;253;Fio dagua;TOCANTINS;SUDESTE;SE;SUDESTE;2026-01-28;307.084;84.454;307.084;84.454;295.939;363.6108
SÃO SIMÃO;33;Reservatório com Usina;PARANAIBA;PARANA;SE;SUDESTE;2026-01-28;2751.721;109.7316;2751.721;109.7316;2650.234;2507.683
SEGREDO;76;Reservatório com Usina;IGUACU;IGUACU;S;SUL;2026-01-28;290.211;39.83;290.211;39.83;295.322;728.624
SERRA DA MESA;251;Reservatório com Usina;TOCANTINS;SUDESTE;SE;SUDESTE;2026-01-28;1046.133;73.128;1046.133;73.128;1022.839;1430.55
SIMPLICIO;129;Fio dagua;PARAIBA DO SUL;SUDESTE;SE;SUDESTE;2026-01-28;201.214;63.5681;201.214;63.5681;198.604;316.53285
SINOP;227;Reservatório com Usina;AMAZONAS;TELES PIRES;SE;SUDESTE;2026-01-28;249.676;73.1518;242.626;71.0862;206.525;341.3124
SOBRADINHO;169;Reservatório com Usina;SAO FRANCISCO;NORDESTE;NE;NORDESTE;2026-01-28;564.81;51.885;564.81;51.885;530.693;1088.5805
SOBRAGI;127;Fio dagua;PARAIBA DO SUL;SUDESTE;SE;SUDESTE;2026-01-28;90.825;101.4238;54.289;60.6242;90.67;89.55
STA.CLARA-MG;283;Fio dagua;MUCURI;SUDESTE;SE;SUDESTE;2026-01-28;35.34;47.6489;35.34;47.6489;35.343;74.1675
STO ANTONIO DO JARI;286;Fio dagua;AMAZONAS;MANAUS-AMAPA;N;NORTE;2026-01-28;77.09;48.3312;77.09;48.3312;79.334;159.5035
SUIÇA;145;Fio dagua;SANTA MARIA VIT;SUDESTE;SE;SUDESTE;2026-01-28;15.426;36.4991;15.426;36.4991;15.261;42.264
TAQUARUÇU;62;Fio dagua;PARANAPANEMA;PARANAPANEMA;SE;SUDESTE;2026-01-28;129.806;37.1078;129.806;37.1078;128.11;349.8075
TELES PIRES;229;Fio dagua;AMAZONAS;TELES PIRES;SE;SUDESTE;2026-01-28;1983.134;108.4847;1530.801;83.7404;1982.141;1828.0318
TRÊS IRMÃOS;43;Reservatório com Usina;TIETE;PARANA;SE;SUDESTE;2026-01-28;266.234;53.8203;266.234;53.8203;269.155;494.6725
TRÊS MARIAS;156;Reservatório com Usina;SAO FRANCISCO;SUDESTE;SE;SUDESTE;2026-01-28;1087.545;175.0435;1087.545;175.0435;1096.738;621.3
TUCURUI;275;Reservatório com Usina;TOCANTINS;NORTE;N;NORTE;2026-01-28;4409.639;54.403;4409.639;54.403;4112.893;8105.5008
VOLTA GRANDE;11;Fio dagua;GRANDE;PARANA;SE;SUDESTE;2026-01-28;460.689;87.2237;460.689;87.2237;444.325;528.1696
XINGO;178;Fio dagua;SAO FRANCISCO;NORDESTE;NE;NORDESTE;2026-01-28;2533.158;52.5062;2533.158;52.5062;2583.717;4824.4975
14 DE JULHO;99;Fio dagua;JACUI;SUL;S;SUL;2026-01-29;24.39;48.1361;24.39;48.1361;23.917;50.6688
A. VERMELHA;18;Reservatório com Usina;GRANDE;PARANA;SE;SUDESTE;2026-01-29;1131.724;68.3893;1131.724;68.3893;1064.177;1654.825
AIMORES;143;Fio dagua;DOCE;SUDESTE;SE;SUDESTE;2026-01-29;197.186;50.3172;183.373;46.7925;205.458;391.8856
APOLONIO SALES;173;Fio dagua;SAO FRANCISCO;NORDESTE;NE;NORDESTE;2026-01-29;227.579;52.1316;227.579;52.1316;45.639;436.5468
B. BONITA;37;Reservatório com Usina;TIETE;PARANA;SE;SUDESTE;2026-01-29;74.192;61.524;74.192;61.524;79.147;120.5904
B.COQUEIROS;312;Fio dagua;PARANAIBA;PARANA;SE;SUDESTE;2026-01-29;40.088;43.1589;40.088;43.1589;41.531;92.8846
BAGUARI;141;Fio dagua;DOCE;SUDESTE;SE;SUDESTE;2026-01-29;105.351;61.1273;91.427;53.0482;101.992;172.347
BAIXO IGUACU;83;Fio dagua;IGUACU;IGUACU;S;SUL;2026-01-29;74.693;39.9297;74.693;39.9297;72.212;187.0614
BALBINA;277;Reservatório com Usina;AMAZONAS;MANAUS-AMAPA;N;NORTE;2026-01-29;159.615;189.4765;159.615;189.4765;154.395;84.24
BARIRI;38;Fio dagua;TIETE;PARANA;SE;SUDESTE;2026-01-29;84.393;60.0095;84.393;60.0095;84.138;140.6328
BARRA BRAUNA;185;Fio dagua;PARAIBA DO SUL;SUDESTE;SE;SUDESTE;2026-01-29;23.206;51.0698;23.206;51.0698;22.591;45.4398
BARRA GRANDE;86;Reservatório com Usina;URUGUAI;SUL;S;SUL;2026-01-29;115.191;43.0634;110.945;41.4761;115.164;267.4917
BATALHA;20;Reservatório com Usina;PARANAIBA;PARANA;SE;SUDESTE;2026-01-29;78.452;120.0703;78.452;120.0703;76.765;65.3384
BELO MONTE;288;Fio dagua;AMAZONAS;BELO MONTE;N;NORTE;2026-01-29;4993.57;89.1941;4993.57;89.1941;4930.835;5598.54
BOA ESPERANÇA;190;Reservatório com Usina;PARNAIBA;NORDESTE;NE;NORDESTE;2026-01-29;139.225;57.8507;139.225;57.8507;133.569;240.6624
C. DOURADA;32;Fio dagua;PARANAIBA;PARANA;SE;SUDESTE;2026-01-29;772.186;104.4147;771.375;104.3051;809.748;739.5374
C.BRANCO-1;27;Reservatório com Usina;PARANAIBA;PARANA;SE;SUDESTE;2026-01-29;249.543;82.7052;249.543;82.7052;245.137;301.726
C.BRANCO-2;28;Fio dagua;PARANAIBA;PARANA;SE;SUDESTE;2026-01-29;223.271;87.6515;223.271;87.6515;225.073;254.7259
CACHOEIRA CALDEIRAO;204;Fio dagua;ARAGUARI;MANAUS-AMAPA;N;NORTE;2026-01-29;66.58;84.7123;54.769;69.6847;68.299;78.5954
CACONDE;14;Reservatório com Usina;GRANDE;PARANA;SE;SUDESTE;2026-01-29;73.282;93.3999;73.282;93.3999;72.214;78.4605
CACU;311;Reservatório com Usina;PARANAIBA;PARANA;SE;SUDESTE;2026-01-29;29.661;43.9071;2.688;3.979;30.319;67.554
CAMARGOS;1;Reservatório com Usina;GRANDE;PARANA;SE;SUDESTE;2026-01-29;50.949;101.4128;50.949;101.4128;53.575;50.2392
CAMPOS NOVOS;90;Reservatório com Usina;URUGUAI;SUL;S;SUL;2026-01-29;158.943;41.2291;158.943;41.2291;159.0;385.512
CANA BRAVA;252;Fio dagua;TOCANTINS;SUDESTE;SE;SUDESTE;2026-01-29;394.842;66.4578;394.842;66.4578;385.265;594.1248
CANASTRA;87;Fio dagua;JACUI;SUL;S;SUL;2026-01-29;;;;;;
CANDONGA;139;Fio dagua;DOCE;SUDESTE;SE;SUDESTE;2026-01-29;72.08;60.1771;72.08;60.1771;67.961;119.7798
CANOAS I;52;Fio dagua;PARANAPANEMA;PARANAPANEMA;SE;SUDESTE;2026-01-29;31.577;30.8688;31.577;30.8688;31.655;102.2943
CANOAS II;51;Fio dagua;PARANAPANEMA;PARANAPANEMA;SE;SUDESTE;2026-01-29;25.993;30.4388;25.993;30.4388;26.578;85.3944
CAPIVARA;61;Reservatório com Usina;PARANAPANEMA;PARANAPANEMA;SE;SUDESTE;2026-01-29;210.402;37.39;210.402;37.39;220.165;562.7232
CASTRO ALVES;97;Fio dagua;JACUI;SUL;S;SUL;2026-01-29;48.313;65.5628;48.313;65.5628;47.413;73.6896
CHAVANTES;49;Reservatório com Usina;PARANAPANEMA;PARANAPANEMA;SE;SUDESTE;2026-01-29;80.913;26.0419;80.913;26.0419;79.191;310.7031
COARACY NUNES;280;Fio dagua;ARAGUARI;MANAUS-AMAPA;N;NORTE;2026-01-29;84.426;83.8395;57.142;56.7451;84.393;100.6995
COLIDER;228;Fio dagua;AMAZONAS;TELES PIRES;SE;SUDESTE;2026-01-29;234.267;73.492;142.628;44.7439;165.823;318.7652
CORUMBA;30;Reservatório com Usina;PARANAIBA;PARANA;SE;SUDESTE;2026-01-29;331.228;73.3975;331.228;73.3975;335.795;451.2798
CORUMBA-3;203;Reservatório com Usina;PARANAIBA;PARANA;SE;SUDESTE;2026-01-29;75.213;83.664;72.436;80.575;73.487;89.8989
CORUMBA-4;29;Reservatório com Usina;PARANAIBA;PARANA;SE;SUDESTE;2026-01-29;105.019;86.5146;102.684;84.591;104.472;121.3888
CURUA-UNA;272;Reservatório com Usina;AMAZONAS;BELO MONTE;N;NORTE;2026-01-29;24.231;95.5749;24.231;95.5749;20.677;25.3529
D. FRANCISCA;114;Fio dagua;JACUI;SUL;S;SUL;2026-01-29;59.106;83.0757;59.106;83.0757;57.425;71.1472
DARDANELOS;310;Fio dagua;AMAZONAS;MADEIRA;SE;SUDESTE;2026-01-29;540.63;127.5001;233.039;54.959;535.619;424.0232
E. DA CUNHA;15;Fio dagua;GRANDE;PARANA;SE;SUDESTE;2026-01-29;108.486;93.9022;99.484;86.1104;107.14;115.5308
EMBORCAÇÃO;24;Reservatório com Usina;PARANAIBA;PARANA;SE;SUDESTE;2026-01-29;1194.73;119.8072;1194.73;119.8072;1152.678;997.2102
ESPORA;290;Reservatório com Usina;PARANAIBA;PARANA;SE;SUDESTE;2026-01-29;19.996;62.1612;19.996;62.1612;18.953;32.168
ESTREITO;267;Fio dagua;TOCANTINS;NORTE;N;NORTE;2026-01-29;623.478;44.2677;623.478;44.2677;577.054;1408.425
FERREIRA GOMES;284;Fio dagua;ARAGUARI;MANAUS-AMAPA;N;NORTE;2026-01-29;70.434;83.1634;70.434;83.1634;75.46;84.6935
FONTES;132;Fio dagua;PARAIBA DO SUL;SUDESTE;SE;SUDESTE;2026-01-29;107.002;88.0218;107.002;88.0218;107.102;121.563
FOZ CHAPECO;103;Fio dagua;URUGUAI;SUL;S;SUL;2026-01-29;202.414;52.3555;167.718;43.3812;201.536;386.6148
FOZ DO RIO CLARO;315;Fio dagua;PARANAIBA;PARANA;SE;SUDESTE;2026-01-29;30.759;41.4291;30.759;41.4291;30.556;74.245
FUNDÃO;72;Fio dagua;IGUACU;IGUACU;S;SUL;2026-01-29;40.339;49.0508;40.339;49.0508;41.959;82.2393
FUNIL;123;Reservatório com Usina;PARAIBA DO SUL;SUDESTE;SE;SUDESTE;2026-01-29;239.351;114.7939;239.351;114.7939;228.975;208.505
FUNIL-MG;4;Fio dagua;GRANDE;PARANA;SE;SUDESTE;2026-01-29;166.508;82.3103;166.508;82.3103;169.173;202.293
FURNAS;6;Reservatório com Usina;GRANDE;PARANA;SE;SUDESTE;2026-01-29;1507.977;108.4062;1507.977;108.4062;1439.506;1391.043
G. B. MUNHOZ;74;Reservatório com Usina;IGUACU;IGUACU;S;SUL;2026-01-29;213.094;31.4733;213.094;31.4733;202.691;677.0622
G. P. SOUZA;115;Reservatório com Usina;CAPIVARI;SUL;S;SUL;2026-01-29;109.801;69.1203;109.801;69.1203;109.595;158.855
GARIBALDI;89;Reservatório com Usina;URUGUAI;SUL;S;SUL;2026-01-29;28.506;34.9462;28.506;34.9462;28.539;81.5711
GOV JAYME CANET JR;57;Reservatório com Usina;PARANAPANEMA;IGUACU;S;SUL;2026-01-29;91.781;28.6756;91.781;28.6756;90.213;320.067
GUAPORE;196;Fio dagua;AMAZONAS;MADEIRA;SE;SUDESTE;2026-01-29;57.744;103.8053;57.744;103.8053;57.651;55.6272
GUILM. AMORIM;192;Fio dagua;DOCE;SUDESTE;SE;SUDESTE;2026-01-29;55.927;37.5407;55.927;37.5407;55.398;148.9768
HENRY BORDEN;119;Fio dagua;TIETE;SUDESTE;SE;SUDESTE;2026-01-29;568.932;149.4776;568.932;149.4776;568.848;380.6136
I. SOLTEIRA;34;Reservatório com Usina;PARANA;PARANA;SE;SUDESTE;2026-01-29;2758.469;82.2622;2758.469;82.2622;2834.429;3353.2623
IBITINGA;39;Fio dagua;TIETE;PARANA;SE;SUDESTE;2026-01-29;94.567;59.9589;94.567;59.9589;95.277;157.7196
IGARAPAVA;10;Fio dagua;GRANDE;PARANA;SE;SUDESTE;2026-01-29;318.584;103.7094;318.584;103.7094;316.519;307.1891
ILHA POMBOS;130;Fio dagua;PARAIBA DO SUL;SUDESTE;SE;SUDESTE;2026-01-29;203.739;87.4745;195.903;84.1102;205.478;232.9124
IRAPE;148;Reservatório com Usina;JEQUITINHONHA;SUDESTE;SE;SUDESTE;2026-01-29;203.055;42.3394;203.055;42.3394;205.111;479.589
ITÁ;92;Fio dagua;URUGUAI;SUL;S;SUL;2026-01-29;260.111;40.4428;260.111;40.4428;259.152;643.1579
ITAIPU;66;Fio dagua;PARANA;ITAIPU;SE;SUDESTE;2026-01-29;9785.018;65.0766;9785.018;65.0766;10033.087;15036.1432
ITAPEBI;154;Fio dagua;JEQUITINHONHA;NORDESTE;NE;NORDESTE;2026-01-29;342.313;61.8552;322.293;58.2377;346.106;553.41
ITAUBA;113;Fio dagua;JACUI;SUL;S;SUL;2026-01-29;120.479;91.6611;120.479;91.6611;114.724;131.4396
ITIQUIRA I;304;Fio dagua;PARAGUAI;SUDESTE;SE;SUDESTE;2026-01-29;40.538;53.2823;38.233;50.2527;40.557;76.0815
ITIQUIRA II;305;Fio dagua;PARAGUAI;SUDESTE;SE;SUDESTE;2026-01-29;64.561;53.2831;63.337;52.2729;64.705;121.1661
ITUMBIARA;31;Reservatório com Usina;PARANAIBA;PARANA;SE;SUDESTE;2026-01-29;1889.349;102.8183;1889.349;102.8183;1744.022;1837.5605
ITUTINGA;2;Fio dagua;GRANDE;PARANA;SE;SUDESTE;2026-01-29;59.809;101.4135;59.809;101.4135;60.75;58.9754
JACUI;112;Fio dagua;JACUI;SUL;S;SUL;2026-01-29;112.697;100.5244;0.0;0.0;117.095;112.1091
JAGUARA;9;Fio dagua;GRANDE;PARANA;SE;SUDESTE;2026-01-29;832.874;107.3589;828.141;106.7488;836.905;775.7848
JAGUARI;120;Reservatório com Usina;PARAIBA DO SUL;SUDESTE;SE;SUDESTE;2026-01-29;20.089;88.4308;20.089;88.4308;18.46;22.7172
JAURU;195;Fio dagua;PARAGUAI;SUDESTE;SE;SUDESTE;2026-01-29;80.661;90.3753;80.661;90.3753;80.614;89.2512
JIRAU;285;Fio dagua;AMAZONAS;MADEIRA;SE;SUDESTE;2026-01-29;4470.428;122.6618;3366.518;92.3722;3989.695;3644.515
JUPIA;45;Fio dagua;PARANA;PARANA;SE;SUDESTE;2026-01-29;1436.735;77.3661;1436.735;77.3661;1471.724;1857.06
JURUENA;309;Fio dagua;AMAZONAS;TELES PIRES;SE;SUDESTE;2026-01-29;43.172;90.8808;27.14;57.132;44.708;47.504
JURUMIRIM;47;Reservatório com Usina;PARANAPANEMA;PARANAPANEMA;SE;SUDESTE;2026-01-29;27.058;28.728;27.058;28.728;26.98;94.1868
L. C. BARRETO;8;Fio dagua;GRANDE;PARANA;SE;SUDESTE;2026-01-29;1154.351;108.8231;1154.351;108.8231;1147.771;1060.7587
LAJEADO;261;Fio dagua;TOCANTINS;SUDESTE;SE;SUDESTE;2026-01-29;787.425;54.972;787.425;54.972;797.295;1432.4115
LIMOEIRO;16;Fio dagua;GRANDE;PARANA;SE;SUDESTE;2026-01-29;32.543;93.8344;32.543;93.8344;32.747;34.6813
LUIZ GONZAGA;172;Reservatório com Usina;SAO FRANCISCO;NORDESTE;NE;NORDESTE;2026-01-29;1033.919;52.1084;1033.919;52.1084;1011.967;1984.17
M. MORAES;7;Reservatório com Usina;GRANDE;PARANA;SE;SUDESTE;2026-01-29;731.135;110.341;731.135;110.341;768.978;662.6139
MACHADINHO;91;Reservatório com Usina;URUGUAI;SUL;S;SUL;2026-01-29;223.522;48.8695;223.522;48.8695;221.734;457.3859
MANSO;278;Reservatório com Usina;PARAGUAI;SUDESTE;SE;SUDESTE;2026-01-29;313.888;208.7465;313.888;208.7465;315.57;150.368
MARIMBONDO;17;Reservatório com Usina;GRANDE;PARANA;SE;SUDESTE;2026-01-29;1353.644;81.4883;1353.644;81.4883;1310.427;1661.1515
MASCARENHAS;144;Fio dagua;DOCE;SUDESTE;SE;SUDESTE;2026-01-29;181.333;51.0459;180.14;50.71;165.204;355.2354
MIRANDA;26;Reservatório com Usina;PARANAIBA;PARANA;SE;SUDESTE;2026-01-29;292.379;81.3724;292.379;81.3724;293.643;359.31
MONJOLINHO;94;Fio dagua;URUGUAI;SUL;S;SUL;2026-01-29;15.547;46.4367;15.547;46.4367;15.23;33.48
MONTE CLARO;98;Fio dagua;JACUI;SUL;S;SUL;2026-01-29;28.516;49.7104;23.912;41.6845;29.022;57.3642
N. AVANHANDAVA;42;Fio dagua;TIETE;PARANA;SE;SUDESTE;2026-01-29;157.638;48.1897;157.638;48.1897;155.029;327.12
NILO PEÇANHA;131;Fio dagua;PARAIBA DO SUL;SUDESTE;SE;SUDESTE;2026-01-29;386.942;100.6992;386.942;100.6992;387.362;384.2553
NOVA PONTE;25;Reservatório com Usina;PARANAIBA;PARANA;SE;SUDESTE;2026-01-29;432.485;88.0493;432.485;88.0493;382.783;491.1852
OURINHOS;249;Fio dagua;PARANAPANEMA;PARANAPANEMA;SE;SUDESTE;2026-01-29;12.872;26.2877;8.062;16.4646;13.586;48.9658
P. AFONSO 1,2,3;174;Fio dagua;SAO FRANCISCO;NORDESTE;NE;NORDESTE;2026-01-29;887.885;52.1316;887.885;52.1316;192.358;1703.16
P. AFONSO 4;175;Fio dagua;SAO FRANCISCO;NORDESTE;NE;NORDESTE;2026-01-29;1270.844;52.1316;1270.844;52.1316;2147.136;2437.7598
P. COLOMBIA;12;Fio dagua;GRANDE;PARANA;SE;SUDESTE;2026-01-29;439.89;91.0592;439.89;91.0592;461.495;483.0812
PARAIBUNA;121;Reservatório com Usina;PARAIBA DO SUL;SUDESTE;SE;SUDESTE;2026-01-29;165.638;225.1327;165.638;225.1327;156.522;73.5735
PARANAPANEMA;53;Fio dagua;PARANAPANEMA;PARANAPANEMA;SE;SUDESTE;2026-01-29;12.343;29.2471;12.343;29.2471;12.767;42.2025
PASSO FUNDO;93;Reservatório com Usina;URUGUAI;SUL;S;SUL;2026-01-29;38.941;50.0;38.941;50.0;39.171;77.882
PASSO REAL;111;Reservatório com Usina;JACUI;SUL;S;SUL;2026-01-29;51.692;100.2794;51.692;100.2794;54.837;51.548
PASSO SAO JOAO;102;Fio dagua;URUGUAI;SUL;S;SUL;2026-01-29;36.131;81.1249;30.278;67.9832;36.546;44.5375
PEDRA DO CAVALO;189;Reservatório com Usina;PARAGUACU;NORDESTE;NE;NORDESTE;2026-01-29;30.953;21.3337;30.953;21.3337;31.36;145.0899
PEIXE ANGICAL;257;Reservatório com Usina;TOCANTINS;SUDESTE;SE;SUDESTE;2026-01-29;467.159;64.2394;396.605;54.5374;471.295;727.216
PEREIRA PASSOS;133;Fio dagua;PARAIBA DO SUL;SUDESTE;SE;SUDESTE;2026-01-29;59.361;97.6647;59.361;97.6647;59.86;60.7804
PICADA;126;Fio dagua;PARAIBA DO SUL;SUDESTE;SE;SUDESTE;2026-01-29;60.362;84.3219;48.816;68.1929;60.18;71.5852
PIMENTAL;314;Fio dagua;AMAZONAS;BELO MONTE;N;NORTE;2026-01-29;138.89;98.971;138.89;98.971;135.917;140.334
PIRAJU;48;Fio dagua;PARANAPANEMA;PARANAPANEMA;SE;SUDESTE;2026-01-29;22.324;29.2472;22.324;29.2472;23.072;76.3286
PONTE DE PEDRA;281;Fio dagua;PARAGUAI;SUDESTE;SE;SUDESTE;2026-01-29;159.031;83.6514;130.293;68.535;159.399;190.1116
PORTO ESTRELA;135;Reservatório com Usina;DOCE;SUDESTE;SE;SUDESTE;2026-01-29;63.792;46.4514;63.792;46.4514;61.169;137.3307
PORTO PRIMAVERA;46;Fio dagua;PARANA;PARANA;SE;SUDESTE;2026-01-29;1457.662;74.2009;1457.662;74.2009;1499.504;1964.48
PROMISSÃO;40;Reservatório com Usina;TIETE;PARANA;SE;SUDESTE;2026-01-29;120.547;51.732;99.247;42.5913;122.838;233.022
QUEBRA QUEIXO;95;Reservatório com Usina;URUGUAI;SUL;S;SUL;2026-01-29;23.608;39.327;23.608;39.327;23.272;60.03
QUEIMADO;162;Reservatório com Usina;SAO FRANCISCO;SUDESTE;SE;SUDESTE;2026-01-29;78.772;62.3636;78.772;62.3636;77.464;126.3108
RETIRO BAIXO;155;Reservatório com Usina;SAO FRANCISCO;SUDESTE;SE;SUDESTE;2026-01-29;96.693;91.1612;71.263;67.186;94.896;106.0682
RONDON II;276;Reservatório com Usina;AMAZONAS;MADEIRA;SE;SUDESTE;2026-01-29;64.16;104.5721;64.16;104.5721;63.189;61.3548
ROSAL;217;Fio dagua;ITABAPOANA;SUDESTE;SE;SUDESTE;2026-01-29;44.658;43.3117;44.658;43.3117;44.459;103.1083
ROSANA;63;Fio dagua;PARANAPANEMA;PARANAPANEMA;SE;SUDESTE;2026-01-29;120.753;37.696;120.753;37.696;125.298;320.334
S.DO FACÃO;21;Reservatório com Usina;PARANAIBA;PARANA;SE;SUDESTE;2026-01-29;245.135;123.859;245.135;123.859;233.423;197.9145
S.R.VERDINHO;241;Fio dagua;PARANAIBA;PARANA;SE;SUDESTE;2026-01-29;44.107;45.8639;44.107;45.8639;44.813;96.1694
SA CARVALHO;193;Fio dagua;DOCE;SUDESTE;SE;SUDESTE;2026-01-29;55.688;36.9381;38.833;25.7581;55.576;150.7604
SALTO;262;Fio dagua;PARANAIBA;PARANA;SE;SUDESTE;2026-01-29;58.364;54.9323;58.364;54.9323;58.578;106.2472
SALTO CAXIAS;82;Fio dagua;IGUACU;IGUACU;S;SUL;2026-01-29;266.157;40.0017;266.157;40.0017;264.81;665.3644
SALTO GRANDE CM;134;Fio dagua;DOCE;SUDESTE;SE;SUDESTE;2026-01-29;109.088;47.3937;109.088;47.3937;106.019;230.174
SALTO GRANDE CS;50;Fio dagua;PARANAPANEMA;PARANAPANEMA;SE;SUDESTE;2026-01-29;29.234;30.188;6.693;6.9114;29.924;96.8399
SALTO OSORIO;78;Fio dagua;IGUACU;IGUACU;S;SUL;2026-01-29;222.397;40.3524;222.397;40.3524;222.143;551.1373
SALTO PILAO;215;Fio dagua;ITAJAI;SUL;S;SUL;2026-01-29;112.003;55.2088;110.239;54.3393;112.372;202.8715
SALTO SANTIAGO;77;Reservatório com Usina;IGUACU;IGUACU;S;SUL;2026-01-29;334.065;40.615;334.065;40.615;333.498;822.5162
SAMUEL;279;Reservatório com Usina;AMAZONAS;MADEIRA;SE;SUDESTE;2026-01-29;435.755;323.2949;435.755;323.2949;401.899;134.7856
SANTA BRANCA;122;Reservatório com Usina;PARAIBA DO SUL;SUDESTE;SE;SUDESTE;2026-01-29;112.335;254.4509;112.335;254.4509;100.05;44.148
SANTA CLARA-PR;71;Reservatório com Usina;IGUACU;IGUACU;S;SUL;2026-01-29;37.111;48.5845;37.111;48.5845;36.283;76.3844
SANTO ANTONIO;287;Fio dagua;AMAZONAS;MADEIRA;SE;SUDESTE;2026-01-29;4618.707;121.7354;3531.036;93.0676;3704.108;3794.0553
SAO DOMINGOS;153;Fio dagua;PARANA;PARANA;SE;SUDESTE;2026-01-29;33.363;72.912;31.521;68.8865;33.204;45.7579
SAO JOSE;101;Fio dagua;URUGUAI;SUL;S;SUL;2026-01-29;25.261;79.5918;25.261;79.5918;25.465;31.7382
SAO MANOEL;230;Fio dagua;AMAZONAS;TELES PIRES;SE;SUDESTE;2026-01-29;922.798;111.553;805.368;97.3574;799.555;827.2283
SAO ROQUE;88;Reservatório com Usina;URUGUAI;SUL;S;SUL;2026-01-29;49.176;61.3186;49.176;61.3186;48.463;80.1975
SAO SALVADOR;253;Fio dagua;TOCANTINS;SUDESTE;SE;SUDESTE;2026-01-29;259.984;71.5006;259.984;71.5006;250.33;363.6108
SÃO SIMÃO;33;Reservatório com Usina;PARANAIBA;PARANA;SE;SUDESTE;2026-01-29;2621.221;104.5276;2621.221;104.5276;2524.547;2507.683
SEGREDO;76;Reservatório com Usina;IGUACU;IGUACU;S;SUL;2026-01-29;301.656;41.4008;301.656;41.4008;306.554;728.624
SERRA DA MESA;251;Reservatório com Usina;TOCANTINS;SUDESTE;SE;SUDESTE;2026-01-29;938.961;65.6364;938.961;65.6364;919.695;1430.55
SIMPLICIO;129;Fio dagua;PARAIBA DO SUL;SUDESTE;SE;SUDESTE;2026-01-29;202.005;63.818;202.005;63.818;199.586;316.53285
SINOP;227;Reservatório com Usina;AMAZONAS;TELES PIRES;SE;SUDESTE;2026-01-29;252.785;74.0626;245.249;71.8547;212.031;341.3124
SOBRADINHO;169;Reservatório com Usina;SAO FRANCISCO;NORDESTE;NE;NORDESTE;2026-01-29;548.951;50.4281;548.951;50.4281;515.194;1088.5805
SOBRAGI;127;Fio dagua;PARAIBA DO SUL;SUDESTE;SE;SUDESTE;2026-01-29;68.058;76.0;49.432;55.2004;67.967;89.55
STA.CLARA-MG;283;Fio dagua;MUCURI;SUDESTE;SE;SUDESTE;2026-01-29;28.759;38.7757;28.759;38.7757;28.622;74.1675
STO ANTONIO DO JARI;286;Fio dagua;AMAZONAS;MANAUS-AMAPA;N;NORTE;2026-01-29;93.033;58.3266;93.033;58.3266;96.896;159.5035
SUIÇA;145;Fio dagua;SANTA MARIA VIT;SUDESTE;SE;SUDESTE;2026-01-29;14.285;33.7995;14.285;33.7995;14.177;42.264
TAQUARUÇU;62;Fio dagua;PARANAPANEMA;PARANAPANEMA;SE;SUDESTE;2026-01-29;130.826;37.3994;130.826;37.3994;124.796;349.8075
TELES PIRES;229;Fio dagua;AMAZONAS;TELES PIRES;SE;SUDESTE;2026-01-29;2068.046;113.1297;1750.15;95.7396;2071.447;1828.0318
TRÊS IRMÃOS;43;Reservatório com Usina;TIETE;PARANA;SE;SUDESTE;2026-01-29;245.847;49.6989;245.847;49.6989;249.787;494.6725
TRÊS MARIAS;156;Reservatório com Usina;SAO FRANCISCO;SUDESTE;SE;SUDESTE;2026-01-29;1052.705;169.4359;1052.705;169.4359;1066.865;621.3
TUCURUI;275;Reservatório com Usina;TOCANTINS;NORTE;N;NORTE;2026-01-29;4378.306;54.0165;4378.306;54.0165;4091.608;8105.5008
VOLTA GRANDE;11;Fio dagua;GRANDE;PARANA;SE;SUDESTE;2026-01-29;519.974;98.4483;519.974;98.4483;501.315;528.1696
XINGO;178;Fio dagua;SAO FRANCISCO;NORDESTE;NE;NORDESTE;2026-01-29;2558.515;53.0317;2558.515;53.0317;2611.505;4824.4975
14 DE JULHO;99;Fio dagua;JACUI;SUL;S;SUL;2026-01-30;25.356;50.0426;25.356;50.0426;24.811;50.6688
A. VERMELHA;18;Reservatório com Usina;GRANDE;PARANA;SE;SUDESTE;2026-01-30;1262.546;76.2948;1262.546;76.2948;1186.71;1654.825
AIMORES;143;Fio dagua;DOCE;SUDESTE;SE;SUDESTE;2026-01-30;159.55;40.7134;159.039;40.583;164.795;391.8856
APOLONIO SALES;173;Fio dagua;SAO FRANCISCO;NORDESTE;NE;NORDESTE;2026-01-30;224.633;51.4568;224.633;51.4568;50.999;436.5468
B. BONITA;37;Reservatório com Usina;TIETE;PARANA;SE;SUDESTE;2026-01-30;103.29;85.6536;103.29;85.6536;110.394;120.5904
B.COQUEIROS;312;Fio dagua;PARANAIBA;PARANA;SE;SUDESTE;2026-01-30;43.36;46.6816;41.432;44.6059;44.825;92.8846
BAGUARI;141;Fio dagua;DOCE;SUDESTE;SE;SUDESTE;2026-01-30;84.645;49.1131;82.947;48.1279;83.155;172.347
BAIXO IGUACU;83;Fio dagua;IGUACU;IGUACU;S;SUL;2026-01-30;68.491;36.6142;68.491;36.6142;67.668;187.0614
BALBINA;277;Reservatório com Usina;AMAZONAS;MANAUS-AMAPA;N;NORTE;2026-01-30;146.571;173.9922;146.571;173.9922;142.284;84.24
BARIRI;38;Fio dagua;TIETE;PARANA;SE;SUDESTE;2026-01-30;105.659;75.1311;105.659;75.1311;103.197;140.6328
BARRA BRAUNA;185;Fio dagua;PARAIBA DO SUL;SUDESTE;SE;SUDESTE;2026-01-30;23.243;51.1512;23.243;51.1512;22.657;45.4398
BARRA GRANDE;86;Reservatório com Usina;URUGUAI;SUL;S;SUL;2026-01-30;149.045;55.7195;149.045;55.7195;148.786;267.4917
BATALHA;20;Reservatório com Usina;PARANAIBA;PARANA;SE;SUDESTE;2026-01-30;69.031;105.6515;69.031;105.6515;67.722;65.3384
BELO MONTE;288;Fio dagua;AMAZONAS;BELO MONTE;N;NORTE;2026-01-30;5116.591;91.3915;5116.591;91.3915;5068.271;5598.54
BOA ESPERANÇA;190;Reservatório com Usina;PARNAIBA;NORDESTE;NE;NORDESTE;2026-01-30;132.262;54.9575;132.262;54.9575;126.577;240.6624
C. DOURADA;32;Fio dagua;PARANAIBA;PARANA;SE;SUDESTE;2026-01-30;723.063;97.7723;722.253;97.6628;760.071;739.5374
C.BRANCO-1;27;Reservatório com Usina;PARANAIBA;PARANA;SE;SUDESTE;2026-01-30;239.576;79.4018;239.576;79.4018;234.124;301.726
C.BRANCO-2;28;Fio dagua;PARANAIBA;PARANA;SE;SUDESTE;2026-01-30;201.75;79.2028;201.75;79.2028;202.061;254.7259
CACHOEIRA CALDEIRAO;204;Fio dagua;ARAGUARI;MANAUS-AMAPA;N;NORTE;2026-01-30;85.303;108.5343;73.774;93.8655;88.712;78.5954
CACONDE;14;Reservatório com Usina;GRANDE;PARANA;SE;SUDESTE;2026-01-30;111.819;142.5163;111.819;142.5163;110.688;78.4605
CACU;311;Reservatório com Usina;PARANAIBA;PARANA;SE;SUDESTE;2026-01-30;32.054;47.4494;32.054;47.4494;32.246;67.554
CAMARGOS;1;Reservatório com Usina;GRANDE;PARANA;SE;SUDESTE;2026-01-30;47.437;94.4223;47.437;94.4223;50.182;50.2392
CAMPOS NOVOS;90;Reservatório com Usina;URUGUAI;SUL;S;SUL;2026-01-30;187.825;48.7209;187.825;48.7209;188.869;385.512
CANA BRAVA;252;Fio dagua;TOCANTINS;SUDESTE;SE;SUDESTE;2026-01-30;365.193;61.4674;365.193;61.4674;359.602;594.1248
CANASTRA;87;Fio dagua;JACUI;SUL;S;SUL;2026-01-30;;;;;;
CANDONGA;139;Fio dagua;DOCE;SUDESTE;SE;SUDESTE;2026-01-30;61.344;51.214;61.344;51.214;58.754;119.7798
CANOAS I;52;Fio dagua;PARANAPANEMA;PARANAPANEMA;SE;SUDESTE;2026-01-30;33.565;32.8122;33.565;32.8122;33.669;102.2943
CANOAS II;51;Fio dagua;PARANAPANEMA;PARANAPANEMA;SE;SUDESTE;2026-01-30;27.574;32.2902;27.574;32.2902;28.136;85.3944
CAPIVARA;61;Reservatório com Usina;PARANAPANEMA;PARANAPANEMA;SE;SUDESTE;2026-01-30;213.356;37.9149;213.356;37.9149;223.207;562.7232
CASTRO ALVES;97;Fio dagua;JACUI;SUL;S;SUL;2026-01-30;39.67;53.8339;39.67;53.8339;38.704;73.6896
CHAVANTES;49;Reservatório com Usina;PARANAPANEMA;PARANAPANEMA;SE;SUDESTE;2026-01-30;80.202;25.8131;80.202;25.8131;78.553;310.7031
COARACY NUNES;280;Fio dagua;ARAGUARI;MANAUS-AMAPA;N;NORTE;2026-01-30;107.244;106.499;86.063;85.4652;105.337;100.6995
COLIDER;228;Fio dagua;AMAZONAS;TELES PIRES;SE;SUDESTE;2026-01-30;240.512;75.4511;214.121;67.172;179.036;318.7652
CORUMBA;30;Reservatório com Usina;PARANAIBA;PARANA;SE;SUDESTE;2026-01-30;327.691;72.6137;327.691;72.6137;332.992;451.2798
CORUMBA-3;203;Reservatório com Usina;PARANAIBA;PARANA;SE;SUDESTE;2026-01-30;71.943;80.0266;69.167;76.9386;70.329;89.8989
CORUMBA-4;29;Reservatório com Usina;PARANAIBA;PARANA;SE;SUDESTE;2026-01-30;97.496;80.3171;95.745;78.8747;96.754;121.3888
CURUA-UNA;272;Reservatório com Usina;AMAZONAS;BELO MONTE;N;NORTE;2026-01-30;24.398;96.2336;24.398;96.2336;20.933;25.3529
D. FRANCISCA;114;Fio dagua;JACUI;SUL;S;SUL;2026-01-30;63.412;89.1279;63.412;89.1279;64.424;71.1472
DARDANELOS;310;Fio dagua;AMAZONAS;MADEIRA;SE;SUDESTE;2026-01-30;536.285;126.4754;260.844;61.5164;512.603;424.0232
E. DA CUNHA;15;Fio dagua;GRANDE;PARANA;SE;SUDESTE;2026-01-30;148.187;128.2662;148.187;128.2662;145.176;115.5308
EMBORCAÇÃO;24;Reservatório com Usina;PARANAIBA;PARANA;SE;SUDESTE;2026-01-30;1295.458;129.9082;1295.458;129.9082;1243.997;997.2102
ESPORA;290;Reservatório com Usina;PARANAIBA;PARANA;SE;SUDESTE;2026-01-30;18.834;58.5489;18.834;58.5489;18.481;32.168
ESTREITO;267;Fio dagua;TOCANTINS;NORTE;N;NORTE;2026-01-30;678.614;48.1825;678.614;48.1825;611.734;1408.425
FERREIRA GOMES;284;Fio dagua;ARAGUARI;MANAUS-AMAPA;N;NORTE;2026-01-30;88.706;104.7377;88.706;104.7377;91.97;84.6935
FONTES;132;Fio dagua;PARAIBA DO SUL;SUDESTE;SE;SUDESTE;2026-01-30;106.732;87.7997;106.732;87.7997;106.832;121.563
FOZ CHAPECO;103;Fio dagua;URUGUAI;SUL;S;SUL;2026-01-30;199.138;51.5081;164.893;42.6505;199.881;386.6148
FOZ DO RIO CLARO;315;Fio dagua;PARANAIBA;PARANA;SE;SUDESTE;2026-01-30;33.226;44.7518;33.226;44.7518;32.869;74.245
FUNDÃO;72;Fio dagua;IGUACU;IGUACU;S;SUL;2026-01-30;48.131;58.5255;48.131;58.5255;49.996;82.2393
FUNIL;123;Reservatório com Usina;PARAIBA DO SUL;SUDESTE;SE;SUDESTE;2026-01-30;311.871;149.5748;311.871;149.5748;298.35;208.505
FUNIL-MG;4;Fio dagua;GRANDE;PARANA;SE;SUDESTE;2026-01-30;161.213;79.6928;161.213;79.6928;164.98;202.293
FURNAS;6;Reservatório com Usina;GRANDE;PARANA;SE;SUDESTE;2026-01-30;1474.766;106.0187;1474.766;106.0187;1200.23;1391.043
G. B. MUNHOZ;74;Reservatório com Usina;IGUACU;IGUACU;S;SUL;2026-01-30;209.736;30.9774;209.736;30.9774;198.948;677.0622
G. P. SOUZA;115;Reservatório com Usina;CAPIVARI;SUL;S;SUL;2026-01-30;106.115;66.7999;106.115;66.7999;105.893;158.855
GARIBALDI;89;Reservatório com Usina;URUGUAI;SUL;S;SUL;2026-01-30;42.059;51.5612;42.059;51.5612;42.03;81.5711
GOV JAYME CANET JR;57;Reservatório com Usina;PARANAPANEMA;IGUACU;S;SUL;2026-01-30;105.916;33.0918;105.916;33.0918;104.298;320.067
GUAPORE;196;Fio dagua;AMAZONAS;MADEIRA;SE;SUDESTE;2026-01-30;56.74;102.0005;56.74;102.0005;56.651;55.6272
GUILM. AMORIM;192;Fio dagua;DOCE;SUDESTE;SE;SUDESTE;2026-01-30;55.907;37.5273;55.907;37.5273;55.422;148.9768
HENRY BORDEN;119;Fio dagua;TIETE;SUDESTE;SE;SUDESTE;2026-01-30;684.025;179.7164;684.025;179.7164;682.327;380.6136
I. SOLTEIRA;34;Reservatório com Usina;PARANA;PARANA;SE;SUDESTE;2026-01-30;2785.986;83.0829;2785.986;83.0829;2860.211;3353.2623
IBITINGA;39;Fio dagua;TIETE;PARANA;SE;SUDESTE;2026-01-30;113.103;71.7114;113.103;71.7114;113.677;157.7196
IGARAPAVA;10;Fio dagua;GRANDE;PARANA;SE;SUDESTE;2026-01-30;329.455;107.2483;329.455;107.2483;316.617;307.1891
ILHA POMBOS;130;Fio dagua;PARAIBA DO SUL;SUDESTE;SE;SUDESTE;2026-01-30;214.082;91.9152;206.517;88.6672;217.523;232.9124
IRAPE;148;Reservatório com Usina;JEQUITINHONHA;SUDESTE;SE;SUDESTE;2026-01-30;265.765;55.4152;265.765;55.4152;267.197;479.589
ITÁ;92;Fio dagua;URUGUAI;SUL;S;SUL;2026-01-30;274.848;42.7341;274.848;42.7341;273.484;643.1579
ITAIPU;66;Fio dagua;PARANA;ITAIPU;SE;SUDESTE;2026-01-30;10218.574;67.9601;10218.574;67.9601;10527.215;15036.1432
ITAPEBI;154;Fio dagua;JEQUITINHONHA;NORDESTE;NE;NORDESTE;2026-01-30;343.407;62.0529;323.387;58.4353;346.278;553.41
ITAUBA;113;Fio dagua;JACUI;SUL;S;SUL;2026-01-30;128.796;97.9887;128.796;97.9887;123.139;131.4396
ITIQUIRA I;304;Fio dagua;PARAGUAI;SUDESTE;SE;SUDESTE;2026-01-30;41.63;54.7176;41.63;54.7176;41.649;76.0815
ITIQUIRA II;305;Fio dagua;PARAGUAI;SUDESTE;SE;SUDESTE;2026-01-30;66.299;54.7174;66.299;54.7174;66.404;121.1661
ITUMBIARA;31;Reservatório com Usina;PARANAIBA;PARANA;SE;SUDESTE;2026-01-30;1792.77;97.5625;1792.77;97.5625;1643.673;1837.5605
ITUTINGA;2;Fio dagua;GRANDE;PARANA;SE;SUDESTE;2026-01-30;55.685;94.4207;55.685;94.4207;56.364;58.9754
JACUI;112;Fio dagua;JACUI;SUL;S;SUL;2026-01-30;125.308;111.7733;0.0;0.0;130.225;112.1091
JAGUARA;9;Fio dagua;GRANDE;PARANA;SE;SUDESTE;2026-01-30;834.866;107.6157;765.846;98.7189;829.629;775.7848
JAGUARI;120;Reservatório com Usina;PARAIBA DO SUL;SUDESTE;SE;SUDESTE;2026-01-30;20.11;88.5232;20.11;88.5232;18.509;22.7172
JAURU;195;Fio dagua;PARAGUAI;SUDESTE;SE;SUDESTE;2026-01-30;76.775;86.0213;76.775;86.0213;76.517;89.2512
JIRAU;285;Fio dagua;AMAZONAS;MADEIRA;SE;SUDESTE;2026-01-30;4505.002;123.6105;3933.827;107.9383;4017.917;3644.515
JUPIA;45;Fio dagua;PARANA;PARANA;SE;SUDESTE;2026-01-30;1451.173;78.1436;1451.173;78.1436;1478.753;1857.06
JURUENA;309;Fio dagua;AMAZONAS;TELES PIRES;SE;SUDESTE;2026-01-30;43.416;91.3944;39.259;82.6436;44.722;47.504
JURUMIRIM;47;Reservatório com Usina;PARANAPANEMA;PARANAPANEMA;SE;SUDESTE;2026-01-30;25.523;27.0983;25.523;27.0983;25.457;94.1868
L. C. BARRETO;8;Fio dagua;GRANDE;PARANA;SE;SUDESTE;2026-01-30;1138.356;107.3153;1138.356;107.3153;1133.17;1060.7587
LAJEADO;261;Fio dagua;TOCANTINS;SUDESTE;SE;SUDESTE;2026-01-30;858.094;59.9056;858.094;59.9056;826.964;1432.4115
LIMOEIRO;16;Fio dagua;GRANDE;PARANA;SE;SUDESTE;2026-01-30;42.828;123.4902;42.828;123.4902;41.296;34.6813
LUIZ GONZAGA;172;Reservatório com Usina;SAO FRANCISCO;NORDESTE;NE;NORDESTE;2026-01-30;1020.533;51.4337;1020.533;51.4337;998.261;1984.17
M. MORAES;7;Reservatório com Usina;GRANDE;PARANA;SE;SUDESTE;2026-01-30;704.839;106.3725;704.839;106.3725;741.145;662.6139
MACHADINHO;91;Reservatório com Usina;URUGUAI;SUL;S;SUL;2026-01-30;222.934;48.7409;222.934;48.7409;219.751;457.3859
MANSO;278;Reservatório com Usina;PARAGUAI;SUDESTE;SE;SUDESTE;2026-01-30;235.016;156.2939;235.016;156.2939;236.1;150.368
MARIMBONDO;17;Reservatório com Usina;GRANDE;PARANA;SE;SUDESTE;2026-01-30;1485.655;89.4353;1485.655;89.4353;1443.683;1661.1515
MASCARENHAS;144;Fio dagua;DOCE;SUDESTE;SE;SUDESTE;2026-01-30;148.153;41.7056;141.589;39.8578;132.308;355.2354
MIRANDA;26;Reservatório com Usina;PARANAIBA;PARANA;SE;SUDESTE;2026-01-30;287.783;80.0932;287.783;80.0932;288.493;359.31
MONJOLINHO;94;Fio dagua;URUGUAI;SUL;S;SUL;2026-01-30;12.782;38.178;12.782;38.178;12.672;33.48
MONTE CLARO;98;Fio dagua;JACUI;SUL;S;SUL;2026-01-30;28.601;49.8586;23.997;41.8327;29.036;57.3642
N. AVANHANDAVA;42;Fio dagua;TIETE;PARANA;SE;SUDESTE;2026-01-30;164.579;50.3115;164.579;50.3115;161.049;327.12
NILO PEÇANHA;131;Fio dagua;PARAIBA DO SUL;SUDESTE;SE;SUDESTE;2026-01-30;386.942;100.6992;386.942;100.6992;387.362;384.2553
NOVA PONTE;25;Reservatório com Usina;PARANAIBA;PARANA;SE;SUDESTE;2026-01-30;429.265;87.3937;429.265;87.3937;377.861;491.1852
OURINHOS;249;Fio dagua;PARANAPANEMA;PARANAPANEMA;SE;SUDESTE;2026-01-30;12.797;26.1346;8.757;17.8839;13.554;48.9658
P. AFONSO 1,2,3;174;Fio dagua;SAO FRANCISCO;NORDESTE;NE;NORDESTE;2026-01-30;876.39;51.4567;876.39;51.4567;212.61;1703.16
P. AFONSO 4;175;Fio dagua;SAO FRANCISCO;NORDESTE;NE;NORDESTE;2026-01-30;1254.391;51.4567;1254.391;51.4567;2092.546;2437.7598
P. COLOMBIA;12;Fio dagua;GRANDE;PARANA;SE;SUDESTE;2026-01-30;478.003;98.9488;467.339;96.7413;501.05;483.0812
PARAIBUNA;121;Reservatório com Usina;PARAIBA DO SUL;SUDESTE;SE;SUDESTE;2026-01-30;109.218;148.4475;109.218;148.4475;103.112;73.5735
PARANAPANEMA;53;Fio dagua;PARANAPANEMA;PARANAPANEMA;SE;SUDESTE;2026-01-30;11.562;27.3965;11.562;27.3965;12.035;42.2025
PASSO FUNDO;93;Reservatório com Usina;URUGUAI;SUL;S;SUL;2026-01-30;28.816;36.9996;28.816;36.9996;28.977;77.882
PASSO REAL;111;Reservatório com Usina;JACUI;SUL;S;SUL;2026-01-30;58.106;112.7221;58.106;112.7221;61.57;51.548
PASSO SAO JOAO;102;Fio dagua;URUGUAI;SUL;S;SUL;2026-01-30;34.699;77.9096;28.591;64.1953;35.34;44.5375
PEDRA DO CAVALO;189;Reservatório com Usina;PARAGUACU;NORDESTE;NE;NORDESTE;2026-01-30;27.254;18.7842;27.254;18.7842;27.615;145.0899
PEIXE ANGICAL;257;Reservatório com Usina;TOCANTINS;SUDESTE;SE;SUDESTE;2026-01-30;412.731;56.7549;412.731;56.7549;408.637;727.216
PEREIRA PASSOS;133;Fio dagua;PARAIBA DO SUL;SUDESTE;SE;SUDESTE;2026-01-30;59.329;97.6121;59.329;97.6121;59.354;60.7804
PICADA;126;Fio dagua;PARAIBA DO SUL;SUDESTE;SE;SUDESTE;2026-01-30;61.252;85.5652;48.551;67.8227;61.085;71.5852
PIMENTAL;314;Fio dagua;AMAZONAS;BELO MONTE;N;NORTE;2026-01-30;140.04;99.7905;140.04;99.7905;137.478;140.334
PIRAJU;48;Fio dagua;PARANAPANEMA;PARANAPANEMA;SE;SUDESTE;2026-01-30;20.911;27.396;20.911;27.396;21.619;76.3286
PONTE DE PEDRA;281;Fio dagua;PARAGUAI;SUDESTE;SE;SUDESTE;2026-01-30;156.312;82.2212;127.574;67.1048;156.726;190.1116
PORTO ESTRELA;135;Reservatório com Usina;DOCE;SUDESTE;SE;SUDESTE;2026-01-30;56.769;41.3374;56.769;41.3374;54.624;137.3307
PORTO PRIMAVERA;46;Fio dagua;PARANA;PARANA;SE;SUDESTE;2026-01-30;1483.949;75.539;1483.949;75.539;1525.035;1964.48
PROMISSÃO;40;Reservatório com Usina;TIETE;PARANA;SE;SUDESTE;2026-01-30;122.673;52.6444;105.633;45.3318;125.865;233.022
QUEBRA QUEIXO;95;Reservatório com Usina;URUGUAI;SUL;S;SUL;2026-01-30;23.298;38.8106;23.298;38.8106;23.098;60.03
QUEIMADO;162;Reservatório com Usina;SAO FRANCISCO;SUDESTE;SE;SUDESTE;2026-01-30;76.771;60.7794;76.771;60.7794;75.671;126.3108
RETIRO BAIXO;155;Reservatório com Usina;SAO FRANCISCO;SUDESTE;SE;SUDESTE;2026-01-30;74.947;70.6593;60.894;57.4102;73.515;106.0682
RONDON II;276;Reservatório com Usina;AMAZONAS;MADEIRA;SE;SUDESTE;2026-01-30;62.078;101.1787;62.078;101.1787;61.458;61.3548
ROSAL;217;Fio dagua;ITABAPOANA;SUDESTE;SE;SUDESTE;2026-01-30;42.376;41.0985;42.376;41.0985;42.245;103.1083
ROSANA;63;Fio dagua;PARANAPANEMA;PARANAPANEMA;SE;SUDESTE;2026-01-30;122.622;38.2794;122.622;38.2794;125.661;320.334
S.DO FACÃO;21;Reservatório com Usina;PARANAIBA;PARANA;SE;SUDESTE;2026-01-30;213.722;107.987;213.722;107.987;203.655;197.9145
S.R.VERDINHO;241;Fio dagua;PARANAIBA;PARANA;SE;SUDESTE;2026-01-30;50.023;52.0155;50.023;52.0155;50.73;96.1694
SA CARVALHO;193;Fio dagua;DOCE;SUDESTE;SE;SUDESTE;2026-01-30;53.178;35.2732;42.878;28.4412;53.126;150.7604
SALTO;262;Fio dagua;PARANAIBA;PARANA;SE;SUDESTE;2026-01-30;61.533;57.9149;61.533;57.9149;61.893;106.2472
SALTO CAXIAS;82;Fio dagua;IGUACU;IGUACU;S;SUL;2026-01-30;245.597;36.9117;245.597;36.9117;244.392;665.3644
SALTO GRANDE CM;134;Fio dagua;DOCE;SUDESTE;SE;SUDESTE;2026-01-30;98.221;42.6725;97.419;42.3241;95.278;230.174
SALTO GRANDE CS;50;Fio dagua;PARANAPANEMA;PARANAPANEMA;SE;SUDESTE;2026-01-30;31.073;32.087;8.532;8.8104;32.022;96.8399
SALTO OSORIO;78;Fio dagua;IGUACU;IGUACU;S;SUL;2026-01-30;216.581;39.2971;216.581;39.2971;216.942;551.1373
SALTO PILAO;215;Fio dagua;ITAJAI;SUL;S;SUL;2026-01-30;117.613;57.9741;117.613;57.9741;117.774;202.8715
SALTO SANTIAGO;77;Reservatório com Usina;IGUACU;IGUACU;S;SUL;2026-01-30;323.609;39.3438;323.609;39.3438;323.553;822.5162
SAMUEL;279;Reservatório com Usina;AMAZONAS;MADEIRA;SE;SUDESTE;2026-01-30;422.752;313.6477;422.752;313.6477;393.597;134.7856
SANTA BRANCA;122;Reservatório com Usina;PARAIBA DO SUL;SUDESTE;SE;SUDESTE;2026-01-30;73.091;165.559;73.091;165.559;65.685;44.148
SANTA CLARA-PR;71;Reservatório com Usina;IGUACU;IGUACU;S;SUL;2026-01-30;44.986;58.8942;44.986;58.8942;44.026;76.3844
SANTO ANTONIO;287;Fio dagua;AMAZONAS;MADEIRA;SE;SUDESTE;2026-01-30;4670.977;123.113;4222.879;111.3025;3735.658;3794.0553
SAO DOMINGOS;153;Fio dagua;PARANA;PARANA;SE;SUDESTE;2026-01-30;39.143;85.5437;37.3;81.516;38.876;45.7579
SAO JOSE;101;Fio dagua;URUGUAI;SUL;S;SUL;2026-01-30;24.384;76.8286;24.384;76.8286;24.002;31.7382
SAO MANOEL;230;Fio dagua;AMAZONAS;TELES PIRES;SE;SUDESTE;2026-01-30;924.347;111.7403;906.664;109.6026;817.691;827.2283
SAO ROQUE;88;Reservatório com Usina;URUGUAI;SUL;S;SUL;2026-01-30;49.909;62.2326;49.909;62.2326;49.093;80.1975
SAO SALVADOR;253;Fio dagua;TOCANTINS;SUDESTE;SE;SUDESTE;2026-01-30;228.92;62.9574;228.92;62.9574;224.553;363.6108
SÃO SIMÃO;33;Reservatório com Usina;PARANAIBA;PARANA;SE;SUDESTE;2026-01-30;2518.27;100.4222;2518.27;100.4222;2419.621;2507.683
SEGREDO;76;Reservatório com Usina;IGUACU;IGUACU;S;SUL;2026-01-30;292.959;40.2072;292.959;40.2072;297.86;728.624
SERRA DA MESA;251;Reservatório com Usina;TOCANTINS;SUDESTE;SE;SUDESTE;2026-01-30;886.109;61.9418;886.109;61.9418;865.991;1430.55
SIMPLICIO;129;Fio dagua;PARAIBA DO SUL;SUDESTE;SE;SUDESTE;2026-01-30;200.873;63.4604;200.873;63.4604;198.431;316.53285
SINOP;227;Reservatório com Usina;AMAZONAS;TELES PIRES;SE;SUDESTE;2026-01-30;266.054;77.9503;258.517;75.742;222.961;341.3124
SOBRADINHO;169;Reservatório com Usina;SAO FRANCISCO;NORDESTE;NE;NORDESTE;2026-01-30;541.457;49.7397;541.457;49.7397;508.75;1088.5805
SOBRAGI;127;Fio dagua;PARAIBA DO SUL;SUDESTE;SE;SUDESTE;2026-01-30;68.294;76.2635;39.638;44.2635;68.135;89.55
STA.CLARA-MG;283;Fio dagua;MUCURI;SUDESTE;SE;SUDESTE;2026-01-30;24.682;33.2787;24.682;33.2787;24.708;74.1675
STO ANTONIO DO JARI;286;Fio dagua;AMAZONAS;MANAUS-AMAPA;N;NORTE;2026-01-30;110.988;69.5834;110.988;69.5834;115.683;159.5035
SUIÇA;145;Fio dagua;SANTA MARIA VIT;SUDESTE;SE;SUDESTE;2026-01-30;14.18;33.551;14.18;33.551;14.107;42.264
TAQUARUÇU;62;Fio dagua;PARANAPANEMA;PARANAPANEMA;SE;SUDESTE;2026-01-30;132.825;37.9709;132.825;37.9709;128.598;349.8075
TELES PIRES;229;Fio dagua;AMAZONAS;TELES PIRES;SE;SUDESTE;2026-01-30;2038.597;111.5187;2019.391;110.468;2042.313;1828.0318
TRÊS IRMÃOS;43;Reservatório com Usina;TIETE;PARANA;SE;SUDESTE;2026-01-30;239.045;48.3239;239.045;48.3239;243.611;494.6725
TRÊS MARIAS;156;Reservatório com Usina;SAO FRANCISCO;SUDESTE;SE;SUDESTE;2026-01-30;969.058;155.9726;969.058;155.9726;984.418;621.3
TUCURUI;275;Reservatório com Usina;TOCANTINS;NORTE;N;NORTE;2026-01-30;4271.771;52.7021;4271.771;52.7021;3930.081;8105.5008
VOLTA GRANDE;11;Fio dagua;GRANDE;PARANA;SE;SUDESTE;2026-01-30;554.928;105.0663;554.928;105.0663;537.429;528.1696
XINGO;178;Fio dagua;SAO FRANCISCO;NORDESTE;NE;NORDESTE;2026-01-30;2519.024;52.2132;2519.024;52.2132;2569.301;4824.4975
14 DE JULHO;99;Fio dagua;JACUI;SUL;S;SUL;2026-01-31;24.997;49.3341;24.997;49.3341;24.734;50.6688
A. VERMELHA;18;Reservatório com Usina;GRANDE;PARANA;SE;SUDESTE;2026-01-31;1392.703;84.1601;1392.703;84.1601;1309.846;1654.825
AIMORES;143;Fio dagua;DOCE;SUDESTE;SE;SUDESTE;2026-01-31;139.416;35.5757;139.416;35.5757;144.681;391.8856
APOLONIO SALES;173;Fio dagua;SAO FRANCISCO;NORDESTE;NE;NORDESTE;2026-01-31;218.325;50.0118;218.325;50.0118;41.906;436.5468
B. BONITA;37;Reservatório com Usina;TIETE;PARANA;SE;SUDESTE;2026-01-31;147.184;122.0528;147.184;122.0528;159.432;120.5904
B.COQUEIROS;312;Fio dagua;PARANAIBA;PARANA;SE;SUDESTE;2026-01-31;42.193;45.4252;26.123;28.1241;43.419;92.8846
BAGUARI;141;Fio dagua;DOCE;SUDESTE;SE;SUDESTE;2026-01-31;81.1;47.0562;81.1;47.0562;80.316;172.347
BAIXO IGUACU;83;Fio dagua;IGUACU;IGUACU;S;SUL;2026-01-31;63.747;34.0781;63.747;34.0781;63.577;187.0614
BALBINA;277;Reservatório com Usina;AMAZONAS;MANAUS-AMAPA;N;NORTE;2026-01-31;134.93;160.1733;134.93;160.1733;131.972;84.24
BARIRI;38;Fio dagua;TIETE;PARANA;SE;SUDESTE;2026-01-31;143.407;101.9727;143.407;101.9727;141.422;140.6328
BARRA BRAUNA;185;Fio dagua;PARAIBA DO SUL;SUDESTE;SE;SUDESTE;2026-01-31;25.819;56.8202;25.819;56.8202;25.535;45.4398
BARRA GRANDE;86;Reservatório com Usina;URUGUAI;SUL;S;SUL;2026-01-31;122.197;45.6825;122.197;45.6825;121.499;267.4917
BATALHA;20;Reservatório com Usina;PARANAIBA;PARANA;SE;SUDESTE;2026-01-31;66.432;101.6737;66.432;101.6737;65.358;65.3384
BELO MONTE;288;Fio dagua;AMAZONAS;BELO MONTE;N;NORTE;2026-01-31;5316.886;94.9692;5316.886;94.9692;5306.955;5598.54
BOA ESPERANÇA;190;Reservatório com Usina;PARNAIBA;NORDESTE;NE;NORDESTE;2026-01-31;131.055;54.456;131.055;54.456;126.629;240.6624
C. DOURADA;32;Fio dagua;PARANAIBA;PARANA;SE;SUDESTE;2026-01-31;745.317;100.7815;745.317;100.7815;764.556;739.5374
C.BRANCO-1;27;Reservatório com Usina;PARANAIBA;PARANA;SE;SUDESTE;2026-01-31;265.14;87.8744;265.14;87.8744;258.874;301.726
C.BRANCO-2;28;Fio dagua;PARANAIBA;PARANA;SE;SUDESTE;2026-01-31;208.767;81.9575;208.767;81.9575;209.407;254.7259
CACHOEIRA CALDEIRAO;204;Fio dagua;ARAGUARI;MANAUS-AMAPA;N;NORTE;2026-01-31;85.524;108.8155;70.339;89.4951;87.458;78.5954
CACONDE;14;Reservatório com Usina;GRANDE;PARANA;SE;SUDESTE;2026-01-31;110.514;140.853;110.514;140.853;109.751;78.4605
CACU;311;Reservatório com Usina;PARANAIBA;PARANA;SE;SUDESTE;2026-01-31;30.183;44.6798;30.183;44.6798;30.586;67.554
CAMARGOS;1;Reservatório com Usina;GRANDE;PARANA;SE;SUDESTE;2026-01-31;41.07;81.7489;41.07;81.7489;43.446;50.2392
CAMPOS NOVOS;90;Reservatório com Usina;URUGUAI;SUL;S;SUL;2026-01-31;186.267;48.3168;186.267;48.3168;188.914;385.512
CANA BRAVA;252;Fio dagua;TOCANTINS;SUDESTE;SE;SUDESTE;2026-01-31;326.792;55.0039;326.792;55.0039;320.814;594.1248
CANASTRA;87;Fio dagua;JACUI;SUL;S;SUL;2026-01-31;;;;;;
CANDONGA;139;Fio dagua;DOCE;SUDESTE;SE;SUDESTE;2026-01-31;61.353;51.2215;61.353;51.2215;59.121;119.7798
CANOAS I;52;Fio dagua;PARANAPANEMA;PARANAPANEMA;SE;SUDESTE;2026-01-31;36.917;36.089;36.917;36.089;37.37;102.2943
CANOAS II;51;Fio dagua;PARANAPANEMA;PARANAPANEMA;SE;SUDESTE;2026-01-31;30.325;35.5117;30.325;35.5117;31.114;85.3944
CAPIVARA;61;Reservatório com Usina;PARANAPANEMA;PARANAPANEMA;SE;SUDESTE;2026-01-31;241.9;42.9874;241.9;42.9874;254.727;562.7232
CASTRO ALVES;97;Fio dagua;JACUI;SUL;S;SUL;2026-01-31;39.455;53.5422;39.455;53.5422;38.517;73.6896
CHAVANTES;49;Reservatório com Usina;PARANAPANEMA;PARANAPANEMA;SE;SUDESTE;2026-01-31;86.571;27.8629;86.571;27.8629;84.864;310.7031
COARACY NUNES;280;Fio dagua;ARAGUARI;MANAUS-AMAPA;N;NORTE;2026-01-31;109.495;108.7344;72.877;72.3708;108.691;100.6995
COLIDER;228;Fio dagua;AMAZONAS;TELES PIRES;SE;SUDESTE;2026-01-31;257.165;80.6754;221.423;69.4627;193.698;318.7652
CORUMBA;30;Reservatório com Usina;PARANAIBA;PARANA;SE;SUDESTE;2026-01-31;358.777;79.5021;358.777;79.5021;366.346;451.2798
CORUMBA-3;203;Reservatório com Usina;PARANAIBA;PARANA;SE;SUDESTE;2026-01-31;69.191;76.9653;66.414;73.8763;67.638;89.8989
CORUMBA-4;29;Reservatório com Usina;PARANAIBA;PARANA;SE;SUDESTE;2026-01-31;88.129;72.6006;85.211;70.1968;87.855;121.3888
CURUA-UNA;272;Reservatório com Usina;AMAZONAS;BELO MONTE;N;NORTE;2026-01-31;24.119;95.1331;24.119;95.1331;20.669;25.3529
D. FRANCISCA;114;Fio dagua;JACUI;SUL;S;SUL;2026-01-31;57.364;80.6272;57.364;80.6272;57.651;71.1472
DARDANELOS;310;Fio dagua;AMAZONAS;MADEIRA;SE;SUDESTE;2026-01-31;528.456;124.629;260.835;61.5143;496.605;424.0232
E. DA CUNHA;15;Fio dagua;GRANDE;PARANA;SE;SUDESTE;2026-01-31;164.346;142.253;152.343;131.8635;155.41;115.5308
EMBORCAÇÃO;24;Reservatório com Usina;PARANAIBA;PARANA;SE;SUDESTE;2026-01-31;1295.203;129.8826;1295.203;129.8826;1247.897;997.2102
ESPORA;290;Reservatório com Usina;PARANAIBA;PARANA;SE;SUDESTE;2026-01-31;18.722;58.2007;18.722;58.2007;17.866;32.168
ESTREITO;267;Fio dagua;TOCANTINS;NORTE;N;NORTE;2026-01-31;722.51;51.2991;722.51;51.2991;655.967;1408.425
FERREIRA GOMES;284;Fio dagua;ARAGUARI;MANAUS-AMAPA;N;NORTE;2026-01-31;92.019;108.6494;92.019;108.6494;97.05;84.6935
FONTES;132;Fio dagua;PARAIBA DO SUL;SUDESTE;SE;SUDESTE;2026-01-31;98.385;80.9333;98.385;80.9333;98.477;121.563
FOZ CHAPECO;103;Fio dagua;URUGUAI;SUL;S;SUL;2026-01-31;201.355;52.0816;167.11;43.2239;203.692;386.6148
FOZ DO RIO CLARO;315;Fio dagua;PARANAIBA;PARANA;SE;SUDESTE;2026-01-31;34.28;46.1715;27.574;37.1392;34.027;74.245
FUNDÃO;72;Fio dagua;IGUACU;IGUACU;S;SUL;2026-01-31;47.624;57.9091;47.624;57.9091;49.301;82.2393
FUNIL;123;Reservatório com Usina;PARAIBA DO SUL;SUDESTE;SE;SUDESTE;2026-01-31;382.155;183.2834;382.155;183.2834;366.06;208.505
FUNIL-MG;4;Fio dagua;GRANDE;PARANA;SE;SUDESTE;2026-01-31;145.058;71.7069;145.058;71.7069;148.374;202.293
FURNAS;6;Reservatório com Usina;GRANDE;PARANA;SE;SUDESTE;2026-01-31;1470.945;105.744;1470.945;105.744;1405.132;1391.043
G. B. MUNHOZ;74;Reservatório com Usina;IGUACU;IGUACU;S;SUL;2026-01-31;207.942;30.7124;207.942;30.7124;196.736;677.0622
G. P. SOUZA;115;Reservatório com Usina;CAPIVARI;SUL;S;SUL;2026-01-31;97.219;61.1998;97.219;61.1998;97.005;158.855
GARIBALDI;89;Reservatório com Usina;URUGUAI;SUL;S;SUL;2026-01-31;42.838;52.5161;42.838;52.5161;43.099;81.5711
GOV JAYME CANET JR;57;Reservatório com Usina;PARANAPANEMA;IGUACU;S;SUL;2026-01-31;100.113;31.2788;100.113;31.2788;98.385;320.067
GUAPORE;196;Fio dagua;AMAZONAS;MADEIRA;SE;SUDESTE;2026-01-31;56.122;100.8895;56.122;100.8895;56.08;55.6272
GUILM. AMORIM;192;Fio dagua;DOCE;SUDESTE;SE;SUDESTE;2026-01-31;74.146;49.7702;74.146;49.7702;73.11;148.9768
HENRY BORDEN;119;Fio dagua;TIETE;SUDESTE;SE;SUDESTE;2026-01-31;513.601;134.9403;513.601;134.9403;513.46;380.6136
I. SOLTEIRA;34;Reservatório com Usina;PARANA;PARANA;SE;SUDESTE;2026-01-31;2848.787;84.9557;2848.787;84.9557;2924.049;3353.2623
IBITINGA;39;Fio dagua;TIETE;PARANA;SE;SUDESTE;2026-01-31;140.162;88.8678;140.162;88.8678;141.351;157.7196
IGARAPAVA;10;Fio dagua;GRANDE;PARANA;SE;SUDESTE;2026-01-31;331.923;108.0517;331.923;108.0517;327.418;307.1891
ILHA POMBOS;130;Fio dagua;PARAIBA DO SUL;SUDESTE;SE;SUDESTE;2026-01-31;213.488;91.6602;181.064;77.7391;216.315;232.9124
IRAPE;148;Reservatório com Usina;JEQUITINHONHA;SUDESTE;SE;SUDESTE;2026-01-31;248.384;51.791;248.384;51.791;250.094;479.589
ITÁ;92;Fio dagua;URUGUAI;SUL;S;SUL;2026-01-31;274.648;42.703;274.648;42.703;276.47;643.1579
ITAIPU;66;Fio dagua;PARANA;ITAIPU;SE;SUDESTE;2026-01-31;10467.924;69.6184;10467.924;69.6184;10746.234;15036.1432
ITAPEBI;154;Fio dagua;JEQUITINHONHA;NORDESTE;NE;NORDESTE;2026-01-31;313.399;56.6305;287.659;51.9794;317.646;553.41
ITAUBA;113;Fio dagua;JACUI;SUL;S;SUL;2026-01-31;115.395;87.7932;115.395;87.7932;112.824;131.4396
ITIQUIRA I;304;Fio dagua;PARAGUAI;SUDESTE;SE;SUDESTE;2026-01-31;43.497;57.1716;39.655;52.1217;43.597;76.0815
ITIQUIRA II;305;Fio dagua;PARAGUAI;SUDESTE;SE;SUDESTE;2026-01-31;69.273;57.1719;69.273;57.1719;69.337;121.1661
ITUMBIARA;31;Reservatório com Usina;PARANAIBA;PARANA;SE;SUDESTE;2026-01-31;1908.386;103.8543;1908.386;103.8543;1747.97;1837.5605
ITUTINGA;2;Fio dagua;GRANDE;PARANA;SE;SUDESTE;2026-01-31;48.211;81.7476;48.211;81.7476;48.217;58.9754
JACUI;112;Fio dagua;JACUI;SUL;S;SUL;2026-01-31;103.323;92.1629;0.0;0.0;107.423;112.1091
JAGUARA;9;Fio dagua;GRANDE;PARANA;SE;SUDESTE;2026-01-31;834.527;107.572;834.527;107.572;839.89;775.7848
JAGUARI;120;Reservatório com Usina;PARAIBA DO SUL;SUDESTE;SE;SUDESTE;2026-01-31;19.795;87.1366;19.795;87.1366;18.167;22.7172
JAURU;195;Fio dagua;PARAGUAI;SUDESTE;SE;SUDESTE;2026-01-31;72.814;81.5832;72.814;81.5832;72.598;89.2512
JIRAU;285;Fio dagua;AMAZONAS;MADEIRA;SE;SUDESTE;2026-01-31;4531.388;124.3345;3524.663;96.7114;4036.15;3644.515
JUPIA;45;Fio dagua;PARANA;PARANA;SE;SUDESTE;2026-01-31;1483.596;79.8895;1483.596;79.8895;1511.792;1857.06
JURUENA;309;Fio dagua;AMAZONAS;TELES PIRES;SE;SUDESTE;2026-01-31;42.391;89.2367;38.235;80.488;43.977;47.504
JURUMIRIM;47;Reservatório com Usina;PARANAPANEMA;PARANAPANEMA;SE;SUDESTE;2026-01-31;26.186;27.8022;26.186;27.8022;26.118;94.1868
L. C. BARRETO;8;Fio dagua;GRANDE;PARANA;SE;SUDESTE;2026-01-31;1138.47;107.326;1138.47;107.326;1140.171;1060.7587
LAJEADO;261;Fio dagua;TOCANTINS;SUDESTE;SE;SUDESTE;2026-01-31;866.574;60.4976;866.574;60.4976;835.609;1432.4115
LIMOEIRO;16;Fio dagua;GRANDE;PARANA;SE;SUDESTE;2026-01-31;48.525;139.9169;48.525;139.9169;47.054;34.6813
LUIZ GONZAGA;172;Reservatório com Usina;SAO FRANCISCO;NORDESTE;NE;NORDESTE;2026-01-31;991.877;49.9895;991.877;49.9895;968.467;1984.17
M. MORAES;7;Reservatório com Usina;GRANDE;PARANA;SE;SUDESTE;2026-01-31;709.733;107.1111;709.733;107.1111;746.114;662.6139
MACHADINHO;91;Reservatório com Usina;URUGUAI;SUL;S;SUL;2026-01-31;235.049;51.3896;235.049;51.3896;235.491;457.3859
MANSO;278;Reservatório com Usina;PARAGUAI;SUDESTE;SE;SUDESTE;2026-01-31;183.424;121.9834;183.424;121.9834;184.406;150.368
MARIMBONDO;17;Reservatório com Usina;GRANDE;PARANA;SE;SUDESTE;2026-01-31;1602.599;96.4752;1602.599;96.4752;1540.776;1661.1515
MASCARENHAS;144;Fio dagua;DOCE;SUDESTE;SE;SUDESTE;2026-01-31;129.335;36.4083;129.335;36.4083;121.615;355.2354
MIRANDA;26;Reservatório com Usina;PARANAIBA;PARANA;SE;SUDESTE;2026-01-31;327.598;91.1742;327.598;91.1742;327.286;359.31
MONJOLINHO;94;Fio dagua;URUGUAI;SUL;S;SUL;2026-01-31;17.026;50.8542;17.026;50.8542;16.702;33.48
MONTE CLARO;98;Fio dagua;JACUI;SUL;S;SUL;2026-01-31;27.992;48.797;23.388;40.7711;28.573;57.3642
N. AVANHANDAVA;42;Fio dagua;TIETE;PARANA;SE;SUDESTE;2026-01-31;184.128;56.2876;184.128;56.2876;179.998;327.12
NILO PEÇANHA;131;Fio dagua;PARAIBA DO SUL;SUDESTE;SE;SUDESTE;2026-01-31;386.942;100.6992;386.942;100.6992;387.362;384.2553
NOVA PONTE;25;Reservatório com Usina;PARANAIBA;PARANA;SE;SUDESTE;2026-01-31;537.297;109.3879;537.297;109.3879;474.353;491.1852
OURINHOS;249;Fio dagua;PARANAPANEMA;PARANAPANEMA;SE;SUDESTE;2026-01-31;13.702;27.9828;10.816;22.0889;14.71;48.9658
P. AFONSO 1,2,3;174;Fio dagua;SAO FRANCISCO;NORDESTE;NE;NORDESTE;2026-01-31;851.781;50.0118;851.781;50.0118;175.339;1703.16
P. AFONSO 4;175;Fio dagua;SAO FRANCISCO;NORDESTE;NE;NORDESTE;2026-01-31;1219.168;50.0118;1219.168;50.0118;2073.045;2437.7598
P. COLOMBIA;12;Fio dagua;GRANDE;PARANA;SE;SUDESTE;2026-01-31;510.957;105.7704;450.396;93.234;522.923;483.0812
PARAIBUNA;121;Reservatório com Usina;PARAIBA DO SUL;SUDESTE;SE;SUDESTE;2026-01-31;128.41;174.533;128.41;174.533;121.359;73.5735
PARANAPANEMA;53;Fio dagua;PARANAPANEMA;PARANAPANEMA;SE;SUDESTE;2026-01-31;11.724;27.7803;11.724;27.7803;12.195;42.2025
PASSO FUNDO;93;Reservatório com Usina;URUGUAI;SUL;S;SUL;2026-01-31;43.681;56.0861;43.681;56.0861;43.924;77.882
PASSO REAL;111;Reservatório com Usina;JACUI;SUL;S;SUL;2026-01-31;46.997;91.1713;46.997;91.1713;49.753;51.548
PASSO SAO JOAO;102;Fio dagua;URUGUAI;SUL;S;SUL;2026-01-31;34.296;77.0048;27.934;62.7202;35.075;44.5375
PEDRA DO CAVALO;189;Reservatório com Usina;PARAGUACU;NORDESTE;NE;NORDESTE;2026-01-31;23.698;16.3333;23.698;16.3333;24.012;145.0899
PEIXE ANGICAL;257;Reservatório com Usina;TOCANTINS;SUDESTE;SE;SUDESTE;2026-01-31;383.888;52.7887;383.888;52.7887;381.521;727.216
PEREIRA PASSOS;133;Fio dagua;PARAIBA DO SUL;SUDESTE;SE;SUDESTE;2026-01-31;58.33;95.9684;58.33;95.9684;59.053;60.7804
PICADA;126;Fio dagua;PARAIBA DO SUL;SUDESTE;SE;SUDESTE;2026-01-31;42.893;59.9188;42.893;59.9188;42.744;71.5852
PIMENTAL;314;Fio dagua;AMAZONAS;BELO MONTE;N;NORTE;2026-01-31;141.189;100.6093;141.189;100.6093;141.35;140.334
PIRAJU;48;Fio dagua;PARANAPANEMA;PARANAPANEMA;SE;SUDESTE;2026-01-31;21.204;27.7799;21.204;27.7799;21.906;76.3286
PONTE DE PEDRA;281;Fio dagua;PARAGUAI;SUDESTE;SE;SUDESTE;2026-01-31;156.82;82.4884;128.082;67.372;157.333;190.1116
PORTO ESTRELA;135;Reservatório com Usina;DOCE;SUDESTE;SE;SUDESTE;2026-01-31;88.962;64.7794;88.962;64.7794;87.112;137.3307
PORTO PRIMAVERA;46;Fio dagua;PARANA;PARANA;SE;SUDESTE;2026-01-31;1516.044;77.1728;1516.044;77.1728;1558.79;1964.48
PROMISSÃO;40;Reservatório com Usina;TIETE;PARANA;SE;SUDESTE;2026-01-31;148.945;63.9189;142.342;61.0852;153.374;233.022
QUEBRA QUEIXO;95;Reservatório com Usina;URUGUAI;SUL;S;SUL;2026-01-31;26.393;43.9664;26.393;43.9664;26.188;60.03
QUEIMADO;162;Reservatório com Usina;SAO FRANCISCO;SUDESTE;SE;SUDESTE;2026-01-31;76.771;60.7794;76.771;60.7794;75.717;126.3108
RETIRO BAIXO;155;Reservatório com Usina;SAO FRANCISCO;SUDESTE;SE;SUDESTE;2026-01-31;64.019;60.3564;49.966;47.1074;63.155;106.0682
RONDON II;276;Reservatório com Usina;AMAZONAS;MADEIRA;SE;SUDESTE;2026-01-31;64.632;105.3414;64.632;105.3414;64.427;61.3548
ROSAL;217;Fio dagua;ITABAPOANA;SUDESTE;SE;SUDESTE;2026-01-31;40.888;39.6554;40.888;39.6554;40.68;103.1083
ROSANA;63;Fio dagua;PARANAPANEMA;PARANAPANEMA;SE;SUDESTE;2026-01-31;129.524;40.434;129.524;40.434;132.67;320.334
S.DO FACÃO;21;Reservatório com Usina;PARANAIBA;PARANA;SE;SUDESTE;2026-01-31;199.764;100.9345;199.764;100.9345;190.489;197.9145
S.R.VERDINHO;241;Fio dagua;PARANAIBA;PARANA;SE;SUDESTE;2026-01-31;54.88;57.066;54.88;57.066;55.771;96.1694
SA CARVALHO;193;Fio dagua;DOCE;SUDESTE;SE;SUDESTE;2026-01-31;67.702;44.907;35.864;23.7887;67.522;150.7604
SALTO;262;Fio dagua;PARANAIBA;PARANA;SE;SUDESTE;2026-01-31;69.673;65.5763;69.673;65.5763;69.544;106.2472
SALTO CAXIAS;82;Fio dagua;IGUACU;IGUACU;S;SUL;2026-01-31;231.193;34.7468;231.193;34.7468;229.271;665.3644
SALTO GRANDE CM;134;Fio dagua;DOCE;SUDESTE;SE;SUDESTE;2026-01-31;160.528;69.742;160.528;69.742;154.662;230.174
SALTO GRANDE CS;50;Fio dagua;PARANAPANEMA;PARANAPANEMA;SE;SUDESTE;2026-01-31;34.244;35.3615;11.702;12.0839;35.587;96.8399
SALTO OSORIO;78;Fio dagua;IGUACU;IGUACU;S;SUL;2026-01-31;206.639;37.4932;206.639;37.4932;212.721;551.1373
SALTO PILAO;215;Fio dagua;ITAJAI;SUL;S;SUL;2026-01-31;133.437;65.7741;133.437;65.7741;133.472;202.8715
SALTO SANTIAGO;77;Reservatório com Usina;IGUACU;IGUACU;S;SUL;2026-01-31;307.364;37.3687;307.364;37.3687;308.339;822.5162
SAMUEL;279;Reservatório com Usina;AMAZONAS;MADEIRA;SE;SUDESTE;2026-01-31;365.368;271.0735;365.368;271.0735;342.653;134.7856
SANTA BRANCA;122;Reservatório com Usina;PARAIBA DO SUL;SUDESTE;SE;SUDESTE;2026-01-31;74.709;169.224;74.709;169.224;67.467;44.148
SANTA CLARA-PR;71;Reservatório com Usina;IGUACU;IGUACU;S;SUL;2026-01-31;44.214;57.8835;44.214;57.8835;43.06;76.3844
SANTO ANTONIO;287;Fio dagua;AMAZONAS;MADEIRA;SE;SUDESTE;2026-01-31;4708.77;124.1092;3955.107;104.2448;3750.203;3794.0553
SAO DOMINGOS;153;Fio dagua;PARANA;PARANA;SE;SUDESTE;2026-01-31;40.156;87.7575;38.314;83.732;39.929;45.7579
SAO JOSE;101;Fio dagua;URUGUAI;SUL;S;SUL;2026-01-31;24.403;76.8884;24.403;76.8884;24.415;31.7382
SAO MANOEL;230;Fio dagua;AMAZONAS;TELES PIRES;SE;SUDESTE;2026-01-31;901.828;109.018;867.37;104.8526;786.484;827.2283
SAO ROQUE;88;Reservatório com Usina;URUGUAI;SUL;S;SUL;2026-01-31;44.26;55.1888;44.26;55.1888;43.6;80.1975
SAO SALVADOR;253;Fio dagua;TOCANTINS;SUDESTE;SE;SUDESTE;2026-01-31;210.95;58.0153;210.95;58.0153;208.963;363.6108
SÃO SIMÃO;33;Reservatório com Usina;PARANAIBA;PARANA;SE;SUDESTE;2026-01-31;2603.504;103.8211;2603.504;103.8211;2509.348;2507.683
SEGREDO;76;Reservatório com Usina;IGUACU;IGUACU;S;SUL;2026-01-31;278.559;38.2308;278.559;38.2308;284.065;728.624
SERRA DA MESA;251;Reservatório com Usina;TOCANTINS;SUDESTE;SE;SUDESTE;2026-01-31;745.759;52.1309;745.759;52.1309;726.611;1430.55
SIMPLICIO;129;Fio dagua;PARAIBA DO SUL;SUDESTE;SE;SUDESTE;2026-01-31;173.432;54.7912;173.432;54.7912;172.269;316.53285
SINOP;227;Reservatório com Usina;AMAZONAS;TELES PIRES;SE;SUDESTE;2026-01-31;292.274;85.6324;284.738;83.4245;247.452;341.3124
SOBRADINHO;169;Reservatório com Usina;SAO FRANCISCO;NORDESTE;NE;NORDESTE;2026-01-31;564.862;51.8898;564.862;51.8898;530.946;1088.5805
SOBRAGI;127;Fio dagua;PARAIBA DO SUL;SUDESTE;SE;SUDESTE;2026-01-31;51.989;58.0558;43.392;48.4556;51.881;89.55
STA.CLARA-MG;283;Fio dagua;MUCURI;SUDESTE;SE;SUDESTE;2026-01-31;20.834;28.0905;20.834;28.0905;19.71;74.1675
STO ANTONIO DO JARI;286;Fio dagua;AMAZONAS;MANAUS-AMAPA;N;NORTE;2026-01-31;119.723;75.0598;119.723;75.0598;120.514;159.5035
SUIÇA;145;Fio dagua;SANTA MARIA VIT;SUDESTE;SE;SUDESTE;2026-01-31;15.617;36.9511;15.617;36.9511;15.486;42.264
TAQUARUÇU;62;Fio dagua;PARANAPANEMA;PARANAPANEMA;SE;SUDESTE;2026-01-31;144.785;41.3899;144.785;41.3899;142.066;349.8075
TELES PIRES;229;Fio dagua;AMAZONAS;TELES PIRES;SE;SUDESTE;2026-01-31;1980.663;108.3495;1774.459;97.0694;1980.733;1828.0318
TRÊS IRMÃOS;43;Reservatório com Usina;TIETE;PARANA;SE;SUDESTE;2026-01-31;248.089;50.1522;248.089;50.1522;253.21;494.6725
TRÊS MARIAS;156;Reservatório com Usina;SAO FRANCISCO;SUDESTE;SE;SUDESTE;2026-01-31;909.178;146.3348;909.178;146.3348;925.77;621.3
TUCURUI;275;Reservatório com Usina;TOCANTINS;NORTE;N;NORTE;2026-01-31;4237.07;52.274;4237.07;52.274;3892.567;8105.5008
VOLTA GRANDE;11;Fio dagua;GRANDE;PARANA;SE;SUDESTE;2026-01-31;573.888;108.656;573.888;108.656;558.079;528.1696
XINGO;178;Fio dagua;SAO FRANCISCO;NORDESTE;NE;NORDESTE;2026-01-31;2486.411;51.5372;2486.411;51.5372;2535.414;4824.4975
14 DE JULHO;99;Fio dagua;JACUI;SUL;S;SUL;2026-02-01;23.081;37.6988;23.081;37.6988;22.716;61.2248
A. VERMELHA;18;Reservatório com Usina;GRANDE;PARANA;SE;SUDESTE;2026-02-01;1509.817;88.2766;1509.817;88.2766;1420.857;1710.325
AIMORES;143;Fio dagua;DOCE;SUDESTE;SE;SUDESTE;2026-02-01;145.522;47.0935;145.522;47.0935;149.849;309.0064
APOLONIO SALES;173;Fio dagua;SAO FRANCISCO;NORDESTE;NE;NORDESTE;2026-02-01;215.345;45.9845;215.345;45.9845;40.08;468.2992
B. BONITA;37;Reservatório com Usina;TIETE;PARANA;SE;SUDESTE;2026-02-01;162.611;128.0563;162.611;128.0563;178.814;126.984
B.COQUEIROS;312;Fio dagua;PARANAIBA;PARANA;SE;SUDESTE;2026-02-01;43.116;41.6617;43.116;41.6617;44.596;103.4908
BAGUARI;141;Fio dagua;DOCE;SUDESTE;SE;SUDESTE;2026-02-01;92.623;65.4841;89.227;63.0832;91.482;141.4434
BAIXO IGUACU;83;Fio dagua;IGUACU;IGUACU;S;SUL;2026-02-01;63.13;31.9079;47.821;24.1703;62.805;197.8506
BALBINA;277;Reservatório com Usina;AMAZONAS;MANAUS-AMAPA;N;NORTE;2026-02-01;124.105;100.9575;124.105;100.9575;122.135;122.928
BARIRI;38;Fio dagua;TIETE;PARANA;SE;SUDESTE;2026-02-01;173.078;116.4887;173.078;116.4887;171.073;148.5792
BARRA BRAUNA;185;Fio dagua;PARAIBA DO SUL;SUDESTE;SE;SUDESTE;2026-02-01;27.838;69.9693;27.838;69.9693;27.624;39.786
BARRA GRANDE;86;Reservatório com Usina;URUGUAI;SUL;S;SUL;2026-02-01;120.598;37.2097;107.86;33.2795;120.38;324.1037
BATALHA;20;Reservatório com Usina;PARANAIBA;PARANA;SE;SUDESTE;2026-02-01;68.96;103.2972;68.96;103.2972;67.652;66.7588
BELO MONTE;288;Fio dagua;AMAZONAS;BELO MONTE;N;NORTE;2026-02-01;5528.182;62.6128;5528.182;62.6128;5555.426;8829.1595
BOA ESPERANÇA;190;Reservatório com Usina;PARNAIBA;NORDESTE;NE;NORDESTE;2026-02-01;129.572;48.5703;129.572;48.5703;124.89;266.772
C. DOURADA;32;Fio dagua;PARANAIBA;PARANA;SE;SUDESTE;2026-02-01;811.027;105.4666;811.027;105.4666;875.682;768.9892
C.BRANCO-1;27;Reservatório com Usina;PARANAIBA;PARANA;SE;SUDESTE;2026-02-01;363.38;118.8226;363.38;118.8226;356.901;305.8172
C.BRANCO-2;28;Fio dagua;PARANAIBA;PARANA;SE;SUDESTE;2026-02-01;260.367;100.4069;260.367;100.4069;261.675;259.3118
CACHOEIRA CALDEIRAO;204;Fio dagua;ARAGUARI;MANAUS-AMAPA;N;NORTE;2026-02-01;75.814;52.7094;66.113;45.9649;78.454;143.8338
CACONDE;14;Reservatório com Usina;GRANDE;PARANA;SE;SUDESTE;2026-02-01;89.379;112.7293;89.379;112.7293;88.984;79.2864
CACU;311;Reservatório com Usina;PARANAIBA;PARANA;SE;SUDESTE;2026-02-01;31.658;42.1618;31.658;42.1618;32.617;75.087
CAMARGOS;1;Reservatório com Usina;GRANDE;PARANA;SE;SUDESTE;2026-02-01;35.302;77.2946;35.302;77.2946;37.39;45.672
CAMPOS NOVOS;90;Reservatório com Usina;URUGUAI;SUL;S;SUL;2026-02-01;185.817;41.3143;185.817;41.3143;187.774;449.764
CANA BRAVA;252;Fio dagua;TOCANTINS;SUDESTE;SE;SUDESTE;2026-02-01;292.08;43.3727;292.08;43.3727;289.752;673.4188
CANASTRA;87;Fio dagua;JACUI;SUL;S;SUL;2026-02-01;;;;;;
CANDONGA;139;Fio dagua;DOCE;SUDESTE;SE;SUDESTE;2026-02-01;73.016;72.0665;73.016;72.0665;69.963;101.3175
CANOAS I;52;Fio dagua;PARANAPANEMA;PARANAPANEMA;SE;SUDESTE;2026-02-01;38.942;35.3899;38.942;35.3899;39.277;110.0371
CANOAS II;51;Fio dagua;PARANAPANEMA;PARANAPANEMA;SE;SUDESTE;2026-02-01;31.817;34.6947;31.817;34.6947;32.601;91.7056
CAPIVARA;61;Reservatório com Usina;PARANAPANEMA;PARANAPANEMA;SE;SUDESTE;2026-02-01;276.124;47.7044;276.124;47.7044;290.892;578.8224
CASTRO ALVES;97;Fio dagua;JACUI;SUL;S;SUL;2026-02-01;40.368;44.9486;40.368;44.9486;39.409;89.8092
CHAVANTES;49;Reservatório com Usina;PARANAPANEMA;PARANAPANEMA;SE;SUDESTE;2026-02-01;88.288;26.8666;88.288;26.8666;86.686;328.6164
COARACY NUNES;280;Fio dagua;ARAGUARI;MANAUS-AMAPA;N;NORTE;2026-02-01;98.116;53.2756;77.653;42.1644;98.81;184.167
COLIDER;228;Fio dagua;AMAZONAS;TELES PIRES;SE;SUDESTE;2026-02-01;288.975;80.291;243.259;67.5889;210.784;359.9096
CORUMBA;30;Reservatório com Usina;PARANAIBA;PARANA;SE;SUDESTE;2026-02-01;326.174;65.3506;326.174;65.3506;334.613;499.1142
CORUMBA-3;203;Reservatório com Usina;PARANAIBA;PARANA;SE;SUDESTE;2026-02-01;64.231;64.7029;60.413;60.8569;62.985;99.2706
CORUMBA-4;29;Reservatório com Usina;PARANAIBA;PARANA;SE;SUDESTE;2026-02-01;86.507;64.1688;83.005;61.5711;86.367;134.8116
CURUA-UNA;272;Reservatório com Usina;AMAZONAS;BELO MONTE;N;NORTE;2026-02-01;24.006;65.5862;24.006;65.5862;20.56;36.6022
D. FRANCISCA;114;Fio dagua;JACUI;SUL;S;SUL;2026-02-01;53.783;84.7932;53.783;84.7932;53.631;63.4284
DARDANELOS;310;Fio dagua;AMAZONAS;MADEIRA;SE;SUDESTE;2026-02-01;517.152;81.5315;259.958;40.9836;479.507;634.297
E. DA CUNHA;15;Fio dagua;GRANDE;PARANA;SE;SUDESTE;2026-02-01;142.043;119.8356;120.287;101.481;138.423;118.5316
EMBORCAÇÃO;24;Reservatório com Usina;PARANAIBA;PARANA;SE;SUDESTE;2026-02-01;1238.197;124.3105;1238.197;124.3105;1186.208;996.052
ESPORA;290;Reservatório com Usina;PARANAIBA;PARANA;SE;SUDESTE;2026-02-01;20.161;59.6896;20.161;59.6896;19.258;33.7764
ESTREITO;267;Fio dagua;TOCANTINS;NORTE;N;NORTE;2026-02-01;754.922;44.6503;623.258;36.863;711.38;1690.743
FERREIRA GOMES;284;Fio dagua;ARAGUARI;MANAUS-AMAPA;N;NORTE;2026-02-01;83.382;53.744;83.382;53.744;87.841;155.1465
FONTES;132;Fio dagua;PARAIBA DO SUL;SUDESTE;SE;SUDESTE;2026-02-01;102.68;84.4665;102.68;84.4665;102.776;121.563
FOZ CHAPECO;103;Fio dagua;URUGUAI;SUL;S;SUL;2026-02-01;197.935;44.015;151.523;33.6943;200.427;449.6988
FOZ DO RIO CLARO;315;Fio dagua;PARANAIBA;PARANA;SE;SUDESTE;2026-02-01;34.107;41.278;34.107;41.278;33.958;82.6275
FUNDÃO;72;Fio dagua;IGUACU;IGUACU;S;SUL;2026-02-01;40.87;49.6964;40.87;49.6964;42.183;82.2393
FUNIL;123;Reservatório com Usina;PARAIBA DO SUL;SUDESTE;SE;SUDESTE;2026-02-01;362.576;164.2325;362.576;164.2325;347.585;220.77
FUNIL-MG;4;Fio dagua;GRANDE;PARANA;SE;SUDESTE;2026-02-01;130.404;72.0468;130.404;72.0468;133.385;180.999
FURNAS;6;Reservatório com Usina;GRANDE;PARANA;SE;SUDESTE;2026-02-01;1445.977;111.579;1445.977;111.579;1399.681;1295.922
G. B. MUNHOZ;74;Reservatório com Usina;IGUACU;IGUACU;S;SUL;2026-02-01;206.783;28.3859;206.783;28.3859;195.419;728.4708
G. P. SOUZA;115;Reservatório com Usina;CAPIVARI;SUL;S;SUL;2026-02-01;99.253;57.8521;99.253;57.8521;99.022;171.5634
GARIBALDI;89;Reservatório com Usina;URUGUAI;SUL;S;SUL;2026-02-01;40.472;42.5002;40.472;42.5002;40.435;95.2278
GOV JAYME CANET JR;57;Reservatório com Usina;PARANAPANEMA;IGUACU;S;SUL;2026-02-01;102.369;31.6721;76.134;23.5552;100.647;323.2152
GUAPORE;196;Fio dagua;AMAZONAS;MADEIRA;SE;SUDESTE;2026-02-01;55.998;95.3683;54.453;92.7371;55.982;58.7176
GUILM. AMORIM;192;Fio dagua;DOCE;SUDESTE;SE;SUDESTE;2026-02-01;62.882;55.2829;62.882;55.2829;62.42;113.7458
HENRY BORDEN;119;Fio dagua;TIETE;SUDESTE;SE;SUDESTE;2026-02-01;698.057;180.706;698.057;180.706;697.865;386.2944
I. SOLTEIRA;34;Reservatório com Usina;PARANA;PARANA;SE;SUDESTE;2026-02-01;2990.524;85.0324;2990.524;85.0324;3076.217;3516.921
IBITINGA;39;Fio dagua;TIETE;PARANA;SE;SUDESTE;2026-02-01;172.786;103.9434;172.786;103.9434;173.832;166.2309
IGARAPAVA;10;Fio dagua;GRANDE;PARANA;SE;SUDESTE;2026-02-01;334.993;114.4412;334.993;114.4412;336.383;292.7206
ILHA POMBOS;130;Fio dagua;PARAIBA DO SUL;SUDESTE;SE;SUDESTE;2026-02-01;200.221;85.1736;200.221;85.1736;201.112;235.074
IRAPE;148;Reservatório com Usina;JEQUITINHONHA;SUDESTE;SE;SUDESTE;2026-02-01;299.336;89.1644;299.336;89.1644;301.937;335.7123
ITÁ;92;Fio dagua;URUGUAI;SUL;S;SUL;2026-02-01;270.49;35.4398;270.49;35.4398;272.046;763.2383
ITAIPU;66;Fio dagua;PARANA;ITAIPU;SE;SUDESTE;2026-02-01;10679.821;65.7839;10679.821;65.7839;10955.285;16234.6912
ITAPEBI;154;Fio dagua;JEQUITINHONHA;NORDESTE;NE;NORDESTE;2026-02-01;263.335;63.2819;239.74;57.6118;265.959;416.13
ITAUBA;113;Fio dagua;JACUI;SUL;S;SUL;2026-02-01;110.462;94.9544;110.462;94.9544;107.151;116.3316
ITIQUIRA I;304;Fio dagua;PARAGUAI;SUDESTE;SE;SUDESTE;2026-02-01;44.88;52.1424;40.269;46.7852;44.963;86.072
ITIQUIRA II;305;Fio dagua;PARAGUAI;SUDESTE;SE;SUDESTE;2026-02-01;71.476;52.143;71.476;52.143;71.5;137.0768
ITUMBIARA;31;Reservatório com Usina;PARANAIBA;PARANA;SE;SUDESTE;2026-02-01;2096.372;110.0446;2096.372;110.0446;1956.767;1905.0197
ITUTINGA;2;Fio dagua;GRANDE;PARANA;SE;SUDESTE;2026-02-01;41.441;77.2951;41.441;77.2951;41.52;53.614
JACUI;112;Fio dagua;JACUI;SUL;S;SUL;2026-02-01;107.513;109.048;9.716;9.8547;111.532;98.5924
JAGUARA;9;Fio dagua;GRANDE;PARANA;SE;SUDESTE;2026-02-01;843.44;114.7901;843.44;114.7901;846.566;734.7672
JAGUARI;120;Reservatório com Usina;PARAIBA DO SUL;SUDESTE;SE;SUDESTE;2026-02-01;20.833;85.8523;20.833;85.8523;19.099;24.2661
JAURU;195;Fio dagua;PARAGUAI;SUDESTE;SE;SUDESTE;2026-02-01;72.665;78.1596;72.665;78.1596;72.582;92.97
JIRAU;285;Fio dagua;AMAZONAS;MADEIRA;SE;SUDESTE;2026-02-01;4571.669;97.5094;3412.734;72.7904;4061.334;4688.44
JUPIA;45;Fio dagua;PARANA;PARANA;SE;SUDESTE;2026-02-01;1553.258;79.3126;1553.258;79.3126;1581.268;1958.4
JURUENA;309;Fio dagua;AMAZONAS;TELES PIRES;SE;SUDESTE;2026-02-01;42.409;86.0478;38.253;77.6153;43.892;49.2854
JURUMIRIM;47;Reservatório com Usina;PARANAPANEMA;PARANAPANEMA;SE;SUDESTE;2026-02-01;27.215;26.2238;27.215;26.2238;27.161;103.7799
L. C. BARRETO;8;Fio dagua;GRANDE;PARANA;SE;SUDESTE;2026-02-01;1152.198;114.9853;1152.198;114.9853;1159.572;1002.0391
LAJEADO;261;Fio dagua;TOCANTINS;SUDESTE;SE;SUDESTE;2026-02-01;820.386;50.0965;820.386;50.0965;785.702;1637.61
LIMOEIRO;16;Fio dagua;GRANDE;PARANA;SE;SUDESTE;2026-02-01;43.274;122.4366;43.274;122.4366;42.4;35.344
LUIZ GONZAGA;172;Reservatório com Usina;SAO FRANCISCO;NORDESTE;NE;NORDESTE;2026-02-01;978.337;46.138;978.337;46.138;955.632;2120.46
M. MORAES;7;Reservatório com Usina;GRANDE;PARANA;SE;SUDESTE;2026-02-01;717.05;115.1522;717.05;115.1522;760.781;622.6974
MACHADINHO;91;Reservatório com Usina;URUGUAI;SUL;S;SUL;2026-02-01;220.967;40.5313;220.967;40.5313;223.429;545.1759
MANSO;278;Reservatório com Usina;PARAGUAI;SUDESTE;SE;SUDESTE;2026-02-01;285.125;164.1139;285.125;164.1139;287.135;173.736
MARIMBONDO;17;Reservatório com Usina;GRANDE;PARANA;SE;SUDESTE;2026-02-01;1722.316;101.7767;1722.316;101.7767;1711.332;1692.2495
MASCARENHAS;144;Fio dagua;DOCE;SUDESTE;SE;SUDESTE;2026-02-01;133.366;47.6897;133.366;47.6897;121.384;279.6534
MIRANDA;26;Reservatório com Usina;PARANAIBA;PARANA;SE;SUDESTE;2026-02-01;466.552;128.08;466.552;128.08;468.436;364.266
MONJOLINHO;94;Fio dagua;URUGUAI;SUL;S;SUL;2026-02-01;15.919;50.8269;15.919;50.8269;15.824;31.32
MONTE CLARO;98;Fio dagua;JACUI;SUL;S;SUL;2026-02-01;25.761;36.9293;21.157;30.3293;26.4;69.7577
N. AVANHANDAVA;42;Fio dagua;TIETE;PARANA;SE;SUDESTE;2026-02-01;221.161;63.9099;221.161;63.9099;215.045;346.0512
NILO PEÇANHA;131;Fio dagua;PARAIBA DO SUL;SUDESTE;SE;SUDESTE;2026-02-01;386.942;100.6992;386.942;100.6992;387.362;384.2553
NOVA PONTE;25;Reservatório com Usina;PARANAIBA;PARANA;SE;SUDESTE;2026-02-01;830.064;167.345;830.064;167.345;740.993;496.0197
OURINHOS;249;Fio dagua;PARANAPANEMA;PARANAPANEMA;SE;SUDESTE;2026-02-01;14.08;27.2048;13.118;25.346;15.255;51.7556
P. AFONSO 1,2,3;174;Fio dagua;SAO FRANCISCO;NORDESTE;NE;NORDESTE;2026-02-01;840.153;45.9844;840.153;45.9844;168.94;1827.04
P. AFONSO 4;175;Fio dagua;SAO FRANCISCO;NORDESTE;NE;NORDESTE;2026-02-01;1202.525;45.9844;1202.525;45.9844;2047.51;2615.0712
P. COLOMBIA;12;Fio dagua;GRANDE;PARANA;SE;SUDESTE;2026-02-01;528.444;112.386;467.883;99.5063;542.01;470.2044
PARAIBUNA;121;Reservatório com Usina;PARAIBA DO SUL;SUDESTE;SE;SUDESTE;2026-02-01;123.716;157.6434;123.716;157.6434;117.03;78.4784
PARANAPANEMA;53;Fio dagua;PARANAPANEMA;PARANAPANEMA;SE;SUDESTE;2026-02-01;12.143;26.0216;12.143;26.0216;12.632;46.665
PASSO FUNDO;93;Reservatório com Usina;URUGUAI;SUL;S;SUL;2026-02-01;36.983;48.8826;36.983;48.8826;37.229;75.6568
PASSO REAL;111;Reservatório com Usina;JACUI;SUL;S;SUL;2026-02-01;49.74;109.829;49.74;109.829;52.864;45.2886
PASSO SAO JOAO;102;Fio dagua;URUGUAI;SUL;S;SUL;2026-02-01;36.052;95.715;27.145;72.0676;37.149;37.666
PEDRA DO CAVALO;189;Reservatório com Usina;PARAGUACU;NORDESTE;NE;NORDESTE;2026-02-01;20.692;14.6444;20.692;14.6444;20.968;141.2967
PEIXE ANGICAL;257;Reservatório com Usina;TOCANTINS;SUDESTE;SE;SUDESTE;2026-02-01;369.045;45.1955;369.045;45.1955;375.915;816.5528
PEREIRA PASSOS;133;Fio dagua;PARAIBA DO SUL;SUDESTE;SE;SUDESTE;2026-02-01;58.844;96.8141;58.844;96.8141;58.884;60.7804
PICADA;126;Fio dagua;PARAIBA DO SUL;SUDESTE;SE;SUDESTE;2026-02-01;34.857;48.693;34.857;48.693;34.763;71.5852
PIMENTAL;314;Fio dagua;AMAZONAS;BELO MONTE;N;NORTE;2026-02-01;142.339;52.0896;142.339;52.0896;147.037;273.258
PIRAJU;48;Fio dagua;PARANAPANEMA;PARANAPANEMA;SE;SUDESTE;2026-02-01;21.962;26.0215;21.962;26.0215;22.689;84.3996
PONTE DE PEDRA;281;Fio dagua;PARAGUAI;SUDESTE;SE;SUDESTE;2026-02-01;158.168;78.6262;129.431;64.3408;158.719;201.1646
PORTO ESTRELA;135;Reservatório com Usina;DOCE;SUDESTE;SE;SUDESTE;2026-02-01;98.483;87.877;98.483;87.877;94.414;112.0692
PORTO PRIMAVERA;46;Fio dagua;PARANA;PARANA;SE;SUDESTE;2026-02-01;1543.752;73.3688;1543.752;73.3688;1589.637;2104.0984
PROMISSÃO;40;Reservatório com Usina;TIETE;PARANA;SE;SUDESTE;2026-02-01;180.413;73.3977;180.413;73.3977;187.045;245.802
QUEBRA QUEIXO;95;Reservatório com Usina;URUGUAI;SUL;S;SUL;2026-02-01;25.937;38.5537;25.937;38.5537;25.73;67.275
QUEIMADO;162;Reservatório com Usina;SAO FRANCISCO;SUDESTE;SE;SUDESTE;2026-02-01;78.001;60.1899;78.001;60.1899;76.82;129.5916
RETIRO BAIXO;155;Reservatório com Usina;SAO FRANCISCO;SUDESTE;SE;SUDESTE;2026-02-01;65.99;72.7751;45.914;50.6349;64.958;90.6766
RONDON II;276;Reservatório com Usina;AMAZONAS;MADEIRA;SE;SUDESTE;2026-02-01;63.185;88.5956;63.185;88.5956;63.226;71.3184
ROSAL;217;Fio dagua;ITABAPOANA;SUDESTE;SE;SUDESTE;2026-02-01;40.601;51.1064;40.601;51.1064;40.486;79.4441
ROSANA;63;Fio dagua;PARANAPANEMA;PARANAPANEMA;SE;SUDESTE;2026-02-01;143.042;43.1895;143.042;43.1895;150.336;331.1959
S.DO FACÃO;21;Reservatório com Usina;PARANAIBA;PARANA;SE;SUDESTE;2026-02-01;202.593;101.3668;202.593;101.3668;193.406;199.8612
S.R.VERDINHO;241;Fio dagua;PARANAIBA;PARANA;SE;SUDESTE;2026-02-01;59.939;57.8264;46.842;45.191;60.926;103.6534
SA CARVALHO;193;Fio dagua;DOCE;SUDESTE;SE;SUDESTE;2026-02-01;61.559;53.4472;46.577;40.4394;61.402;115.1772
SALTO;262;Fio dagua;PARANAIBA;PARANA;SE;SUDESTE;2026-02-01;69.871;60.8627;69.871;60.8627;69.755;114.801
SALTO CAXIAS;82;Fio dagua;IGUACU;IGUACU;S;SUL;2026-02-01;229.067;32.5908;192.133;27.336;227.482;702.8576
SALTO GRANDE CM;134;Fio dagua;DOCE;SUDESTE;SE;SUDESTE;2026-02-01;172.999;92.1835;172.197;91.7562;165.689;187.668
SALTO GRANDE CS;50;Fio dagua;PARANAPANEMA;PARANAPANEMA;SE;SUDESTE;2026-02-01;35.702;34.3917;13.012;12.5344;36.441;103.81
SALTO OSORIO;78;Fio dagua;IGUACU;IGUACU;S;SUL;2026-02-01;199.691;34.1998;172.105;29.4753;203.238;583.8952
SALTO PILAO;215;Fio dagua;ITAJAI;SUL;S;SUL;2026-02-01;200.314;86.6796;152.683;66.0688;200.285;231.0971
SALTO SANTIAGO;77;Reservatório com Usina;IGUACU;IGUACU;S;SUL;2026-02-01;297.97;34.2223;297.97;34.2223;298.764;870.6896
SAMUEL;279;Reservatório com Usina;AMAZONAS;MADEIRA;SE;SUDESTE;2026-02-01;325.637;155.745;325.637;155.745;304.444;209.0834
SANTA BRANCA;122;Reservatório com Usina;PARAIBA DO SUL;SUDESTE;SE;SUDESTE;2026-02-01;75.022;158.0772;75.022;158.0772;67.859;47.4591
SANTA CLARA-PR;71;Reservatório com Usina;IGUACU;IGUACU;S;SUL;2026-02-01;37.209;48.7128;37.209;48.7128;36.148;76.3844
SANTO ANTONIO;287;Fio dagua;AMAZONAS;MADEIRA;SE;SUDESTE;2026-02-01;4738.422;97.1182;3525.379;72.2558;3752.78;4879.0245
SAO DOMINGOS;153;Fio dagua;PARANA;PARANA;SE;SUDESTE;2026-02-01;45.65;96.5251;41.044;86.7859;45.884;47.2934
SAO JOSE;101;Fio dagua;URUGUAI;SUL;S;SUL;2026-02-01;26.284;97.8723;22.904;85.2864;26.322;26.8554
SAO MANOEL;230;Fio dagua;AMAZONAS;TELES PIRES;SE;SUDESTE;2026-02-01;886.848;91.0188;748.561;76.8262;787.026;974.3566
SAO ROQUE;88;Reservatório com Usina;URUGUAI;SUL;S;SUL;2026-02-01;36.54;38.4889;36.54;38.4889;35.605;94.9365
SAO SALVADOR;253;Fio dagua;TOCANTINS;SUDESTE;SE;SUDESTE;2026-02-01;190.979;46.2617;190.979;46.2617;191.346;412.8229
SÃO SIMÃO;33;Reservatório com Usina;PARANAIBA;PARANA;SE;SUDESTE;2026-02-01;2771.511;105.6992;2771.511;105.6992;2682.396;2622.073
SEGREDO;76;Reservatório com Usina;IGUACU;IGUACU;S;SUL;2026-02-01;267.304;34.4627;267.304;34.4627;272.719;775.632
SERRA DA MESA;251;Reservatório com Usina;TOCANTINS;SUDESTE;SE;SUDESTE;2026-02-01;680.182;41.8547;680.182;41.8547;664.978;1625.1048
SIMPLICIO;129;Fio dagua;PARAIBA DO SUL;SUDESTE;SE;SUDESTE;2026-02-01;198.725;63.0345;198.725;63.0345;196.346;315.26379
SINOP;227;Reservatório com Usina;AMAZONAS;TELES PIRES;SE;SUDESTE;2026-02-01;340.746;88.322;333.21;86.3687;291.552;385.7997
SOBRADINHO;169;Reservatório com Usina;SAO FRANCISCO;NORDESTE;NE;NORDESTE;2026-02-01;620.572;54.1796;620.572;54.1796;584.211;1145.3973
SOBRAGI;127;Fio dagua;PARAIBA DO SUL;SUDESTE;SE;SUDESTE;2026-02-01;40.964;47.2565;37.382;43.1243;40.955;86.6844
STA.CLARA-MG;283;Fio dagua;MUCURI;SUDESTE;SE;SUDESTE;2026-02-01;21.769;41.0418;21.769;41.0418;21.687;53.041
STO ANTONIO DO JARI;286;Fio dagua;AMAZONAS;MANAUS-AMAPA;N;NORTE;2026-02-01;117.72;47.3473;117.72;47.3473;121.832;248.631
SUIÇA;145;Fio dagua;SANTA MARIA VIT;SUDESTE;SE;SUDESTE;2026-02-01;17.476;51.687;17.476;51.687;17.338;33.8112
TAQUARUÇU;62;Fio dagua;PARANAPANEMA;PARANAPANEMA;SE;SUDESTE;2026-02-01;164.283;45.5468;164.283;45.5468;160.529;360.6904
TELES PIRES;229;Fio dagua;AMAZONAS;TELES PIRES;SE;SUDESTE;2026-02-01;1957.652;90.9052;1754.481;81.4708;1954.921;2153.5094
TRÊS IRMÃOS;43;Reservatório com Usina;TIETE;PARANA;SE;SUDESTE;2026-02-01;275.141;51.552;275.141;51.552;280.82;533.715
TRÊS MARIAS;156;Reservatório com Usina;SAO FRANCISCO;SUDESTE;SE;SUDESTE;2026-02-01;936.284;162.9317;936.284;162.9317;959.174;574.648
TUCURUI;275;Reservatório com Usina;TOCANTINS;NORTE;N;NORTE;2026-02-01;4235.927;38.3047;4235.927;38.3047;3888.724;11058.5016
VOLTA GRANDE;11;Fio dagua;GRANDE;PARANA;SE;SUDESTE;2026-02-01;582.471;114.6449;582.471;114.6449;566.425;508.0654
XINGO;178;Fio dagua;SAO FRANCISCO;NORDESTE;NE;NORDESTE;2026-02-01;2416.593;46.6014;2416.593;46.6014;2464.624;5185.661
14 DE JULHO;99;Fio dagua;JACUI;SUL;S;SUL;2026-02-02;22.762;37.1777;22.762;37.1777;22.543;61.2248
A. VERMELHA;18;Reservatório com Usina;GRANDE;PARANA;SE;SUDESTE;2026-02-02;1627.954;95.1839;1627.954;95.1839;1530.48;1710.325
AIMORES;143;Fio dagua;DOCE;SUDESTE;SE;SUDESTE;2026-02-02;158.266;51.2177;158.266;51.2177;164.518;309.0064
APOLONIO SALES;173;Fio dagua;SAO FRANCISCO;NORDESTE;NE;NORDESTE;2026-02-02;224.653;47.9721;224.653;47.9721;80.717;468.2992
B. BONITA;37;Reservatório com Usina;TIETE;PARANA;SE;SUDESTE;2026-02-02;125.306;98.6786;117.314;92.3849;136.794;126.984
B.COQUEIROS;312;Fio dagua;PARANAIBA;PARANA;SE;SUDESTE;2026-02-02;47.137;45.547;47.137;45.547;48.742;103.4908
BAGUARI;141;Fio dagua;DOCE;SUDESTE;SE;SUDESTE;2026-02-02;97.047;68.6119;90.255;63.81;95.031;141.4434
BAIXO IGUACU;83;Fio dagua;IGUACU;IGUACU;S;SUL;2026-02-02;72.961;36.8768;72.961;36.8768;71.994;197.8506
BALBINA;277;Reservatório com Usina;AMAZONAS;MANAUS-AMAPA;N;NORTE;2026-02-02;122.99;100.0504;122.99;100.0504;120.879;122.928
BARIRI;38;Fio dagua;TIETE;PARANA;SE;SUDESTE;2026-02-02;165.3;111.2538;165.3;111.2538;162.043;148.5792
BARRA BRAUNA;185;Fio dagua;PARAIBA DO SUL;SUDESTE;SE;SUDESTE;2026-02-02;31.852;80.0583;31.852;80.0583;31.234;39.786
BARRA GRANDE;86;Reservatório com Usina;URUGUAI;SUL;S;SUL;2026-02-02;107.704;33.2313;107.704;33.2313;106.676;324.1037
BATALHA;20;Reservatório com Usina;PARANAIBA;PARANA;SE;SUDESTE;2026-02-02;68.882;103.1804;68.882;103.1804;67.821;66.7588
BELO MONTE;288;Fio dagua;AMAZONAS;BELO MONTE;N;NORTE;2026-02-02;5599.359;63.4189;5599.359;63.4189;5582.662;8829.1595
BOA ESPERANÇA;190;Reservatório com Usina;PARNAIBA;NORDESTE;NE;NORDESTE;2026-02-02;128.887;48.3135;128.887;48.3135;123.803;266.772
C. DOURADA;32;Fio dagua;PARANAIBA;PARANA;SE;SUDESTE;2026-02-02;854.978;111.1821;844.71;109.8468;909.852;768.9892
C.BRANCO-1;27;Reservatório com Usina;PARANAIBA;PARANA;SE;SUDESTE;2026-02-02;444.299;145.2825;444.299;145.2825;436.455;305.8172
C.BRANCO-2;28;Fio dagua;PARANAIBA;PARANA;SE;SUDESTE;2026-02-02;333.695;128.6848;333.695;128.6848;338.205;259.3118
CACHOEIRA CALDEIRAO;204;Fio dagua;ARAGUARI;MANAUS-AMAPA;N;NORTE;2026-02-02;71.72;49.8631;60.191;41.8476;73.941;143.8338
CACONDE;14;Reservatório com Usina;GRANDE;PARANA;SE;SUDESTE;2026-02-02;74.306;93.7185;74.306;93.7185;74.14;79.2864
CACU;311;Reservatório com Usina;PARANAIBA;PARANA;SE;SUDESTE;2026-02-02;35.031;46.6539;35.031;46.6539;36.182;75.087
CAMARGOS;1;Reservatório com Usina;GRANDE;PARANA;SE;SUDESTE;2026-02-02;31.429;68.8146;31.429;68.8146;33.314;45.672
CAMPOS NOVOS;90;Reservatório com Usina;URUGUAI;SUL;S;SUL;2026-02-02;189.608;42.1572;189.608;42.1572;191.101;449.764
CANA BRAVA;252;Fio dagua;TOCANTINS;SUDESTE;SE;SUDESTE;2026-02-02;294.092;43.6715;294.092;43.6715;289.049;673.4188
CANASTRA;87;Fio dagua;JACUI;SUL;S;SUL;2026-02-02;;;;;;
CANDONGA;139;Fio dagua;DOCE;SUDESTE;SE;SUDESTE;2026-02-02;83.125;82.0441;83.125;82.0441;79.582;101.3175
CANOAS I;52;Fio dagua;PARANAPANEMA;PARANAPANEMA;SE;SUDESTE;2026-02-02;40.885;37.1557;40.885;37.1557;41.086;110.0371
CANOAS II;51;Fio dagua;PARANAPANEMA;PARANAPANEMA;SE;SUDESTE;2026-02-02;33.411;36.4329;33.411;36.4329;34.021;91.7056
CAPIVARA;61;Reservatório com Usina;PARANAPANEMA;PARANAPANEMA;SE;SUDESTE;2026-02-02;261.024;45.0957;261.024;45.0957;273.315;578.8224
CASTRO ALVES;97;Fio dagua;JACUI;SUL;S;SUL;2026-02-02;37.29;41.5214;37.29;41.5214;36.4;89.8092
CHAVANTES;49;Reservatório com Usina;PARANAPANEMA;PARANAPANEMA;SE;SUDESTE;2026-02-02;93.73;28.5226;93.73;28.5226;91.495;328.6164
COARACY NUNES;280;Fio dagua;ARAGUARI;MANAUS-AMAPA;N;NORTE;2026-02-02;92.277;50.1051;64.814;35.1931;90.316;184.167
COLIDER;228;Fio dagua;AMAZONAS;TELES PIRES;SE;SUDESTE;2026-02-02;328.027;91.1415;272.544;75.7257;238.836;359.9096
CORUMBA;30;Reservatório com Usina;PARANAIBA;PARANA;SE;SUDESTE;2026-02-02;329.151;65.947;329.151;65.947;337.159;499.1142
CORUMBA-3;203;Reservatório com Usina;PARANAIBA;PARANA;SE;SUDESTE;2026-02-02;63.724;64.1922;63.724;64.1922;61.519;99.2706
CORUMBA-4;29;Reservatório com Usina;PARANAIBA;PARANA;SE;SUDESTE;2026-02-02;83.957;62.2773;83.373;61.8441;82.676;134.8116
CURUA-UNA;272;Reservatório com Usina;AMAZONAS;BELO MONTE;N;NORTE;2026-02-02;23.165;63.2885;23.165;63.2885;19.828;36.6022
D. FRANCISCA;114;Fio dagua;JACUI;SUL;S;SUL;2026-02-02;50.266;79.2484;50.266;79.2484;50.701;63.4284
DARDANELOS;310;Fio dagua;AMAZONAS;MADEIRA;SE;SUDESTE;2026-02-02;497.167;78.3808;260.826;41.1205;472.457;634.297
E. DA CUNHA;15;Fio dagua;GRANDE;PARANA;SE;SUDESTE;2026-02-02;116.949;98.6648;116.949;98.6648;114.411;118.5316
EMBORCAÇÃO;24;Reservatório com Usina;PARANAIBA;PARANA;SE;SUDESTE;2026-02-02;1163.331;116.7942;1163.331;116.7942;1108.22;996.052
ESPORA;290;Reservatório com Usina;PARANAIBA;PARANA;SE;SUDESTE;2026-02-02;21.561;63.8345;21.561;63.8345;20.285;33.7764
ESTREITO;267;Fio dagua;TOCANTINS;NORTE;N;NORTE;2026-02-02;796.742;47.1238;796.742;47.1238;711.363;1690.743
FERREIRA GOMES;284;Fio dagua;ARAGUARI;MANAUS-AMAPA;N;NORTE;2026-02-02;78.084;50.3292;78.084;50.3292;81.888;155.1465
FONTES;132;Fio dagua;PARAIBA DO SUL;SUDESTE;SE;SUDESTE;2026-02-02;108.461;89.222;108.461;89.222;108.58;121.563
FOZ CHAPECO;103;Fio dagua;URUGUAI;SUL;S;SUL;2026-02-02;194.177;43.1793;155.876;34.6623;196.583;449.6988
FOZ DO RIO CLARO;315;Fio dagua;PARANAIBA;PARANA;SE;SUDESTE;2026-02-02;35.918;43.4698;35.918;43.4698;35.465;82.6275
FUNDÃO;72;Fio dagua;IGUACU;IGUACU;S;SUL;2026-02-02;36.916;44.8885;36.916;44.8885;38.205;82.2393
FUNIL;123;Reservatório com Usina;PARAIBA DO SUL;SUDESTE;SE;SUDESTE;2026-02-02;300.699;136.2046;300.699;136.2046;289.754;220.77
FUNIL-MG;4;Fio dagua;GRANDE;PARANA;SE;SUDESTE;2026-02-02;117.376;64.849;117.376;64.849;120.149;180.999
FURNAS;6;Reservatório com Usina;GRANDE;PARANA;SE;SUDESTE;2026-02-02;1375.401;106.133;1375.401;106.133;1319.95;1295.922
G. B. MUNHOZ;74;Reservatório com Usina;IGUACU;IGUACU;S;SUL;2026-02-02;213.455;29.3018;213.455;29.3018;199.942;728.4708
G. P. SOUZA;115;Reservatório com Usina;CAPIVARI;SUL;S;SUL;2026-02-02;110.309;64.2963;110.309;64.2963;110.031;171.5634
GARIBALDI;89;Reservatório com Usina;URUGUAI;SUL;S;SUL;2026-02-02;37.323;39.1934;37.323;39.1934;37.734;95.2278
GOV JAYME CANET JR;57;Reservatório com Usina;PARANAPANEMA;IGUACU;S;SUL;2026-02-02;110.796;34.2793;104.499;32.3311;108.569;323.2152
GUAPORE;196;Fio dagua;AMAZONAS;MADEIRA;SE;SUDESTE;2026-02-02;55.72;94.8949;55.72;94.8949;55.611;58.7176
GUILM. AMORIM;192;Fio dagua;DOCE;SUDESTE;SE;SUDESTE;2026-02-02;50.028;43.9823;50.028;43.9823;49.704;113.7458
HENRY BORDEN;119;Fio dagua;TIETE;SUDESTE;SE;SUDESTE;2026-02-02;577.681;149.5442;577.681;149.5442;577.078;386.2944
I. SOLTEIRA;34;Reservatório com Usina;PARANA;PARANA;SE;SUDESTE;2026-02-02;3189.975;90.7036;3189.975;90.7036;3270.685;3516.921
IBITINGA;39;Fio dagua;TIETE;PARANA;SE;SUDESTE;2026-02-02;183.375;110.3134;183.375;110.3134;183.059;166.2309
IGARAPAVA;10;Fio dagua;GRANDE;PARANA;SE;SUDESTE;2026-02-02;337.608;115.3346;337.608;115.3346;334.223;292.7206
ILHA POMBOS;130;Fio dagua;PARAIBA DO SUL;SUDESTE;SE;SUDESTE;2026-02-02;219.259;93.2723;219.259;93.2723;220.236;235.074
IRAPE;148;Reservatório com Usina;JEQUITINHONHA;SUDESTE;SE;SUDESTE;2026-02-02;385.502;114.8311;385.502;114.8311;388.759;335.7123
ITÁ;92;Fio dagua;URUGUAI;SUL;S;SUL;2026-02-02;250.34;32.7997;250.34;32.7997;249.295;763.2383
ITAIPU;66;Fio dagua;PARANA;ITAIPU;SE;SUDESTE;2026-02-02;10920.206;67.2646;10920.206;67.2646;11164.301;16234.6912
ITAPEBI;154;Fio dagua;JEQUITINHONHA;NORDESTE;NE;NORDESTE;2026-02-02;224.832;54.0293;204.812;49.2183;227.073;416.13
ITAUBA;113;Fio dagua;JACUI;SUL;S;SUL;2026-02-02;105.363;90.5713;105.363;90.5713;103.281;116.3316
ITIQUIRA I;304;Fio dagua;PARAGUAI;SUDESTE;SE;SUDESTE;2026-02-02;46.656;54.2058;46.656;54.2058;46.688;86.072
ITIQUIRA II;305;Fio dagua;PARAGUAI;SUDESTE;SE;SUDESTE;2026-02-02;74.303;54.2054;74.303;54.2054;74.393;137.0768
ITUMBIARA;31;Reservatório com Usina;PARANAIBA;PARANA;SE;SUDESTE;2026-02-02;2171.441;113.9852;2171.441;113.9852;2016.595;1905.0197
ITUTINGA;2;Fio dagua;GRANDE;PARANA;SE;SUDESTE;2026-02-02;36.894;68.8141;36.894;68.8141;36.99;53.614
JACUI;112;Fio dagua;JACUI;SUL;S;SUL;2026-02-02;102.425;103.8873;0.0;0.0;106.287;98.5924
JAGUARA;9;Fio dagua;GRANDE;PARANA;SE;SUDESTE;2026-02-02;845.613;115.0858;815.245;110.9528;844.911;734.7672
JAGUARI;120;Reservatório com Usina;PARAIBA DO SUL;SUDESTE;SE;SUDESTE;2026-02-02;18.7;77.0622;18.7;77.0622;17.258;24.2661
JAURU;195;Fio dagua;PARAGUAI;SUDESTE;SE;SUDESTE;2026-02-02;67.812;72.9397;67.812;72.9397;67.728;92.97
JIRAU;285;Fio dagua;AMAZONAS;MADEIRA;SE;SUDESTE;2026-02-02;4630.791;98.7704;3958.866;84.4389;4105.731;4688.44
JUPIA;45;Fio dagua;PARANA;PARANA;SE;SUDESTE;2026-02-02;1659.281;84.7264;1659.281;84.7264;1698.883;1958.4
JURUENA;309;Fio dagua;AMAZONAS;TELES PIRES;SE;SUDESTE;2026-02-02;41.04;83.2701;36.884;74.8376;42.25;49.2854
JURUMIRIM;47;Reservatório com Usina;PARANAPANEMA;PARANAPANEMA;SE;SUDESTE;2026-02-02;32.149;30.9781;32.149;30.9781;32.104;103.7799
L. C. BARRETO;8;Fio dagua;GRANDE;PARANA;SE;SUDESTE;2026-02-02;1151.279;114.8936;1151.279;114.8936;1155.823;1002.0391
LAJEADO;261;Fio dagua;TOCANTINS;SUDESTE;SE;SUDESTE;2026-02-02;765.029;46.7162;765.029;46.7162;722.88;1637.61
LIMOEIRO;16;Fio dagua;GRANDE;PARANA;SE;SUDESTE;2026-02-02;35.876;101.5052;35.876;101.5052;34.593;35.344
LUIZ GONZAGA;172;Reservatório com Usina;SAO FRANCISCO;NORDESTE;NE;NORDESTE;2026-02-02;1020.626;48.1323;1020.626;48.1323;997.344;2120.46
M. MORAES;7;Reservatório com Usina;GRANDE;PARANA;SE;SUDESTE;2026-02-02;711.336;114.2346;711.336;114.2346;741.59;622.6974
MACHADINHO;91;Reservatório com Usina;URUGUAI;SUL;S;SUL;2026-02-02;239.474;43.926;239.474;43.926;239.554;545.1759
MANSO;278;Reservatório com Usina;PARAGUAI;SUDESTE;SE;SUDESTE;2026-02-02;306.639;176.4971;306.639;176.4971;309.527;173.736
MARIMBONDO;17;Reservatório com Usina;GRANDE;PARANA;SE;SUDESTE;2026-02-02;1818.699;107.4723;1818.699;107.4723;1795.961;1692.2495
MASCARENHAS;144;Fio dagua;DOCE;SUDESTE;SE;SUDESTE;2026-02-02;144.079;51.5206;141.295;50.525;137.425;279.6534
MIRANDA;26;Reservatório com Usina;PARANAIBA;PARANA;SE;SUDESTE;2026-02-02;553.573;151.9694;553.573;151.9694;555.019;364.266
MONJOLINHO;94;Fio dagua;URUGUAI;SUL;S;SUL;2026-02-02;17.615;56.242;17.615;56.242;17.598;31.32
MONTE CLARO;98;Fio dagua;JACUI;SUL;S;SUL;2026-02-02;25.676;36.8074;21.072;30.2074;26.228;69.7577
N. AVANHANDAVA;42;Fio dagua;TIETE;PARANA;SE;SUDESTE;2026-02-02;272.977;78.8834;272.977;78.8834;265.518;346.0512
NILO PEÇANHA;131;Fio dagua;PARAIBA DO SUL;SUDESTE;SE;SUDESTE;2026-02-02;386.942;100.6992;386.942;100.6992;387.362;384.2553
NOVA PONTE;25;Reservatório com Usina;PARANAIBA;PARANA;SE;SUDESTE;2026-02-02;828.778;167.0857;828.778;167.0857;733.996;496.0197
OURINHOS;249;Fio dagua;PARANAPANEMA;PARANAPANEMA;SE;SUDESTE;2026-02-02;14.873;28.737;10.64;20.5582;15.51;51.7556
P. AFONSO 1,2,3;174;Fio dagua;SAO FRANCISCO;NORDESTE;NE;NORDESTE;2026-02-02;876.47;47.9721;876.47;47.9721;339.226;1827.04
P. AFONSO 4;175;Fio dagua;SAO FRANCISCO;NORDESTE;NE;NORDESTE;2026-02-02;1254.505;47.9721;1254.505;47.9721;1925.664;2615.0712
P. COLOMBIA;12;Fio dagua;GRANDE;PARANA;SE;SUDESTE;2026-02-02;538.451;114.5142;501.229;106.5981;542.807;470.2044
PARAIBUNA;121;Reservatório com Usina;PARAIBA DO SUL;SUDESTE;SE;SUDESTE;2026-02-02;109.512;139.5441;109.512;139.5441;103.703;78.4784
PARANAPANEMA;53;Fio dagua;PARANAPANEMA;PARANAPANEMA;SE;SUDESTE;2026-02-02;13.94;29.8725;13.94;29.8725;14.528;46.665
PASSO FUNDO;93;Reservatório com Usina;URUGUAI;SUL;S;SUL;2026-02-02;43.547;57.5586;43.547;57.5586;43.785;75.6568
PASSO REAL;111;Reservatório com Usina;JACUI;SUL;S;SUL;2026-02-02;47.148;104.1057;47.148;104.1057;50.017;45.2886
PASSO SAO JOAO;102;Fio dagua;URUGUAI;SUL;S;SUL;2026-02-02;35.643;94.6291;30.044;79.7642;36.402;37.666
PEDRA DO CAVALO;189;Reservatório com Usina;PARAGUACU;NORDESTE;NE;NORDESTE;2026-02-02;18.938;13.403;18.938;13.403;19.19;141.2967
PEIXE ANGICAL;257;Reservatório com Usina;TOCANTINS;SUDESTE;SE;SUDESTE;2026-02-02;355.117;43.4898;355.117;43.4898;363.328;816.5528
PEREIRA PASSOS;133;Fio dagua;PARAIBA DO SUL;SUDESTE;SE;SUDESTE;2026-02-02;59.536;97.9526;59.536;97.9526;60.036;60.7804
PICADA;126;Fio dagua;PARAIBA DO SUL;SUDESTE;SE;SUDESTE;2026-02-02;31.093;43.435;31.093;43.435;31.047;71.5852
PIMENTAL;314;Fio dagua;AMAZONAS;BELO MONTE;N;NORTE;2026-02-02;143.49;52.5108;143.49;52.5108;148.783;273.258
PIRAJU;48;Fio dagua;PARANAPANEMA;PARANAPANEMA;SE;SUDESTE;2026-02-02;25.211;29.871;25.211;29.871;26.056;84.3996
PONTE DE PEDRA;281;Fio dagua;PARAGUAI;SUDESTE;SE;SUDESTE;2026-02-02;157.019;78.055;128.281;63.7692;157.611;201.1646
PORTO ESTRELA;135;Reservatório com Usina;DOCE;SUDESTE;SE;SUDESTE;2026-02-02;82.32;73.4546;82.32;73.4546;79.675;112.0692
PORTO PRIMAVERA;46;Fio dagua;PARANA;PARANA;SE;SUDESTE;2026-02-02;1582.424;75.2067;1582.424;75.2067;1629.458;2104.0984
PROMISSÃO;40;Reservatório com Usina;TIETE;PARANA;SE;SUDESTE;2026-02-02;224.917;91.5033;224.917;91.5033;234.393;245.802
QUEBRA QUEIXO;95;Reservatório com Usina;URUGUAI;SUL;S;SUL;2026-02-02;25.844;38.4155;25.844;38.4155;25.753;67.275
QUEIMADO;162;Reservatório com Usina;SAO FRANCISCO;SUDESTE;SE;SUDESTE;2026-02-02;99.277;76.6076;99.277;76.6076;97.844;129.5916
RETIRO BAIXO;155;Reservatório com Usina;SAO FRANCISCO;SUDESTE;SE;SUDESTE;2026-02-02;69.51;76.657;61.145;67.432;68.833;90.6766
RONDON II;276;Reservatório com Usina;AMAZONAS;MADEIRA;SE;SUDESTE;2026-02-02;63.521;89.0668;63.521;89.0668;62.96;71.3184
ROSAL;217;Fio dagua;ITABAPOANA;SUDESTE;SE;SUDESTE;2026-02-02;42.596;53.6176;42.596;53.6176;42.227;79.4441
ROSANA;63;Fio dagua;PARANAPANEMA;PARANAPANEMA;SE;SUDESTE;2026-02-02;150.885;45.5576;150.885;45.5576;159.995;331.1959
S.DO FACÃO;21;Reservatório com Usina;PARANAIBA;PARANA;SE;SUDESTE;2026-02-02;204.747;102.4446;204.747;102.4446;195.352;199.8612
S.R.VERDINHO;241;Fio dagua;PARANAIBA;PARANA;SE;SUDESTE;2026-02-02;62.645;60.437;62.645;60.437;63.501;103.6534
SA CARVALHO;193;Fio dagua;DOCE;SUDESTE;SE;SUDESTE;2026-02-02;49.582;43.0485;42.091;36.5446;49.501;115.1772
SALTO;262;Fio dagua;PARANAIBA;PARANA;SE;SUDESTE;2026-02-02;66.9;58.2748;66.9;58.2748;66.802;114.801
SALTO CAXIAS;82;Fio dagua;IGUACU;IGUACU;S;SUL;2026-02-02;261.994;37.2755;261.994;37.2755;260.871;702.8576
SALTO GRANDE CM;134;Fio dagua;DOCE;SUDESTE;SE;SUDESTE;2026-02-02;141.08;75.1753;141.08;75.1753;135.103;187.668
SALTO GRANDE CS;50;Fio dagua;PARANAPANEMA;PARANAPANEMA;SE;SUDESTE;2026-02-02;37.526;36.1487;14.984;14.4341;37.803;103.81
SALTO OSORIO;78;Fio dagua;IGUACU;IGUACU;S;SUL;2026-02-02;208.628;35.7304;208.628;35.7304;212.272;583.8952
SALTO PILAO;215;Fio dagua;ITAJAI;SUL;S;SUL;2026-02-02;119.253;51.603;119.253;51.603;119.375;231.0971
SALTO SANTIAGO;77;Reservatório com Usina;IGUACU;IGUACU;S;SUL;2026-02-02;315.304;36.2131;315.304;36.2131;313.618;870.6896
SAMUEL;279;Reservatório com Usina;AMAZONAS;MADEIRA;SE;SUDESTE;2026-02-02;318.925;152.5348;318.925;152.5348;298.066;209.0834
SANTA BRANCA;122;Reservatório com Usina;PARAIBA DO SUL;SUDESTE;SE;SUDESTE;2026-02-02;67.73;142.7124;67.73;142.7124;61.363;47.4591
SANTA CLARA-PR;71;Reservatório com Usina;IGUACU;IGUACU;S;SUL;2026-02-02;33.3;43.5953;33.3;43.5953;32.52;76.3844
SANTO ANTONIO;287;Fio dagua;AMAZONAS;MADEIRA;SE;SUDESTE;2026-02-02;4782.175;98.015;4051.076;83.0305;3766.199;4879.0245
SAO DOMINGOS;153;Fio dagua;PARANA;PARANA;SE;SUDESTE;2026-02-02;43.307;91.5709;41.465;87.6761;42.974;47.2934
SAO JOSE;101;Fio dagua;URUGUAI;SUL;S;SUL;2026-02-02;24.874;92.622;24.874;92.622;24.827;26.8554
SAO MANOEL;230;Fio dagua;AMAZONAS;TELES PIRES;SE;SUDESTE;2026-02-02;904.207;92.8004;857.96;88.054;792.573;974.3566
SAO ROQUE;88;Reservatório com Usina;URUGUAI;SUL;S;SUL;2026-02-02;39.566;41.6763;39.566;41.6763;38.505;94.9365
SAO SALVADOR;253;Fio dagua;TOCANTINS;SUDESTE;SE;SUDESTE;2026-02-02;179.108;43.3862;179.108;43.3862;176.519;412.8229
SÃO SIMÃO;33;Reservatório com Usina;PARANAIBA;PARANA;SE;SUDESTE;2026-02-02;2909.503;110.9619;2909.503;110.9619;2817.619;2622.073
SEGREDO;76;Reservatório com Usina;IGUACU;IGUACU;S;SUL;2026-02-02;273.198;35.2226;273.198;35.2226;278.867;775.632
SERRA DA MESA;251;Reservatório com Usina;TOCANTINS;SUDESTE;SE;SUDESTE;2026-02-02;731.11;44.9885;731.11;44.9885;712.275;1625.1048
SIMPLICIO;129;Fio dagua;PARAIBA DO SUL;SUDESTE;SE;SUDESTE;2026-02-02;201.097;63.7869;201.097;63.7869;198.689;315.26379
SINOP;227;Reservatório com Usina;AMAZONAS;TELES PIRES;SE;SUDESTE;2026-02-02;370.258;95.9716;362.479;93.9552;310.981;385.7997
SOBRADINHO;169;Reservatório com Usina;SAO FRANCISCO;NORDESTE;NE;NORDESTE;2026-02-02;693.897;60.5813;693.897;60.5813;654.498;1145.3973
SOBRAGI;127;Fio dagua;PARAIBA DO SUL;SUDESTE;SE;SUDESTE;2026-02-02;34.874;40.231;30.576;35.2728;34.971;86.6844
STA.CLARA-MG;283;Fio dagua;MUCURI;SUDESTE;SE;SUDESTE;2026-02-02;23.298;43.9245;23.298;43.9245;23.16;53.041
STO ANTONIO DO JARI;286;Fio dagua;AMAZONAS;MANAUS-AMAPA;N;NORTE;2026-02-02;112.567;45.2747;112.567;45.2747;113.748;248.631
SUIÇA;145;Fio dagua;SANTA MARIA VIT;SUDESTE;SE;SUDESTE;2026-02-02;33.135;98.0001;33.135;98.0001;32.97;33.8112
TAQUARUÇU;62;Fio dagua;PARANAPANEMA;PARANAPANEMA;SE;SUDESTE;2026-02-02;165.64;45.923;165.64;45.923;161.72;360.6904
TELES PIRES;229;Fio dagua;AMAZONAS;TELES PIRES;SE;SUDESTE;2026-02-02;2020.994;93.8465;1969.443;91.4527;2019.981;2153.5094
TRÊS IRMÃOS;43;Reservatório com Usina;TIETE;PARANA;SE;SUDESTE;2026-02-02;316.329;59.2693;316.329;59.2693;323.554;533.715
TRÊS MARIAS;156;Reservatório com Usina;SAO FRANCISCO;SUDESTE;SE;SUDESTE;2026-02-02;939.0;163.4044;939.0;163.4044;964.772;574.648
TUCURUI;275;Reservatório com Usina;TOCANTINS;NORTE;N;NORTE;2026-02-02;4251.942;38.4495;4251.942;38.4495;3888.707;11058.5016
VOLTA GRANDE;11;Fio dagua;GRANDE;PARANA;SE;SUDESTE;2026-02-02;589.614;116.0508;589.614;116.0508;574.013;508.0654
XINGO;178;Fio dagua;SAO FRANCISCO;NORDESTE;NE;NORDESTE;2026-02-02;2383.604;45.9653;2383.604;45.9653;2431.377;5185.661
14 DE JULHO;99;Fio dagua;JACUI;SUL;S;SUL;2026-02-03;19.526;31.8923;19.526;31.8923;19.28;61.2248
A. VERMELHA;18;Reservatório com Usina;GRANDE;PARANA;SE;SUDESTE;2026-02-03;1756.459;102.6974;1756.459;102.6974;1654.643;1710.325
AIMORES;143;Fio dagua;DOCE;SUDESTE;SE;SUDESTE;2026-02-03;163.789;53.0051;163.789;53.0051;168.773;309.0064
APOLONIO SALES;173;Fio dagua;SAO FRANCISCO;NORDESTE;NE;NORDESTE;2026-02-03;246.81;52.7035;246.81;52.7035;102.222;468.2992
B. BONITA;37;Reservatório com Usina;TIETE;PARANA;SE;SUDESTE;2026-02-03;117.268;92.3486;103.415;81.4394;127.727;126.984
B.COQUEIROS;312;Fio dagua;PARANAIBA;PARANA;SE;SUDESTE;2026-02-03;56.348;54.4474;56.348;54.4474;58.251;103.4908
BAGUARI;141;Fio dagua;DOCE;SUDESTE;SE;SUDESTE;2026-02-03;97.618;69.0156;95.58;67.5747;96.622;141.4434
BAIXO IGUACU;83;Fio dagua;IGUACU;IGUACU;S;SUL;2026-02-03;79.996;40.4325;79.996;40.4325;79.185;197.8506
BALBINA;277;Reservatório com Usina;AMAZONAS;MANAUS-AMAPA;N;NORTE;2026-02-03;110.625;89.9917;110.625;89.9917;105.908;122.928
BARIRI;38;Fio dagua;TIETE;PARANA;SE;SUDESTE;2026-02-03;140.797;94.7623;140.797;94.7623;138.722;148.5792
BARRA BRAUNA;185;Fio dagua;PARAIBA DO SUL;SUDESTE;SE;SUDESTE;2026-02-03;37.261;93.6535;37.261;93.6535;36.85;39.786
BARRA GRANDE;86;Reservatório com Usina;URUGUAI;SUL;S;SUL;2026-02-03;97.16;29.9781;97.16;29.9781;95.91;324.1037
BATALHA;20;Reservatório com Usina;PARANAIBA;PARANA;SE;SUDESTE;2026-02-03;66.361;99.4041;66.361;99.4041;65.558;66.7588
BELO MONTE;288;Fio dagua;AMAZONAS;BELO MONTE;N;NORTE;2026-02-03;5604.163;63.4733;5604.163;63.4733;5502.538;8829.1595
BOA ESPERANÇA;190;Reservatório com Usina;PARNAIBA;NORDESTE;NE;NORDESTE;2026-02-03;152.189;57.0483;152.189;57.0483;143.419;266.772
C. DOURADA;32;Fio dagua;PARANAIBA;PARANA;SE;SUDESTE;2026-02-03;857.031;111.449;857.031;111.449;864.479;768.9892
C.BRANCO-1;27;Reservatório com Usina;PARANAIBA;PARANA;SE;SUDESTE;2026-02-03;395.962;129.4767;395.962;129.4767;385.419;305.8172
C.BRANCO-2;28;Fio dagua;PARANAIBA;PARANA;SE;SUDESTE;2026-02-03;346.323;133.5547;330.481;127.4454;346.706;259.3118
CACHOEIRA CALDEIRAO;204;Fio dagua;ARAGUARI;MANAUS-AMAPA;N;NORTE;2026-02-03;76.056;52.8777;60.871;42.3204;78.167;143.8338
CACONDE;14;Reservatório com Usina;GRANDE;PARANA;SE;SUDESTE;2026-02-03;77.511;97.7608;77.511;97.7608;77.53;79.2864
CACU;311;Reservatório com Usina;PARANAIBA;PARANA;SE;SUDESTE;2026-02-03;42.766;56.9553;39.85;53.0718;43.919;75.087
CAMARGOS;1;Reservatório com Usina;GRANDE;PARANA;SE;SUDESTE;2026-02-03;29.174;63.8772;29.174;63.8772;31.022;45.672
CAMPOS NOVOS;90;Reservatório com Usina;URUGUAI;SUL;S;SUL;2026-02-03;195.744;43.5215;195.744;43.5215;195.836;449.764
CANA BRAVA;252;Fio dagua;TOCANTINS;SUDESTE;SE;SUDESTE;2026-02-03;333.456;49.5169;333.456;49.5169;328.886;673.4188
CANASTRA;87;Fio dagua;JACUI;SUL;S;SUL;2026-02-03;;;;;;
CANDONGA;139;Fio dagua;DOCE;SUDESTE;SE;SUDESTE;2026-02-03;78.352;77.3331;78.352;77.3331;74.807;101.3175
CANOAS I;52;Fio dagua;PARANAPANEMA;PARANAPANEMA;SE;SUDESTE;2026-02-03;44.557;40.4927;44.557;40.4927;44.449;110.0371
CANOAS II;51;Fio dagua;PARANAPANEMA;PARANAPANEMA;SE;SUDESTE;2026-02-03;36.61;39.9212;36.61;39.9212;37.124;91.7056
CAPIVARA;61;Reservatório com Usina;PARANAPANEMA;PARANAPANEMA;SE;SUDESTE;2026-02-03;255.891;44.2089;255.891;44.2089;266.187;578.8224
CASTRO ALVES;97;Fio dagua;JACUI;SUL;S;SUL;2026-02-03;29.913;33.3073;29.913;33.3073;29.171;89.8092
CHAVANTES;49;Reservatório com Usina;PARANAPANEMA;PARANAPANEMA;SE;SUDESTE;2026-02-03;106.566;32.4287;106.566;32.4287;104.086;328.6164
COARACY NUNES;280;Fio dagua;ARAGUARI;MANAUS-AMAPA;N;NORTE;2026-02-03;96.932;52.6327;64.263;34.8939;95.835;184.167
COLIDER;228;Fio dagua;AMAZONAS;TELES PIRES;SE;SUDESTE;2026-02-03;345.775;96.0727;228.368;63.4515;236.376;359.9096
CORUMBA;30;Reservatório com Usina;PARANAIBA;PARANA;SE;SUDESTE;2026-02-03;314.146;62.9407;314.146;62.9407;323.157;499.1142
CORUMBA-3;203;Reservatório com Usina;PARANAIBA;PARANA;SE;SUDESTE;2026-02-03;64.814;65.2902;64.814;65.2902;62.407;99.2706
CORUMBA-4;29;Reservatório com Usina;PARANAIBA;PARANA;SE;SUDESTE;2026-02-03;93.073;69.0393;93.073;69.0393;91.402;134.8116
CURUA-UNA;272;Reservatório com Usina;AMAZONAS;BELO MONTE;N;NORTE;2026-02-03;22.608;61.7668;22.608;61.7668;19.339;36.6022
D. FRANCISCA;114;Fio dagua;JACUI;SUL;S;SUL;2026-02-03;48.343;76.2166;48.343;76.2166;48.787;63.4284
DARDANELOS;310;Fio dagua;AMAZONAS;MADEIRA;SE;SUDESTE;2026-02-03;478.008;75.3603;259.045;40.8397;473.97;634.297
E. DA CUNHA;15;Fio dagua;GRANDE;PARANA;SE;SUDESTE;2026-02-03;113.393;95.6648;113.393;95.6648;111.934;118.5316
EMBORCAÇÃO;24;Reservatório com Usina;PARANAIBA;PARANA;SE;SUDESTE;2026-02-03;1117.953;112.2384;1117.953;112.2384;1062.635;996.052
ESPORA;290;Reservatório com Usina;PARANAIBA;PARANA;SE;SUDESTE;2026-02-03;23.599;69.8683;23.599;69.8683;22.229;33.7764
ESTREITO;267;Fio dagua;TOCANTINS;NORTE;N;NORTE;2026-02-03;796.951;47.1361;722.257;42.7183;701.605;1690.743
FERREIRA GOMES;284;Fio dagua;ARAGUARI;MANAUS-AMAPA;N;NORTE;2026-02-03;81.279;52.3885;81.279;52.3885;86.498;155.1465
FONTES;132;Fio dagua;PARAIBA DO SUL;SUDESTE;SE;SUDESTE;2026-02-03;126.723;104.2447;126.723;104.2447;126.861;121.563
FOZ CHAPECO;103;Fio dagua;URUGUAI;SUL;S;SUL;2026-02-03;185.945;41.3488;146.292;32.5311;185.65;449.6988
FOZ DO RIO CLARO;315;Fio dagua;PARANAIBA;PARANA;SE;SUDESTE;2026-02-03;40.952;49.5622;40.952;49.5622;40.543;82.6275
FUNDÃO;72;Fio dagua;IGUACU;IGUACU;S;SUL;2026-02-03;36.285;44.1212;36.285;44.1212;37.738;82.2393
FUNIL;123;Reservatório com Usina;PARAIBA DO SUL;SUDESTE;SE;SUDESTE;2026-02-03;274.173;124.1894;274.173;124.1894;261.863;220.77
FUNIL-MG;4;Fio dagua;GRANDE;PARANA;SE;SUDESTE;2026-02-03;112.762;62.2998;112.762;62.2998;115.655;180.999
FURNAS;6;Reservatório com Usina;GRANDE;PARANA;SE;SUDESTE;2026-02-03;1311.003;101.1637;1311.003;101.1637;1242.917;1295.922
G. B. MUNHOZ;74;Reservatório com Usina;IGUACU;IGUACU;S;SUL;2026-02-03;231.94;31.8393;231.94;31.8393;216.061;728.4708
G. P. SOUZA;115;Reservatório com Usina;CAPIVARI;SUL;S;SUL;2026-02-03;129.244;75.3331;129.244;75.3331;128.889;171.5634
GARIBALDI;89;Reservatório com Usina;URUGUAI;SUL;S;SUL;2026-02-03;38.645;40.5816;38.645;40.5816;38.645;95.2278
GOV JAYME CANET JR;57;Reservatório com Usina;PARANAPANEMA;IGUACU;S;SUL;2026-02-03;115.959;35.8767;115.959;35.8767;113.509;323.2152
GUAPORE;196;Fio dagua;AMAZONAS;MADEIRA;SE;SUDESTE;2026-02-03;54.252;92.3948;54.252;92.3948;54.177;58.7176
GUILM. AMORIM;192;Fio dagua;DOCE;SUDESTE;SE;SUDESTE;2026-02-03;48.649;42.7699;48.649;42.7699;48.249;113.7458
HENRY BORDEN;119;Fio dagua;TIETE;SUDESTE;SE;SUDESTE;2026-02-03;579.271;149.9558;579.271;149.9558;577.485;386.2944
I. SOLTEIRA;34;Reservatório com Usina;PARANA;PARANA;SE;SUDESTE;2026-02-03;3395.937;96.5599;3395.937;96.5599;3488.691;3516.921
IBITINGA;39;Fio dagua;TIETE;PARANA;SE;SUDESTE;2026-02-03;173.822;104.5666;173.822;104.5666;173.86;166.2309
IGARAPAVA;10;Fio dagua;GRANDE;PARANA;SE;SUDESTE;2026-02-03;334.533;114.2841;334.533;114.2841;324.065;292.7206
ILHA POMBOS;130;Fio dagua;PARAIBA DO SUL;SUDESTE;SE;SUDESTE;2026-02-03;254.574;108.2953;254.574;108.2953;255.788;235.074
IRAPE;148;Reservatório com Usina;JEQUITINHONHA;SUDESTE;SE;SUDESTE;2026-02-03;470.39;140.117;470.39;140.117;476.169;335.7123
ITÁ;92;Fio dagua;URUGUAI;SUL;S;SUL;2026-02-03;254.425;33.3349;254.425;33.3349;252.012;763.2383
ITAIPU;66;Fio dagua;PARANA;ITAIPU;SE;SUDESTE;2026-02-03;11176.091;68.8408;11176.091;68.8408;11394.356;16234.6912
ITAPEBI;154;Fio dagua;JEQUITINHONHA;NORDESTE;NE;NORDESTE;2026-02-03;194.73;46.7955;184.72;44.39;193.155;416.13
ITAUBA;113;Fio dagua;JACUI;SUL;S;SUL;2026-02-03;101.299;87.0778;101.299;87.0778;96.339;116.3316
ITIQUIRA I;304;Fio dagua;PARAGUAI;SUDESTE;SE;SUDESTE;2026-02-03;49.645;57.6785;49.645;57.6785;49.646;86.072
ITIQUIRA II;305;Fio dagua;PARAGUAI;SUDESTE;SE;SUDESTE;2026-02-03;79.064;57.6786;79.064;57.6786;79.143;137.0768
ITUMBIARA;31;Reservatório com Usina;PARANAIBA;PARANA;SE;SUDESTE;2026-02-03;2136.096;112.1299;2136.096;112.1299;1952.727;1905.0197
ITUTINGA;2;Fio dagua;GRANDE;PARANA;SE;SUDESTE;2026-02-03;34.247;63.877;34.247;63.877;34.142;53.614
JACUI;112;Fio dagua;JACUI;SUL;S;SUL;2026-02-03;98.704;100.1132;0.0;0.0;102.469;98.5924
JAGUARA;9;Fio dagua;GRANDE;PARANA;SE;SUDESTE;2026-02-03;828.417;112.7455;791.738;107.7536;828.669;734.7672
JAGUARI;120;Reservatório com Usina;PARAIBA DO SUL;SUDESTE;SE;SUDESTE;2026-02-03;19.392;79.914;19.392;79.914;17.865;24.2661
JAURU;195;Fio dagua;PARAGUAI;SUDESTE;SE;SUDESTE;2026-02-03;66.185;71.1896;66.185;71.1896;65.919;92.97
JIRAU;285;Fio dagua;AMAZONAS;MADEIRA;SE;SUDESTE;2026-02-03;4701.259;100.2734;3857.439;82.2755;4154.461;4688.44
JUPIA;45;Fio dagua;PARANA;PARANA;SE;SUDESTE;2026-02-03;1783.067;91.0471;1783.067;91.0471;1834.293;1958.4
JURUENA;309;Fio dagua;AMAZONAS;TELES PIRES;SE;SUDESTE;2026-02-03;41.233;83.6617;37.077;75.2292;42.374;49.2854
JURUMIRIM;47;Reservatório com Usina;PARANAPANEMA;PARANAPANEMA;SE;SUDESTE;2026-02-03;39.172;37.7453;39.172;37.7453;39.13;103.7799
L. C. BARRETO;8;Fio dagua;GRANDE;PARANA;SE;SUDESTE;2026-02-03;1120.87;111.8589;1120.87;111.8589;1118.513;1002.0391
LAJEADO;261;Fio dagua;TOCANTINS;SUDESTE;SE;SUDESTE;2026-02-03;746.419;45.5798;746.419;45.5798;720.968;1637.61
LIMOEIRO;16;Fio dagua;GRANDE;PARANA;SE;SUDESTE;2026-02-03;34.021;96.2568;34.021;96.2568;32.923;35.344
LUIZ GONZAGA;172;Reservatório com Usina;SAO FRANCISCO;NORDESTE;NE;NORDESTE;2026-02-03;1121.286;52.8794;1121.286;52.8794;1095.486;2120.46
M. MORAES;7;Reservatório com Usina;GRANDE;PARANA;SE;SUDESTE;2026-02-03;685.057;110.0144;685.057;110.0144;715.731;622.6974
MACHADINHO;91;Reservatório com Usina;URUGUAI;SUL;S;SUL;2026-02-03;240.062;44.0339;240.062;44.0339;237.4;545.1759
MANSO;278;Reservatório com Usina;PARAGUAI;SUDESTE;SE;SUDESTE;2026-02-03;259.867;149.5758;259.867;149.5758;262.667;173.736
MARIMBONDO;17;Reservatório com Usina;GRANDE;PARANA;SE;SUDESTE;2026-02-03;1882.435;111.2386;1882.435;111.2386;1819.699;1692.2495
MASCARENHAS;144;Fio dagua;DOCE;SUDESTE;SE;SUDESTE;2026-02-03;151.057;54.0158;151.057;54.0158;138.573;279.6534
MIRANDA;26;Reservatório com Usina;PARANAIBA;PARANA;SE;SUDESTE;2026-02-03;457.216;125.5171;457.216;125.5171;457.824;364.266
MONJOLINHO;94;Fio dagua;URUGUAI;SUL;S;SUL;2026-02-03;12.355;39.4476;12.355;39.4476;12.16;31.32
MONTE CLARO;98;Fio dagua;JACUI;SUL;S;SUL;2026-02-03;21.257;30.4726;16.653;23.8726;21.527;69.7577
N. AVANHANDAVA;42;Fio dagua;TIETE;PARANA;SE;SUDESTE;2026-02-03;315.282;91.1085;315.282;91.1085;303.271;346.0512
NILO PEÇANHA;131;Fio dagua;PARAIBA DO SUL;SUDESTE;SE;SUDESTE;2026-02-03;386.942;100.6992;386.942;100.6992;387.362;384.2553
NOVA PONTE;25;Reservatório com Usina;PARANAIBA;PARANA;SE;SUDESTE;2026-02-03;561.518;113.2048;561.518;113.2048;498.343;496.0197
OURINHOS;249;Fio dagua;PARANAPANEMA;PARANAPANEMA;SE;SUDESTE;2026-02-03;16.757;32.3772;12.813;24.7567;17.657;51.7556
P. AFONSO 1,2,3;174;Fio dagua;SAO FRANCISCO;NORDESTE;NE;NORDESTE;2026-02-03;962.912;52.7034;962.912;52.7034;427.136;1827.04
P. AFONSO 4;175;Fio dagua;SAO FRANCISCO;NORDESTE;NE;NORDESTE;2026-02-03;1378.232;52.7034;1378.232;52.7034;2044.405;2615.0712
P. COLOMBIA;12;Fio dagua;GRANDE;PARANA;SE;SUDESTE;2026-02-03;543.954;115.6846;524.035;111.4483;555.221;470.2044
PARAIBUNA;121;Reservatório com Usina;PARAIBA DO SUL;SUDESTE;SE;SUDESTE;2026-02-03;90.089;114.7946;90.089;114.7946;85.466;78.4784
PARANAPANEMA;53;Fio dagua;PARANAPANEMA;PARANAPANEMA;SE;SUDESTE;2026-02-03;16.836;36.0784;16.836;36.0784;17.492;46.665
PASSO FUNDO;93;Reservatório com Usina;URUGUAI;SUL;S;SUL;2026-02-03;26.48;35.0002;26.48;35.0002;26.612;75.6568
PASSO REAL;111;Reservatório com Usina;JACUI;SUL;S;SUL;2026-02-03;45.48;100.4226;45.48;100.4226;48.202;45.2886
PASSO SAO JOAO;102;Fio dagua;URUGUAI;SUL;S;SUL;2026-02-03;33.882;89.9538;28.283;75.0889;34.353;37.666
PEDRA DO CAVALO;189;Reservatório com Usina;PARAGUACU;NORDESTE;NE;NORDESTE;2026-02-03;19.563;13.8453;19.563;13.8453;19.821;141.2967
PEIXE ANGICAL;257;Reservatório com Usina;TOCANTINS;SUDESTE;SE;SUDESTE;2026-02-03;359.844;44.0687;359.844;44.0687;358.166;816.5528
PEREIRA PASSOS;133;Fio dagua;PARAIBA DO SUL;SUDESTE;SE;SUDESTE;2026-02-03;61.721;101.5475;61.721;101.5475;61.813;60.7804
PICADA;126;Fio dagua;PARAIBA DO SUL;SUDESTE;SE;SUDESTE;2026-02-03;30.828;43.0648;30.828;43.0648;30.801;71.5852
PIMENTAL;314;Fio dagua;AMAZONAS;BELO MONTE;N;NORTE;2026-02-03;144.64;52.9317;144.64;52.9317;143.905;273.258
PIRAJU;48;Fio dagua;PARANAPANEMA;PARANAPANEMA;SE;SUDESTE;2026-02-03;30.451;36.0796;30.451;36.0796;31.459;84.3996
PONTE DE PEDRA;281;Fio dagua;PARAGUAI;SUDESTE;SE;SUDESTE;2026-02-03;170.946;84.9782;142.208;70.6924;171.477;201.1646
PORTO ESTRELA;135;Reservatório com Usina;DOCE;SUDESTE;SE;SUDESTE;2026-02-03;88.521;78.9878;88.521;78.9878;85.538;112.0692
PORTO PRIMAVERA;46;Fio dagua;PARANA;PARANA;SE;SUDESTE;2026-02-03;1653.219;78.5714;1653.219;78.5714;1701.516;2104.0984
PROMISSÃO;40;Reservatório com Usina;TIETE;PARANA;SE;SUDESTE;2026-02-03;241.887;98.4073;241.887;98.4073;253.277;245.802
QUEBRA QUEIXO;95;Reservatório com Usina;URUGUAI;SUL;S;SUL;2026-02-03;23.412;34.8004;23.412;34.8004;23.286;67.275
QUEIMADO;162;Reservatório com Usina;SAO FRANCISCO;SUDESTE;SE;SUDESTE;2026-02-03;132.84;102.5066;129.559;99.9748;131.225;129.5916
RETIRO BAIXO;155;Reservatório com Usina;SAO FRANCISCO;SUDESTE;SE;SUDESTE;2026-02-03;68.319;75.3436;59.954;66.1185;66.647;90.6766
RONDON II;276;Reservatório com Usina;AMAZONAS;MADEIRA;SE;SUDESTE;2026-02-03;66.059;92.6255;66.059;92.6255;65.838;71.3184
ROSAL;217;Fio dagua;ITABAPOANA;SUDESTE;SE;SUDESTE;2026-02-03;78.143;98.3622;61.24;77.0856;77.581;79.4441
ROSANA;63;Fio dagua;PARANAPANEMA;PARANAPANEMA;SE;SUDESTE;2026-02-03;151.271;45.6742;151.271;45.6742;150.684;331.1959
S.DO FACÃO;21;Reservatório com Usina;PARANAIBA;PARANA;SE;SUDESTE;2026-02-03;199.485;99.8118;199.485;99.8118;190.412;199.8612
S.R.VERDINHO;241;Fio dagua;PARANAIBA;PARANA;SE;SUDESTE;2026-02-03;61.29;59.1298;61.29;59.1298;61.54;103.6534
SA CARVALHO;193;Fio dagua;DOCE;SUDESTE;SE;SUDESTE;2026-02-03;46.492;40.3656;39.937;34.6744;46.459;115.1772
SALTO;262;Fio dagua;PARANAIBA;PARANA;SE;SUDESTE;2026-02-03;67.156;58.4977;67.156;58.4977;67.376;114.801
SALTO CAXIAS;82;Fio dagua;IGUACU;IGUACU;S;SUL;2026-02-03;282.374;40.1751;282.374;40.1751;279.896;702.8576
SALTO GRANDE CM;134;Fio dagua;DOCE;SUDESTE;SE;SUDESTE;2026-02-03;155.797;83.0173;154.995;82.59;150.389;187.668
SALTO GRANDE CS;50;Fio dagua;PARANAPANEMA;PARANAPANEMA;SE;SUDESTE;2026-02-03;41.355;39.8372;16.885;16.2653;41.828;103.81
SALTO OSORIO;78;Fio dagua;IGUACU;IGUACU;S;SUL;2026-02-03;220.363;37.7402;220.363;37.7402;220.762;583.8952
SALTO PILAO;215;Fio dagua;ITAJAI;SUL;S;SUL;2026-02-03;88.276;38.1987;88.276;38.1987;88.486;231.0971
SALTO SANTIAGO;77;Reservatório com Usina;IGUACU;IGUACU;S;SUL;2026-02-03;329.818;37.8801;329.818;37.8801;327.285;870.6896
SAMUEL;279;Reservatório com Usina;AMAZONAS;MADEIRA;SE;SUDESTE;2026-02-03;290.678;139.0249;290.678;139.0249;269.128;209.0834
SANTA BRANCA;122;Reservatório com Usina;PARAIBA DO SUL;SUDESTE;SE;SUDESTE;2026-02-03;56.734;119.5429;56.734;119.5429;51.441;47.4591
SANTA CLARA-PR;71;Reservatório com Usina;IGUACU;IGUACU;S;SUL;2026-02-03;32.951;43.1384;32.951;43.1384;32.146;76.3844
SANTO ANTONIO;287;Fio dagua;AMAZONAS;MADEIRA;SE;SUDESTE;2026-02-03;4844.58;99.294;4139.858;84.8501;3804.591;4879.0245
SAO DOMINGOS;153;Fio dagua;PARANA;PARANA;SE;SUDESTE;2026-02-03;44.404;93.8905;42.561;89.9935;43.868;47.2934
SAO JOSE;101;Fio dagua;URUGUAI;SUL;S;SUL;2026-02-03;23.702;88.2579;23.702;88.2579;23.32;26.8554
SAO MANOEL;230;Fio dagua;AMAZONAS;TELES PIRES;SE;SUDESTE;2026-02-03;931.68;95.62;885.207;90.8504;817.784;974.3566
SAO ROQUE;88;Reservatório com Usina;URUGUAI;SUL;S;SUL;2026-02-03;40.979;43.1646;40.979;43.1646;39.604;94.9365
SAO SALVADOR;253;Fio dagua;TOCANTINS;SUDESTE;SE;SUDESTE;2026-02-03;188.293;45.6111;188.293;45.6111;185.255;412.8229
SÃO SIMÃO;33;Reservatório com Usina;PARANAIBA;PARANA;SE;SUDESTE;2026-02-03;3020.214;115.1842;3020.214;115.1842;2940.409;2622.073
SEGREDO;76;Reservatório com Usina;IGUACU;IGUACU;S;SUL;2026-02-03;283.187;36.5105;283.187;36.5105;288.813;775.632
SERRA DA MESA;251;Reservatório com Usina;TOCANTINS;SUDESTE;SE;SUDESTE;2026-02-03;866.528;53.3214;866.528;53.3214;843.371;1625.1048
SIMPLICIO;129;Fio dagua;PARAIBA DO SUL;SUDESTE;SE;SUDESTE;2026-02-03;200.795;63.6911;200.795;63.6911;198.536;315.26379
SINOP;227;Reservatório com Usina;AMAZONAS;TELES PIRES;SE;SUDESTE;2026-02-03;369.889;95.8759;362.11;93.8596;312.194;385.7997
SOBRADINHO;169;Reservatório com Usina;SAO FRANCISCO;NORDESTE;NE;NORDESTE;2026-02-03;763.735;66.6786;763.735;66.6786;722.033;1145.3973
SOBRAGI;127;Fio dagua;PARAIBA DO SUL;SUDESTE;SE;SUDESTE;2026-02-03;37.783;43.5869;24.888;28.711;37.959;86.6844
STA.CLARA-MG;283;Fio dagua;MUCURI;SUDESTE;SE;SUDESTE;2026-02-03;31.083;58.6018;31.083;58.6018;30.857;53.041
STO ANTONIO DO JARI;286;Fio dagua;AMAZONAS;MANAUS-AMAPA;N;NORTE;2026-02-03;105.816;42.5595;105.816;42.5595;106.188;248.631
SUIÇA;145;Fio dagua;SANTA MARIA VIT;SUDESTE;SE;SUDESTE;2026-02-03;24.682;72.9995;24.682;72.9995;24.598;33.8112
TAQUARUÇU;62;Fio dagua;PARANAPANEMA;PARANAPANEMA;SE;SUDESTE;2026-02-03;161.0;44.6366;161.0;44.6366;157.058;360.6904
TELES PIRES;229;Fio dagua;AMAZONAS;TELES PIRES;SE;SUDESTE;2026-02-03;2080.727;96.6203;1825.5;84.7686;2078.941;2153.5094
TRÊS IRMÃOS;43;Reservatório com Usina;TIETE;PARANA;SE;SUDESTE;2026-02-03;369.93;69.3123;369.93;69.3123;376.915;533.715
TRÊS MARIAS;156;Reservatório com Usina;SAO FRANCISCO;SUDESTE;SE;SUDESTE;2026-02-03;924.259;160.8392;924.259;160.8392;943.159;574.648
TUCURUI;275;Reservatório com Usina;TOCANTINS;NORTE;N;NORTE;2026-02-03;4240.988;38.3505;4240.988;38.3505;3868.902;11058.5016
VOLTA GRANDE;11;Fio dagua;GRANDE;PARANA;SE;SUDESTE;2026-02-03;590.872;116.2984;590.872;116.2984;570.526;508.0654
XINGO;178;Fio dagua;SAO FRANCISCO;NORDESTE;NE;NORDESTE;2026-02-03;2486.638;47.9522;2486.638;47.9522;2534.397;5185.661
14 DE JULHO;99;Fio dagua;JACUI;SUL;S;SUL;2026-02-04;23.015;37.591;23.015;37.591;22.616;61.2248
A. VERMELHA;18;Reservatório com Usina;GRANDE;PARANA;SE;SUDESTE;2026-02-04;1837.656;107.4448;1837.656;107.4448;1732.184;1710.325
AIMORES;143;Fio dagua;DOCE;SUDESTE;SE;SUDESTE;2026-02-04;180.372;58.3716;180.372;58.3716;185.924;309.0064
APOLONIO SALES;173;Fio dagua;SAO FRANCISCO;NORDESTE;NE;NORDESTE;2026-02-04;275.972;58.9307;275.972;58.9307;102.874;468.2992
B. BONITA;37;Reservatório com Usina;TIETE;PARANA;SE;SUDESTE;2026-02-04;111.568;87.8599;98.248;77.3704;120.297;126.984
B.COQUEIROS;312;Fio dagua;PARANAIBA;PARANA;SE;SUDESTE;2026-02-04;64.251;62.0838;34.361;33.202;65.492;103.4908
BAGUARI;141;Fio dagua;DOCE;SUDESTE;SE;SUDESTE;2026-02-04;109.808;77.6339;109.808;77.6339;108.92;141.4434
BAIXO IGUACU;83;Fio dagua;IGUACU;IGUACU;S;SUL;2026-02-04;83.657;42.2829;83.657;42.2829;81.139;197.8506
BALBINA;277;Reservatório com Usina;AMAZONAS;MANAUS-AMAPA;N;NORTE;2026-02-04;95.012;77.2908;95.012;77.2908;90.756;122.928
BARIRI;38;Fio dagua;TIETE;PARANA;SE;SUDESTE;2026-02-04;133.512;89.8591;133.512;89.8591;131.304;148.5792
BARRA BRAUNA;185;Fio dagua;PARAIBA DO SUL;SUDESTE;SE;SUDESTE;2026-02-04;49.171;123.5887;45.402;114.1155;49.0;39.786
BARRA GRANDE;86;Reservatório com Usina;URUGUAI;SUL;S;SUL;2026-02-04;88.923;27.4366;88.923;27.4366;87.645;324.1037
BATALHA;20;Reservatório com Usina;PARANAIBA;PARANA;SE;SUDESTE;2026-02-04;64.735;96.9685;64.735;96.9685;63.82;66.7588
BELO MONTE;288;Fio dagua;AMAZONAS;BELO MONTE;N;NORTE;2026-02-04;5627.957;63.7428;5627.957;63.7428;5489.534;8829.1595
BOA ESPERANÇA;190;Reservatório com Usina;PARNAIBA;NORDESTE;NE;NORDESTE;2026-02-04;161.149;60.407;161.149;60.407;153.424;266.772
C. DOURADA;32;Fio dagua;PARANAIBA;PARANA;SE;SUDESTE;2026-02-04;833.354;108.3701;830.652;108.0187;840.86;768.9892
C.BRANCO-1;27;Reservatório com Usina;PARANAIBA;PARANA;SE;SUDESTE;2026-02-04;307.965;100.7023;307.965;100.7023;299.603;305.8172
C.BRANCO-2;28;Fio dagua;PARANAIBA;PARANA;SE;SUDESTE;2026-02-04;290.363;111.9745;263.681;101.6849;287.902;259.3118
CACHOEIRA CALDEIRAO;204;Fio dagua;ARAGUARI;MANAUS-AMAPA;N;NORTE;2026-02-04;103.458;71.9289;89.257;62.0557;105.597;143.8338
CACONDE;14;Reservatório com Usina;GRANDE;PARANA;SE;SUDESTE;2026-02-04;79.402;100.1458;79.402;100.1458;79.496;79.2864
CACU;311;Reservatório com Usina;PARANAIBA;PARANA;SE;SUDESTE;2026-02-04;47.873;63.7567;29.648;39.4849;48.565;75.087
CAMARGOS;1;Reservatório com Usina;GRANDE;PARANA;SE;SUDESTE;2026-02-04;29.525;64.6457;29.525;64.6457;31.682;45.672
CAMPOS NOVOS;90;Reservatório com Usina;URUGUAI;SUL;S;SUL;2026-02-04;199.888;44.4429;199.888;44.4429;200.897;449.764
CANA BRAVA;252;Fio dagua;TOCANTINS;SUDESTE;SE;SUDESTE;2026-02-04;370.906;55.0781;370.906;55.0781;360.039;673.4188
CANASTRA;87;Fio dagua;JACUI;SUL;S;SUL;2026-02-04;;;;;;
CANDONGA;139;Fio dagua;DOCE;SUDESTE;SE;SUDESTE;2026-02-04;76.862;75.8625;76.862;75.8625;73.384;101.3175
CANOAS I;52;Fio dagua;PARANAPANEMA;PARANAPANEMA;SE;SUDESTE;2026-02-04;46.64;42.3857;46.64;42.3857;46.784;110.0371
CANOAS II;51;Fio dagua;PARANAPANEMA;PARANAPANEMA;SE;SUDESTE;2026-02-04;38.151;41.6016;38.151;41.6016;38.794;91.7056
CAPIVARA;61;Reservatório com Usina;PARANAPANEMA;PARANAPANEMA;SE;SUDESTE;2026-02-04;255.543;44.1488;255.543;44.1488;265.416;578.8224
CASTRO ALVES;97;Fio dagua;JACUI;SUL;S;SUL;2026-02-04;43.822;48.7946;43.822;48.7946;42.837;89.8092
CHAVANTES;49;Reservatório com Usina;PARANAPANEMA;PARANAPANEMA;SE;SUDESTE;2026-02-04;108.085;32.8909;108.085;32.8909;105.755;328.6164
COARACY NUNES;280;Fio dagua;ARAGUARI;MANAUS-AMAPA;N;NORTE;2026-02-04;129.567;70.353;48.253;26.2007;128.229;184.167
COLIDER;228;Fio dagua;AMAZONAS;TELES PIRES;SE;SUDESTE;2026-02-04;331.873;92.2101;211.349;58.7228;222.487;359.9096
CORUMBA;30;Reservatório com Usina;PARANAIBA;PARANA;SE;SUDESTE;2026-02-04;324.072;64.9294;324.072;64.9294;335.554;499.1142
CORUMBA-3;203;Reservatório com Usina;PARANAIBA;PARANA;SE;SUDESTE;2026-02-04;74.404;74.9507;73.016;73.5525;71.754;99.2706
CORUMBA-4;29;Reservatório com Usina;PARANAIBA;PARANA;SE;SUDESTE;2026-02-04;114.561;84.9786;113.393;84.1122;113.02;134.8116
CURUA-UNA;272;Reservatório com Usina;AMAZONAS;BELO MONTE;N;NORTE;2026-02-04;21.607;59.032;21.607;59.032;18.202;36.6022
D. FRANCISCA;114;Fio dagua;JACUI;SUL;S;SUL;2026-02-04;45.491;71.7202;45.491;71.7202;45.148;63.4284
DARDANELOS;310;Fio dagua;AMAZONAS;MADEIRA;SE;SUDESTE;2026-02-04;460.726;72.6357;260.879;41.1288;457.212;634.297
E. DA CUNHA;15;Fio dagua;GRANDE;PARANA;SE;SUDESTE;2026-02-04;116.799;98.5383;116.799;98.5383;115.282;118.5316
EMBORCAÇÃO;24;Reservatório com Usina;PARANAIBA;PARANA;SE;SUDESTE;2026-02-04;1178.955;118.3628;1178.955;118.3628;1114.178;996.052
ESPORA;290;Reservatório com Usina;PARANAIBA;PARANA;SE;SUDESTE;2026-02-04;23.985;71.0111;23.181;68.6308;22.822;33.7764
ESTREITO;267;Fio dagua;TOCANTINS;NORTE;N;NORTE;2026-02-04;807.113;47.7372;807.113;47.7372;698.744;1690.743
FERREIRA GOMES;284;Fio dagua;ARAGUARI;MANAUS-AMAPA;N;NORTE;2026-02-04;106.822;68.8523;106.822;68.8523;108.522;155.1465
FONTES;132;Fio dagua;PARAIBA DO SUL;SUDESTE;SE;SUDESTE;2026-02-04;137.771;113.333;137.771;113.333;137.922;121.563
FOZ CHAPECO;103;Fio dagua;URUGUAI;SUL;S;SUL;2026-02-04;186.233;41.4128;142.074;31.5931;186.708;449.6988
FOZ DO RIO CLARO;315;Fio dagua;PARANAIBA;PARANA;SE;SUDESTE;2026-02-04;47.84;57.8984;47.84;57.8984;47.147;82.6275
FUNDÃO;72;Fio dagua;IGUACU;IGUACU;S;SUL;2026-02-04;35.828;43.5655;35.828;43.5655;37.224;82.2393
FUNIL;123;Reservatório com Usina;PARAIBA DO SUL;SUDESTE;SE;SUDESTE;2026-02-04;270.728;122.629;270.728;122.629;255.56;220.77
FUNIL-MG;4;Fio dagua;GRANDE;PARANA;SE;SUDESTE;2026-02-04;114.956;63.512;114.956;63.512;116.912;180.999
FURNAS;6;Reservatório com Usina;GRANDE;PARANA;SE;SUDESTE;2026-02-04;1336.035;103.0953;1336.035;103.0953;1267.832;1295.922
G. B. MUNHOZ;74;Reservatório com Usina;IGUACU;IGUACU;S;SUL;2026-02-04;257.163;35.3018;257.163;35.3018;239.221;728.4708
G. P. SOUZA;115;Reservatório com Usina;CAPIVARI;SUL;S;SUL;2026-02-04;136.425;79.5187;136.425;79.5187;136.034;171.5634
GARIBALDI;89;Reservatório com Usina;URUGUAI;SUL;S;SUL;2026-02-04;37.191;39.0548;37.191;39.0548;37.156;95.2278
GOV JAYME CANET JR;57;Reservatório com Usina;PARANAPANEMA;IGUACU;S;SUL;2026-02-04;115.518;35.7403;115.518;35.7403;112.958;323.2152
GUAPORE;196;Fio dagua;AMAZONAS;MADEIRA;SE;SUDESTE;2026-02-04;52.846;90.0003;52.846;90.0003;52.794;58.7176
GUILM. AMORIM;192;Fio dagua;DOCE;SUDESTE;SE;SUDESTE;2026-02-04;59.46;52.2745;59.46;52.2745;59.059;113.7458
HENRY BORDEN;119;Fio dagua;TIETE;SUDESTE;SE;SUDESTE;2026-02-04;687.093;177.8677;687.093;177.8677;685.128;386.2944
I. SOLTEIRA;34;Reservatório com Usina;PARANA;PARANA;SE;SUDESTE;2026-02-04;3584.067;101.9092;3584.067;101.9092;3685.967;3516.921
IBITINGA;39;Fio dagua;TIETE;PARANA;SE;SUDESTE;2026-02-04;153.052;92.0719;153.052;92.0719;152.268;166.2309
IGARAPAVA;10;Fio dagua;GRANDE;PARANA;SE;SUDESTE;2026-02-04;324.289;110.7845;324.289;110.7845;314.525;292.7206
ILHA POMBOS;130;Fio dagua;PARAIBA DO SUL;SUDESTE;SE;SUDESTE;2026-02-04;284.739;121.1274;279.335;118.8285;288.868;235.074
IRAPE;148;Reservatório com Usina;JEQUITINHONHA;SUDESTE;SE;SUDESTE;2026-02-04;535.091;159.3898;535.091;159.3898;540.092;335.7123
ITÁ;92;Fio dagua;URUGUAI;SUL;S;SUL;2026-02-04;252.806;33.1228;252.806;33.1228;250.806;763.2383
ITAIPU;66;Fio dagua;PARANA;ITAIPU;SE;SUDESTE;2026-02-04;11521.826;70.9704;11521.826;70.9704;11702.12;16234.6912
ITAPEBI;154;Fio dagua;JEQUITINHONHA;NORDESTE;NE;NORDESTE;2026-02-04;254.99;61.2765;254.99;61.2765;253.906;416.13
ITAUBA;113;Fio dagua;JACUI;SUL;S;SUL;2026-02-04;93.141;80.0651;93.141;80.0651;87.36;116.3316
ITIQUIRA I;304;Fio dagua;PARAGUAI;SUDESTE;SE;SUDESTE;2026-02-04;53.887;62.6069;53.887;62.6069;53.919;86.072
ITIQUIRA II;305;Fio dagua;PARAGUAI;SUDESTE;SE;SUDESTE;2026-02-04;85.82;62.6072;85.82;62.6072;85.956;137.0768
ITUMBIARA;31;Reservatório com Usina;PARANAIBA;PARANA;SE;SUDESTE;2026-02-04;2054.793;107.862;2054.793;107.862;1880.499;1905.0197
ITUTINGA;2;Fio dagua;GRANDE;PARANA;SE;SUDESTE;2026-02-04;34.659;64.6454;34.659;64.6454;34.269;53.614
JACUI;112;Fio dagua;JACUI;SUL;S;SUL;2026-02-04;86.419;87.6528;0.0;0.0;89.735;98.5924
JAGUARA;9;Fio dagua;GRANDE;PARANA;SE;SUDESTE;2026-02-04;797.09;108.482;761.989;103.7048;796.971;734.7672
JAGUARI;120;Reservatório com Usina;PARAIBA DO SUL;SUDESTE;SE;SUDESTE;2026-02-04;21.359;88.0199;21.359;88.0199;19.758;24.2661
JAURU;195;Fio dagua;PARAGUAI;SUDESTE;SE;SUDESTE;2026-02-04;65.2;70.1301;65.2;70.1301;65.381;92.97
JIRAU;285;Fio dagua;AMAZONAS;MADEIRA;SE;SUDESTE;2026-02-04;4767.478;101.6858;3566.848;76.0775;4199.037;4688.44
JUPIA;45;Fio dagua;PARANA;PARANA;SE;SUDESTE;2026-02-04;1911.715;97.6162;1911.715;97.6162;1968.495;1958.4
JURUENA;309;Fio dagua;AMAZONAS;TELES PIRES;SE;SUDESTE;2026-02-04;41.4;84.0005;37.243;75.566;42.57;49.2854
JURUMIRIM;47;Reservatório com Usina;PARANAPANEMA;PARANAPANEMA;SE;SUDESTE;2026-02-04;37.422;36.059;37.422;36.059;37.416;103.7799
L. C. BARRETO;8;Fio dagua;GRANDE;PARANA;SE;SUDESTE;2026-02-04;1074.982;107.2794;1074.982;107.2794;1079.576;1002.0391
LAJEADO;261;Fio dagua;TOCANTINS;SUDESTE;SE;SUDESTE;2026-02-04;738.413;45.0909;738.413;45.0909;695.918;1637.61
LIMOEIRO;16;Fio dagua;GRANDE;PARANA;SE;SUDESTE;2026-02-04;34.783;98.4127;34.783;98.4127;33.877;35.344
LUIZ GONZAGA;172;Reservatório com Usina;SAO FRANCISCO;NORDESTE;NE;NORDESTE;2026-02-04;1253.775;59.1275;1253.775;59.1275;1222.698;2120.46
M. MORAES;7;Reservatório com Usina;GRANDE;PARANA;SE;SUDESTE;2026-02-04;655.661;105.2937;655.661;105.2937;684.202;622.6974
MACHADINHO;91;Reservatório com Usina;URUGUAI;SUL;S;SUL;2026-02-04;232.24;42.5991;232.24;42.5991;228.852;545.1759
MANSO;278;Reservatório com Usina;PARAGUAI;SUDESTE;SE;SUDESTE;2026-02-04;187.93;108.1699;187.93;108.1699;190.049;173.736
MARIMBONDO;17;Reservatório com Usina;GRANDE;PARANA;SE;SUDESTE;2026-02-04;1915.046;113.1657;1915.046;113.1657;1846.532;1692.2495
MASCARENHAS;144;Fio dagua;DOCE;SUDESTE;SE;SUDESTE;2026-02-04;173.296;61.9681;162.356;58.0562;163.42;279.6534
MIRANDA;26;Reservatório com Usina;PARANAIBA;PARANA;SE;SUDESTE;2026-02-04;348.233;95.5985;348.233;95.5985;348.796;364.266
MONJOLINHO;94;Fio dagua;URUGUAI;SUL;S;SUL;2026-02-04;9.553;30.5013;9.553;30.5013;9.435;31.32
MONTE CLARO;98;Fio dagua;JACUI;SUL;S;SUL;2026-02-04;27.036;38.757;22.432;32.157;27.509;69.7577
N. AVANHANDAVA;42;Fio dagua;TIETE;PARANA;SE;SUDESTE;2026-02-04;325.199;93.9742;325.199;93.9742;314.933;346.0512
NILO PEÇANHA;131;Fio dagua;PARAIBA DO SUL;SUDESTE;SE;SUDESTE;2026-02-04;386.942;100.6992;386.942;100.6992;386.947;384.2553
NOVA PONTE;25;Reservatório com Usina;PARANAIBA;PARANA;SE;SUDESTE;2026-02-04;479.186;96.6062;479.186;96.6062;424.34;496.0197
OURINHOS;249;Fio dagua;PARANAPANEMA;PARANAPANEMA;SE;SUDESTE;2026-02-04;17.227;33.2853;13.763;26.5923;18.369;51.7556
P. AFONSO 1,2,3;174;Fio dagua;SAO FRANCISCO;NORDESTE;NE;NORDESTE;2026-02-04;1076.688;58.9307;1076.688;58.9307;432.063;1827.04
P. AFONSO 4;175;Fio dagua;SAO FRANCISCO;NORDESTE;NE;NORDESTE;2026-02-04;1541.081;58.9307;1541.081;58.9307;2346.454;2615.0712
P. COLOMBIA;12;Fio dagua;GRANDE;PARANA;SE;SUDESTE;2026-02-04;537.693;114.353;517.774;110.1168;550.042;470.2044
PARAIBUNA;121;Reservatório com Usina;PARAIBA DO SUL;SUDESTE;SE;SUDESTE;2026-02-04;66.552;84.803;66.552;84.803;63.253;78.4784
PARANAPANEMA;53;Fio dagua;PARANAPANEMA;PARANAPANEMA;SE;SUDESTE;2026-02-04;16.84;36.087;16.84;36.087;17.307;46.665
PASSO FUNDO;93;Reservatório com Usina;URUGUAI;SUL;S;SUL;2026-02-04;22.141;29.265;22.141;29.265;22.25;75.6568
PASSO REAL;111;Reservatório com Usina;JACUI;SUL;S;SUL;2026-02-04;39.53;87.2847;39.53;87.2847;41.857;45.2886
PASSO SAO JOAO;102;Fio dagua;URUGUAI;SUL;S;SUL;2026-02-04;29.934;79.4722;24.335;64.6073;30.435;37.666
PEDRA DO CAVALO;189;Reservatório com Usina;PARAGUACU;NORDESTE;NE;NORDESTE;2026-02-04;20.749;14.6847;20.749;14.6847;21.022;141.2967
PEIXE ANGICAL;257;Reservatório com Usina;TOCANTINS;SUDESTE;SE;SUDESTE;2026-02-04;383.416;46.9554;383.416;46.9554;385.515;816.5528
PEREIRA PASSOS;133;Fio dagua;PARAIBA DO SUL;SUDESTE;SE;SUDESTE;2026-02-04;63.044;103.7242;63.044;103.7242;63.053;60.7804
PICADA;126;Fio dagua;PARAIBA DO SUL;SUDESTE;SE;SUDESTE;2026-02-04;33.645;46.9999;33.645;46.9999;33.605;71.5852
PIMENTAL;314;Fio dagua;AMAZONAS;BELO MONTE;N;NORTE;2026-02-04;145.79;53.3525;145.79;53.3525;139.383;273.258
PIRAJU;48;Fio dagua;PARANAPANEMA;PARANAPANEMA;SE;SUDESTE;2026-02-04;30.458;36.0878;30.458;36.0878;31.454;84.3996
PONTE DE PEDRA;281;Fio dagua;PARAGUAI;SUDESTE;SE;SUDESTE;2026-02-04;185.204;92.0659;156.466;77.7801;185.856;201.1646
PORTO ESTRELA;135;Reservatório com Usina;DOCE;SUDESTE;SE;SUDESTE;2026-02-04;98.906;88.2544;98.906;88.2544;95.708;112.0692
PORTO PRIMAVERA;46;Fio dagua;PARANA;PARANA;SE;SUDESTE;2026-02-04;1767.301;83.9933;1767.301;83.9933;1815.332;2104.0984
PROMISSÃO;40;Reservatório com Usina;TIETE;PARANA;SE;SUDESTE;2026-02-04;238.764;97.1367;238.764;97.1367;251.683;245.802
QUEBRA QUEIXO;95;Reservatório com Usina;URUGUAI;SUL;S;SUL;2026-02-04;21.766;32.3538;21.766;32.3538;21.607;67.275
QUEIMADO;162;Reservatório com Usina;SAO FRANCISCO;SUDESTE;SE;SUDESTE;2026-02-04;159.348;122.9617;159.348;122.9617;157.732;129.5916
RETIRO BAIXO;155;Reservatório com Usina;SAO FRANCISCO;SUDESTE;SE;SUDESTE;2026-02-04;80.02;88.2477;71.655;79.0226;79.069;90.6766
RONDON II;276;Reservatório com Usina;AMAZONAS;MADEIRA;SE;SUDESTE;2026-02-04;68.66;96.2725;68.66;96.2725;68.442;71.3184
ROSAL;217;Fio dagua;ITABAPOANA;SUDESTE;SE;SUDESTE;2026-02-04;91.952;115.7443;59.837;75.3196;91.403;79.4441
ROSANA;63;Fio dagua;PARANAPANEMA;PARANAPANEMA;SE;SUDESTE;2026-02-04;147.985;44.682;147.985;44.682;150.849;331.1959
S.DO FACÃO;21;Reservatório com Usina;PARANAIBA;PARANA;SE;SUDESTE;2026-02-04;193.839;96.9868;193.839;96.9868;184.892;199.8612
S.R.VERDINHO;241;Fio dagua;PARANAIBA;PARANA;SE;SUDESTE;2026-02-04;60.673;58.5345;60.673;58.5345;61.062;103.6534
SA CARVALHO;193;Fio dagua;DOCE;SUDESTE;SE;SUDESTE;2026-02-04;54.882;47.6501;53.946;46.8374;54.793;115.1772
SALTO;262;Fio dagua;PARANAIBA;PARANA;SE;SUDESTE;2026-02-04;71.294;62.1022;71.294;62.1022;71.077;114.801
SALTO CAXIAS;82;Fio dagua;IGUACU;IGUACU;S;SUL;2026-02-04;293.952;41.8224;293.952;41.8224;292.055;702.8576
SALTO GRANDE CM;134;Fio dagua;DOCE;SUDESTE;SE;SUDESTE;2026-02-04;174.235;92.8421;173.433;92.4148;172.432;187.668
SALTO GRANDE CS;50;Fio dagua;PARANAPANEMA;PARANAPANEMA;SE;SUDESTE;2026-02-04;42.814;41.2427;17.752;17.1005;43.403;103.81
SALTO OSORIO;78;Fio dagua;IGUACU;IGUACU;S;SUL;2026-02-04;229.656;39.3317;229.656;39.3317;230.513;583.8952
SALTO PILAO;215;Fio dagua;ITAJAI;SUL;S;SUL;2026-02-04;160.868;69.6106;160.868;69.6106;161.025;231.0971
SALTO SANTIAGO;77;Reservatório com Usina;IGUACU;IGUACU;S;SUL;2026-02-04;343.485;39.4498;343.485;39.4498;340.673;870.6896
SAMUEL;279;Reservatório com Usina;AMAZONAS;MADEIRA;SE;SUDESTE;2026-02-04;255.913;122.3976;255.913;122.3976;235.864;209.0834
SANTA BRANCA;122;Reservatório com Usina;PARAIBA DO SUL;SUDESTE;SE;SUDESTE;2026-02-04;43.114;90.8445;43.114;90.8445;39.334;47.4591
SANTA CLARA-PR;71;Reservatório com Usina;IGUACU;IGUACU;S;SUL;2026-02-04;32.569;42.6383;32.569;42.6383;31.741;76.3844
SANTO ANTONIO;287;Fio dagua;AMAZONAS;MADEIRA;SE;SUDESTE;2026-02-04;4916.8;100.7742;3908.579;80.1098;3834.019;4879.0245
SAO DOMINGOS;153;Fio dagua;PARANA;PARANA;SE;SUDESTE;2026-02-04;42.844;90.5919;41.001;86.695;42.326;47.2934
SAO JOSE;101;Fio dagua;URUGUAI;SUL;S;SUL;2026-02-04;20.053;74.6703;20.053;74.6703;19.768;26.8554
SAO MANOEL;230;Fio dagua;AMAZONAS;TELES PIRES;SE;SUDESTE;2026-02-04;943.156;96.7978;773.131;79.3478;810.34;974.3566
SAO ROQUE;88;Reservatório com Usina;URUGUAI;SUL;S;SUL;2026-02-04;50.624;53.3241;50.624;53.3241;48.656;94.9365
SAO SALVADOR;253;Fio dagua;TOCANTINS;SUDESTE;SE;SUDESTE;2026-02-04;210.752;51.0514;210.752;51.0514;206.29;412.8229
SÃO SIMÃO;33;Reservatório com Usina;PARANAIBA;PARANA;SE;SUDESTE;2026-02-04;3057.867;116.6202;3057.867;116.6202;2997.656;2622.073
SEGREDO;76;Reservatório com Usina;IGUACU;IGUACU;S;SUL;2026-02-04;298.682;38.5082;298.682;38.5082;303.971;775.632
SERRA DA MESA;251;Reservatório com Usina;TOCANTINS;SUDESTE;SE;SUDESTE;2026-02-04;934.539;57.5064;934.539;57.5064;908.911;1625.1048
SIMPLICIO;129;Fio dagua;PARAIBA DO SUL;SUDESTE;SE;SUDESTE;2026-02-04;196.626;62.3687;196.626;62.3687;194.29;315.26379
SINOP;227;Reservatório com Usina;AMAZONAS;TELES PIRES;SE;SUDESTE;2026-02-04;328.285;85.0921;320.505;83.0755;276.956;385.7997
SOBRADINHO;169;Reservatório com Usina;SAO FRANCISCO;NORDESTE;NE;NORDESTE;2026-02-04;821.556;71.7267;821.556;71.7267;777.888;1145.3973
SOBRAGI;127;Fio dagua;PARAIBA DO SUL;SUDESTE;SE;SUDESTE;2026-02-04;60.35;69.6204;0.0;0.0;60.307;86.6844
STA.CLARA-MG;283;Fio dagua;MUCURI;SUDESTE;SE;SUDESTE;2026-02-04;36.958;69.6782;36.958;69.6782;36.761;53.041
STO ANTONIO DO JARI;286;Fio dagua;AMAZONAS;MANAUS-AMAPA;N;NORTE;2026-02-04;105.272;42.3407;105.272;42.3407;106.54;248.631
SUIÇA;145;Fio dagua;SANTA MARIA VIT;SUDESTE;SE;SUDESTE;2026-02-04;29.521;87.3113;29.521;87.3113;29.313;33.8112
TAQUARUÇU;62;Fio dagua;PARANAPANEMA;PARANAPANEMA;SE;SUDESTE;2026-02-04;159.43;44.2013;159.43;44.2013;152.407;360.6904
TELES PIRES;229;Fio dagua;AMAZONAS;TELES PIRES;SE;SUDESTE;2026-02-04;2092.255;97.1556;1769.304;82.1591;2085.97;2153.5094
TRÊS IRMÃOS;43;Reservatório com Usina;TIETE;PARANA;SE;SUDESTE;2026-02-04;443.314;83.0619;443.314;83.0619;451.49;533.715
TRÊS MARIAS;156;Reservatório com Usina;SAO FRANCISCO;SUDESTE;SE;SUDESTE;2026-02-04;919.354;159.9856;919.354;159.9856;947.895;574.648
TUCURUI;275;Reservatório com Usina;TOCANTINS;NORTE;N;NORTE;2026-02-04;4381.834;39.6241;4381.834;39.6241;3996.668;11058.5016
VOLTA GRANDE;11;Fio dagua;GRANDE;PARANA;SE;SUDESTE;2026-02-04;578.495;113.8623;578.495;113.8623;559.204;508.0654
XINGO;178;Fio dagua;SAO FRANCISCO;NORDESTE;NE;NORDESTE;2026-02-04;2731.884;52.6815;2731.884;52.6815;2772.02;5185.661
14 DE JULHO;99;Fio dagua;JACUI;SUL;S;SUL;2026-02-05;20.789;33.9552;20.789;33.9552;20.392;61.2248
A. VERMELHA;18;Reservatório com Usina;GRANDE;PARANA;SE;SUDESTE;2026-02-05;1873.99;109.5692;1873.99;109.5692;1774.657;1710.325
AIMORES;143;Fio dagua;DOCE;SUDESTE;SE;SUDESTE;2026-02-05;198.936;64.3792;198.936;64.3792;206.586;309.0064
APOLONIO SALES;173;Fio dagua;SAO FRANCISCO;NORDESTE;NE;NORDESTE;2026-02-05;303.748;64.862;303.748;64.862;98.324;468.2992
B. BONITA;37;Reservatório com Usina;TIETE;PARANA;SE;SUDESTE;2026-02-05;142.423;112.1582;129.28;101.8081;154.061;126.984
B.COQUEIROS;312;Fio dagua;PARANAIBA;PARANA;SE;SUDESTE;2026-02-05;68.921;66.5963;68.921;66.5963;69.793;103.4908
BAGUARI;141;Fio dagua;DOCE;SUDESTE;SE;SUDESTE;2026-02-05;118.082;83.4836;118.082;83.4836;117.003;141.4434
BAIXO IGUACU;83;Fio dagua;IGUACU;IGUACU;S;SUL;2026-02-05;77.697;39.2705;77.697;39.2705;73.904;197.8506
BALBINA;277;Reservatório com Usina;AMAZONAS;MANAUS-AMAPA;N;NORTE;2026-02-05;83.111;67.6095;83.111;67.6095;75.8;122.928
BARIRI;38;Fio dagua;TIETE;PARANA;SE;SUDESTE;2026-02-05;145.883;98.1853;145.883;98.1853;141.167;148.5792
BARRA BRAUNA;185;Fio dagua;PARAIBA DO SUL;SUDESTE;SE;SUDESTE;2026-02-05;59.132;148.6251;35.68;89.6798;58.828;39.786
BARRA GRANDE;86;Reservatório com Usina;URUGUAI;SUL;S;SUL;2026-02-05;81.309;25.0873;81.309;25.0873;79.865;324.1037
BATALHA;20;Reservatório com Usina;PARANAIBA;PARANA;SE;SUDESTE;2026-02-05;67.444;101.0264;67.444;101.0264;66.611;66.7588
BELO MONTE;288;Fio dagua;AMAZONAS;BELO MONTE;N;NORTE;2026-02-05;5602.559;63.4552;5602.559;63.4552;5528.427;8829.1595
BOA ESPERANÇA;190;Reservatório com Usina;PARNAIBA;NORDESTE;NE;NORDESTE;2026-02-05;155.606;58.3292;155.606;58.3292;145.978;266.772
C. DOURADA;32;Fio dagua;PARANAIBA;PARANA;SE;SUDESTE;2026-02-05;804.685;104.6419;802.524;104.3609;822.65;768.9892
C.BRANCO-1;27;Reservatório com Usina;PARANAIBA;PARANA;SE;SUDESTE;2026-02-05;267.258;87.3914;267.258;87.3914;260.612;305.8172
C.BRANCO-2;28;Fio dagua;PARANAIBA;PARANA;SE;SUDESTE;2026-02-05;237.662;91.6511;205.561;79.2717;236.579;259.3118
CACHOEIRA CALDEIRAO;204;Fio dagua;ARAGUARI;MANAUS-AMAPA;N;NORTE;2026-02-05;117.355;81.5907;111.871;77.778;118.499;143.8338
CACONDE;14;Reservatório com Usina;GRANDE;PARANA;SE;SUDESTE;2026-02-05;91.931;115.948;91.931;115.948;92.268;79.2864
CACU;311;Reservatório com Usina;PARANAIBA;PARANA;SE;SUDESTE;2026-02-05;50.721;67.5496;50.721;67.5496;50.576;75.087
CAMARGOS;1;Reservatório com Usina;GRANDE;PARANA;SE;SUDESTE;2026-02-05;30.968;67.8052;30.968;67.8052;33.021;45.672
CAMPOS NOVOS;90;Reservatório com Usina;URUGUAI;SUL;S;SUL;2026-02-05;219.87;48.8856;219.87;48.8856;219.887;449.764
CANA BRAVA;252;Fio dagua;TOCANTINS;SUDESTE;SE;SUDESTE;2026-02-05;387.581;57.5542;387.581;57.5542;376.048;673.4188
CANASTRA;87;Fio dagua;JACUI;SUL;S;SUL;2026-02-05;;;;;;
CANDONGA;139;Fio dagua;DOCE;SUDESTE;SE;SUDESTE;2026-02-05;89.817;88.649;89.817;88.649;84.812;101.3175
CANOAS I;52;Fio dagua;PARANAPANEMA;PARANAPANEMA;SE;SUDESTE;2026-02-05;48.163;43.7698;48.163;43.7698;48.312;110.0371
CANOAS II;51;Fio dagua;PARANAPANEMA;PARANAPANEMA;SE;SUDESTE;2026-02-05;39.329;42.8861;39.329;42.8861;40.159;91.7056
CAPIVARA;61;Reservatório com Usina;PARANAPANEMA;PARANAPANEMA;SE;SUDESTE;2026-02-05;263.282;45.4858;263.282;45.4858;274.597;578.8224
CASTRO ALVES;97;Fio dagua;JACUI;SUL;S;SUL;2026-02-05;31.748;35.3505;31.748;35.3505;30.953;89.8092
CHAVANTES;49;Reservatório com Usina;PARANAPANEMA;PARANAPANEMA;SE;SUDESTE;2026-02-05;110.581;33.6505;110.581;33.6505;107.945;328.6164
COARACY NUNES;280;Fio dagua;ARAGUARI;MANAUS-AMAPA;N;NORTE;2026-02-05;148.8;80.7962;45.408;24.6559;147.116;184.167
COLIDER;228;Fio dagua;AMAZONAS;TELES PIRES;SE;SUDESTE;2026-02-05;298.274;82.8747;178.789;49.6761;200.356;359.9096
CORUMBA;30;Reservatório com Usina;PARANAIBA;PARANA;SE;SUDESTE;2026-02-05;353.534;70.8323;353.534;70.8323;365.911;499.1142
CORUMBA-3;203;Reservatório com Usina;PARANAIBA;PARANA;SE;SUDESTE;2026-02-05;91.77;92.4443;91.77;92.4443;88.571;99.2706
CORUMBA-4;29;Reservatório com Usina;PARANAIBA;PARANA;SE;SUDESTE;2026-02-05;148.987;110.515;148.987;110.515;146.045;134.8116
CURUA-UNA;272;Reservatório com Usina;AMAZONAS;BELO MONTE;N;NORTE;2026-02-05;21.449;58.6003;21.449;58.6003;18.114;36.6022
D. FRANCISCA;114;Fio dagua;JACUI;SUL;S;SUL;2026-02-05;43.759;68.9896;43.759;68.9896;43.132;63.4284
DARDANELOS;310;Fio dagua;AMAZONAS;MADEIRA;SE;SUDESTE;2026-02-05;447.657;70.5753;259.106;40.8493;444.427;634.297
E. DA CUNHA;15;Fio dagua;GRANDE;PARANA;SE;SUDESTE;2026-02-05;130.535;110.1268;130.535;110.1268;126.864;118.5316
EMBORCAÇÃO;24;Reservatório com Usina;PARANAIBA;PARANA;SE;SUDESTE;2026-02-05;1263.573;126.8581;1263.573;126.8581;1196.415;996.052
ESPORA;290;Reservatório com Usina;PARANAIBA;PARANA;SE;SUDESTE;2026-02-05;22.851;67.6537;22.851;67.6537;21.926;33.7764
ESTREITO;267;Fio dagua;TOCANTINS;NORTE;N;NORTE;2026-02-05;835.801;49.4339;835.801;49.4339;709.554;1690.743
FERREIRA GOMES;284;Fio dagua;ARAGUARI;MANAUS-AMAPA;N;NORTE;2026-02-05;123.936;79.8832;123.936;79.8832;124.283;155.1465
FONTES;132;Fio dagua;PARAIBA DO SUL;SUDESTE;SE;SUDESTE;2026-02-05;137.771;113.333;137.771;113.333;137.971;121.563
FOZ CHAPECO;103;Fio dagua;URUGUAI;SUL;S;SUL;2026-02-05;184.034;40.9238;148.437;33.0081;182.366;449.6988
FOZ DO RIO CLARO;315;Fio dagua;PARANAIBA;PARANA;SE;SUDESTE;2026-02-05;53.042;64.1941;51.366;62.1657;51.797;82.6275
FUNDÃO;72;Fio dagua;IGUACU;IGUACU;S;SUL;2026-02-05;32.821;39.9091;32.821;39.9091;33.987;82.2393
FUNIL;123;Reservatório com Usina;PARAIBA DO SUL;SUDESTE;SE;SUDESTE;2026-02-05;249.113;112.8382;249.113;112.8382;238.621;220.77
FUNIL-MG;4;Fio dagua;GRANDE;PARANA;SE;SUDESTE;2026-02-05;124.896;69.0037;124.896;69.0037;126.261;180.999
FURNAS;6;Reservatório com Usina;GRANDE;PARANA;SE;SUDESTE;2026-02-05;1410.604;108.8495;1410.604;108.8495;1350.768;1295.922
G. B. MUNHOZ;74;Reservatório com Usina;IGUACU;IGUACU;S;SUL;2026-02-05;264.514;36.3109;264.514;36.3109;244.023;728.4708
G. P. SOUZA;115;Reservatório com Usina;CAPIVARI;SUL;S;SUL;2026-02-05;138.776;80.889;138.776;80.889;138.348;171.5634
GARIBALDI;89;Reservatório com Usina;URUGUAI;SUL;S;SUL;2026-02-05;44.624;46.8603;44.624;46.8603;43.248;95.2278
GOV JAYME CANET JR;57;Reservatório com Usina;PARANAPANEMA;IGUACU;S;SUL;2026-02-05;101.162;31.2987;101.162;31.2987;98.363;323.2152
GUAPORE;196;Fio dagua;AMAZONAS;MADEIRA;SE;SUDESTE;2026-02-05;51.841;88.2887;51.841;88.2887;51.797;58.7176
GUILM. AMORIM;192;Fio dagua;DOCE;SUDESTE;SE;SUDESTE;2026-02-05;58.524;51.4516;58.524;51.4516;58.318;113.7458
HENRY BORDEN;119;Fio dagua;TIETE;SUDESTE;SE;SUDESTE;2026-02-05;555.923;143.9117;555.923;143.9117;555.716;386.2944
I. SOLTEIRA;34;Reservatório com Usina;PARANA;PARANA;SE;SUDESTE;2026-02-05;3702.892;105.2879;3702.892;105.2879;3818.932;3516.921
IBITINGA;39;Fio dagua;TIETE;PARANA;SE;SUDESTE;2026-02-05;155.764;93.7034;155.764;93.7034;155.042;166.2309
IGARAPAVA;10;Fio dagua;GRANDE;PARANA;SE;SUDESTE;2026-02-05;315.771;107.8745;315.771;107.8745;306.45;292.7206
ILHA POMBOS;130;Fio dagua;PARAIBA DO SUL;SUDESTE;SE;SUDESTE;2026-02-05;310.417;132.0508;288.801;122.8554;314.138;235.074
IRAPE;148;Reservatório com Usina;JEQUITINHONHA;SUDESTE;SE;SUDESTE;2026-02-05;444.666;132.4545;444.666;132.4545;448.049;335.7123
ITÁ;92;Fio dagua;URUGUAI;SUL;S;SUL;2026-02-05;252.687;33.1072;252.687;33.1072;248.23;763.2383
ITAIPU;66;Fio dagua;PARANA;ITAIPU;SE;SUDESTE;2026-02-05;11878.645;73.1683;11878.645;73.1683;11995.361;16234.6912
ITAPEBI;154;Fio dagua;JEQUITINHONHA;NORDESTE;NE;NORDESTE;2026-02-05;325.711;78.2715;310.696;74.6632;326.098;416.13
ITAUBA;113;Fio dagua;JACUI;SUL;S;SUL;2026-02-05;91.947;79.0387;91.947;79.0387;85.555;116.3316
ITIQUIRA I;304;Fio dagua;PARAGUAI;SUDESTE;SE;SUDESTE;2026-02-05;57.299;66.571;52.688;61.2139;57.464;86.072
ITIQUIRA II;305;Fio dagua;PARAGUAI;SUDESTE;SE;SUDESTE;2026-02-05;91.254;66.5714;91.254;66.5714;91.358;137.0768
ITUMBIARA;31;Reservatório com Usina;PARANAIBA;PARANA;SE;SUDESTE;2026-02-05;1988.515;104.3829;1988.515;104.3829;1823.138;1905.0197
ITUTINGA;2;Fio dagua;GRANDE;PARANA;SE;SUDESTE;2026-02-05;36.353;67.8051;36.353;67.8051;36.202;53.614
JACUI;112;Fio dagua;JACUI;SUL;S;SUL;2026-02-05;92.096;93.4109;0.0;0.0;95.65;98.5924
JAGUARA;9;Fio dagua;GRANDE;PARANA;SE;SUDESTE;2026-02-05;784.572;106.7783;784.572;106.7783;784.455;734.7672
JAGUARI;120;Reservatório com Usina;PARAIBA DO SUL;SUDESTE;SE;SUDESTE;2026-02-05;31.231;128.7022;31.231;128.7022;28.9;24.2661
JAURU;195;Fio dagua;PARAGUAI;SUDESTE;SE;SUDESTE;2026-02-05;65.395;70.3399;65.395;70.3399;65.169;92.97
JIRAU;285;Fio dagua;AMAZONAS;MADEIRA;SE;SUDESTE;2026-02-05;4807.04;102.5296;3777.685;80.5745;4219.826;4688.44
JUPIA;45;Fio dagua;PARANA;PARANA;SE;SUDESTE;2026-02-05;2005.812;102.421;2005.812;102.421;2063.436;1958.4
JURUENA;309;Fio dagua;AMAZONAS;TELES PIRES;SE;SUDESTE;2026-02-05;42.525;86.2832;37.181;75.4402;43.921;49.2854
JURUMIRIM;47;Reservatório com Usina;PARANAPANEMA;PARANAPANEMA;SE;SUDESTE;2026-02-05;35.617;34.3197;35.617;34.3197;35.6;103.7799
L. C. BARRETO;8;Fio dagua;GRANDE;PARANA;SE;SUDESTE;2026-02-05;1066.299;106.4129;1066.299;106.4129;1069.462;1002.0391
LAJEADO;261;Fio dagua;TOCANTINS;SUDESTE;SE;SUDESTE;2026-02-05;725.077;44.2765;725.077;44.2765;692.642;1637.61
LIMOEIRO;16;Fio dagua;GRANDE;PARANA;SE;SUDESTE;2026-02-05;38.507;108.9492;38.507;108.9492;38.029;35.344
LUIZ GONZAGA;172;Reservatório com Usina;SAO FRANCISCO;NORDESTE;NE;NORDESTE;2026-02-05;1379.963;65.0785;1379.963;65.0785;1342.76;2120.46
M. MORAES;7;Reservatório com Usina;GRANDE;PARANA;SE;SUDESTE;2026-02-05;661.732;106.2686;661.732;106.2686;688.886;622.6974
MACHADINHO;91;Reservatório com Usina;URUGUAI;SUL;S;SUL;2026-02-05;222.574;40.8261;222.574;40.8261;218.389;545.1759
MANSO;278;Reservatório com Usina;PARAGUAI;SUDESTE;SE;SUDESTE;2026-02-05;194.234;111.7984;194.234;111.7984;196.523;173.736
MARIMBONDO;17;Reservatório com Usina;GRANDE;PARANA;SE;SUDESTE;2026-02-05;1890.204;111.6977;1890.204;111.6977;1821.256;1692.2495
MASCARENHAS;144;Fio dagua;DOCE;SUDESTE;SE;SUDESTE;2026-02-05;192.05;68.6743;190.26;68.0342;180.673;279.6534
MIRANDA;26;Reservatório com Usina;PARANAIBA;PARANA;SE;SUDESTE;2026-02-05;314.805;86.4217;314.805;86.4217;315.358;364.266
MONJOLINHO;94;Fio dagua;URUGUAI;SUL;S;SUL;2026-02-05;6.545;20.8972;6.545;20.8972;6.451;31.32
MONTE CLARO;98;Fio dagua;JACUI;SUL;S;SUL;2026-02-05;22.751;32.6143;18.148;26.0158;23.155;69.7577
N. AVANHANDAVA;42;Fio dagua;TIETE;PARANA;SE;SUDESTE;2026-02-05;302.546;87.4281;302.546;87.4281;292.303;346.0512
NILO PEÇANHA;131;Fio dagua;PARAIBA DO SUL;SUDESTE;SE;SUDESTE;2026-02-05;386.942;100.6992;386.942;100.6992;386.897;384.2553
NOVA PONTE;25;Reservatório com Usina;PARANAIBA;PARANA;SE;SUDESTE;2026-02-05;456.009;91.9336;456.009;91.9336;403.689;496.0197
OURINHOS;249;Fio dagua;PARANAPANEMA;PARANAPANEMA;SE;SUDESTE;2026-02-05;17.613;34.0311;13.669;26.4107;18.511;51.7556
P. AFONSO 1,2,3;174;Fio dagua;SAO FRANCISCO;NORDESTE;NE;NORDESTE;2026-02-05;1185.053;64.8619;1185.053;64.8619;411.624;1827.04
P. AFONSO 4;175;Fio dagua;SAO FRANCISCO;NORDESTE;NE;NORDESTE;2026-02-05;1696.185;64.8619;1696.185;64.8619;2664.427;2615.0712
P. COLOMBIA;12;Fio dagua;GRANDE;PARANA;SE;SUDESTE;2026-02-05;521.042;110.8118;480.198;102.1254;533.243;470.2044
PARAIBUNA;121;Reservatório com Usina;PARAIBA DO SUL;SUDESTE;SE;SUDESTE;2026-02-05;53.407;68.0531;53.407;68.0531;50.793;78.4784
PARANAPANEMA;53;Fio dagua;PARANAPANEMA;PARANAPANEMA;SE;SUDESTE;2026-02-05;16.098;34.4969;16.098;34.4969;16.555;46.665
PASSO FUNDO;93;Reservatório com Usina;URUGUAI;SUL;S;SUL;2026-02-05;14.241;18.8232;14.241;18.8232;14.306;75.6568
PASSO REAL;111;Reservatório com Usina;JACUI;SUL;S;SUL;2026-02-05;42.696;94.2754;42.696;94.2754;45.158;45.2886
PASSO SAO JOAO;102;Fio dagua;URUGUAI;SUL;S;SUL;2026-02-05;27.911;74.1013;22.058;58.5621;28.074;37.666
PEDRA DO CAVALO;189;Reservatório com Usina;PARAGUACU;NORDESTE;NE;NORDESTE;2026-02-05;20.787;14.7116;20.787;14.7116;21.064;141.2967
PEIXE ANGICAL;257;Reservatório com Usina;TOCANTINS;SUDESTE;SE;SUDESTE;2026-02-05;404.558;49.5446;404.558;49.5446;410.418;816.5528
PEREIRA PASSOS;133;Fio dagua;PARAIBA DO SUL;SUDESTE;SE;SUDESTE;2026-02-05;63.044;103.7242;63.044;103.7242;63.271;60.7804
PICADA;126;Fio dagua;PARAIBA DO SUL;SUDESTE;SE;SUDESTE;2026-02-05;38.425;53.6773;38.425;53.6773;38.35;71.5852
PIMENTAL;314;Fio dagua;AMAZONAS;BELO MONTE;N;NORTE;2026-02-05;146.94;53.7734;146.94;53.7734;143.453;273.258
PIRAJU;48;Fio dagua;PARANAPANEMA;PARANAPANEMA;SE;SUDESTE;2026-02-05;29.116;34.4978;29.116;34.4978;30.079;84.3996
PONTE DE PEDRA;281;Fio dagua;PARAGUAI;SUDESTE;SE;SUDESTE;2026-02-05;201.032;99.9341;170.084;84.5497;202.19;201.1646
PORTO ESTRELA;135;Reservatório com Usina;DOCE;SUDESTE;SE;SUDESTE;2026-02-05;92.843;82.8443;92.843;82.8443;90.404;112.0692
PORTO PRIMAVERA;46;Fio dagua;PARANA;PARANA;SE;SUDESTE;2026-02-05;1903.685;90.4751;1903.685;90.4751;1950.578;2104.0984
PROMISSÃO;40;Reservatório com Usina;TIETE;PARANA;SE;SUDESTE;2026-02-05;208.352;84.7642;208.352;84.7642;220.142;245.802
QUEBRA QUEIXO;95;Reservatório com Usina;URUGUAI;SUL;S;SUL;2026-02-05;20.327;30.2148;20.327;30.2148;20.002;67.275
QUEIMADO;162;Reservatório com Usina;SAO FRANCISCO;SUDESTE;SE;SUDESTE;2026-02-05;152.147;117.405;152.147;117.405;150.918;129.5916
RETIRO BAIXO;155;Reservatório com Usina;SAO FRANCISCO;SUDESTE;SE;SUDESTE;2026-02-05;96.793;106.7453;79.728;87.9257;94.606;90.6766
RONDON II;276;Reservatório com Usina;AMAZONAS;MADEIRA;SE;SUDESTE;2026-02-05;69.315;97.1909;69.315;97.1909;69.176;71.3184
ROSAL;217;Fio dagua;ITABAPOANA;SUDESTE;SE;SUDESTE;2026-02-05;69.556;87.5534;59.414;74.7872;68.804;79.4441
ROSANA;63;Fio dagua;PARANAPANEMA;PARANAPANEMA;SE;SUDESTE;2026-02-05;148.727;44.9061;148.727;44.9061;147.708;331.1959
S.DO FACÃO;21;Reservatório com Usina;PARANAIBA;PARANA;SE;SUDESTE;2026-02-05;197.927;99.0322;197.927;99.0322;188.898;199.8612
S.R.VERDINHO;241;Fio dagua;PARANAIBA;PARANA;SE;SUDESTE;2026-02-05;62.753;60.5412;62.753;60.5412;63.346;103.6534
SA CARVALHO;193;Fio dagua;DOCE;SUDESTE;SE;SUDESTE;2026-02-05;55.809;48.4549;54.873;47.6422;55.723;115.1772
SALTO;262;Fio dagua;PARANAIBA;PARANA;SE;SUDESTE;2026-02-05;71.055;61.8941;71.055;61.8941;71.246;114.801
SALTO CAXIAS;82;Fio dagua;IGUACU;IGUACU;S;SUL;2026-02-05;273.359;38.8925;273.359;38.8925;269.181;702.8576
SALTO GRANDE CM;134;Fio dagua;DOCE;SUDESTE;SE;SUDESTE;2026-02-05;161.01;85.7951;160.208;85.3678;160.437;187.668
SALTO GRANDE CS;50;Fio dagua;PARANAPANEMA;PARANAPANEMA;SE;SUDESTE;2026-02-05;44.098;42.4795;18.739;18.0512;45.368;103.81
SALTO OSORIO;78;Fio dagua;IGUACU;IGUACU;S;SUL;2026-02-05;226.823;38.8465;226.823;38.8465;227.099;583.8952
SALTO PILAO;215;Fio dagua;ITAJAI;SUL;S;SUL;2026-02-05;183.272;79.3052;181.508;78.5419;182.867;231.0971
SALTO SANTIAGO;77;Reservatório com Usina;IGUACU;IGUACU;S;SUL;2026-02-05;335.929;38.5819;335.929;38.5819;333.179;870.6896
SAMUEL;279;Reservatório com Usina;AMAZONAS;MADEIRA;SE;SUDESTE;2026-02-05;262.846;125.7135;262.846;125.7135;240.809;209.0834
SANTA BRANCA;122;Reservatório com Usina;PARAIBA DO SUL;SUDESTE;SE;SUDESTE;2026-02-05;33.843;71.3098;33.843;71.3098;30.9;47.4591
SANTA CLARA-PR;71;Reservatório com Usina;IGUACU;IGUACU;S;SUL;2026-02-05;29.839;39.0643;29.839;39.0643;28.819;76.3844
SANTO ANTONIO;287;Fio dagua;AMAZONAS;MADEIRA;SE;SUDESTE;2026-02-05;4981.985;102.1103;4312.222;88.3829;3826.784;4879.0245
SAO DOMINGOS;153;Fio dagua;PARANA;PARANA;SE;SUDESTE;2026-02-05;47.662;100.7794;45.819;96.8824;47.42;47.2934
SAO JOSE;101;Fio dagua;URUGUAI;SUL;S;SUL;2026-02-05;19.753;73.5532;19.753;73.5532;19.331;26.8554
SAO MANOEL;230;Fio dagua;AMAZONAS;TELES PIRES;SE;SUDESTE;2026-02-05;932.313;95.685;849.341;87.1694;800.271;974.3566
SAO ROQUE;88;Reservatório com Usina;URUGUAI;SUL;S;SUL;2026-02-05;41.993;44.2327;41.993;44.2327;39.552;94.9365
SAO SALVADOR;253;Fio dagua;TOCANTINS;SUDESTE;SE;SUDESTE;2026-02-05;227.497;55.1077;227.497;55.1077;221.725;412.8229
SÃO SIMÃO;33;Reservatório com Usina;PARANAIBA;PARANA;SE;SUDESTE;2026-02-05;2972.151;113.3512;2972.151;113.3512;2922.995;2622.073
SEGREDO;76;Reservatório com Usina;IGUACU;IGUACU;S;SUL;2026-02-05;298.157;38.4405;298.157;38.4405;304.373;775.632
SERRA DA MESA;251;Reservatório com Usina;TOCANTINS;SUDESTE;SE;SUDESTE;2026-02-05;964.638;59.3585;964.638;59.3585;936.077;1625.1048
SIMPLICIO;129;Fio dagua;PARAIBA DO SUL;SUDESTE;SE;SUDESTE;2026-02-05;201.214;63.824;201.214;63.824;198.86;315.26379
SINOP;227;Reservatório com Usina;AMAZONAS;TELES PIRES;SE;SUDESTE;2026-02-05;302.706;78.462;294.926;76.4454;248.349;385.7997
SOBRADINHO;169;Reservatório com Usina;SAO FRANCISCO;NORDESTE;NE;NORDESTE;2026-02-05;870.144;75.9687;870.144;75.9687;825.472;1145.3973
SOBRAGI;127;Fio dagua;PARAIBA DO SUL;SUDESTE;SE;SUDESTE;2026-02-05;53.221;61.3963;15.252;17.5949;53.17;86.6844
STA.CLARA-MG;283;Fio dagua;MUCURI;SUDESTE;SE;SUDESTE;2026-02-05;33.092;62.3895;33.092;62.3895;32.967;53.041
STO ANTONIO DO JARI;286;Fio dagua;AMAZONAS;MANAUS-AMAPA;N;NORTE;2026-02-05;110.458;44.4265;110.458;44.4265;111.574;248.631
SUIÇA;145;Fio dagua;SANTA MARIA VIT;SUDESTE;SE;SUDESTE;2026-02-05;36.051;106.6244;36.051;106.6244;35.859;33.8112
TAQUARUÇU;62;Fio dagua;PARANAPANEMA;PARANAPANEMA;SE;SUDESTE;2026-02-05;162.4;45.0248;162.4;45.0248;157.298;360.6904
TELES PIRES;229;Fio dagua;AMAZONAS;TELES PIRES;SE;SUDESTE;2026-02-05;2054.229;95.3898;1816.691;84.3596;2044.019;2153.5094
TRÊS IRMÃOS;43;Reservatório com Usina;TIETE;PARANA;SE;SUDESTE;2026-02-05;497.212;93.1606;497.212;93.1606;506.711;533.715
TRÊS MARIAS;156;Reservatório com Usina;SAO FRANCISCO;SUDESTE;SE;SUDESTE;2026-02-05;923.54;160.714;923.54;160.714;954.981;574.648
TUCURUI;275;Reservatório com Usina;TOCANTINS;NORTE;N;NORTE;2026-02-05;4771.737;43.1499;4771.737;43.1499;4343.646;11058.5016
VOLTA GRANDE;11;Fio dagua;GRANDE;PARANA;SE;SUDESTE;2026-02-05;560.81;110.3815;560.81;110.3815;540.483;508.0654
XINGO;178;Fio dagua;SAO FRANCISCO;NORDESTE;NE;NORDESTE;2026-02-05;3054.678;58.9062;3054.678;58.9062;3092.66;5185.661
14 DE JULHO;99;Fio dagua;JACUI;SUL;S;SUL;2026-02-06;19.438;31.7486;19.438;31.7486;19.159;61.2248
A. VERMELHA;18;Reservatório com Usina;GRANDE;PARANA;SE;SUDESTE;2026-02-06;1863.574;108.9602;1863.574;108.9602;1779.729;1710.325
AIMORES;143;Fio dagua;DOCE;SUDESTE;SE;SUDESTE;2026-02-06;218.625;70.751;218.625;70.751;220.624;309.0064
APOLONIO SALES;173;Fio dagua;SAO FRANCISCO;NORDESTE;NE;NORDESTE;2026-02-06;326.744;69.7725;326.744;69.7725;113.366;468.2992
B. BONITA;37;Reservatório com Usina;TIETE;PARANA;SE;SUDESTE;2026-02-06;157.95;124.3857;144.63;113.8962;172.117;126.984
B.COQUEIROS;312;Fio dagua;PARANAIBA;PARANA;SE;SUDESTE;2026-02-06;67.844;65.5556;67.844;65.5556;69.174;103.4908
BAGUARI;141;Fio dagua;DOCE;SUDESTE;SE;SUDESTE;2026-02-06;129.496;91.5532;127.798;90.3527;126.943;141.4434
BAIXO IGUACU;83;Fio dagua;IGUACU;IGUACU;S;SUL;2026-02-06;73.422;37.1098;73.422;37.1098;70.892;197.8506
BALBINA;277;Reservatório com Usina;AMAZONAS;MANAUS-AMAPA;N;NORTE;2026-02-06;100.645;81.8731;100.645;81.8731;99.656;122.928
BARIRI;38;Fio dagua;TIETE;PARANA;SE;SUDESTE;2026-02-06;167.519;112.7473;167.519;112.7473;164.068;148.5792
BARRA BRAUNA;185;Fio dagua;PARAIBA DO SUL;SUDESTE;SE;SUDESTE;2026-02-06;66.635;167.4835;34.178;85.9046;65.957;39.786
BARRA GRANDE;86;Reservatório com Usina;URUGUAI;SUL;S;SUL;2026-02-06;84.394;26.0392;84.394;26.0392;82.659;324.1037
BATALHA;20;Reservatório com Usina;PARANAIBA;PARANA;SE;SUDESTE;2026-02-06;73.545;110.1653;73.545;110.1653;72.748;66.7588
BELO MONTE;288;Fio dagua;AMAZONAS;BELO MONTE;N;NORTE;2026-02-06;5529.753;62.6306;5529.753;62.6306;5436.255;8829.1595
BOA ESPERANÇA;190;Reservatório com Usina;PARNAIBA;NORDESTE;NE;NORDESTE;2026-02-06;154.209;57.8055;154.209;57.8055;144.559;266.772
C. DOURADA;32;Fio dagua;PARANAIBA;PARANA;SE;SUDESTE;2026-02-06;797.471;103.7038;794.499;103.3173;838.792;768.9892
C.BRANCO-1;27;Reservatório com Usina;PARANAIBA;PARANA;SE;SUDESTE;2026-02-06;256.114;83.7474;256.114;83.7474;249.52;305.8172
C.BRANCO-2;28;Fio dagua;PARANAIBA;PARANA;SE;SUDESTE;2026-02-06;216.479;83.4821;216.479;83.4821;216.483;259.3118
CACHOEIRA CALDEIRAO;204;Fio dagua;ARAGUARI;MANAUS-AMAPA;N;NORTE;2026-02-06;120.601;83.8475;111.321;77.3956;122.475;143.8338
CACONDE;14;Reservatório com Usina;GRANDE;PARANA;SE;SUDESTE;2026-02-06;70.928;89.458;70.928;89.458;71.299;79.2864
CACU;311;Reservatório com Usina;PARANAIBA;PARANA;SE;SUDESTE;2026-02-06;48.794;64.9833;48.794;64.9833;48.834;75.087
CAMARGOS;1;Reservatório com Usina;GRANDE;PARANA;SE;SUDESTE;2026-02-06;30.511;66.8046;30.511;66.8046;32.534;45.672
CAMPOS NOVOS;90;Reservatório com Usina;URUGUAI;SUL;S;SUL;2026-02-06;194.619;43.2714;194.619;43.2714;194.821;449.764
CANA BRAVA;252;Fio dagua;TOCANTINS;SUDESTE;SE;SUDESTE;2026-02-06;400.999;59.5467;400.999;59.5467;389.342;673.4188
CANASTRA;87;Fio dagua;JACUI;SUL;S;SUL;2026-02-06;;;;;;
CANDONGA;139;Fio dagua;DOCE;SUDESTE;SE;SUDESTE;2026-02-06;114.93;113.4355;114.93;113.4355;109.73;101.3175
CANOAS I;52;Fio dagua;PARANAPANEMA;PARANAPANEMA;SE;SUDESTE;2026-02-06;51.457;46.7633;51.457;46.7633;51.994;110.0371
CANOAS II;51;Fio dagua;PARANAPANEMA;PARANAPANEMA;SE;SUDESTE;2026-02-06;42.026;45.8271;42.026;45.8271;42.794;91.7056
CAPIVARA;61;Reservatório com Usina;PARANAPANEMA;PARANAPANEMA;SE;SUDESTE;2026-02-06;263.941;45.5997;263.941;45.5997;273.897;578.8224
CASTRO ALVES;97;Fio dagua;JACUI;SUL;S;SUL;2026-02-06;31.74;35.3416;31.74;35.3416;30.96;89.8092
CHAVANTES;49;Reservatório com Usina;PARANAPANEMA;PARANAPANEMA;SE;SUDESTE;2026-02-06;114.157;34.7387;114.157;34.7387;111.517;328.6164
COARACY NUNES;280;Fio dagua;ARAGUARI;MANAUS-AMAPA;N;NORTE;2026-02-06;154.09;83.6686;76.366;41.4656;153.418;184.167
COLIDER;228;Fio dagua;AMAZONAS;TELES PIRES;SE;SUDESTE;2026-02-06;287.495;79.8798;167.595;46.5659;194.003;359.9096
CORUMBA;30;Reservatório com Usina;PARANAIBA;PARANA;SE;SUDESTE;2026-02-06;439.944;88.145;439.944;88.145;456.83;499.1142
CORUMBA-3;203;Reservatório com Usina;PARANAIBA;PARANA;SE;SUDESTE;2026-02-06;110.992;111.8075;110.992;111.8075;107.208;99.2706
CORUMBA-4;29;Reservatório com Usina;PARANAIBA;PARANA;SE;SUDESTE;2026-02-06;167.89;124.5368;167.89;124.5368;165.908;134.8116
CURUA-UNA;272;Reservatório com Usina;AMAZONAS;BELO MONTE;N;NORTE;2026-02-06;24.11;65.8704;24.11;65.8704;20.374;36.6022
D. FRANCISCA;114;Fio dagua;JACUI;SUL;S;SUL;2026-02-06;40.047;63.1373;40.047;63.1373;38.825;63.4284
DARDANELOS;310;Fio dagua;AMAZONAS;MADEIRA;SE;SUDESTE;2026-02-06;452.037;71.2658;259.141;40.8548;448.775;634.297
E. DA CUNHA;15;Fio dagua;GRANDE;PARANA;SE;SUDESTE;2026-02-06;114.638;96.7151;114.638;96.7151;112.611;118.5316
EMBORCAÇÃO;24;Reservatório com Usina;PARANAIBA;PARANA;SE;SUDESTE;2026-02-06;1346.778;135.2116;1346.778;135.2116;1279.928;996.052
ESPORA;290;Reservatório com Usina;PARANAIBA;PARANA;SE;SUDESTE;2026-02-06;22.083;65.38;22.083;65.38;21.242;33.7764
ESTREITO;267;Fio dagua;TOCANTINS;NORTE;N;NORTE;2026-02-06;857.004;50.688;775.136;45.8459;748.205;1690.743
FERREIRA GOMES;284;Fio dagua;ARAGUARI;MANAUS-AMAPA;N;NORTE;2026-02-06;129.352;83.3741;129.352;83.3741;131.951;155.1465
FONTES;132;Fio dagua;PARAIBA DO SUL;SUDESTE;SE;SUDESTE;2026-02-06;137.528;113.1331;137.528;113.1331;137.728;121.563
FOZ CHAPECO;103;Fio dagua;URUGUAI;SUL;S;SUL;2026-02-06;180.267;40.0862;146.472;32.5711;179.094;449.6988
FOZ DO RIO CLARO;315;Fio dagua;PARANAIBA;PARANA;SE;SUDESTE;2026-02-06;54.769;66.2842;54.769;66.2842;53.894;82.6275
FUNDÃO;72;Fio dagua;IGUACU;IGUACU;S;SUL;2026-02-06;35.828;43.5655;31.675;38.5156;37.071;82.2393
FUNIL;123;Reservatório com Usina;PARAIBA DO SUL;SUDESTE;SE;SUDESTE;2026-02-06;235.432;106.6413;235.432;106.6413;226.717;220.77
FUNIL-MG;4;Fio dagua;GRANDE;PARANA;SE;SUDESTE;2026-02-06;131.235;72.5059;131.235;72.5059;133.269;180.999
FURNAS;6;Reservatório com Usina;GRANDE;PARANA;SE;SUDESTE;2026-02-06;1417.425;109.3758;1417.425;109.3758;1341.145;1295.922
G. B. MUNHOZ;74;Reservatório com Usina;IGUACU;IGUACU;S;SUL;2026-02-06;256.89;35.2643;256.89;35.2643;236.464;728.4708
G. P. SOUZA;115;Reservatório com Usina;CAPIVARI;SUL;S;SUL;2026-02-06;126.194;73.5553;126.194;73.5553;125.769;171.5634
GARIBALDI;89;Reservatório com Usina;URUGUAI;SUL;S;SUL;2026-02-06;36.537;38.368;36.537;38.368;35.804;95.2278
GOV JAYME CANET JR;57;Reservatório com Usina;PARANAPANEMA;IGUACU;S;SUL;2026-02-06;93.69;28.9869;93.69;28.9869;91.187;323.2152
GUAPORE;196;Fio dagua;AMAZONAS;MADEIRA;SE;SUDESTE;2026-02-06;52.058;88.6583;52.058;88.6583;52.016;58.7176
GUILM. AMORIM;192;Fio dagua;DOCE;SUDESTE;SE;SUDESTE;2026-02-06;77.055;67.7432;77.055;67.7432;76.361;113.7458
HENRY BORDEN;119;Fio dagua;TIETE;SUDESTE;SE;SUDESTE;2026-02-06;443.614;114.8383;443.614;114.8383;443.504;386.2944
I. SOLTEIRA;34;Reservatório com Usina;PARANA;PARANA;SE;SUDESTE;2026-02-06;3715.157;105.6366;3715.157;105.6366;3829.92;3516.921
IBITINGA;39;Fio dagua;TIETE;PARANA;SE;SUDESTE;2026-02-06;169.837;102.1693;169.837;102.1693;171.855;166.2309
IGARAPAVA;10;Fio dagua;GRANDE;PARANA;SE;SUDESTE;2026-02-06;316.767;108.2148;316.767;108.2148;306.107;292.7206
ILHA POMBOS;130;Fio dagua;PARAIBA DO SUL;SUDESTE;SE;SUDESTE;2026-02-06;311.297;132.4251;165.389;70.3561;315.518;235.074
IRAPE;148;Reservatório com Usina;JEQUITINHONHA;SUDESTE;SE;SUDESTE;2026-02-06;361.712;107.7446;361.712;107.7446;364.29;335.7123
ITÁ;92;Fio dagua;URUGUAI;SUL;S;SUL;2026-02-06;247.766;32.4625;247.766;32.4625;245.051;763.2383
ITAIPU;66;Fio dagua;PARANA;ITAIPU;SE;SUDESTE;2026-02-06;12266.657;75.5583;12266.657;75.5583;12352.557;16234.6912
ITAPEBI;154;Fio dagua;JEQUITINHONHA;NORDESTE;NE;NORDESTE;2026-02-06;340.311;81.78;333.161;80.0618;337.18;416.13
ITAUBA;113;Fio dagua;JACUI;SUL;S;SUL;2026-02-06;84.484;72.6234;84.484;72.6234;78.671;116.3316
ITIQUIRA I;304;Fio dagua;PARAGUAI;SUDESTE;SE;SUDESTE;2026-02-06;59.851;69.536;48.323;56.1425;60.016;86.072
ITIQUIRA II;305;Fio dagua;PARAGUAI;SUDESTE;SE;SUDESTE;2026-02-06;95.317;69.5355;95.317;69.5355;95.168;137.0768
ITUMBIARA;31;Reservatório com Usina;PARANAIBA;PARANA;SE;SUDESTE;2026-02-06;2011.781;105.6042;2011.781;105.6042;1883.452;1905.0197
ITUTINGA;2;Fio dagua;GRANDE;PARANA;SE;SUDESTE;2026-02-06;35.817;66.8053;35.817;66.8053;35.503;53.614
JACUI;112;Fio dagua;JACUI;SUL;S;SUL;2026-02-06;81.013;82.1696;0.0;0.0;84.014;98.5924
JAGUARA;9;Fio dagua;GRANDE;PARANA;SE;SUDESTE;2026-02-06;800.242;108.911;765.534;104.1873;794.678;734.7672
JAGUARI;120;Reservatório com Usina;PARAIBA DO SUL;SUDESTE;SE;SUDESTE;2026-02-06;38.294;157.8086;38.294;157.8086;35.499;24.2661
JAURU;195;Fio dagua;PARAGUAI;SUDESTE;SE;SUDESTE;2026-02-06;64.744;69.6397;64.744;69.6397;64.608;92.97
JIRAU;285;Fio dagua;AMAZONAS;MADEIRA;SE;SUDESTE;2026-02-06;4806.257;102.5129;3757.992;80.1544;4207.895;4688.44
JUPIA;45;Fio dagua;PARANA;PARANA;SE;SUDESTE;2026-02-06;2029.781;103.6449;2029.781;103.6449;2084.146;1958.4
JURUENA;309;Fio dagua;AMAZONAS;TELES PIRES;SE;SUDESTE;2026-02-06;41.78;84.7716;37.326;75.7344;43.024;49.2854
JURUMIRIM;47;Reservatório com Usina;PARANAPANEMA;PARANAPANEMA;SE;SUDESTE;2026-02-06;43.338;41.7595;43.338;41.7595;43.357;103.7799
L. C. BARRETO;8;Fio dagua;GRANDE;PARANA;SE;SUDESTE;2026-02-06;1096.692;109.446;1096.692;109.446;1106.579;1002.0391
LAJEADO;261;Fio dagua;TOCANTINS;SUDESTE;SE;SUDESTE;2026-02-06;725.471;44.3006;725.471;44.3006;684.116;1637.61
LIMOEIRO;16;Fio dagua;GRANDE;PARANA;SE;SUDESTE;2026-02-06;34.847;98.5938;34.847;98.5938;33.465;35.344
LUIZ GONZAGA;172;Reservatório com Usina;SAO FRANCISCO;NORDESTE;NE;NORDESTE;2026-02-06;1484.437;70.0054;1484.437;70.0054;1442.366;2120.46
M. MORAES;7;Reservatório com Usina;GRANDE;PARANA;SE;SUDESTE;2026-02-06;688.032;110.4922;688.032;110.4922;715.236;622.6974
MACHADINHO;91;Reservatório com Usina;URUGUAI;SUL;S;SUL;2026-02-06;215.849;39.5925;215.849;39.5925;211.591;545.1759
MANSO;278;Reservatório com Usina;PARAGUAI;SUDESTE;SE;SUDESTE;2026-02-06;195.778;112.6871;195.778;112.6871;198.285;173.736
MARIMBONDO;17;Reservatório com Usina;GRANDE;PARANA;SE;SUDESTE;2026-02-06;1821.327;107.6276;1821.327;107.6276;1760.309;1692.2495
MASCARENHAS;144;Fio dagua;DOCE;SUDESTE;SE;SUDESTE;2026-02-06;214.082;76.5526;208.712;74.6324;199.088;279.6534
MIRANDA;26;Reservatório com Usina;PARANAIBA;PARANA;SE;SUDESTE;2026-02-06;306.591;84.1668;306.591;84.1668;306.692;364.266
MONJOLINHO;94;Fio dagua;URUGUAI;SUL;S;SUL;2026-02-06;8.678;27.7075;8.678;27.7075;8.542;31.32
MONTE CLARO;98;Fio dagua;JACUI;SUL;S;SUL;2026-02-06;21.728;31.1478;17.124;24.5478;22.031;69.7577
N. AVANHANDAVA;42;Fio dagua;TIETE;PARANA;SE;SUDESTE;2026-02-06;279.322;80.717;279.322;80.717;269.41;346.0512
NILO PEÇANHA;131;Fio dagua;PARAIBA DO SUL;SUDESTE;SE;SUDESTE;2026-02-06;386.942;100.6992;386.942;100.6992;386.897;384.2553
NOVA PONTE;25;Reservatório com Usina;PARANAIBA;PARANA;SE;SUDESTE;2026-02-06;452.587;91.2438;452.587;91.2438;398.011;496.0197
OURINHOS;249;Fio dagua;PARANAPANEMA;PARANAPANEMA;SE;SUDESTE;2026-02-06;18.208;35.1807;15.322;29.6045;19.481;51.7556
P. AFONSO 1,2,3;174;Fio dagua;SAO FRANCISCO;NORDESTE;NE;NORDESTE;2026-02-06;1274.771;69.7725;1274.771;69.7725;474.509;1827.04
P. AFONSO 4;175;Fio dagua;SAO FRANCISCO;NORDESTE;NE;NORDESTE;2026-02-06;1824.6;69.7725;1824.6;69.7725;2817.59;2615.0712
P. COLOMBIA;12;Fio dagua;GRANDE;PARANA;SE;SUDESTE;2026-02-06;505.62;107.532;421.116;89.5602;513.129;470.2044
PARAIBUNA;121;Reservatório com Usina;PARAIBA DO SUL;SUDESTE;SE;SUDESTE;2026-02-06;50.808;64.7414;50.808;64.7414;48.352;78.4784
PARANAPANEMA;53;Fio dagua;PARANAPANEMA;PARANAPANEMA;SE;SUDESTE;2026-02-06;18.581;39.8179;18.581;39.8179;18.913;46.665
PASSO FUNDO;93;Reservatório com Usina;URUGUAI;SUL;S;SUL;2026-02-06;22.363;29.5585;22.363;29.5585;22.466;75.6568
PASSO REAL;111;Reservatório com Usina;JACUI;SUL;S;SUL;2026-02-06;37.111;81.9434;13.914;30.723;39.205;45.2886
PASSO SAO JOAO;102;Fio dagua;URUGUAI;SUL;S;SUL;2026-02-06;26.809;71.1756;20.956;55.6364;27.352;37.666
PEDRA DO CAVALO;189;Reservatório com Usina;PARAGUACU;NORDESTE;NE;NORDESTE;2026-02-06;18.425;13.0399;18.425;13.0399;18.671;141.2967
PEIXE ANGICAL;257;Reservatório com Usina;TOCANTINS;SUDESTE;SE;SUDESTE;2026-02-06;409.644;50.1675;409.644;50.1675;409.733;816.5528
PEREIRA PASSOS;133;Fio dagua;PARAIBA DO SUL;SUDESTE;SE;SUDESTE;2026-02-06;63.014;103.6749;63.014;103.6749;63.443;60.7804
PICADA;126;Fio dagua;PARAIBA DO SUL;SUDESTE;SE;SUDESTE;2026-02-06;49.983;69.8231;47.673;66.5962;49.954;71.5852
PIMENTAL;314;Fio dagua;AMAZONAS;BELO MONTE;N;NORTE;2026-02-06;148.091;54.1946;148.091;54.1946;143.655;273.258
PIRAJU;48;Fio dagua;PARANAPANEMA;PARANAPANEMA;SE;SUDESTE;2026-02-06;33.605;39.8165;33.605;39.8165;34.718;84.3996
PONTE DE PEDRA;281;Fio dagua;PARAGUAI;SUDESTE;SE;SUDESTE;2026-02-06;208.526;103.6594;177.577;88.2745;209.883;201.1646
PORTO ESTRELA;135;Reservatório com Usina;DOCE;SUDESTE;SE;SUDESTE;2026-02-06;81.507;72.7292;81.507;72.7292;78.602;112.0692
PORTO PRIMAVERA;46;Fio dagua;PARANA;PARANA;SE;SUDESTE;2026-02-06;2048.668;97.3656;2048.668;97.3656;2093.92;2104.0984
PROMISSÃO;40;Reservatório com Usina;TIETE;PARANA;SE;SUDESTE;2026-02-06;206.38;83.9619;206.38;83.9619;218.143;245.802
QUEBRA QUEIXO;95;Reservatório com Usina;URUGUAI;SUL;S;SUL;2026-02-06;23.981;35.6462;23.981;35.6462;23.47;67.275
QUEIMADO;162;Reservatório com Usina;SAO FRANCISCO;SUDESTE;SE;SUDESTE;2026-02-06;145.11;111.9749;145.11;111.9749;144.064;129.5916
RETIRO BAIXO;155;Reservatório com Usina;SAO FRANCISCO;SUDESTE;SE;SUDESTE;2026-02-06;95.659;105.4947;70.564;77.8194;92.601;90.6766
RONDON II;276;Reservatório com Usina;AMAZONAS;MADEIRA;SE;SUDESTE;2026-02-06;75.157;105.3823;75.157;105.3823;75.094;71.3184
ROSAL;217;Fio dagua;ITABAPOANA;SUDESTE;SE;SUDESTE;2026-02-06;55.036;69.2764;55.036;69.2764;54.389;79.4441
ROSANA;63;Fio dagua;PARANAPANEMA;PARANAPANEMA;SE;SUDESTE;2026-02-06;148.76;44.916;148.76;44.916;152.448;331.1959
S.DO FACÃO;21;Reservatório com Usina;PARANAIBA;PARANA;SE;SUDESTE;2026-02-06;212.956;106.5519;212.956;106.5519;203.414;199.8612
S.R.VERDINHO;241;Fio dagua;PARANAIBA;PARANA;SE;SUDESTE;2026-02-06;64.497;62.2237;64.497;62.2237;65.122;103.6534
SA CARVALHO;193;Fio dagua;DOCE;SUDESTE;SE;SUDESTE;2026-02-06;70.417;61.138;69.481;60.3253;70.192;115.1772
SALTO;262;Fio dagua;PARANAIBA;PARANA;SE;SUDESTE;2026-02-06;77.218;67.2625;61.461;53.537;76.405;114.801
SALTO CAXIAS;82;Fio dagua;IGUACU;IGUACU;S;SUL;2026-02-06;262.296;37.3185;262.296;37.3185;259.668;702.8576
SALTO GRANDE CM;134;Fio dagua;DOCE;SUDESTE;SE;SUDESTE;2026-02-06;140.623;74.9318;139.821;74.5044;139.335;187.668
SALTO GRANDE CS;50;Fio dagua;PARANAPANEMA;PARANAPANEMA;SE;SUDESTE;2026-02-06;47.242;45.5081;25.591;24.6518;48.548;103.81
SALTO OSORIO;78;Fio dagua;IGUACU;IGUACU;S;SUL;2026-02-06;224.162;38.3908;224.162;38.3908;226.72;583.8952
SALTO PILAO;215;Fio dagua;ITAJAI;SUL;S;SUL;2026-02-06;130.014;56.2595;130.014;56.2595;130.121;231.0971
SALTO SANTIAGO;77;Reservatório com Usina;IGUACU;IGUACU;S;SUL;2026-02-06;337.892;38.8074;337.892;38.8074;335.914;870.6896
SAMUEL;279;Reservatório com Usina;AMAZONAS;MADEIRA;SE;SUDESTE;2026-02-06;226.617;108.3859;226.617;108.3859;206.884;209.0834
SANTA BRANCA;122;Reservatório com Usina;PARAIBA DO SUL;SUDESTE;SE;SUDESTE;2026-02-06;30.9;65.1087;30.9;65.1087;28.281;47.4591
SANTA CLARA-PR;71;Reservatório com Usina;IGUACU;IGUACU;S;SUL;2026-02-06;32.886;43.0533;32.886;43.0533;31.693;76.3844
SANTO ANTONIO;287;Fio dagua;AMAZONAS;MADEIRA;SE;SUDESTE;2026-02-06;5017.878;102.8459;4051.766;83.0446;3840.429;4879.0245
SAO DOMINGOS;153;Fio dagua;PARANA;PARANA;SE;SUDESTE;2026-02-06;49.452;104.5643;47.61;100.6694;49.071;47.2934
SAO JOSE;101;Fio dagua;URUGUAI;SUL;S;SUL;2026-02-06;18.718;69.6992;18.718;69.6992;18.478;26.8554
SAO MANOEL;230;Fio dagua;AMAZONAS;TELES PIRES;SE;SUDESTE;2026-02-06;927.164;95.1565;776.636;79.7076;833.286;974.3566
SAO ROQUE;88;Reservatório com Usina;URUGUAI;SUL;S;SUL;2026-02-06;37.121;39.1009;37.121;39.1009;35.061;94.9365
SAO SALVADOR;253;Fio dagua;TOCANTINS;SUDESTE;SE;SUDESTE;2026-02-06;235.002;56.9256;235.002;56.9256;228.151;412.8229
SÃO SIMÃO;33;Reservatório com Usina;PARANAIBA;PARANA;SE;SUDESTE;2026-02-06;2826.901;107.8117;2826.901;107.8117;2789.057;2622.073
SEGREDO;76;Reservatório com Usina;IGUACU;IGUACU;S;SUL;2026-02-06;311.6;40.1737;311.6;40.1737;318.34;775.632
SERRA DA MESA;251;Reservatório com Usina;TOCANTINS;SUDESTE;SE;SUDESTE;2026-02-06;1014.796;62.445;1014.796;62.445;986.878;1625.1048
SIMPLICIO;129;Fio dagua;PARAIBA DO SUL;SUDESTE;SE;SUDESTE;2026-02-06;200.306;63.536;200.306;63.536;197.799;315.26379
SINOP;227;Reservatório com Usina;AMAZONAS;TELES PIRES;SE;SUDESTE;2026-02-06;317.024;82.1732;309.245;80.1569;259.147;385.7997
SOBRADINHO;169;Reservatório com Usina;SAO FRANCISCO;NORDESTE;NE;NORDESTE;2026-02-06;935.494;81.6742;935.494;81.6742;889.501;1145.3973
SOBRAGI;127;Fio dagua;PARAIBA DO SUL;SUDESTE;SE;SUDESTE;2026-02-06;53.658;61.9004;38.614;44.5455;53.694;86.6844
STA.CLARA-MG;283;Fio dagua;MUCURI;SUDESTE;SE;SUDESTE;2026-02-06;37.412;70.5341;37.412;70.5341;37.19;53.041
STO ANTONIO DO JARI;286;Fio dagua;AMAZONAS;MANAUS-AMAPA;N;NORTE;2026-02-06;115.942;46.6322;115.942;46.6322;117.159;248.631
SUIÇA;145;Fio dagua;SANTA MARIA VIT;SUDESTE;SE;SUDESTE;2026-02-06;38.503;113.8765;38.503;113.8765;38.143;33.8112
TAQUARUÇU;62;Fio dagua;PARANAPANEMA;PARANAPANEMA;SE;SUDESTE;2026-02-06;163.503;45.3306;163.503;45.3306;161.233;360.6904
TELES PIRES;229;Fio dagua;AMAZONAS;TELES PIRES;SE;SUDESTE;2026-02-06;2054.436;95.3994;1723.399;80.0275;2037.614;2153.5094
TRÊS IRMÃOS;43;Reservatório com Usina;TIETE;PARANA;SE;SUDESTE;2026-02-06;499.973;93.6779;499.973;93.6779;510.513;533.715
TRÊS MARIAS;156;Reservatório com Usina;SAO FRANCISCO;SUDESTE;SE;SUDESTE;2026-02-06;914.711;159.1776;914.711;159.1776;943.291;574.648
TUCURUI;275;Reservatório com Usina;TOCANTINS;NORTE;N;NORTE;2026-02-06;4950.022;44.7621;4950.022;44.7621;4510.016;11058.5016
VOLTA GRANDE;11;Fio dagua;GRANDE;PARANA;SE;SUDESTE;2026-02-06;552.791;108.8031;552.791;108.8031;532.955;508.0654
XINGO;178;Fio dagua;SAO FRANCISCO;NORDESTE;NE;NORDESTE;2026-02-06;3362.12;64.8349;3362.12;64.8349;3405.892;5185.661
14 DE JULHO;99;Fio dagua;JACUI;SUL;S;SUL;2026-02-07;15.529;25.3639;15.529;25.3639;15.453;61.2248
A. VERMELHA;18;Reservatório com Usina;GRANDE;PARANA;SE;SUDESTE;2026-02-07;1808.375;105.7328;1808.375;105.7328;1732.534;1710.325
AIMORES;143;Fio dagua;DOCE;SUDESTE;SE;SUDESTE;2026-02-07;231.957;75.0654;231.957;75.0654;210.93;309.0064
APOLONIO SALES;173;Fio dagua;SAO FRANCISCO;NORDESTE;NE;NORDESTE;2026-02-07;346.068;73.8989;346.068;73.8989;84.04;468.2992
B. BONITA;37;Reservatório com Usina;TIETE;PARANA;SE;SUDESTE;2026-02-07;114.889;90.4752;100.681;79.2864;125.365;126.984
B.COQUEIROS;312;Fio dagua;PARANAIBA;PARANA;SE;SUDESTE;2026-02-07;63.975;61.8171;63.975;61.8171;65.211;103.4908
BAGUARI;141;Fio dagua;DOCE;SUDESTE;SE;SUDESTE;2026-02-07;135.967;96.1282;120.855;85.4441;132.496;141.4434
BAIXO IGUACU;83;Fio dagua;IGUACU;IGUACU;S;SUL;2026-02-07;70.039;35.3999;70.039;35.3999;69.897;197.8506
BALBINA;277;Reservatório com Usina;AMAZONAS;MANAUS-AMAPA;N;NORTE;2026-02-07;105.342;85.6941;105.342;85.6941;103.67;122.928
BARIRI;38;Fio dagua;TIETE;PARANA;SE;SUDESTE;2026-02-07;153.92;103.5946;153.92;103.5946;151.998;148.5792
BARRA BRAUNA;185;Fio dagua;PARAIBA DO SUL;SUDESTE;SE;SUDESTE;2026-02-07;67.8;170.4117;35.761;89.8834;67.251;39.786
BARRA GRANDE;86;Reservatório com Usina;URUGUAI;SUL;S;SUL;2026-02-07;80.644;24.8822;80.644;24.8822;78.76;324.1037
BATALHA;20;Reservatório com Usina;PARANAIBA;PARANA;SE;SUDESTE;2026-02-07;73.978;110.8139;73.978;110.8139;74.323;66.7588
BELO MONTE;288;Fio dagua;AMAZONAS;BELO MONTE;N;NORTE;2026-02-07;5490.031;62.1807;5490.031;62.1807;5410.049;8829.1595
BOA ESPERANÇA;190;Reservatório com Usina;PARNAIBA;NORDESTE;NE;NORDESTE;2026-02-07;180.879;67.8028;180.879;67.8028;172.677;266.772
C. DOURADA;32;Fio dagua;PARANAIBA;PARANA;SE;SUDESTE;2026-02-07;828.114;107.6886;825.953;107.4076;865.772;768.9892
C.BRANCO-1;27;Reservatório com Usina;PARANAIBA;PARANA;SE;SUDESTE;2026-02-07;248.51;81.261;248.51;81.261;242.767;305.8172
C.BRANCO-2;28;Fio dagua;PARANAIBA;PARANA;SE;SUDESTE;2026-02-07;208.838;80.5355;208.838;80.5355;209.159;259.3118
CACHOEIRA CALDEIRAO;204;Fio dagua;ARAGUARI;MANAUS-AMAPA;N;NORTE;2026-02-07;118.817;82.6071;115.161;80.0653;119.517;143.8338
CACONDE;14;Reservatório com Usina;GRANDE;PARANA;SE;SUDESTE;2026-02-07;97.638;123.146;97.638;123.146;98.481;79.2864
CACU;311;Reservatório com Usina;PARANAIBA;PARANA;SE;SUDESTE;2026-02-07;45.703;60.8667;45.703;60.8667;45.825;75.087
CAMARGOS;1;Reservatório com Usina;GRANDE;PARANA;SE;SUDESTE;2026-02-07;31.52;69.0138;31.52;69.0138;33.623;45.672
CAMPOS NOVOS;90;Reservatório com Usina;URUGUAI;SUL;S;SUL;2026-02-07;155.94;34.6715;155.94;34.6715;156.992;449.764
CANA BRAVA;252;Fio dagua;TOCANTINS;SUDESTE;SE;SUDESTE;2026-02-07;395.936;58.7949;395.936;58.7949;385.879;673.4188
CANASTRA;87;Fio dagua;JACUI;SUL;S;SUL;2026-02-07;;;;;;
CANDONGA;139;Fio dagua;DOCE;SUDESTE;SE;SUDESTE;2026-02-07;146.82;144.9108;146.82;144.9108;136.42;101.3175
CANOAS I;52;Fio dagua;PARANAPANEMA;PARANAPANEMA;SE;SUDESTE;2026-02-07;54.094;49.1598;54.094;49.1598;54.46;110.0371
CANOAS II;51;Fio dagua;PARANAPANEMA;PARANAPANEMA;SE;SUDESTE;2026-02-07;44.171;48.1661;44.171;48.1661;45.196;91.7056
CAPIVARA;61;Reservatório com Usina;PARANAPANEMA;PARANAPANEMA;SE;SUDESTE;2026-02-07;266.812;46.0957;266.812;46.0957;278.584;578.8224
CASTRO ALVES;97;Fio dagua;JACUI;SUL;S;SUL;2026-02-07;18.837;20.9745;18.837;20.9745;18.381;89.8092
CHAVANTES;49;Reservatório com Usina;PARANAPANEMA;PARANAPANEMA;SE;SUDESTE;2026-02-07;122.916;37.4041;122.916;37.4041;120.108;328.6164
COARACY NUNES;280;Fio dagua;ARAGUARI;MANAUS-AMAPA;N;NORTE;2026-02-07;152.34;82.7184;55.769;30.2818;150.994;184.167
COLIDER;228;Fio dagua;AMAZONAS;TELES PIRES;SE;SUDESTE;2026-02-07;303.924;84.4445;189.219;52.574;205.089;359.9096
CORUMBA;30;Reservatório com Usina;PARANAIBA;PARANA;SE;SUDESTE;2026-02-07;555.471;111.2914;555.471;111.2914;580.849;499.1142
CORUMBA-3;203;Reservatório com Usina;PARANAIBA;PARANA;SE;SUDESTE;2026-02-07;114.685;115.5277;111.561;112.3807;110.862;99.2706
CORUMBA-4;29;Reservatório com Usina;PARANAIBA;PARANA;SE;SUDESTE;2026-02-07;144.785;107.398;142.451;105.6667;144.053;134.8116
CURUA-UNA;272;Reservatório com Usina;AMAZONAS;BELO MONTE;N;NORTE;2026-02-07;25.784;70.4439;25.784;70.4439;22.19;36.6022
D. FRANCISCA;114;Fio dagua;JACUI;SUL;S;SUL;2026-02-07;41.692;65.7308;41.692;65.7308;40.974;63.4284
DARDANELOS;310;Fio dagua;AMAZONAS;MADEIRA;SE;SUDESTE;2026-02-07;461.647;72.7809;179.254;28.2603;457.842;634.297
E. DA CUNHA;15;Fio dagua;GRANDE;PARANA;SE;SUDESTE;2026-02-07;132.545;111.8225;132.545;111.8225;132.344;118.5316
EMBORCAÇÃO;24;Reservatório com Usina;PARANAIBA;PARANA;SE;SUDESTE;2026-02-07;1357.862;136.3244;1357.862;136.3244;1300.0;996.052
ESPORA;290;Reservatório com Usina;PARANAIBA;PARANA;SE;SUDESTE;2026-02-07;22.972;68.012;22.972;68.012;21.922;33.7764
ESTREITO;267;Fio dagua;TOCANTINS;NORTE;N;NORTE;2026-02-07;858.0;50.7469;858.0;50.7469;805.928;1690.743
FERREIRA GOMES;284;Fio dagua;ARAGUARI;MANAUS-AMAPA;N;NORTE;2026-02-07;128.365;82.7379;103.032;66.4095;129.338;155.1465
FONTES;132;Fio dagua;PARAIBA DO SUL;SUDESTE;SE;SUDESTE;2026-02-07;137.771;113.333;137.771;113.333;137.971;121.563
FOZ CHAPECO;103;Fio dagua;URUGUAI;SUL;S;SUL;2026-02-07;181.745;40.4148;147.95;32.8998;183.067;449.6988
FOZ DO RIO CLARO;315;Fio dagua;PARANAIBA;PARANA;SE;SUDESTE;2026-02-07;52.951;64.084;52.951;64.084;51.728;82.6275
FUNDÃO;72;Fio dagua;IGUACU;IGUACU;S;SUL;2026-02-07;34.881;42.414;31.558;38.3734;35.885;82.2393
FUNIL;123;Reservatório com Usina;PARAIBA DO SUL;SUDESTE;SE;SUDESTE;2026-02-07;233.336;105.6919;233.336;105.6919;226.213;220.77
FUNIL-MG;4;Fio dagua;GRANDE;PARANA;SE;SUDESTE;2026-02-07;135.252;74.7253;120.347;66.4904;136.25;180.999
FURNAS;6;Reservatório com Usina;GRANDE;PARANA;SE;SUDESTE;2026-02-07;1396.295;107.7453;1396.295;107.7453;1351.744;1295.922
G. B. MUNHOZ;74;Reservatório com Usina;IGUACU;IGUACU;S;SUL;2026-02-07;247.363;33.9565;247.363;33.9565;227.492;728.4708
G. P. SOUZA;115;Reservatório com Usina;CAPIVARI;SUL;S;SUL;2026-02-07;109.928;64.0743;109.928;64.0743;109.551;171.5634
GARIBALDI;89;Reservatório com Usina;URUGUAI;SUL;S;SUL;2026-02-07;31.772;33.3642;31.772;33.3642;31.654;95.2278
GOV JAYME CANET JR;57;Reservatório com Usina;PARANAPANEMA;IGUACU;S;SUL;2026-02-07;96.755;29.9352;62.124;19.2206;94.353;323.2152
GUAPORE;196;Fio dagua;AMAZONAS;MADEIRA;SE;SUDESTE;2026-02-07;51.811;88.2376;51.811;88.2376;51.751;58.7176
GUILM. AMORIM;192;Fio dagua;DOCE;SUDESTE;SE;SUDESTE;2026-02-07;67.321;59.1855;67.321;59.1855;66.956;113.7458
HENRY BORDEN;119;Fio dagua;TIETE;SUDESTE;SE;SUDESTE;2026-02-07;525.928;136.1469;525.928;136.1469;525.527;386.2944
I. SOLTEIRA;34;Reservatório com Usina;PARANA;PARANA;SE;SUDESTE;2026-02-07;3630.36;103.2255;3630.36;103.2255;3745.75;3516.921
IBITINGA;39;Fio dagua;TIETE;PARANA;SE;SUDESTE;2026-02-07;171.652;103.2612;171.652;103.2612;169.272;166.2309
IGARAPAVA;10;Fio dagua;GRANDE;PARANA;SE;SUDESTE;2026-02-07;322.625;110.216;322.625;110.216;320.914;292.7206
ILHA POMBOS;130;Fio dagua;PARAIBA DO SUL;SUDESTE;SE;SUDESTE;2026-02-07;327.912;139.4931;257.39;109.4932;331.74;235.074
IRAPE;148;Reservatório com Usina;JEQUITINHONHA;SUDESTE;SE;SUDESTE;2026-02-07;254.981;75.9522;254.981;75.9522;256.937;335.7123
ITÁ;92;Fio dagua;URUGUAI;SUL;S;SUL;2026-02-07;239.852;31.4256;239.852;31.4256;238.096;763.2383
ITAIPU;66;Fio dagua;PARANA;ITAIPU;SE;SUDESTE;2026-02-07;12782.084;78.7332;12782.084;78.7332;12951.653;16234.6912
ITAPEBI;154;Fio dagua;JEQUITINHONHA;NORDESTE;NE;NORDESTE;2026-02-07;317.589;76.3197;309.009;74.2578;315.53;416.13
ITAUBA;113;Fio dagua;JACUI;SUL;S;SUL;2026-02-07;86.758;74.5782;86.758;74.5782;83.177;116.3316
ITIQUIRA I;304;Fio dagua;PARAGUAI;SUDESTE;SE;SUDESTE;2026-02-07;61.442;71.3844;49.146;57.0987;61.597;86.072
ITIQUIRA II;305;Fio dagua;PARAGUAI;SUDESTE;SE;SUDESTE;2026-02-07;97.851;71.3841;61.134;44.5984;97.626;137.0768
ITUMBIARA;31;Reservatório com Usina;PARANAIBA;PARANA;SE;SUDESTE;2026-02-07;2126.405;111.6212;2126.405;111.6212;2007.842;1905.0197
ITUTINGA;2;Fio dagua;GRANDE;PARANA;SE;SUDESTE;2026-02-07;37.001;69.0137;37.001;69.0137;36.625;53.614
JACUI;112;Fio dagua;JACUI;SUL;S;SUL;2026-02-07;85.752;86.9763;0.0;0.0;89.23;98.5924
JAGUARA;9;Fio dagua;GRANDE;PARANA;SE;SUDESTE;2026-02-07;814.412;110.8395;814.412;110.8395;805.425;734.7672
JAGUARI;120;Reservatório com Usina;PARAIBA DO SUL;SUDESTE;SE;SUDESTE;2026-02-07;44.949;185.2337;44.949;185.2337;41.772;24.2661
JAURU;195;Fio dagua;PARAGUAI;SUDESTE;SE;SUDESTE;2026-02-07;65.646;70.6099;65.646;70.6099;65.508;92.97
JIRAU;285;Fio dagua;AMAZONAS;MADEIRA;SE;SUDESTE;2026-02-07;4742.058;101.1436;3752.538;80.0381;4160.008;4688.44
JUPIA;45;Fio dagua;PARANA;PARANA;SE;SUDESTE;2026-02-07;1987.861;101.5043;1987.861;101.5043;2038.204;1958.4
JURUENA;309;Fio dagua;AMAZONAS;TELES PIRES;SE;SUDESTE;2026-02-07;41.195;83.5846;37.335;75.7527;42.51;49.2854
JURUMIRIM;47;Reservatório com Usina;PARANAPANEMA;PARANAPANEMA;SE;SUDESTE;2026-02-07;47.928;46.1824;47.928;46.1824;47.92;103.7799
L. C. BARRETO;8;Fio dagua;GRANDE;PARANA;SE;SUDESTE;2026-02-07;1113.144;111.0879;1113.144;111.0879;1128.64;1002.0391
LAJEADO;261;Fio dagua;TOCANTINS;SUDESTE;SE;SUDESTE;2026-02-07;759.553;46.3818;759.553;46.3818;735.933;1637.61
LIMOEIRO;16;Fio dagua;GRANDE;PARANA;SE;SUDESTE;2026-02-07;38.954;110.2139;38.954;110.2139;37.924;35.344
LUIZ GONZAGA;172;Reservatório com Usina;SAO FRANCISCO;NORDESTE;NE;NORDESTE;2026-02-07;1572.229;74.1457;1572.229;74.1457;1527.98;2120.46
M. MORAES;7;Reservatório com Usina;GRANDE;PARANA;SE;SUDESTE;2026-02-07;691.642;111.0719;691.642;111.0719;730.546;622.6974
MACHADINHO;91;Reservatório com Usina;URUGUAI;SUL;S;SUL;2026-02-07;191.136;35.0595;191.136;35.0595;188.132;545.1759
MANSO;278;Reservatório com Usina;PARAGUAI;SUDESTE;SE;SUDESTE;2026-02-07;156.403;90.0234;156.403;90.0234;156.235;173.736
MARIMBONDO;17;Reservatório com Usina;GRANDE;PARANA;SE;SUDESTE;2026-02-07;1764.329;104.2594;1764.329;104.2594;1753.078;1692.2495
MASCARENHAS;144;Fio dagua;DOCE;SUDESTE;SE;SUDESTE;2026-02-07;224.459;80.2633;195.618;69.9502;203.08;279.6534
MIRANDA;26;Reservatório com Usina;PARANAIBA;PARANA;SE;SUDESTE;2026-02-07;297.112;81.5646;297.112;81.5646;296.66;364.266
MONJOLINHO;94;Fio dagua;URUGUAI;SUL;S;SUL;2026-02-07;13.5;43.1034;13.5;43.1034;13.516;31.32
MONTE CLARO;98;Fio dagua;JACUI;SUL;S;SUL;2026-02-07;16.444;23.573;11.841;16.9745;16.844;69.7577
N. AVANHANDAVA;42;Fio dagua;TIETE;PARANA;SE;SUDESTE;2026-02-07;290.332;83.8986;290.332;83.8986;281.262;346.0512
NILO PEÇANHA;131;Fio dagua;PARAIBA DO SUL;SUDESTE;SE;SUDESTE;2026-02-07;386.942;100.6992;386.942;100.6992;386.897;384.2553
NOVA PONTE;25;Reservatório com Usina;PARANAIBA;PARANA;SE;SUDESTE;2026-02-07;428.172;86.3216;428.172;86.3216;383.141;496.0197
OURINHOS;249;Fio dagua;PARANAPANEMA;PARANAPANEMA;SE;SUDESTE;2026-02-07;19.483;37.6442;16.405;31.6971;20.952;51.7556
P. AFONSO 1,2,3;174;Fio dagua;SAO FRANCISCO;NORDESTE;NE;NORDESTE;2026-02-07;1350.163;73.8989;1350.163;73.8989;352.296;1827.04
P. AFONSO 4;175;Fio dagua;SAO FRANCISCO;NORDESTE;NE;NORDESTE;2026-02-07;1932.509;73.8989;1932.509;73.8989;3186.558;2615.0712
P. COLOMBIA;12;Fio dagua;GRANDE;PARANA;SE;SUDESTE;2026-02-07;505.09;107.4192;392.62;83.4999;503.256;470.2044
PARAIBUNA;121;Reservatório com Usina;PARAIBA DO SUL;SUDESTE;SE;SUDESTE;2026-02-07;83.159;105.9642;83.159;105.9642;79.15;78.4784
PARANAPANEMA;53;Fio dagua;PARANAPANEMA;PARANAPANEMA;SE;SUDESTE;2026-02-07;20.859;44.6995;20.859;44.6995;21.588;46.665
PASSO FUNDO;93;Reservatório com Usina;URUGUAI;SUL;S;SUL;2026-02-07;34.758;45.9417;34.758;45.9417;34.897;75.6568
PASSO REAL;111;Reservatório com Usina;JACUI;SUL;S;SUL;2026-02-07;39.714;87.6909;0.0;0.0;41.779;45.2886
PASSO SAO JOAO;102;Fio dagua;URUGUAI;SUL;S;SUL;2026-02-07;26.501;70.3579;20.648;54.8187;26.572;37.666
PEDRA DO CAVALO;189;Reservatório com Usina;PARAGUACU;NORDESTE;NE;NORDESTE;2026-02-07;15.818;11.1949;15.818;11.1949;16.029;141.2967
PEIXE ANGICAL;257;Reservatório com Usina;TOCANTINS;SUDESTE;SE;SUDESTE;2026-02-07;418.739;51.2813;418.739;51.2813;432.194;816.5528
PEREIRA PASSOS;133;Fio dagua;PARAIBA DO SUL;SUDESTE;SE;SUDESTE;2026-02-07;63.044;103.7242;63.044;103.7242;63.506;60.7804
PICADA;126;Fio dagua;PARAIBA DO SUL;SUDESTE;SE;SUDESTE;2026-02-07;71.989;100.5641;47.743;66.694;71.705;71.5852
PIMENTAL;314;Fio dagua;AMAZONAS;BELO MONTE;N;NORTE;2026-02-07;149.241;54.6154;149.241;54.6154;144.887;273.258
PIRAJU;48;Fio dagua;PARANAPANEMA;PARANAPANEMA;SE;SUDESTE;2026-02-07;37.726;44.6993;37.726;44.6993;38.99;84.3996
PONTE DE PEDRA;281;Fio dagua;PARAGUAI;SUDESTE;SE;SUDESTE;2026-02-07;213.632;106.1976;182.684;90.8132;214.322;201.1646
PORTO ESTRELA;135;Reservatório com Usina;DOCE;SUDESTE;SE;SUDESTE;2026-02-07;65.942;58.8404;65.942;58.8404;63.552;112.0692
PORTO PRIMAVERA;46;Fio dagua;PARANA;PARANA;SE;SUDESTE;2026-02-07;2151.49;102.2523;2151.49;102.2523;2199.012;2104.0984
PROMISSÃO;40;Reservatório com Usina;TIETE;PARANA;SE;SUDESTE;2026-02-07;224.553;91.3552;224.553;91.3552;237.723;245.802
QUEBRA QUEIXO;95;Reservatório com Usina;URUGUAI;SUL;S;SUL;2026-02-07;25.533;37.9532;25.533;37.9532;25.146;67.275
QUEIMADO;162;Reservatório com Usina;SAO FRANCISCO;SUDESTE;SE;SUDESTE;2026-02-07;127.623;98.4809;127.623;98.4809;126.752;129.5916
RETIRO BAIXO;155;Reservatório com Usina;SAO FRANCISCO;SUDESTE;SE;SUDESTE;2026-02-07;88.06;97.1144;73.338;80.8786;85.198;90.6766
RONDON II;276;Reservatório com Usina;AMAZONAS;MADEIRA;SE;SUDESTE;2026-02-07;74.921;105.0514;74.921;105.0514;74.82;71.3184
ROSAL;217;Fio dagua;ITABAPOANA;SUDESTE;SE;SUDESTE;2026-02-07;56.659;71.3193;56.659;71.3193;56.136;79.4441
ROSANA;63;Fio dagua;PARANAPANEMA;PARANAPANEMA;SE;SUDESTE;2026-02-07;149.489;45.1361;149.489;45.1361;151.791;331.1959
S.DO FACÃO;21;Reservatório com Usina;PARANAIBA;PARANA;SE;SUDESTE;2026-02-07;219.419;109.7857;219.419;109.7857;209.972;199.8612
S.R.VERDINHO;241;Fio dagua;PARANAIBA;PARANA;SE;SUDESTE;2026-02-07;68.28;65.8734;68.28;65.8734;68.526;103.6534
SA CARVALHO;193;Fio dagua;DOCE;SUDESTE;SE;SUDESTE;2026-02-07;65.548;56.9106;65.548;56.9106;65.09;115.1772
SALTO;262;Fio dagua;PARANAIBA;PARANA;SE;SUDESTE;2026-02-07;89.864;78.2781;89.864;78.2781;89.308;114.801
SALTO CAXIAS;82;Fio dagua;IGUACU;IGUACU;S;SUL;2026-02-07;252.329;35.9004;252.329;35.9004;250.818;702.8576
SALTO GRANDE CM;134;Fio dagua;DOCE;SUDESTE;SE;SUDESTE;2026-02-07;112.833;60.1237;112.031;59.6964;111.776;187.668
SALTO GRANDE CS;50;Fio dagua;PARANAPANEMA;PARANAPANEMA;SE;SUDESTE;2026-02-07;49.578;47.7584;30.447;29.3295;50.174;103.81
SALTO OSORIO;78;Fio dagua;IGUACU;IGUACU;S;SUL;2026-02-07;220.828;37.8198;220.828;37.8198;224.653;583.8952
SALTO PILAO;215;Fio dagua;ITAJAI;SUL;S;SUL;2026-02-07;91.786;39.7175;91.786;39.7175;91.926;231.0971
SALTO SANTIAGO;77;Reservatório com Usina;IGUACU;IGUACU;S;SUL;2026-02-07;330.648;37.9754;330.648;37.9754;328.008;870.6896
SAMUEL;279;Reservatório com Usina;AMAZONAS;MADEIRA;SE;SUDESTE;2026-02-07;223.465;106.8784;223.465;106.8784;209.572;209.0834
SANTA BRANCA;122;Reservatório com Usina;PARAIBA DO SUL;SUDESTE;SE;SUDESTE;2026-02-07;45.767;96.4346;45.767;96.4346;42.133;47.4591
SANTA CLARA-PR;71;Reservatório com Usina;IGUACU;IGUACU;S;SUL;2026-02-07;31.968;41.8515;31.968;41.8515;30.656;76.3844
SANTO ANTONIO;287;Fio dagua;AMAZONAS;MADEIRA;SE;SUDESTE;2026-02-07;5011.005;102.7051;4191.876;85.9163;3846.294;4879.0245
SAO DOMINGOS;153;Fio dagua;PARANA;PARANA;SE;SUDESTE;2026-02-07;45.994;97.2525;44.152;93.3576;45.493;47.2934
SAO JOSE;101;Fio dagua;URUGUAI;SUL;S;SUL;2026-02-07;18.921;70.4551;18.921;70.4551;18.697;26.8554
SAO MANOEL;230;Fio dagua;AMAZONAS;TELES PIRES;SE;SUDESTE;2026-02-07;936.595;96.1245;658.434;67.5763;872.013;974.3566
SAO ROQUE;88;Reservatório com Usina;URUGUAI;SUL;S;SUL;2026-02-07;37.415;39.4106;37.415;39.4106;34.85;94.9365
SAO SALVADOR;253;Fio dagua;TOCANTINS;SUDESTE;SE;SUDESTE;2026-02-07;239.25;57.9546;239.25;57.9546;232.979;412.8229
SÃO SIMÃO;33;Reservatório com Usina;PARANAIBA;PARANA;SE;SUDESTE;2026-02-07;2811.408;107.2208;2811.408;107.2208;2782.229;2622.073
SEGREDO;76;Reservatório com Usina;IGUACU;IGUACU;S;SUL;2026-02-07;294.46;37.9639;294.46;37.9639;301.032;775.632
SERRA DA MESA;251;Reservatório com Usina;TOCANTINS;SUDESTE;SE;SUDESTE;2026-02-07;953.808;58.6921;953.808;58.6921;929.068;1625.1048
SIMPLICIO;129;Fio dagua;PARAIBA DO SUL;SUDESTE;SE;SUDESTE;2026-02-07;201.888;64.0378;201.888;64.0378;199.526;315.26379
SINOP;227;Reservatório com Usina;AMAZONAS;TELES PIRES;SE;SUDESTE;2026-02-07;340.632;88.2924;332.853;86.2761;278.699;385.7997
SOBRADINHO;169;Reservatório com Usina;SAO FRANCISCO;NORDESTE;NE;NORDESTE;2026-02-07;994.26;86.8048;994.26;86.8048;947.902;1145.3973
SOBRAGI;127;Fio dagua;PARAIBA DO SUL;SUDESTE;SE;SUDESTE;2026-02-07;85.266;98.3637;17.208;19.8513;85.652;86.6844
STA.CLARA-MG;283;Fio dagua;MUCURI;SUDESTE;SE;SUDESTE;2026-02-07;36.841;69.4576;36.841;69.4576;36.673;53.041
STO ANTONIO DO JARI;286;Fio dagua;AMAZONAS;MANAUS-AMAPA;N;NORTE;2026-02-07;126.133;50.731;126.133;50.731;126.624;248.631
SUIÇA;145;Fio dagua;SANTA MARIA VIT;SUDESTE;SE;SUDESTE;2026-02-07;28.042;82.937;28.042;82.937;27.713;33.8112
TAQUARUÇU;62;Fio dagua;PARANAPANEMA;PARANAPANEMA;SE;SUDESTE;2026-02-07;164.603;45.6355;164.603;45.6355;159.096;360.6904
TELES PIRES;229;Fio dagua;AMAZONAS;TELES PIRES;SE;SUDESTE;2026-02-07;2084.75;96.8071;1502.024;69.7477;2062.09;2153.5094
TRÊS IRMÃOS;43;Reservatório com Usina;TIETE;PARANA;SE;SUDESTE;2026-02-07;468.16;87.7172;468.16;87.7172;478.441;533.715
TRÊS MARIAS;156;Reservatório com Usina;SAO FRANCISCO;SUDESTE;SE;SUDESTE;2026-02-07;982.509;170.9758;982.509;170.9758;1021.457;574.648
TUCURUI;275;Reservatório com Usina;TOCANTINS;NORTE;N;NORTE;2026-02-07;5081.266;45.949;5081.266;45.949;4653.885;11058.5016
VOLTA GRANDE;11;Fio dagua;GRANDE;PARANA;SE;SUDESTE;2026-02-07;558.897;110.0049;558.897;110.0049;539.044;508.0654
XINGO;178;Fio dagua;SAO FRANCISCO;NORDESTE;NE;NORDESTE;2026-02-07;3616.659;69.7435;3616.659;69.7435;3674.934;5185.661
14 DE JULHO;99;Fio dagua;JACUI;SUL;S;SUL;2026-02-08;12.547;20.4933;12.547;20.4933;12.634;61.2248
A. VERMELHA;18;Reservatório com Usina;GRANDE;PARANA;SE;SUDESTE;2026-02-08;1771.662;103.5863;1771.662;103.5863;1702.093;1710.325
AIMORES;143;Fio dagua;DOCE;SUDESTE;SE;SUDESTE;2026-02-08;234.415;75.8609;234.415;75.8609;219.055;309.0064
APOLONIO SALES;173;Fio dagua;SAO FRANCISCO;NORDESTE;NE;NORDESTE;2026-02-08;372.058;79.4488;372.058;79.4488;97.927;468.2992
B. BONITA;37;Reservatório com Usina;TIETE;PARANA;SE;SUDESTE;2026-02-08;98.144;77.2885;83.936;66.0997;107.288;126.984
B.COQUEIROS;312;Fio dagua;PARANAIBA;PARANA;SE;SUDESTE;2026-02-08;63.364;61.2267;63.364;61.2267;65.064;103.4908
BAGUARI;141;Fio dagua;DOCE;SUDESTE;SE;SUDESTE;2026-02-08;137.815;97.4347;117.948;83.3888;135.316;141.4434
BAIXO IGUACU;83;Fio dagua;IGUACU;IGUACU;S;SUL;2026-02-08;75.393;38.106;75.393;38.106;74.206;197.8506
BALBINA;277;Reservatório com Usina;AMAZONAS;MANAUS-AMAPA;N;NORTE;2026-02-08;111.933;91.0557;111.933;91.0557;108.755;122.928
BARIRI;38;Fio dagua;TIETE;PARANA;SE;SUDESTE;2026-02-08;124.184;83.581;124.184;83.581;123.753;148.5792
BARRA BRAUNA;185;Fio dagua;PARAIBA DO SUL;SUDESTE;SE;SUDESTE;2026-02-08;78.125;196.363;44.202;111.0994;77.624;39.786
BARRA GRANDE;86;Reservatório com Usina;URUGUAI;SUL;S;SUL;2026-02-08;86.234;26.6069;76.327;23.5502;84.422;324.1037
BATALHA;20;Reservatório com Usina;PARANAIBA;PARANA;SE;SUDESTE;2026-02-08;69.198;103.6538;69.198;103.6538;69.803;66.7588
BELO MONTE;288;Fio dagua;AMAZONAS;BELO MONTE;N;NORTE;2026-02-08;5482.542;62.0959;5482.542;62.0959;5391.674;8829.1595
BOA ESPERANÇA;190;Reservatório com Usina;PARNAIBA;NORDESTE;NE;NORDESTE;2026-02-08;214.598;80.4425;214.598;80.4425;205.526;266.772
C. DOURADA;32;Fio dagua;PARANAIBA;PARANA;SE;SUDESTE;2026-02-08;853.664;111.0112;849.882;110.5194;881.385;768.9892
C.BRANCO-1;27;Reservatório com Usina;PARANAIBA;PARANA;SE;SUDESTE;2026-02-08;248.822;81.363;248.822;81.363;244.472;305.8172
C.BRANCO-2;28;Fio dagua;PARANAIBA;PARANA;SE;SUDESTE;2026-02-08;205.611;79.291;205.611;79.291;206.51;259.3118
CACHOEIRA CALDEIRAO;204;Fio dagua;ARAGUARI;MANAUS-AMAPA;N;NORTE;2026-02-08;117.207;81.4878;109.474;76.1115;118.501;143.8338
CACONDE;14;Reservatório com Usina;GRANDE;PARANA;SE;SUDESTE;2026-02-08;125.454;158.2289;125.454;158.2289;126.954;79.2864
CACU;311;Reservatório com Usina;PARANAIBA;PARANA;SE;SUDESTE;2026-02-08;46.1;61.3954;46.1;61.3954;46.901;75.087
CAMARGOS;1;Reservatório com Usina;GRANDE;PARANA;SE;SUDESTE;2026-02-08;35.485;77.6953;35.485;77.6953;38.123;45.672
CAMPOS NOVOS;90;Reservatório com Usina;URUGUAI;SUL;S;SUL;2026-02-08;150.912;33.5536;150.912;33.5536;152.519;449.764
CANA BRAVA;252;Fio dagua;TOCANTINS;SUDESTE;SE;SUDESTE;2026-02-08;368.628;54.7398;368.628;54.7398;359.349;673.4188
CANASTRA;87;Fio dagua;JACUI;SUL;S;SUL;2026-02-08;;;;;;
CANDONGA;139;Fio dagua;DOCE;SUDESTE;SE;SUDESTE;2026-02-08;154.624;152.6133;114.998;113.5026;145.416;101.3175
CANOAS I;52;Fio dagua;PARANAPANEMA;PARANAPANEMA;SE;SUDESTE;2026-02-08;51.912;47.1768;51.912;47.1768;53.027;110.0371
CANOAS II;51;Fio dagua;PARANAPANEMA;PARANAPANEMA;SE;SUDESTE;2026-02-08;42.32;46.1477;41.032;44.7432;43.362;91.7056
CAPIVARA;61;Reservatório com Usina;PARANAPANEMA;PARANAPANEMA;SE;SUDESTE;2026-02-08;259.089;44.7614;259.089;44.7614;269.927;578.8224
CASTRO ALVES;97;Fio dagua;JACUI;SUL;S;SUL;2026-02-08;15.444;17.1965;15.444;17.1965;15.005;89.8092
CHAVANTES;49;Reservatório com Usina;PARANAPANEMA;PARANAPANEMA;SE;SUDESTE;2026-02-08;126.696;38.5544;126.696;38.5544;124.397;328.6164
COARACY NUNES;280;Fio dagua;ARAGUARI;MANAUS-AMAPA;N;NORTE;2026-02-08;150.261;81.5895;57.819;31.3949;151.696;184.167
COLIDER;228;Fio dagua;AMAZONAS;TELES PIRES;SE;SUDESTE;2026-02-08;325.035;90.3102;218.849;60.8067;219.764;359.9096
CORUMBA;30;Reservatório com Usina;PARANAIBA;PARANA;SE;SUDESTE;2026-02-08;579.413;116.0883;579.413;116.0883;608.736;499.1142
CORUMBA-3;203;Reservatório com Usina;PARANAIBA;PARANA;SE;SUDESTE;2026-02-08;96.282;96.9894;93.158;93.8425;93.097;99.2706
CORUMBA-4;29;Reservatório com Usina;PARANAIBA;PARANA;SE;SUDESTE;2026-02-08;102.451;75.9957;100.117;74.2644;101.779;134.8116
CURUA-UNA;272;Reservatório com Usina;AMAZONAS;BELO MONTE;N;NORTE;2026-02-08;27.363;74.7578;27.363;74.7578;23.563;36.6022
D. FRANCISCA;114;Fio dagua;JACUI;SUL;S;SUL;2026-02-08;36.688;57.8416;36.688;57.8416;36.22;63.4284
DARDANELOS;310;Fio dagua;AMAZONAS;MADEIRA;SE;SUDESTE;2026-02-08;479.789;75.6411;217.381;34.2712;474.407;634.297
E. DA CUNHA;15;Fio dagua;GRANDE;PARANA;SE;SUDESTE;2026-02-08;173.266;146.1771;144.759;122.1269;167.818;118.5316
EMBORCAÇÃO;24;Reservatório com Usina;PARANAIBA;PARANA;SE;SUDESTE;2026-02-08;1272.92;127.7965;1272.92;127.7965;1220.168;996.052
ESPORA;290;Reservatório com Usina;PARANAIBA;PARANA;SE;SUDESTE;2026-02-08;26.494;78.4394;23.68;70.1081;25.198;33.7764
ESTREITO;267;Fio dagua;TOCANTINS;NORTE;N;NORTE;2026-02-08;874.975;51.7509;874.975;51.7509;835.427;1690.743
FERREIRA GOMES;284;Fio dagua;ARAGUARI;MANAUS-AMAPA;N;NORTE;2026-02-08;126.639;81.6254;81.219;52.3499;130.92;155.1465
FONTES;132;Fio dagua;PARAIBA DO SUL;SUDESTE;SE;SUDESTE;2026-02-08;119.942;98.6665;119.942;98.6665;120.116;121.563
FOZ CHAPECO;103;Fio dagua;URUGUAI;SUL;S;SUL;2026-02-08;178.181;39.6223;143.034;31.8066;179.652;449.6988
FOZ DO RIO CLARO;315;Fio dagua;PARANAIBA;PARANA;SE;SUDESTE;2026-02-08;51.009;61.7337;49.093;59.4148;49.983;82.6275
FUNDÃO;72;Fio dagua;IGUACU;IGUACU;S;SUL;2026-02-08;38.578;46.9094;35.255;42.8688;39.667;82.2393
FUNIL;123;Reservatório com Usina;PARAIBA DO SUL;SUDESTE;SE;SUDESTE;2026-02-08;231.552;104.8838;231.552;104.8838;226.846;220.77
FUNIL-MG;4;Fio dagua;GRANDE;PARANA;SE;SUDESTE;2026-02-08;139.288;76.9551;94.925;52.445;140.562;180.999
FURNAS;6;Reservatório com Usina;GRANDE;PARANA;SE;SUDESTE;2026-02-08;1452.725;112.0997;1452.725;112.0997;1404.927;1295.922
G. B. MUNHOZ;74;Reservatório com Usina;IGUACU;IGUACU;S;SUL;2026-02-08;264.536;36.3139;264.536;36.3139;242.853;728.4708
G. P. SOUZA;115;Reservatório com Usina;CAPIVARI;SUL;S;SUL;2026-02-08;158.919;92.6299;158.919;92.6299;158.374;171.5634
GARIBALDI;89;Reservatório com Usina;URUGUAI;SUL;S;SUL;2026-02-08;32.861;34.5078;32.861;34.5078;32.677;95.2278
GOV JAYME CANET JR;57;Reservatório com Usina;PARANAPANEMA;IGUACU;S;SUL;2026-02-08;101.162;31.2987;78.075;24.1557;98.215;323.2152
GUAPORE;196;Fio dagua;AMAZONAS;MADEIRA;SE;SUDESTE;2026-02-08;51.579;87.8425;51.579;87.8425;51.528;58.7176
GUILM. AMORIM;192;Fio dagua;DOCE;SUDESTE;SE;SUDESTE;2026-02-08;111.632;98.1416;84.454;74.248;111.337;113.7458
HENRY BORDEN;119;Fio dagua;TIETE;SUDESTE;SE;SUDESTE;2026-02-08;528.485;136.8089;528.485;136.8089;528.31;386.2944
I. SOLTEIRA;34;Reservatório com Usina;PARANA;PARANA;SE;SUDESTE;2026-02-08;3565.442;101.3796;3565.442;101.3796;3685.146;3516.921
IBITINGA;39;Fio dagua;TIETE;PARANA;SE;SUDESTE;2026-02-08;153.499;92.3408;153.499;92.3408;151.668;166.2309
IGARAPAVA;10;Fio dagua;GRANDE;PARANA;SE;SUDESTE;2026-02-08;327.41;111.8507;320.556;109.5092;325.674;292.7206
ILHA POMBOS;130;Fio dagua;PARAIBA DO SUL;SUDESTE;SE;SUDESTE;2026-02-08;336.153;142.9988;163.766;69.6657;339.233;235.074
IRAPE;148;Reservatório com Usina;JEQUITINHONHA;SUDESTE;SE;SUDESTE;2026-02-08;197.416;58.8051;197.416;58.8051;198.883;335.7123
ITÁ;92;Fio dagua;URUGUAI;SUL;S;SUL;2026-02-08;229.954;30.1287;229.954;30.1287;229.83;763.2383
ITAIPU;66;Fio dagua;PARANA;ITAIPU;SE;SUDESTE;2026-02-08;13520.81;83.2834;13520.81;83.2834;13856.432;16234.6912
ITAPEBI;154;Fio dagua;JEQUITINHONHA;NORDESTE;NE;NORDESTE;2026-02-08;380.201;91.3659;358.751;86.2113;384.179;416.13
ITAUBA;113;Fio dagua;JACUI;SUL;S;SUL;2026-02-08;74.007;63.6173;74.007;63.6173;72.526;116.3316
ITIQUIRA I;304;Fio dagua;PARAGUAI;SUDESTE;SE;SUDESTE;2026-02-08;64.3;74.7049;52.004;60.4192;64.426;86.072
ITIQUIRA II;305;Fio dagua;PARAGUAI;SUDESTE;SE;SUDESTE;2026-02-08;102.404;74.7056;81.597;59.5265;102.168;137.0768
ITUMBIARA;31;Reservatório com Usina;PARANAIBA;PARANA;SE;SUDESTE;2026-02-08;2170.661;113.9443;2170.661;113.9443;2051.291;1905.0197
ITUTINGA;2;Fio dagua;GRANDE;PARANA;SE;SUDESTE;2026-02-08;41.656;77.6961;41.656;77.6961;41.394;53.614
JACUI;112;Fio dagua;JACUI;SUL;S;SUL;2026-02-08;64.904;65.8306;0.0;0.0;67.679;98.5924
JAGUARA;9;Fio dagua;GRANDE;PARANA;SE;SUDESTE;2026-02-08;821.038;111.7412;821.038;111.7412;823.708;734.7672
JAGUARI;120;Reservatório com Usina;PARAIBA DO SUL;SUDESTE;SE;SUDESTE;2026-02-08;50.964;210.0214;50.964;210.0214;47.21;24.2661
JAURU;195;Fio dagua;PARAGUAI;SUDESTE;SE;SUDESTE;2026-02-08;65.284;70.2205;65.284;70.2205;65.158;92.97
JIRAU;285;Fio dagua;AMAZONAS;MADEIRA;SE;SUDESTE;2026-02-08;4709.204;100.4429;3664.814;78.167;4150.466;4688.44
JUPIA;45;Fio dagua;PARANA;PARANA;SE;SUDESTE;2026-02-08;1942.207;99.1732;1942.207;99.1732;1986.673;1958.4
JURUENA;309;Fio dagua;AMAZONAS;TELES PIRES;SE;SUDESTE;2026-02-08;42.05;85.3194;31.362;63.6334;43.456;49.2854
JURUMIRIM;47;Reservatório com Usina;PARANAPANEMA;PARANAPANEMA;SE;SUDESTE;2026-02-08;46.678;44.9779;46.678;44.9779;46.685;103.7799
L. C. BARRETO;8;Fio dagua;GRANDE;PARANA;SE;SUDESTE;2026-02-08;1118.755;111.6478;1118.755;111.6478;1124.451;1002.0391
LAJEADO;261;Fio dagua;TOCANTINS;SUDESTE;SE;SUDESTE;2026-02-08;775.16;47.3348;775.16;47.3348;744.924;1637.61
LIMOEIRO;16;Fio dagua;GRANDE;PARANA;SE;SUDESTE;2026-02-08;50.286;142.2759;42.996;121.6501;49.994;35.344
LUIZ GONZAGA;172;Reservatório com Usina;SAO FRANCISCO;NORDESTE;NE;NORDESTE;2026-02-08;1690.306;79.7141;1690.306;79.7141;1642.4;2120.46
M. MORAES;7;Reservatório com Usina;GRANDE;PARANA;SE;SUDESTE;2026-02-08;692.454;111.2023;692.454;111.2023;735.031;622.6974
MACHADINHO;91;Reservatório com Usina;URUGUAI;SUL;S;SUL;2026-02-08;188.353;34.549;188.353;34.549;184.909;545.1759
MANSO;278;Reservatório com Usina;PARAGUAI;SUDESTE;SE;SUDESTE;2026-02-08;240.36;138.3478;240.36;138.3478;243.926;173.736
MARIMBONDO;17;Reservatório com Usina;GRANDE;PARANA;SE;SUDESTE;2026-02-08;1752.953;103.5871;1752.953;103.5871;1751.283;1692.2495
MASCARENHAS;144;Fio dagua;DOCE;SUDESTE;SE;SUDESTE;2026-02-08;221.425;79.1784;198.154;70.857;203.525;279.6534
MIRANDA;26;Reservatório com Usina;PARANAIBA;PARANA;SE;SUDESTE;2026-02-08;300.29;82.437;300.29;82.437;300.176;364.266
MONJOLINHO;94;Fio dagua;URUGUAI;SUL;S;SUL;2026-02-08;14.693;46.9125;14.693;46.9125;14.653;31.32
MONTE CLARO;98;Fio dagua;JACUI;SUL;S;SUL;2026-02-08;13.413;19.228;8.81;12.6294;13.739;69.7577
N. AVANHANDAVA;42;Fio dagua;TIETE;PARANA;SE;SUDESTE;2026-02-08;305.58;88.3049;305.58;88.3049;297.928;346.0512
NILO PEÇANHA;131;Fio dagua;PARAIBA DO SUL;SUDESTE;SE;SUDESTE;2026-02-08;386.942;100.6992;386.942;100.6992;386.973;384.2553
NOVA PONTE;25;Reservatório com Usina;PARANAIBA;PARANA;SE;SUDESTE;2026-02-08;461.637;93.0683;461.637;93.0683;413.814;496.0197
OURINHOS;249;Fio dagua;PARANAPANEMA;PARANAPANEMA;SE;SUDESTE;2026-02-08;20.08;38.7977;17.001;32.8486;21.847;51.7556
P. AFONSO 1,2,3;174;Fio dagua;SAO FRANCISCO;NORDESTE;NE;NORDESTE;2026-02-08;1451.562;79.4488;1451.562;79.4488;411.463;1827.04
P. AFONSO 4;175;Fio dagua;SAO FRANCISCO;NORDESTE;NE;NORDESTE;2026-02-08;2077.644;79.4489;2077.644;79.4489;3388.811;2615.0712
P. COLOMBIA;12;Fio dagua;GRANDE;PARANA;SE;SUDESTE;2026-02-08;516.889;109.9286;456.529;97.0916;523.867;470.2044
PARAIBUNA;121;Reservatório com Usina;PARAIBA DO SUL;SUDESTE;SE;SUDESTE;2026-02-08;151.933;193.5985;151.933;193.5985;145.024;78.4784
PARANAPANEMA;53;Fio dagua;PARANAPANEMA;PARANAPANEMA;SE;SUDESTE;2026-02-08;20.845;44.6695;20.845;44.6695;21.313;46.665
PASSO FUNDO;93;Reservatório com Usina;URUGUAI;SUL;S;SUL;2026-02-08;35.425;46.8233;35.425;46.8233;35.612;75.6568
PASSO REAL;111;Reservatório com Usina;JACUI;SUL;S;SUL;2026-02-08;29.342;64.7889;0.0;0.0;30.572;45.2886
PASSO SAO JOAO;102;Fio dagua;URUGUAI;SUL;S;SUL;2026-02-08;25.951;68.8977;18.316;48.6274;26.222;37.666
PEDRA DO CAVALO;189;Reservatório com Usina;PARAGUACU;NORDESTE;NE;NORDESTE;2026-02-08;14.234;10.0738;14.234;10.0738;14.421;141.2967
PEIXE ANGICAL;257;Reservatório com Usina;TOCANTINS;SUDESTE;SE;SUDESTE;2026-02-08;414.896;50.8107;414.896;50.8107;423.554;816.5528
PEREIRA PASSOS;133;Fio dagua;PARAIBA DO SUL;SUDESTE;SE;SUDESTE;2026-02-08;60.91;100.2132;60.91;100.2132;61.421;60.7804
PICADA;126;Fio dagua;PARAIBA DO SUL;SUDESTE;SE;SUDESTE;2026-02-08;82.565;115.3381;38.691;54.0489;82.29;71.5852
PIMENTAL;314;Fio dagua;AMAZONAS;BELO MONTE;N;NORTE;2026-02-08;150.391;55.0363;150.391;55.0363;147.64;273.258
PIRAJU;48;Fio dagua;PARANAPANEMA;PARANAPANEMA;SE;SUDESTE;2026-02-08;37.701;44.6696;37.701;44.6696;38.964;84.3996
PONTE DE PEDRA;281;Fio dagua;PARAGUAI;SUDESTE;SE;SUDESTE;2026-02-08;218.65;108.6921;187.702;93.3077;219.338;201.1646
PORTO ESTRELA;135;Reservatório com Usina;DOCE;SUDESTE;SE;SUDESTE;2026-02-08;64.206;57.2914;64.206;57.2914;61.277;112.0692
PORTO PRIMAVERA;46;Fio dagua;PARANA;PARANA;SE;SUDESTE;2026-02-08;2180.317;103.6224;2180.317;103.6224;2229.585;2104.0984
PROMISSÃO;40;Reservatório com Usina;TIETE;PARANA;SE;SUDESTE;2026-02-08;227.944;92.7348;227.944;92.7348;241.69;245.802
QUEBRA QUEIXO;95;Reservatório com Usina;URUGUAI;SUL;S;SUL;2026-02-08;23.484;34.9075;23.484;34.9075;23.1;67.275
QUEIMADO;162;Reservatório com Usina;SAO FRANCISCO;SUDESTE;SE;SUDESTE;2026-02-08;112.991;87.1901;112.991;87.1901;112.508;129.5916
RETIRO BAIXO;155;Reservatório com Usina;SAO FRANCISCO;SUDESTE;SE;SUDESTE;2026-02-08;82.526;91.0114;74.161;81.7863;81.523;90.6766
RONDON II;276;Reservatório com Usina;AMAZONAS;MADEIRA;SE;SUDESTE;2026-02-08;84.67;118.7211;84.67;118.7211;84.964;71.3184
ROSAL;217;Fio dagua;ITABAPOANA;SUDESTE;SE;SUDESTE;2026-02-08;49.019;61.7025;47.328;59.574;48.489;79.4441
ROSANA;63;Fio dagua;PARANAPANEMA;PARANAPANEMA;SE;SUDESTE;2026-02-08;148.234;44.7572;148.234;44.7572;148.977;331.1959
S.DO FACÃO;21;Reservatório com Usina;PARANAIBA;PARANA;SE;SUDESTE;2026-02-08;209.978;105.0619;209.978;105.0619;201.051;199.8612
S.R.VERDINHO;241;Fio dagua;PARANAIBA;PARANA;SE;SUDESTE;2026-02-08;76.797;74.0902;76.797;74.0902;77.559;103.6534
SA CARVALHO;193;Fio dagua;DOCE;SUDESTE;SE;SUDESTE;2026-02-08;99.315;86.228;99.315;86.228;98.593;115.1772
SALTO;262;Fio dagua;PARANAIBA;PARANA;SE;SUDESTE;2026-02-08;93.493;81.4392;76.385;66.5369;92.656;114.801
SALTO CAXIAS;82;Fio dagua;IGUACU;IGUACU;S;SUL;2026-02-08;271.882;38.6824;271.882;38.6824;269.074;702.8576
SALTO GRANDE CM;134;Fio dagua;DOCE;SUDESTE;SE;SUDESTE;2026-02-08;112.047;59.7049;111.245;59.2776;112.265;187.668
SALTO GRANDE CS;50;Fio dagua;PARANAPANEMA;PARANAPANEMA;SE;SUDESTE;2026-02-08;47.165;45.434;27.293;26.2913;48.442;103.81
SALTO OSORIO;78;Fio dagua;IGUACU;IGUACU;S;SUL;2026-02-08;225.828;38.6761;225.828;38.6761;233.275;583.8952
SALTO PILAO;215;Fio dagua;ITAJAI;SUL;S;SUL;2026-02-08;109.656;47.4502;106.128;45.9236;109.796;231.0971
SALTO SANTIAGO;77;Reservatório com Usina;IGUACU;IGUACU;S;SUL;2026-02-08;341.371;39.207;341.371;39.207;338.992;870.6896
SAMUEL;279;Reservatório com Usina;AMAZONAS;MADEIRA;SE;SUDESTE;2026-02-08;211.45;101.1319;211.45;101.1319;199.056;209.0834
SANTA BRANCA;122;Reservatório com Usina;PARAIBA DO SUL;SUDESTE;SE;SUDESTE;2026-02-08;82.351;173.5199;82.351;173.5199;76.153;47.4591
SANTA CLARA-PR;71;Reservatório com Usina;IGUACU;IGUACU;S;SUL;2026-02-08;35.706;46.7451;35.706;46.7451;34.146;76.3844
SANTO ANTONIO;287;Fio dagua;AMAZONAS;MADEIRA;SE;SUDESTE;2026-02-08;4944.038;101.3325;4038.467;82.772;3827.82;4879.0245
SAO DOMINGOS;153;Fio dagua;PARANA;PARANA;SE;SUDESTE;2026-02-08;45.736;96.7069;33.76;71.3842;45.264;47.2934
SAO JOSE;101;Fio dagua;URUGUAI;SUL;S;SUL;2026-02-08;18.224;67.8597;16.158;60.1667;18.06;26.8554
SAO MANOEL;230;Fio dagua;AMAZONAS;TELES PIRES;SE;SUDESTE;2026-02-08;969.893;99.5419;778.785;79.9281;910.064;974.3566
SAO ROQUE;88;Reservatório com Usina;URUGUAI;SUL;S;SUL;2026-02-08;38.928;41.0043;38.928;41.0043;36.609;94.9365
SAO SALVADOR;253;Fio dagua;TOCANTINS;SUDESTE;SE;SUDESTE;2026-02-08;231.836;56.1587;231.836;56.1587;225.564;412.8229
SÃO SIMÃO;33;Reservatório com Usina;PARANAIBA;PARANA;SE;SUDESTE;2026-02-08;2874.703;109.6347;2874.703;109.6347;2857.634;2622.073
SEGREDO;76;Reservatório com Usina;IGUACU;IGUACU;S;SUL;2026-02-08;308.119;39.7249;308.119;39.7249;315.691;775.632
SERRA DA MESA;251;Reservatório com Usina;TOCANTINS;SUDESTE;SE;SUDESTE;2026-02-08;875.507;53.8739;875.507;53.8739;853.411;1625.1048
SIMPLICIO;129;Fio dagua;PARAIBA DO SUL;SUDESTE;SE;SUDESTE;2026-02-08;200.873;63.7158;200.873;63.7158;198.468;315.26379
SINOP;227;Reservatório com Usina;AMAZONAS;TELES PIRES;SE;SUDESTE;2026-02-08;361.368;93.6673;353.589;91.6509;-1072.651;385.7997
SOBRADINHO;169;Reservatório com Usina;SAO FRANCISCO;NORDESTE;NE;NORDESTE;2026-02-08;1048.397;91.5313;1048.397;91.5313;1003.317;1145.3973
SOBRAGI;127;Fio dagua;PARAIBA DO SUL;SUDESTE;SE;SUDESTE;2026-02-08;109.667;126.513;0.0;0.0;109.862;86.6844
STA.CLARA-MG;283;Fio dagua;MUCURI;SUDESTE;SE;SUDESTE;2026-02-08;27.118;51.1265;27.118;51.1265;26.974;53.041
STO ANTONIO DO JARI;286;Fio dagua;AMAZONAS;MANAUS-AMAPA;N;NORTE;2026-02-08;156.846;63.0838;156.846;63.0838;157.336;248.631
SUIÇA;145;Fio dagua;SANTA MARIA VIT;SUDESTE;SE;SUDESTE;2026-02-08;17.392;51.4386;17.392;51.4386;17.231;33.8112
TAQUARUÇU;62;Fio dagua;PARANAPANEMA;PARANAPANEMA;SE;SUDESTE;2026-02-08;162.006;44.9155;162.006;44.9155;160.616;360.6904
TELES PIRES;229;Fio dagua;AMAZONAS;TELES PIRES;SE;SUDESTE;2026-02-08;2176.768;101.08;1496.5;69.4912;2145.714;2153.5094
TRÊS IRMÃOS;43;Reservatório com Usina;TIETE;PARANA;SE;SUDESTE;2026-02-08;448.779;84.0859;448.779;84.0859;459.621;533.715
TRÊS MARIAS;156;Reservatório com Usina;SAO FRANCISCO;SUDESTE;SE;SUDESTE;2026-02-08;908.328;158.0669;908.328;158.0669;946.152;574.648
TUCURUI;275;Reservatório com Usina;TOCANTINS;NORTE;N;NORTE;2026-02-08;5309.169;48.0098;5309.169;48.0098;4883.624;11058.5016
VOLTA GRANDE;11;Fio dagua;GRANDE;PARANA;SE;SUDESTE;2026-02-08;571.257;112.4377;571.257;112.4377;552.208;508.0654
XINGO;178;Fio dagua;SAO FRANCISCO;NORDESTE;NE;NORDESTE;2026-02-08;3830.554;73.8682;3830.554;73.8682;3910.531;5185.661
