nom_reservatorio;cod_resplanejamento;tip_reservatorio;nom_bacia;nom_ree;id_subsistema;nom_subsistema;id_subsistema_jusante;nom_subsistema_jusante;ear_data;ear_reservatorio_subsistema_proprio_mwmes;ear_reservatorio_subsistema_jusante_mwmes;earmax_reservatorio_subsistema_proprio_mwmes;earmax_reservatorio_subsistema_jusante_mwmes;ear_reservatorio_percentual;ear_total_mwmes;ear_maxima_total_mwmes;val_contribearbacia;val_contribearmaxbacia;val_contribearsubsistema;val_contribearmaxsubsistema;val_contribearsubsistemajusante;val_contribearmaxsubsistemajusante;val_contribearsin;val_contribearmaxsin
A. VERMELHA;18.0;Reservatório com Usina;GRANDE;PARANA;SE;SUDESTE;;;2026-01-01;1213.873;;4340.282;;27.9676;1213.873;4340.282;0.07039296;0.0842259;0.01407406;0.02121191;0.0;0.0;0.00911994;0.01486051
ANTA;128.0;Reservatório sem usina;PARAIBA DO SUL;SUDESTE;SE;SUDESTE;;;2026-01-01;;;;;;0.0;0.0;0.0;0.0;0.0;0.0;0.0;0.0;0.0;0.0
B. BONITA;37.0;Reservatório com Usina;TIETE;PARANA;SE;SUDESTE;;;2026-01-01;1712.973;;2713.786;;63.1212;1712.973;2713.786;0.2637782;0.27904549;0.01986079;0.01326287;0.0;0.0;0.01286973;0.00929162
BALBINA;277.0;Reservatório com Usina;AMAZONAS;MANAUS-AMAPA;N;NORTE;;;2026-01-01;392.267;;785.737;;49.9234;392.267;785.737;0.68540042;0.38740015;0.04682155;0.05134732;0.0;0.0;0.00294714;0.00269025
BARRA GRANDE;86.0;Reservatório com Usina;URUGUAI;SUL;S;SUL;;;2026-01-01;2150.37;;2991.427;;71.8844;2150.37;2991.427;0.42456091;0.44447414;0.14601196;0.14621397;0.0;0.0;0.01615593;0.01024222
BATALHA;20.0;Reservatório com Usina;PARANAIBA;PARANA;SE;SUDESTE;;;2026-01-01;972.35;;2751.514;;35.3387;972.35;2751.514;0.03531007;0.03505071;0.01127376;0.01344725;0.0;0.0;0.00730536;0.00942079
BILLINGS;118.0;Reservatório sem usina;TIETE;SUDESTE;SE;SUDESTE;;;2026-01-01;1644.208;;2444.556;;67.26;1644.208;2444.556;0.25318918;0.25136187;0.01906351;0.01194708;0.0;0.0;0.01235309;0.00836981
BLANG;;Reservatório sem usina;JACUI;SUL;S;SUL;;;2026-01-01;;;;;;0.0;0.0;0.0;0.0;0.0;0.0;0.0;0.0;0.0;0.0
BOA ESPERANÇA;190.0;Reservatório com Usina;PARNAIBA;NORDESTE;NE;NORDESTE;;;2026-01-01;105.154;;264.178;;39.8042;105.154;264.178;1.0;1.0;0.00442816;0.00511069;0.0;0.0;0.00079003;0.00090451
C.BRANCO-1;27.0;Reservatório com Usina;PARANAIBA;PARANA;SE;SUDESTE;;;2026-01-01;10.277;;20.753;;49.5206;10.277;20.753;0.0003732;0.00026437;0.00011916;0.00010142;0.0;0.0;7.721e-05;7.106e-05
CACONDE;14.0;Reservatório com Usina;GRANDE;PARANA;SE;SUDESTE;;;2026-01-01;305.893;;853.4;;35.844;305.893;853.4;0.01773885;0.01656076;0.00354663;0.00417075;0.0;0.0;0.0022982;0.00292192
CACU;311.0;Reservatório com Usina;PARANAIBA;PARANA;SE;SUDESTE;;;2026-01-01;27.89;;30.877;;90.3261;27.89;30.877;0.0010128;0.00039333;0.00032337;0.0001509;0.0;0.0;0.00020954;0.00010572
CAMARGOS;1.0;Reservatório com Usina;GRANDE;PARANA;SE;SUDESTE;;;2026-01-01;754.374;;1568.489;;48.0956;754.374;1568.489;0.04374644;0.03043752;0.00874647;0.00766555;0.0;0.0;0.00566768;0.00537028
CAMPOS NOVOS;90.0;Reservatório com Usina;URUGUAI;SUL;S;SUL;;;2026-01-01;153.975;;227.826;;67.5845;153.975;227.826;0.03040024;0.03385099;0.01045503;0.0111356;0.0;0.0;0.00115683;0.00078004
CAPIVARA;61.0;Reservatório com Usina;PARANAPANEMA;PARANAPANEMA;SE;SUDESTE;;;2026-01-01;3528.108;;3889.672;;90.7045;3528.108;3889.672;0.4311818;0.32160692;0.04090608;0.01900968;0.0;0.0;0.02650701;0.01331768
CHAVANTES;49.0;Reservatório com Usina;PARANAPANEMA;PARANAPANEMA;SE;SUDESTE;;;2026-01-01;1833.16;;3370.499;;54.3884;1833.16;3370.499;0.22403657;0.27868052;0.02125428;0.01647237;0.0;0.0;0.01377271;0.01154011
CORUMBA;30.0;Reservatório com Usina;PARANAIBA;PARANA;SE;SUDESTE;;;2026-01-01;699.933;;1531.054;;45.7158;699.933;1531.054;0.02541748;0.01950364;0.00811526;0.0074826;0.0;0.0;0.00525866;0.00524211
CORUMBA-3;203.0;Reservatório com Usina;PARANAIBA;PARANA;SE;SUDESTE;;;2026-01-01;128.408;;425.126;;30.2047;128.408;425.126;0.00466303;0.00541555;0.00148881;0.00207768;0.0;0.0;0.00096474;0.00145557
CORUMBA-4;29.0;Reservatório com Usina;PARANAIBA;PARANA;SE;SUDESTE;;;2026-01-01;469.498;;1415.959;;33.1576;469.498;1415.959;0.01704942;0.01803748;0.00544352;0.0069201;0.0;0.0;0.00352738;0.00484804
CURUA-UNA;272.0;Reservatório com Usina;AMAZONAS;BELO MONTE;N;NORTE;;;2026-01-01;5.088;;28.109;;18.101;5.088;28.109;0.00889016;0.01385888;0.00060731;0.0018369;0.0;0.0;3.823e-05;9.624e-05
DIVISA;;Reservatório sem usina;JACUI;SUL;S;SUL;;;2026-01-01;;;;;;0.0;0.0;0.0;0.0;0.0;0.0;0.0;0.0;0.0;0.0
EDGARD SOUZA;107.0;Reservatório sem usina;TIETE;PARANA;SE;SUDESTE;;;2026-01-01;;;;;;0.0;0.0;0.0;0.0;0.0;0.0;0.0;0.0;0.0;0.0
EMBORCAÇÃO;24.0;Reservatório com Usina;PARANAIBA;PARANA;SE;SUDESTE;;;2026-01-01;8920.285;;21873.496;;40.7812;8920.285;21873.496;0.32393262;0.2786399;0.10342481;0.10690057;0.0;0.0;0.06701895;0.07489174
ERNESTINA;110.0;Reservatório sem usina;JACUI;SUL;S;SUL;;;2026-01-01;217.891;;200.552;;108.6456;217.891;200.552;0.09435337;0.06620289;0.01479499;0.00980251;0.0;0.0;0.00163704;0.00068666
ESPORA;290.0;Reservatório com Usina;PARANAIBA;PARANA;SE;SUDESTE;;;2026-01-01;24.318;;112.927;;21.5343;24.318;112.927;0.00088309;0.00143854;0.00028195;0.0005519;0.0;0.0;0.0001827;0.00038665
FUNIL;123.0;Reservatório com Usina;PARAIBA DO SUL;SUDESTE;SE;SUDESTE;;;2026-01-01;235.233;;813.622;;28.9118;235.233;813.622;0.08213778;0.10769465;0.00272737;0.00397635;0.0;0.0;0.00176733;0.00278573
FURNAS;6.0;Reservatório com Usina;GRANDE;PARANA;SE;SUDESTE;;;2026-01-01;10571.058;;35035.949;;30.172;10571.058;35035.949;0.61301972;0.67989462;0.12256444;0.17122837;0.0;0.0;0.07942136;0.11995811
G. B. MUNHOZ;74.0;Reservatório com Usina;IGUACU;IGUACU;S;SUL;;;2026-01-01;3577.061;;5880.363;;60.8306;3577.061;5880.363;0.51533807;0.58435864;0.2428855;0.28741842;0.0;0.0;0.0268748;0.02013353
G. P. SOUZA;115.0;Reservatório com Usina;CAPIVARI;SUL;S;SUL;;;2026-01-01;226.425;;374.956;;60.3871;226.425;374.956;1.0;1.0;0.01537445;0.01832697;0.0;0.0;0.00170115;0.0012838
GARIBALDI;89.0;Reservatório com Usina;URUGUAI;SUL;S;SUL;;;2026-01-01;113.956;;101.775;;111.9686;113.956;101.775;0.02249904;0.015122;0.00773771;0.00497452;0.0;0.0;0.00085616;0.00034846
GOV JAYME CANET JR;57.0;Reservatório com Usina;PARANAPANEMA;IGUACU;S;SUL;SE;SUDESTE;2026-01-01;185.503;322.457;261.737;451.213;70.8738;507.96;712.95;0.06207948;0.05894833;0.01259581;0.01279309;0.00373868;0.00220518;0.00381635;0.00244104
GUARAPIRANGA;117.0;Reservatório sem usina;TIETE;SUDESTE;SE;SUDESTE;;;2026-01-01;209.65;;408.675;;51.2999;209.65;408.675;0.0322837;0.04202207;0.00243075;0.00199728;0.0;0.0;0.00157512;0.00139925
I. SOLTEIRA;34.0;Reservatório com Usina;PARANA;PARANA;SE;SUDESTE;;;2026-01-01;2546.807;;3691.575;;68.9897;2546.807;3691.575;1.0;1.0;0.02952855;0.01804154;0.0;0.0;0.0191344;0.01263943
IRAPE;148.0;Reservatório com Usina;JEQUITINHONHA;SUDESTE;SE;SUDESTE;NE;NORDESTE;2026-01-01;1086.013;584.345;1962.895;1004.893;55.3271;1670.358;2967.788;1.0;1.0;0.0125916;0.0095931;0.02460744;0.0194403;0.01254956;0.01016128
ITUMBIARA;31.0;Reservatório com Usina;PARANAIBA;PARANA;SE;SUDESTE;;;2026-01-01;4862.496;;15706.409;;30.9587;4862.496;15706.409;0.17657744;0.20007923;0.05637743;0.07676067;0.0;0.0;0.0365324;0.05377651
JAGUARI;120.0;Reservatório com Usina;PARAIBA DO SUL;SUDESTE;SE;SUDESTE;;;2026-01-01;450.347;;1213.775;;37.103;450.347;1213.775;0.15725049;0.16066069;0.00522148;0.00593198;0.0;0.0;0.0033835;0.00415579
JORDÃO;73.0;Reservatório sem usina;IGUACU;IGUACU;S;SUL;;;2026-01-01;13.955;;20.306;;68.7235;13.955;20.306;0.00201046;0.0020179;0.00094756;0.00099251;0.0;0.0;0.00010485;6.952e-05
JURUMIRIM;47.0;Reservatório com Usina;PARANAPANEMA;PARANAPANEMA;SE;SUDESTE;;;2026-01-01;2313.187;;4121.37;;56.1267;2313.187;4121.37;0.28270227;0.34076424;0.02681988;0.02014204;0.0;0.0;0.01737919;0.01411099
LAJES;124.0;Reservatório sem usina;PARAIBA DO SUL;SUDESTE;SE;SUDESTE;;;2026-01-01;434.383;;512.183;;84.8101;434.383;512.183;0.15167624;0.06779484;0.00503638;0.00250315;0.0;0.0;0.00326356;0.00175364
LUIZ GONZAGA;172.0;Reservatório com Usina;SAO FRANCISCO;NORDESTE;NE;NORDESTE;;;2026-01-01;1169.965;;3418.033;;34.2292;1169.965;3418.033;0.04869125;0.06482484;0.04926856;0.06612405;0.0;0.0;0.00879006;0.01170286
M. MORAES;7.0;Reservatório com Usina;GRANDE;PARANA;SE;SUDESTE;;;2026-01-01;3178.314;;4339.622;;73.2394;3178.314;4339.622;0.18431165;0.08421309;0.03685045;0.02120868;0.0;0.0;0.02387898;0.01485825
MACHADINHO;91.0;Reservatório com Usina;URUGUAI;SUL;S;SUL;;;2026-01-01;670.119;;890.994;;75.2103;670.119;890.994;0.13230576;0.13238625;0.04550165;0.04354971;0.0;0.0;0.00503467;0.00305064
MANSO;278.0;Reservatório com Usina;PARAGUAI;SUDESTE;SE;SUDESTE;;;2026-01-01;312.987;;555.798;;56.3131;312.987;555.798;1.0;1.0;0.00362888;0.00271631;0.0;0.0;0.0023515;0.00190297
MARIMBONDO;17.0;Reservatório com Usina;GRANDE;PARANA;SE;SUDESTE;;;2026-01-01;1220.726;;5393.697;;22.6325;1220.726;5393.697;0.07079037;0.10466808;0.01415351;0.02636018;0.0;0.0;0.00917143;0.01846725
MIRANDA;26.0;Reservatório com Usina;PARANAIBA;PARANA;SE;SUDESTE;;;2026-01-01;188.944;;269.778;;70.0368;188.944;269.778;0.00686134;0.00343662;0.00219068;0.00131846;0.0;0.0;0.00141955;0.00092368
NOVA PONTE;25.0;Reservatório com Usina;PARANAIBA;PARANA;SE;SUDESTE;;;2026-01-01;6627.696;;22766.333;;29.1118;6627.696;22766.333;0.24067918;0.29001349;0.07684376;0.11126406;0.0;0.0;0.04979451;0.07794869
PARAIBUNA;121.0;Reservatório com Usina;PARAIBA DO SUL;SUDESTE;SE;SUDESTE;;;2026-01-01;1607.253;;4561.222;;35.2373;1607.253;4561.222;0.56121462;0.60374377;0.01863504;0.02229169;0.0;0.0;0.01207544;0.01561698
PASSO FUNDO;93.0;Reservatório com Usina;URUGUAI;SUL;S;SUL;;;2026-01-01;1482.546;;1706.162;;86.8936;1482.546;1706.162;0.29270827;0.25350607;0.10066614;0.08339322;0.0;0.0;0.01113851;0.00584166
PASSO REAL;111.0;Reservatório com Usina;JACUI;SUL;S;SUL;;;2026-01-01;2091.417;;2828.801;;73.933;2091.417;2828.801;0.90564663;0.93379678;0.142009;0.13826519;0.0;0.0;0.01571302;0.00968541
PEDRA DO CAVALO;189.0;Reservatório com Usina;PARAGUACU;NORDESTE;NE;NORDESTE;;;2026-01-01;241.819;;335.383;;72.1023;241.819;335.383;1.0;1.0;0.01018327;0.0064882;0.0;0.0;0.00181681;0.0011483
PEIXE ANGICAL;257.0;Reservatório com Usina;TOCANTINS;SUDESTE;SE;SUDESTE;N;NORTE;2026-01-01;14.188;16.691;114.392;147.034;12.403;30.879;261.426;0.00115424;0.00524104;0.0001645;0.00055906;0.00199226;0.00960856;0.000232;0.00089509
PONTE NOVA;105.0;Reservatório sem usina;TIETE;PARANA;SE;SUDESTE;;;2026-01-01;;;;;;0.0;0.0;0.0;0.0;0.0;0.0;0.0;0.0;0.0;0.0
PORTO ESTRELA;135.0;Reservatório com Usina;DOCE;SUDESTE;SE;SUDESTE;;;2026-01-01;6.736;;12.899;;52.2211;6.736;12.899;1.0;1.0;7.81e-05;6.304e-05;0.0;0.0;5.061e-05;4.416e-05
PROMISSÃO;40.0;Reservatório com Usina;TIETE;PARANA;SE;SUDESTE;;;2026-01-01;1272.954;;1829.65;;69.5736;1272.954;1829.65;0.19602032;0.18813406;0.01475906;0.0089419;0.0;0.0;0.00956382;0.00626446
QUEBRA QUEIXO;95.0;Reservatório com Usina;URUGUAI;SUL;S;SUL;;;2026-01-01;4.384;;10.163;;43.1369;4.384;10.163;0.00086556;0.00151005;0.00029768;0.00049674;0.0;0.0;3.294e-05;3.48e-05
QUEIMADO;162.0;Reservatório com Usina;SAO FRANCISCO;SUDESTE;SE;SUDESTE;NE;NORDESTE;2026-01-01;73.757;129.003;283.402;484.803;26.0256;202.76;768.205;0.0084384;0.01456942;0.00085516;0.00138505;0.00543246;0.00937883;0.00152336;0.00263022
RETIRO BAIXO;155.0;Reservatório com Usina;SAO FRANCISCO;SUDESTE;SE;SUDESTE;NE;NORDESTE;2026-01-01;4.741;18.76;11.43;42.91;41.4786;23.501;54.34;0.00097806;0.00103059;5.497e-05;5.586e-05;0.00079001;0.00083012;0.00017657;0.00018605
RONDON II;276.0;Reservatório com Usina;AMAZONAS;MADEIRA;SE;SUDESTE;;;2026-01-01;25.902;;56.442;;45.8914;25.902;56.442;0.04525806;0.02782819;0.00030032;0.00027584;0.0;0.0;0.0001946;0.00019325
S.DO FACÃO;21.0;Reservatório com Usina;PARANAIBA;PARANA;SE;SUDESTE;;;2026-01-01;2990.989;;6581.918;;45.4425;2990.989;6581.918;0.10861524;0.08384508;0.03467854;0.03216728;0.0;0.0;0.02247159;0.02253555
SALTO RS;;Reservatório sem usina;JACUI;SUL;S;SUL;;;2026-01-01;;;;;;0.0;0.0;0.0;0.0;0.0;0.0;0.0;0.0;0.0;0.0
SALTO SANTIAGO;77.0;Reservatório com Usina;IGUACU;IGUACU;S;SUL;;;2026-01-01;2783.694;;3340.803;;83.3241;2783.694;3340.803;0.40103971;0.33199092;0.1890152;0.16329065;0.0;0.0;0.02091416;0.01143843
SAMUEL;279.0;Reservatório com Usina;AMAZONAS;MADEIRA;SE;SUDESTE;;;2026-01-01;48.976;;257.288;;19.0355;48.976;257.288;0.0855748;0.1268534;0.00056784;0.00125742;0.0;0.0;0.00036796;0.00088092
SANTA BRANCA;122.0;Reservatório com Usina;PARAIBA DO SUL;SUDESTE;SE;SUDESTE;;;2026-01-01;136.667;;454.095;;30.0966;136.667;454.095;0.04772087;0.06010605;0.00158456;0.00221926;0.0;0.0;0.00102679;0.00155476
SANTA CLARA-PR;71.0;Reservatório com Usina;IGUACU;IGUACU;S;SUL;;;2026-01-01;257.462;;373.966;;68.8464;257.462;373.966;0.03709189;0.03716272;0.01748189;0.01827859;0.0;0.0;0.00193434;0.00128041
SANTANA;181.0;Reservatório sem usina;PARAIBA DO SUL;SUDESTE;SE;SUDESTE;;;2026-01-01;;;;;;0.0;0.0;0.0;0.0;0.0;0.0;0.0;0.0;0.0;0.0
SANTONIO CM;193.0;Reservatório sem usina;DOCE;SUDESTE;SE;SUDESTE;;;2026-01-01;;;;;;0.0;0.0;0.0;0.0;0.0;0.0;0.0;0.0;0.0;0.0
SAO ROQUE;88.0;Reservatório com Usina;URUGUAI;SUL;S;SUL;;;2026-01-01;489.577;;801.912;;61.0512;489.577;801.912;0.09666023;0.11915021;0.0332427;0.03919559;0.0;0.0;0.00367824;0.00274563
SÃO SIMÃO;33.0;Reservatório com Usina;PARANAIBA;PARANA;SE;SUDESTE;;;2026-01-01;1614.389;;5014.801;;32.1925;1614.389;5014.801;0.05862517;0.06388205;0.01871777;0.02450843;0.0;0.0;0.01212906;0.01716997
SEGREDO;76.0;Reservatório com Usina;IGUACU;IGUACU;S;SUL;;;2026-01-01;309.021;;447.497;;69.0554;309.021;447.497;0.04451987;0.04446983;0.02098279;0.02187261;0.0;0.0;0.0023217;0.00153217
SERRA DA MESA;251.0;Reservatório com Usina;TOCANTINS;SUDESTE;SE;SUDESTE;N;NORTE;2026-01-01;18757.921;5973.999;35277.664;6620.419;53.1722;24731.92;41898.083;0.92446552;0.8399674;0.21748571;0.17240968;0.71306512;0.43263937;0.18581327;0.14345308
SINOP;227.0;Reservatório com Usina;AMAZONAS;TELES PIRES;SE;SUDESTE;;;2026-01-01;100.085;;900.655;;11.1125;100.085;900.655;0.17487655;0.44405938;0.00116042;0.0044017;0.0;0.0;0.00075195;0.00308371
SOBRADINHO;169.0;Reservatório com Usina;SAO FRANCISCO;NORDESTE;NE;NORDESTE;;;2026-01-01;12937.272;;30100.282;;42.9806;12937.272;30100.282;0.53841948;0.5708681;0.54480331;0.58230931;0.0;0.0;0.09719896;0.10305909
TOCOS;180.0;Reservatório sem usina;PARAIBA DO SUL;SUDESTE;SE;SUDESTE;;;2026-01-01;;;;;;0.0;0.0;0.0;0.0;0.0;0.0;0.0;0.0;0.0;0.0
TRÊS IRMÃOS;43.0;Reservatório com Usina;TIETE;PARANA;SE;SUDESTE;;;2026-01-01;1654.204;;2328.579;;71.0392;1654.204;2328.579;0.25472845;0.23943651;0.0191794;0.01138028;0.0;0.0;0.01242819;0.00797272
TRÊS MARIAS;156.0;Reservatório com Usina;SAO FRANCISCO;SUDESTE;SE;SUDESTE;NE;NORDESTE;2026-01-01;1134.375;8560.366;2345.606;16040.745;48.3617;9694.741;18386.351;0.40347281;0.34870707;0.01315233;0.01146349;0.36048679;0.31031852;0.07283751;0.06295225
TUCURUI;275.0;Reservatório com Usina;TOCANTINS;NORTE;N;NORTE;;;2026-01-01;1989.87;;7721.097;;25.7719;1989.87;7721.097;0.07438024;0.15479156;0.23751375;0.50456785;0.0;0.0;0.01495008;0.02643594
A. VERMELHA;18.0;Reservatório com Usina;GRANDE;PARANA;SE;SUDESTE;;;2026-01-02;1213.95;;4340.282;;27.9694;1213.95;4340.282;0.07026428;0.0842259;0.01406428;0.02121191;0.0;0.0;0.00910917;0.01486051
ANTA;128.0;Reservatório sem usina;PARAIBA DO SUL;SUDESTE;SE;SUDESTE;;;2026-01-02;;;;;;0.0;0.0;0.0;0.0;0.0;0.0;0.0;0.0;0.0;0.0
B. BONITA;37.0;Reservatório com Usina;TIETE;PARANA;SE;SUDESTE;;;2026-01-02;1723.883;;2713.786;;63.5232;1723.883;2713.786;0.2627395;0.27904549;0.01997213;0.01326287;0.0;0.0;0.01293557;0.00929162
BALBINA;277.0;Reservatório com Usina;AMAZONAS;MANAUS-AMAPA;N;NORTE;;;2026-01-02;390.601;;785.737;;49.7114;390.601;785.737;0.69290387;0.38740015;0.04662299;0.05134732;0.0;0.0;0.00293097;0.00269025
BARRA GRANDE;86.0;Reservatório com Usina;URUGUAI;SUL;S;SUL;;;2026-01-02;2167.291;;2991.427;;72.4501;2167.291;2991.427;0.42063808;0.44447414;0.14656725;0.14621397;0.0;0.0;0.01626279;0.01024222
BATALHA;20.0;Reservatório com Usina;PARANAIBA;PARANA;SE;SUDESTE;;;2026-01-02;974.209;;2751.514;;35.4063;974.209;2751.514;0.03542676;0.03505071;0.01128675;0.01344725;0.0;0.0;0.00731021;0.00942079
BILLINGS;118.0;Reservatório sem usina;TIETE;SUDESTE;SE;SUDESTE;;;2026-01-02;1648.608;;2444.556;;67.44;1648.608;2444.556;0.25126673;0.25136187;0.01910003;0.01194708;0.0;0.0;0.01237073;0.00836981
BLANG;;Reservatório sem usina;JACUI;SUL;S;SUL;;;2026-01-02;;;;;;0.0;0.0;0.0;0.0;0.0;0.0;0.0;0.0;0.0;0.0
BOA ESPERANÇA;190.0;Reservatório com Usina;PARNAIBA;NORDESTE;NE;NORDESTE;;;2026-01-02;104.736;;264.178;;39.646;104.736;264.178;1.0;1.0;0.00440297;0.00511069;0.0;0.0;0.00078591;0.00090451
C.BRANCO-1;27.0;Reservatório com Usina;PARANAIBA;PARANA;SE;SUDESTE;;;2026-01-02;8.551;;20.753;;41.2037;8.551;20.753;0.00031095;0.00026437;9.907e-05;0.00010142;0.0;0.0;6.416e-05;7.106e-05
CACONDE;14.0;Reservatório com Usina;GRANDE;PARANA;SE;SUDESTE;;;2026-01-02;311.929;;853.4;;36.5513;311.929;853.4;0.01805467;0.01656076;0.00361387;0.00417075;0.0;0.0;0.00234063;0.00292192
CACU;311.0;Reservatório com Usina;PARANAIBA;PARANA;SE;SUDESTE;;;2026-01-02;26.128;;30.877;;84.6196;26.128;30.877;0.00095014;0.00039333;0.00030271;0.0001509;0.0;0.0;0.00019606;0.00010572
CAMARGOS;1.0;Reservatório com Usina;GRANDE;PARANA;SE;SUDESTE;;;2026-01-02;759.1;;1568.489;;48.3969;759.1;1568.489;0.04393724;0.03043752;0.00879459;0.00766555;0.0;0.0;0.00569609;0.00537028
CAMPOS NOVOS;90.0;Reservatório com Usina;URUGUAI;SUL;S;SUL;;;2026-01-02;182.183;;227.826;;79.9659;182.183;227.826;0.03535894;0.03385099;0.01232048;0.0111356;0.0;0.0;0.00136705;0.00078004
CAPIVARA;61.0;Reservatório com Usina;PARANAPANEMA;PARANAPANEMA;SE;SUDESTE;;;2026-01-02;3562.76;;3889.672;;91.5954;3562.76;3889.672;0.43387513;0.32160692;0.04127654;0.01900968;0.0;0.0;0.02673403;0.01331768
CHAVANTES;49.0;Reservatório com Usina;PARANAPANEMA;PARANAPANEMA;SE;SUDESTE;;;2026-01-02;1837.49;;3370.499;;54.5169;1837.49;3370.499;0.22377068;0.27868052;0.02128833;0.01647237;0.0;0.0;0.01378805;0.01154011
CORUMBA;30.0;Reservatório com Usina;PARANAIBA;PARANA;SE;SUDESTE;;;2026-01-02;680.03;;1531.054;;44.4158;680.03;1531.054;0.02472905;0.01950364;0.00787852;0.0074826;0.0;0.0;0.00510277;0.00524211
CORUMBA-3;203.0;Reservatório com Usina;PARANAIBA;PARANA;SE;SUDESTE;;;2026-01-02;125.426;;425.126;;29.5033;125.426;425.126;0.00456107;0.00541555;0.00145313;0.00207768;0.0;0.0;0.00094116;0.00145557
CORUMBA-4;29.0;Reservatório com Usina;PARANAIBA;PARANA;SE;SUDESTE;;;2026-01-02;459.944;;1415.959;;32.4829;459.944;1415.959;0.0167257;0.01803748;0.0053287;0.0069201;0.0;0.0;0.0034513;0.00484804
CURUA-UNA;272.0;Reservatório com Usina;AMAZONAS;BELO MONTE;N;NORTE;;;2026-01-02;5.146;;28.109;;18.3073;5.146;28.109;0.00912871;0.01385888;0.00061424;0.0018369;0.0;0.0;3.861e-05;9.624e-05
DIVISA;;Reservatório sem usina;JACUI;SUL;S;SUL;;;2026-01-02;;;;;;0.0;0.0;0.0;0.0;0.0;0.0;0.0;0.0;0.0;0.0
EDGARD SOUZA;107.0;Reservatório sem usina;TIETE;PARANA;SE;SUDESTE;;;2026-01-02;;;;;;0.0;0.0;0.0;0.0;0.0;0.0;0.0;0.0;0.0;0.0
EMBORCAÇÃO;24.0;Reservatório com Usina;PARANAIBA;PARANA;SE;SUDESTE;;;2026-01-02;8948.094;;21873.496;;40.9084;8948.094;21873.496;0.32539426;0.2786399;0.1036686;0.10690057;0.0;0.0;0.06714419;0.07489174
ERNESTINA;110.0;Reservatório sem usina;JACUI;SUL;S;SUL;;;2026-01-02;216.017;;200.552;;107.7112;216.017;200.552;0.09328967;0.06620289;0.01460857;0.00980251;0.0;0.0;0.00162094;0.00068666
ESPORA;290.0;Reservatório com Usina;PARANAIBA;PARANA;SE;SUDESTE;;;2026-01-02;24.32;;112.927;;21.536;24.32;112.927;0.00088439;0.00143854;0.00028176;0.0005519;0.0;0.0;0.00018249;0.00038665
FUNIL;123.0;Reservatório com Usina;PARAIBA DO SUL;SUDESTE;SE;SUDESTE;;;2026-01-02;229.511;;813.622;;28.2086;229.511;813.622;0.08026522;0.10769465;0.00265901;0.00397635;0.0;0.0;0.00172219;0.00278573
FURNAS;6.0;Reservatório com Usina;GRANDE;PARANA;SE;SUDESTE;;;2026-01-02;10656.666;;35035.949;;30.4164;10656.666;35035.949;0.61681529;0.67989462;0.12346334;0.17122837;0.0;0.0;0.07996487;0.11995811
G. B. MUNHOZ;74.0;Reservatório com Usina;IGUACU;IGUACU;S;SUL;;;2026-01-02;3550.142;;5880.363;;60.3728;3550.142;5880.363;0.51350983;0.58435864;0.24008523;0.28741842;0.0;0.0;0.02663935;0.02013353
G. P. SOUZA;115.0;Reservatório com Usina;CAPIVARI;SUL;S;SUL;;;2026-01-02;225.747;;374.956;;60.2063;225.747;374.956;1.0;1.0;0.01526658;0.01832697;0.0;0.0;0.00169395;0.0012838
GARIBALDI;89.0;Reservatório com Usina;URUGUAI;SUL;S;SUL;;;2026-01-02;92.624;;101.775;;91.0086;92.624;101.775;0.0179769;0.015122;0.00626388;0.00497452;0.0;0.0;0.00069503;0.00034846
GOV JAYME CANET JR;57.0;Reservatório com Usina;PARANAPANEMA;IGUACU;S;SUL;SE;SUDESTE;2026-01-02;179.836;312.95;261.737;451.213;68.7087;492.786;712.95;0.06001179;0.05894833;0.01216176;0.01279309;0.0036257;0.00220518;0.00369774;0.00244104
GUARAPIRANGA;117.0;Reservatório sem usina;TIETE;SUDESTE;SE;SUDESTE;;;2026-01-02;210.141;;408.675;;51.4201;210.141;408.675;0.03202789;0.04202207;0.0024346;0.00199728;0.0;0.0;0.00157684;0.00139925
I. SOLTEIRA;34.0;Reservatório com Usina;PARANA;PARANA;SE;SUDESTE;;;2026-01-02;2570.178;;3691.575;;69.6228;2570.178;3691.575;1.0;1.0;0.02977693;0.01804154;0.0;0.0;0.01928595;0.01263943
IRAPE;148.0;Reservatório com Usina;JEQUITINHONHA;SUDESTE;SE;SUDESTE;NE;NORDESTE;2026-01-02;1083.797;583.24;1962.895;1004.893;55.2142;1667.037;2967.788;1.0;1.0;0.01255639;0.0095931;0.0245187;0.0194403;0.01250902;0.01016128
ITUMBIARA;31.0;Reservatório com Usina;PARANAIBA;PARANA;SE;SUDESTE;;;2026-01-02;4862.634;;15706.409;;30.9596;4862.634;15706.409;0.17682796;0.20007923;0.05633629;0.07676067;0.0;0.0;0.03648795;0.05377651
JAGUARI;120.0;Reservatório com Usina;PARAIBA DO SUL;SUDESTE;SE;SUDESTE;;;2026-01-02;450.247;;1213.775;;37.0948;450.247;1213.775;0.15746161;0.16066069;0.00521636;0.00593198;0.0;0.0;0.00337854;0.00415579
JORDÃO;73.0;Reservatório sem usina;IGUACU;IGUACU;S;SUL;;;2026-01-02;15.295;;20.306;;75.3226;15.295;20.306;0.00221234;0.0020179;0.00103435;0.00099251;0.0;0.0;0.00011477;6.952e-05
JURUMIRIM;47.0;Reservatório com Usina;PARANAPANEMA;PARANAPANEMA;SE;SUDESTE;;;2026-01-02;2318.45;;4121.37;;56.2544;2318.45;4121.37;0.28234228;0.34076424;0.02686052;0.02014204;0.0;0.0;0.01739705;0.01411099
LAJES;124.0;Reservatório sem usina;PARAIBA DO SUL;SUDESTE;SE;SUDESTE;;;2026-01-02;434.024;;512.183;;84.74;434.024;512.183;0.15178806;0.06779484;0.00502841;0.00250315;0.0;0.0;0.0032568;0.00175364
LUIZ GONZAGA;172.0;Reservatório com Usina;SAO FRANCISCO;NORDESTE;NE;NORDESTE;;;2026-01-02;1183.603;;3418.033;;34.6282;1183.603;3418.033;0.04917146;0.06482484;0.04975723;0.06612405;0.0;0.0;0.00888145;0.01170286
M. MORAES;7.0;Reservatório com Usina;GRANDE;PARANA;SE;SUDESTE;;;2026-01-02;3173.071;;4339.622;;73.1186;3173.071;4339.622;0.18365957;0.08421309;0.03676177;0.02120868;0.0;0.0;0.02380991;0.01485825
MACHADINHO;91.0;Reservatório com Usina;URUGUAI;SUL;S;SUL;;;2026-01-02;668.852;;890.994;;75.0681;668.852;890.994;0.12981396;0.13238625;0.04523241;0.04354971;0.0;0.0;0.00501889;0.00305064
MANSO;278.0;Reservatório com Usina;PARAGUAI;SUDESTE;SE;SUDESTE;;;2026-01-02;314.285;;555.798;;56.5466;314.285;555.798;1.0;1.0;0.00364116;0.00271631;0.0;0.0;0.00235831;0.00190297
MARIMBONDO;17.0;Reservatório com Usina;GRANDE;PARANA;SE;SUDESTE;;;2026-01-02;1162.2;;5393.697;;21.5474;1162.2;5393.697;0.06726895;0.10466808;0.01346473;0.02636018;0.0;0.0;0.00872085;0.01846725
MIRANDA;26.0;Reservatório com Usina;PARANAIBA;PARANA;SE;SUDESTE;;;2026-01-02;188.013;;269.778;;69.6917;188.013;269.778;0.00683703;0.00343662;0.00217823;0.00131846;0.0;0.0;0.0014108;0.00092368
NOVA PONTE;25.0;Reservatório com Usina;PARANAIBA;PARANA;SE;SUDESTE;;;2026-01-02;6611.943;;22766.333;;29.0426;6611.943;22766.333;0.24044096;0.29001349;0.076603;0.11126406;0.0;0.0;0.04961432;0.07794869
PARAIBUNA;121.0;Reservatório com Usina;PARAIBA DO SUL;SUDESTE;SE;SUDESTE;;;2026-01-02;1607.086;;4561.222;;35.2337;1607.086;4561.222;0.56203452;0.60374377;0.01861898;0.02229169;0.0;0.0;0.01205916;0.01561698
PASSO FUNDO;93.0;Reservatório com Usina;URUGUAI;SUL;S;SUL;;;2026-01-02;1486.002;;1706.162;;87.0962;1486.002;1706.162;0.28841029;0.25350607;0.10049376;0.08339322;0.0;0.0;0.01115058;0.00584166
PASSO REAL;111.0;Reservatório com Usina;JACUI;SUL;S;SUL;;;2026-01-02;2099.534;;2828.801;;74.2199;2099.534;2828.801;0.90671033;0.93379678;0.14198505;0.13826519;0.0;0.0;0.01575436;0.00968541
PEDRA DO CAVALO;189.0;Reservatório com Usina;PARAGUACU;NORDESTE;NE;NORDESTE;;;2026-01-02;241.819;;335.383;;72.1023;241.819;335.383;1.0;1.0;0.01016578;0.0064882;0.0;0.0;0.00181455;0.0011483
PEIXE ANGICAL;257.0;Reservatório com Usina;TOCANTINS;SUDESTE;SE;SUDESTE;N;NORTE;2026-01-02;12.595;14.821;114.392;147.034;11.0104;27.416;261.426;0.00102635;0.00524104;0.00014592;0.00055906;0.00176907;0.00960856;0.00020572;0.00089509
PONTE NOVA;105.0;Reservatório sem usina;TIETE;PARANA;SE;SUDESTE;;;2026-01-02;;;;;;0.0;0.0;0.0;0.0;0.0;0.0;0.0;0.0;0.0;0.0
PORTO ESTRELA;135.0;Reservatório com Usina;DOCE;SUDESTE;SE;SUDESTE;;;2026-01-02;6.639;;12.899;;51.4691;6.639;12.899;1.0;1.0;7.692e-05;6.304e-05;0.0;0.0;4.982e-05;4.416e-05
PROMISSÃO;40.0;Reservatório com Usina;TIETE;PARANA;SE;SUDESTE;;;2026-01-02;1295.083;;1829.65;;70.7831;1295.083;1829.65;0.19738547;0.18813406;0.01500425;0.0089419;0.0;0.0;0.00971797;0.00626446
QUEBRA QUEIXO;95.0;Reservatório com Usina;URUGUAI;SUL;S;SUL;;;2026-01-02;5.36;;10.163;;52.7403;5.36;10.163;0.00104029;0.00151005;0.00036248;0.00049674;0.0;0.0;4.022e-05;3.48e-05
QUEIMADO;162.0;Reservatório com Usina;SAO FRANCISCO;SUDESTE;SE;SUDESTE;NE;NORDESTE;2026-01-02;73.897;129.249;283.402;484.803;26.075;203.146;768.205;0.00843947;0.01456942;0.00085614;0.00138505;0.00543347;0.00937883;0.00152436;0.00263022
RETIRO BAIXO;155.0;Reservatório com Usina;SAO FRANCISCO;SUDESTE;SE;SUDESTE;NE;NORDESTE;2026-01-02;4.901;19.39;11.43;42.91;42.8784;24.291;54.34;0.00100914;0.00103059;5.678e-05;5.586e-05;0.00081513;0.00083012;0.00018227;0.00018605
RONDON II;276.0;Reservatório com Usina;AMAZONAS;MADEIRA;SE;SUDESTE;;;2026-01-02;26.014;;56.442;;46.0898;26.014;56.442;0.04614735;0.02782819;0.00030139;0.00027584;0.0;0.0;0.0001952;0.00019325
S.DO FACÃO;21.0;Reservatório com Usina;PARANAIBA;PARANA;SE;SUDESTE;;;2026-01-02;2979.933;;6581.918;;45.2745;2979.933;6581.918;0.10836421;0.08384508;0.03452416;0.03216728;0.0;0.0;0.02236065;0.02253555
SALTO RS;;Reservatório sem usina;JACUI;SUL;S;SUL;;;2026-01-02;;;;;;0.0;0.0;0.0;0.0;0.0;0.0;0.0;0.0;0.0;0.0
SALTO SANTIAGO;77.0;Reservatório com Usina;IGUACU;IGUACU;S;SUL;;;2026-01-02;2768.835;;3340.803;;82.8793;2768.835;3340.803;0.40049778;0.33199092;0.18724783;0.16329065;0.0;0.0;0.02077662;0.01143843
SAMUEL;279.0;Reservatório com Usina;AMAZONAS;MADEIRA;SE;SUDESTE;;;2026-01-02;50.159;;257.288;;19.4953;50.159;257.288;0.0889792;0.1268534;0.00058112;0.00125742;0.0;0.0;0.00037638;0.00088092
SANTA BRANCA;122.0;Reservatório com Usina;PARAIBA DO SUL;SUDESTE;SE;SUDESTE;;;2026-01-02;138.539;;454.095;;30.5088;138.539;454.095;0.04845024;0.06010605;0.00160505;0.00221926;0.0;0.0;0.00103956;0.00155476
SANTA CLARA-PR;71.0;Reservatório com Usina;IGUACU;IGUACU;S;SUL;;;2026-01-02;253.901;;373.966;;67.8941;253.901;373.966;0.03672548;0.03716272;0.01717055;0.01827859;0.0;0.0;0.00190521;0.00128041
SANTANA;181.0;Reservatório sem usina;PARAIBA DO SUL;SUDESTE;SE;SUDESTE;;;2026-01-02;;;;;;0.0;0.0;0.0;0.0;0.0;0.0;0.0;0.0;0.0;0.0
SANTONIO CM;193.0;Reservatório sem usina;DOCE;SUDESTE;SE;SUDESTE;;;2026-01-02;;;;;;0.0;0.0;0.0;0.0;0.0;0.0;0.0;0.0;0.0;0.0
SAO ROQUE;88.0;Reservatório com Usina;URUGUAI;SUL;S;SUL;;;2026-01-02;550.078;;801.912;;68.5958;550.078;801.912;0.10676174;0.11915021;0.03720009;0.03919559;0.0;0.0;0.00412764;0.00274563
SÃO SIMÃO;33.0;Reservatório com Usina;PARANAIBA;PARANA;SE;SUDESTE;;;2026-01-02;1610.012;;5014.801;;32.1052;1610.012;5014.801;0.05854752;0.06388205;0.01865288;0.02450843;0.0;0.0;0.01208111;0.01716997
SEGREDO;76.0;Reservatório com Usina;IGUACU;IGUACU;S;SUL;;;2026-01-02;325.311;;447.497;;72.6957;325.311;447.497;0.04705457;0.04446983;0.02199979;0.02187261;0.0;0.0;0.00244105;0.00153217
SERRA DA MESA;251.0;Reservatório com Usina;TOCANTINS;SUDESTE;SE;SUDESTE;N;NORTE;2026-01-02;18717.378;5974.509;35277.664;6620.419;53.0573;24691.887;41898.083;0.92437128;0.8399674;0.21685113;0.17240968;0.71313051;0.43263937;0.18528155;0.14345308
SINOP;227.0;Reservatório com Usina;AMAZONAS;TELES PIRES;SE;SUDESTE;;;2026-01-02;91.796;;900.655;;10.1921;91.796;900.655;0.16284086;0.44405938;0.00106351;0.0044017;0.0;0.0;0.00068881;0.00308371
SOBRADINHO;169.0;Reservatório com Usina;SAO FRANCISCO;NORDESTE;NE;NORDESTE;;;2026-01-02;12964.671;;30100.282;;43.0716;12964.671;30100.282;0.53860274;0.5708681;0.54501902;0.58230931;0.0;0.0;0.09728355;0.10305909
TOCOS;180.0;Reservatório sem usina;PARAIBA DO SUL;SUDESTE;SE;SUDESTE;;;2026-01-02;;;;;;0.0;0.0;0.0;0.0;0.0;0.0;0.0;0.0;0.0;0.0
TRÊS IRMÃOS;43.0;Reservatório com Usina;TIETE;PARANA;SE;SUDESTE;;;2026-01-02;1683.472;;2328.579;;72.2961;1683.472;2328.579;0.2565804;0.23943651;0.01950395;0.01138028;0.0;0.0;0.01263234;0.00797272
TRÊS MARIAS;156.0;Reservatório com Usina;SAO FRANCISCO;SUDESTE;SE;SUDESTE;NE;NORDESTE;2026-01-02;1134.375;8560.849;2345.606;16040.745;48.3617;9695.224;18386.351;0.40277723;0.34870707;0.01314236;0.01146349;0.35988769;0.31031852;0.07275046;0.06295225
TUCURUI;275.0;Reservatório com Usina;TOCANTINS;NORTE;N;NORTE;;;2026-01-02;1992.785;;7721.097;;25.8096;1992.785;7721.097;0.07460237;0.15479156;0.23786319;0.50456785;0.0;0.0;0.01495334;0.02643594
A. VERMELHA;18.0;Reservatório com Usina;GRANDE;PARANA;SE;SUDESTE;;;2026-01-03;1229.961;;4340.282;;28.3383;1229.961;4340.282;0.07126355;0.0842259;0.0142459;0.02121191;0.0;0.0;0.00922256;0.01486051
ANTA;128.0;Reservatório sem usina;PARAIBA DO SUL;SUDESTE;SE;SUDESTE;;;2026-01-03;;;;;;0.0;0.0;0.0;0.0;0.0;0.0;0.0;0.0;0.0;0.0
B. BONITA;37.0;Reservatório com Usina;TIETE;PARANA;SE;SUDESTE;;;2026-01-03;1710.489;;2713.786;;63.0296;1710.489;2713.786;0.26144448;0.27904549;0.01981157;0.01326287;0.0;0.0;0.01282568;0.00929162
BALBINA;277.0;Reservatório com Usina;AMAZONAS;MANAUS-AMAPA;N;NORTE;;;2026-01-03;387.429;;785.737;;49.3077;387.429;785.737;0.68061226;0.38740015;0.04615761;0.05134732;0.0;0.0;0.00290504;0.00269025
BARRA GRANDE;86.0;Reservatório com Usina;URUGUAI;SUL;S;SUL;;;2026-01-03;2171.57;;2991.427;;72.5931;2171.57;2991.427;0.4178047;0.44447414;0.14672093;0.14621397;0.0;0.0;0.01628298;0.01024222
BATALHA;20.0;Reservatório com Usina;PARANAIBA;PARANA;SE;SUDESTE;;;2026-01-03;967.277;;2751.514;;35.1544;967.277;2751.514;0.03519313;0.03505071;0.01120339;0.01344725;0.0;0.0;0.00725289;0.00942079
BILLINGS;118.0;Reservatório sem usina;TIETE;SUDESTE;SE;SUDESTE;;;2026-01-03;1652.764;;2444.556;;67.61;1652.764;2444.556;0.25262134;0.25136187;0.01914297;0.01194708;0.0;0.0;0.01239284;0.00836981
BLANG;;Reservatório sem usina;JACUI;SUL;S;SUL;;;2026-01-03;;;;;;0.0;0.0;0.0;0.0;0.0;0.0;0.0;0.0;0.0;0.0
BOA ESPERANÇA;190.0;Reservatório com Usina;PARNAIBA;NORDESTE;NE;NORDESTE;;;2026-01-03;103.927;;264.178;;39.3398;103.927;264.178;1.0;1.0;0.00436077;0.00511069;0.0;0.0;0.00077927;0.00090451
C.BRANCO-1;27.0;Reservatório com Usina;PARANAIBA;PARANA;SE;SUDESTE;;;2026-01-03;4.251;;20.753;;20.4838;4.251;20.753;0.00015467;0.00026437;4.924e-05;0.00010142;0.0;0.0;3.188e-05;7.106e-05
CACONDE;14.0;Reservatório com Usina;GRANDE;PARANA;SE;SUDESTE;;;2026-01-03;316.299;;853.4;;37.0634;316.299;853.4;0.01832626;0.01656076;0.0036635;0.00417075;0.0;0.0;0.00237169;0.00292192
CACU;311.0;Reservatório com Usina;PARANAIBA;PARANA;SE;SUDESTE;;;2026-01-03;27.412;;30.877;;88.7781;27.412;30.877;0.00099735;0.00039333;0.0003175;0.0001509;0.0;0.0;0.00020554;0.00010572
CAMARGOS;1.0;Reservatório com Usina;GRANDE;PARANA;SE;SUDESTE;;;2026-01-03;769.878;;1568.489;;49.0841;769.878;1568.489;0.04460649;0.03043752;0.00891704;0.00766555;0.0;0.0;0.00577274;0.00537028
CAMPOS NOVOS;90.0;Reservatório com Usina;URUGUAI;SUL;S;SUL;;;2026-01-03;195.37;;227.826;;85.754;195.37;227.826;0.0375887;0.03385099;0.01320007;0.0111356;0.0;0.0;0.00146493;0.00078004
CAPIVARA;61.0;Reservatório com Usina;PARANAPANEMA;PARANAPANEMA;SE;SUDESTE;;;2026-01-03;3578.299;;3889.672;;91.9949;3578.299;3889.672;0.43496836;0.32160692;0.04144529;0.01900968;0.0;0.0;0.02683099;0.01331768
CHAVANTES;49.0;Reservatório com Usina;PARANAPANEMA;PARANAPANEMA;SE;SUDESTE;;;2026-01-03;1841.664;;3370.499;;54.6407;1841.664;3370.499;0.2238677;0.27868052;0.02133089;0.01647237;0.0;0.0;0.01380926;0.01154011
CORUMBA;30.0;Reservatório com Usina;PARANAIBA;PARANA;SE;SUDESTE;;;2026-01-03;665.677;;1531.054;;43.4783;665.677;1531.054;0.0242198;0.01950364;0.00771014;0.0074826;0.0;0.0;0.00499141;0.00524211
CORUMBA-3;203.0;Reservatório com Usina;PARANAIBA;PARANA;SE;SUDESTE;;;2026-01-03;125.398;;425.126;;29.4967;125.398;425.126;0.00456244;0.00541555;0.00145241;0.00207768;0.0;0.0;0.00094027;0.00145557
CORUMBA-4;29.0;Reservatório com Usina;PARANAIBA;PARANA;SE;SUDESTE;;;2026-01-03;455.099;;1415.959;;32.1407;455.099;1415.959;0.01655819;0.01803748;0.00527114;0.0069201;0.0;0.0;0.00341245;0.00484804
CURUA-UNA;272.0;Reservatório com Usina;AMAZONAS;BELO MONTE;N;NORTE;;;2026-01-03;5.146;;28.109;;18.3073;5.146;28.109;0.00904019;0.01385888;0.00061309;0.0018369;0.0;0.0;3.859e-05;9.624e-05
DIVISA;;Reservatório sem usina;JACUI;SUL;S;SUL;;;2026-01-03;;;;;;0.0;0.0;0.0;0.0;0.0;0.0;0.0;0.0;0.0;0.0
EDGARD SOUZA;107.0;Reservatório sem usina;TIETE;PARANA;SE;SUDESTE;;;2026-01-03;;;;;;0.0;0.0;0.0;0.0;0.0;0.0;0.0;0.0;0.0;0.0
EMBORCAÇÃO;24.0;Reservatório com Usina;PARANAIBA;PARANA;SE;SUDESTE;;;2026-01-03;8974.292;;21873.496;;41.0282;8974.292;21873.496;0.32651803;0.2786399;0.10394385;0.10690057;0.0;0.0;0.0672915;0.07489174
ERNESTINA;110.0;Reservatório sem usina;JACUI;SUL;S;SUL;;;2026-01-03;213.511;;200.552;;106.4617;213.511;200.552;0.0921687;0.06620289;0.01442575;0.00980251;0.0;0.0;0.00160096;0.00068666
ESPORA;290.0;Reservatório com Usina;PARANAIBA;PARANA;SE;SUDESTE;;;2026-01-03;24.457;;112.927;;21.6574;24.457;112.927;0.00088984;0.00143854;0.00028327;0.0005519;0.0;0.0;0.00018338;0.00038665
FUNIL;123.0;Reservatório com Usina;PARAIBA DO SUL;SUDESTE;SE;SUDESTE;;;2026-01-03;223.47;;813.622;;27.4661;223.47;813.622;0.07847909;0.10769465;0.00258832;0.00397635;0.0;0.0;0.00167563;0.00278573
FURNAS;6.0;Reservatório com Usina;GRANDE;PARANA;SE;SUDESTE;;;2026-01-03;10687.512;;35035.949;;30.5044;10687.512;35035.949;0.61923106;0.67989462;0.12378705;0.17122837;0.0;0.0;0.08013766;0.11995811
G. B. MUNHOZ;74.0;Reservatório com Usina;IGUACU;IGUACU;S;SUL;;;2026-01-03;3524.478;;5880.363;;59.9364;3524.478;5880.363;0.51178061;0.58435864;0.23812942;0.28741842;0.0;0.0;0.02642742;0.02013353
G. P. SOUZA;115.0;Reservatório com Usina;CAPIVARI;SUL;S;SUL;;;2026-01-03;223.827;;374.956;;59.6942;223.827;374.956;1.0;1.0;0.01512275;0.01832697;0.0;0.0;0.00167831;0.0012838
GARIBALDI;89.0;Reservatório com Usina;URUGUAI;SUL;S;SUL;;;2026-01-03;81.541;;101.775;;80.1189;81.541;101.775;0.01568829;0.015122;0.00550927;0.00497452;0.0;0.0;0.00061141;0.00034846
GOV JAYME CANET JR;57.0;Reservatório com Usina;PARANAPANEMA;IGUACU;S;SUL;SE;SUDESTE;2026-01-03;176.063;306.592;261.737;451.213;67.2671;482.655;712.95;0.05867024;0.05894833;0.0118956;0.01279309;0.00355107;0.00220518;0.00361907;0.00244104
GUARAPIRANGA;117.0;Reservatório sem usina;TIETE;SUDESTE;SE;SUDESTE;;;2026-01-03;211.081;;408.675;;51.6501;211.081;408.675;0.03226327;0.04202207;0.00244482;0.00199728;0.0;0.0;0.00158274;0.00139925
I. SOLTEIRA;34.0;Reservatório com Usina;PARANA;PARANA;SE;SUDESTE;;;2026-01-03;2608.396;;3691.575;;70.6581;2608.396;3691.575;1.0;1.0;0.03021149;0.01804154;0.0;0.0;0.01955841;0.01263943
IRAPE;148.0;Reservatório com Usina;JEQUITINHONHA;SUDESTE;SE;SUDESTE;NE;NORDESTE;2026-01-03;1086.013;584.345;1962.895;1004.893;55.3271;1670.358;2967.788;1.0;1.0;0.01257864;0.0095931;0.0245191;0.0194403;0.01252476;0.01016128
ITUMBIARA;31.0;Reservatório com Usina;PARANAIBA;PARANA;SE;SUDESTE;;;2026-01-03;4869.196;;15706.409;;31.0013;4869.196;15706.409;0.17715941;0.20007923;0.05639698;0.07676067;0.0;0.0;0.03651046;0.05377651
JAGUARI;120.0;Reservatório com Usina;PARAIBA DO SUL;SUDESTE;SE;SUDESTE;;;2026-01-03;448.358;;1213.775;;36.9391;448.358;1213.775;0.15745616;0.16066069;0.00519306;0.00593198;0.0;0.0;0.0033619;0.00415579
JORDÃO;73.0;Reservatório sem usina;IGUACU;IGUACU;S;SUL;;;2026-01-03;14.084;;20.306;;69.3588;14.084;20.306;0.0020451;0.0020179;0.00095158;0.00099251;0.0;0.0;0.00010561;6.952e-05
JURUMIRIM;47.0;Reservatório com Usina;PARANAPANEMA;PARANAPANEMA;SE;SUDESTE;;;2026-01-03;2323.955;;4121.37;;56.3879;2323.955;4121.37;0.28249369;0.34076424;0.02691698;0.02014204;0.0;0.0;0.0174256;0.01411099
LAJES;124.0;Reservatório sem usina;PARAIBA DO SUL;SUDESTE;SE;SUDESTE;;;2026-01-03;434.997;;512.183;;84.93;434.997;512.183;0.15276399;0.06779484;0.00503831;0.00250315;0.0;0.0;0.00326172;0.00175364
LUIZ GONZAGA;172.0;Reservatório com Usina;SAO FRANCISCO;NORDESTE;NE;NORDESTE;;;2026-01-03;1196.9;;3418.033;;35.0172;1196.9;3418.033;0.0496295;0.06482484;0.05022188;0.06612405;0.0;0.0;0.00897466;0.01170286
M. MORAES;7.0;Reservatório com Usina;GRANDE;PARANA;SE;SUDESTE;;;2026-01-03;3164.37;;4339.622;;72.9181;3164.37;4339.622;0.1833426;0.08421309;0.036651;0.02120868;0.0;0.0;0.02372724;0.01485825
MACHADINHO;91.0;Reservatório com Usina;URUGUAI;SUL;S;SUL;;;2026-01-03;662.97;;890.994;;74.4079;662.97;890.994;0.12755379;0.13238625;0.0447932;0.04354971;0.0;0.0;0.00497112;0.00305064
MANSO;278.0;Reservatório com Usina;PARAGUAI;SUDESTE;SE;SUDESTE;;;2026-01-03;314.285;;555.798;;56.5466;314.285;555.798;1.0;1.0;0.00364017;0.00271631;0.0;0.0;0.00235659;0.00190297
MARIMBONDO;17.0;Reservatório com Usina;GRANDE;PARANA;SE;SUDESTE;;;2026-01-03;1091.308;;5393.697;;20.233;1091.308;5393.697;0.06323004;0.10466808;0.01263997;0.02636018;0.0;0.0;0.0081829;0.01846725
MIRANDA;26.0;Reservatório com Usina;PARANAIBA;PARANA;SE;SUDESTE;;;2026-01-03;188.92;;269.778;;70.0279;188.92;269.778;0.00687361;0.00343662;0.00218815;0.00131846;0.0;0.0;0.00141657;0.00092368
NOVA PONTE;25.0;Reservatório com Usina;PARANAIBA;PARANA;SE;SUDESTE;;;2026-01-03;6596.058;;22766.333;;28.9729;6596.058;22766.333;0.23998906;0.29001349;0.07639819;0.11126406;0.0;0.0;0.0494589;0.07794869
PARAIBUNA;121.0;Reservatório com Usina;PARAIBA DO SUL;SUDESTE;SE;SUDESTE;;;2026-01-03;1600.275;;4561.222;;35.0843;1600.275;4561.222;0.561991;0.60374377;0.01853503;0.02229169;0.0;0.0;0.01199926;0.01561698
PASSO FUNDO;93.0;Reservatório com Usina;URUGUAI;SUL;S;SUL;;;2026-01-03;1492.914;;1706.162;;87.5013;1492.914;1706.162;0.28723296;0.25350607;0.10086791;0.08339322;0.0;0.0;0.01119425;0.00584166
PASSO REAL;111.0;Reservatório com Usina;JACUI;SUL;S;SUL;;;2026-01-03;2103.013;;2828.801;;74.3429;2103.013;2828.801;0.9078313;0.93379678;0.14208892;0.13826519;0.0;0.0;0.01576892;0.00968541
PEDRA DO CAVALO;189.0;Reservatório com Usina;PARAGUACU;NORDESTE;NE;NORDESTE;;;2026-01-03;240.93;;335.383;;71.8373;240.93;335.383;1.0;1.0;0.01010941;0.0064882;0.0;0.0;0.00180655;0.0011483
PEIXE ANGICAL;257.0;Reservatório com Usina;TOCANTINS;SUDESTE;SE;SUDESTE;N;NORTE;2026-01-03;28.742;33.743;114.392;147.034;25.1259;62.485;261.426;0.00233603;0.00524104;0.0003329;0.00055906;0.00402008;0.00960856;0.00046853;0.00089509
PONTE NOVA;105.0;Reservatório sem usina;TIETE;PARANA;SE;SUDESTE;;;2026-01-03;;;;;;0.0;0.0;0.0;0.0;0.0;0.0;0.0;0.0;0.0;0.0
PORTO ESTRELA;135.0;Reservatório com Usina;DOCE;SUDESTE;SE;SUDESTE;;;2026-01-03;6.854;;12.899;;53.1359;6.854;12.899;1.0;1.0;7.939e-05;6.304e-05;0.0;0.0;5.139e-05;4.416e-05
PROMISSÃO;40.0;Reservatório com Usina;TIETE;PARANA;SE;SUDESTE;;;2026-01-03;1260.059;;1829.65;;68.8689;1260.059;1829.65;0.19259724;0.18813406;0.01459451;0.0089419;0.0;0.0;0.00944824;0.00626446
QUEBRA QUEIXO;95.0;Reservatório com Usina;URUGUAI;SUL;S;SUL;;;2026-01-03;6.396;;10.163;;62.9342;6.396;10.163;0.00123057;0.00151005;0.00043214;0.00049674;0.0;0.0;4.796e-05;3.48e-05
QUEIMADO;162.0;Reservatório com Usina;SAO FRANCISCO;SUDESTE;SE;SUDESTE;NE;NORDESTE;2026-01-03;74.287;129.924;283.402;484.803;26.2126;204.211;768.205;0.00846762;0.01456942;0.00086042;0.00138505;0.00545161;0.00937883;0.00153123;0.00263022
RETIRO BAIXO;155.0;Reservatório com Usina;SAO FRANCISCO;SUDESTE;SE;SUDESTE;NE;NORDESTE;2026-01-03;5.008;19.814;11.43;42.91;43.8145;24.822;54.34;0.00102925;0.00103059;5.8e-05;5.586e-05;0.00083139;0.00083012;0.00018612;0.00018605
RONDON II;276.0;Reservatório com Usina;AMAZONAS;MADEIRA;SE;SUDESTE;;;2026-01-03;25.451;;56.442;;45.0923;25.451;56.442;0.04471081;0.02782819;0.00029478;0.00027584;0.0;0.0;0.00019084;0.00019325
S.DO FACÃO;21.0;Reservatório com Usina;PARANAIBA;PARANA;SE;SUDESTE;;;2026-01-03;2972.152;;6581.918;;45.1563;2972.152;6581.918;0.10813792;0.08384508;0.03442466;0.03216728;0.0;0.0;0.02228594;0.02253555
SALTO RS;;Reservatório sem usina;JACUI;SUL;S;SUL;;;2026-01-03;;;;;;0.0;0.0;0.0;0.0;0.0;0.0;0.0;0.0;0.0;0.0
SALTO SANTIAGO;77.0;Reservatório com Usina;IGUACU;IGUACU;S;SUL;;;2026-01-03;2749.147;;3340.803;;82.29;2749.147;3340.803;0.39919674;0.33199092;0.1857446;0.16329065;0.0;0.0;0.0206138;0.01143843
SAMUEL;279.0;Reservatório com Usina;AMAZONAS;MADEIRA;SE;SUDESTE;;;2026-01-03;51.126;;257.288;;19.8711;51.126;257.288;0.08981512;0.1268534;0.00059216;0.00125742;0.0;0.0;0.00038336;0.00088092
SANTA BRANCA;122.0;Reservatório com Usina;PARAIBA DO SUL;SUDESTE;SE;SUDESTE;;;2026-01-03;140.41;;454.095;;30.9208;140.41;454.095;0.04930975;0.06010605;0.00162628;0.00221926;0.0;0.0;0.00105283;0.00155476
SANTA CLARA-PR;71.0;Reservatório com Usina;IGUACU;IGUACU;S;SUL;;;2026-01-03;252.846;;373.966;;67.612;252.846;373.966;0.03671513;0.03716272;0.0170834;0.01827859;0.0;0.0;0.0018959;0.00128041
SANTANA;181.0;Reservatório sem usina;PARAIBA DO SUL;SUDESTE;SE;SUDESTE;;;2026-01-03;;;;;;0.0;0.0;0.0;0.0;0.0;0.0;0.0;0.0;0.0;0.0
SANTONIO CM;193.0;Reservatório sem usina;DOCE;SUDESTE;SE;SUDESTE;;;2026-01-03;;;;;;0.0;0.0;0.0;0.0;0.0;0.0;0.0;0.0;0.0;0.0
SAO ROQUE;88.0;Reservatório com Usina;URUGUAI;SUL;S;SUL;;;2026-01-03;586.811;;801.912;;73.1765;586.811;801.912;0.11290099;0.11915021;0.03964756;0.03919559;0.0;0.0;0.00440006;0.00274563
SÃO SIMÃO;33.0;Reservatório com Usina;PARANAIBA;PARANA;SE;SUDESTE;;;2026-01-03;1614.639;;5014.801;;32.1975;1614.639;5014.801;0.05874656;0.06388205;0.0187014;0.02450843;0.0;0.0;0.01210697;0.01716997
SEGREDO;76.0;Reservatório com Usina;IGUACU;IGUACU;S;SUL;;;2026-01-03;346.142;;447.497;;77.3507;346.142;447.497;0.05026241;0.04446983;0.02338689;0.02187261;0.0;0.0;0.00259546;0.00153217
SERRA DA MESA;251.0;Reservatório com Usina;TOCANTINS;SUDESTE;SE;SUDESTE;N;NORTE;2026-01-03;18718.634;5974.509;35277.664;6620.419;53.0609;24693.143;41898.083;0.92316292;0.8399674;0.21680672;0.17240968;0.71179246;0.43263937;0.1851554;0.14345308
SINOP;227.0;Reservatório com Usina;AMAZONAS;TELES PIRES;SE;SUDESTE;;;2026-01-03;100.085;;900.655;;11.1125;100.085;900.655;0.17582338;0.44405938;0.00115922;0.0044017;0.0;0.0;0.00075046;0.00308371
SOBRADINHO;169.0;Reservatório com Usina;SAO FRANCISCO;NORDESTE;NE;NORDESTE;;;2026-01-03;12995.055;;30100.282;;43.1725;12995.055;30100.282;0.53884036;0.5708681;0.54527208;0.58230931;0.0;0.0;0.09744019;0.10305909
TOCOS;180.0;Reservatório sem usina;PARAIBA DO SUL;SUDESTE;SE;SUDESTE;;;2026-01-03;;;;;;0.0;0.0;0.0;0.0;0.0;0.0;0.0;0.0;0.0;0.0
TRÊS IRMÃOS;43.0;Reservatório com Usina;TIETE;PARANA;SE;SUDESTE;;;2026-01-03;1708.063;;2328.579;;73.3522;1708.063;2328.579;0.26107367;0.23943651;0.01978347;0.01138028;0.0;0.0;0.01280749;0.00797272
TRÊS MARIAS;156.0;Reservatório com Usina;SAO FRANCISCO;SUDESTE;SE;SUDESTE;NE;NORDESTE;2026-01-03;1134.375;8561.343;2345.606;16040.745;48.3617;9695.718;18386.351;0.40203325;0.34870707;0.01313879;0.01146349;0.35923367;0.31031852;0.07270093;0.06295225
TUCURUI;275.0;Reservatório com Usina;TOCANTINS;NORTE;N;NORTE;;;2026-01-03;1992.785;;7721.097;;25.8096;1992.785;7721.097;0.07450106;0.15479156;0.23741689;0.50456785;0.0;0.0;0.0149424;0.02643594
A. VERMELHA;18.0;Reservatório com Usina;GRANDE;PARANA;SE;SUDESTE;;;2026-01-04;1237.846;;4340.282;;28.5199;1237.846;4340.282;0.07108157;0.0842259;0.01426395;0.02121191;0.0;0.0;0.00924636;0.01486051
ANTA;128.0;Reservatório sem usina;PARAIBA DO SUL;SUDESTE;SE;SUDESTE;;;2026-01-04;;;;;;0.0;0.0;0.0;0.0;0.0;0.0;0.0;0.0;0.0;0.0
B. BONITA;37.0;Reservatório com Usina;TIETE;PARANA;SE;SUDESTE;;;2026-01-04;1729.27;;2713.786;;63.7217;1729.27;2713.786;0.26281286;0.27904549;0.01992673;0.01326287;0.0;0.0;0.01291716;0.00929162
BALBINA;277.0;Reservatório com Usina;AMAZONAS;MANAUS-AMAPA;N;NORTE;;;2026-01-04;385.21;;785.737;;49.0253;385.21;785.737;0.67039096;0.38740015;0.04578087;0.05134732;0.0;0.0;0.00287741;0.00269025
BARRA GRANDE;86.0;Reservatório com Usina;URUGUAI;SUL;S;SUL;;;2026-01-04;2169.118;;2991.427;;72.5111;2169.118;2991.427;0.41583388;0.44447414;0.14672745;0.14621397;0.0;0.0;0.0162027;0.01024222
BATALHA;20.0;Reservatório com Usina;PARANAIBA;PARANA;SE;SUDESTE;;;2026-01-04;969.313;;2751.514;;35.2284;969.313;2751.514;0.03512748;0.03505071;0.01116959;0.01344725;0.0;0.0;0.00724049;0.00942079
BILLINGS;118.0;Reservatório sem usina;TIETE;SUDESTE;SE;SUDESTE;;;2026-01-04;1665.72;;2444.556;;68.14;1665.72;2444.556;0.25315459;0.25136187;0.01919443;0.01194708;0.0;0.0;0.01244246;0.00836981
BLANG;;Reservatório sem usina;JACUI;SUL;S;SUL;;;2026-01-04;;;;;;0.0;0.0;0.0;0.0;0.0;0.0;0.0;0.0;0.0;0.0
BOA ESPERANÇA;190.0;Reservatório com Usina;PARNAIBA;NORDESTE;NE;NORDESTE;;;2026-01-04;103.117;;264.178;;39.0332;103.117;264.178;1.0;1.0;0.00431544;0.00511069;0.0;0.0;0.00077025;0.00090451
C.BRANCO-1;27.0;Reservatório com Usina;PARANAIBA;PARANA;SE;SUDESTE;;;2026-01-04;5.963;;20.753;;28.7332;5.963;20.753;0.0002161;0.00026437;6.871e-05;0.00010142;0.0;0.0;4.454e-05;7.106e-05
CACONDE;14.0;Reservatório com Usina;GRANDE;PARANA;SE;SUDESTE;;;2026-01-04;319.589;;853.4;;37.4489;319.589;853.4;0.01835195;0.01656076;0.00368269;0.00417075;0.0;0.0;0.00238724;0.00292192
CACU;311.0;Reservatório com Usina;PARANAIBA;PARANA;SE;SUDESTE;;;2026-01-04;28.539;;30.877;;92.428;28.539;30.877;0.00103424;0.00039333;0.00032886;0.0001509;0.0;0.0;0.00021318;0.00010572
CAMARGOS;1.0;Reservatório com Usina;GRANDE;PARANA;SE;SUDESTE;;;2026-01-04;778.48;;1568.489;;49.6325;778.48;1568.489;0.04470312;0.03043752;0.00897058;0.00766555;0.0;0.0;0.00581503;0.00537028
CAMPOS NOVOS;90.0;Reservatório com Usina;URUGUAI;SUL;S;SUL;;;2026-01-04;207.647;;227.826;;91.1428;207.647;227.826;0.03980727;0.03385099;0.01404604;0.0111356;0.0;0.0;0.00155106;0.00078004
CAPIVARA;61.0;Reservatório com Usina;PARANAPANEMA;PARANAPANEMA;SE;SUDESTE;;;2026-01-04;3589.855;;3889.672;;92.292;3589.855;3889.672;0.4361963;0.32160692;0.04136662;0.01900968;0.0;0.0;0.0268152;0.01331768
CHAVANTES;49.0;Reservatório com Usina;PARANAPANEMA;PARANAPANEMA;SE;SUDESTE;;;2026-01-04;1841.759;;3370.499;;54.6435;1841.759;3370.499;0.22378856;0.27868052;0.02122296;0.01647237;0.0;0.0;0.01375742;0.01154011
CORUMBA;30.0;Reservatório com Usina;PARANAIBA;PARANA;SE;SUDESTE;;;2026-01-04;658.955;;1531.054;;43.0393;658.955;1531.054;0.02388024;0.01950364;0.00759327;0.0074826;0.0;0.0;0.00492221;0.00524211
CORUMBA-3;203.0;Reservatório com Usina;PARANAIBA;PARANA;SE;SUDESTE;;;2026-01-04;130.284;;425.126;;30.646;130.284;425.126;0.00472144;0.00541555;0.00150129;0.00207768;0.0;0.0;0.00097318;0.00145557
CORUMBA-4;29.0;Reservatório com Usina;PARANAIBA;PARANA;SE;SUDESTE;;;2026-01-04;455.123;;1415.959;;32.1424;455.123;1415.959;0.01649346;0.01803748;0.00524447;0.0069201;0.0;0.0;0.00339964;0.00484804
CURUA-UNA;272.0;Reservatório com Usina;AMAZONAS;BELO MONTE;N;NORTE;;;2026-01-04;5.29;;28.109;;18.8196;5.29;28.109;0.00920632;0.01385888;0.0006287;0.0018369;0.0;0.0;3.951e-05;9.624e-05
DIVISA;;Reservatório sem usina;JACUI;SUL;S;SUL;;;2026-01-04;;;;;;0.0;0.0;0.0;0.0;0.0;0.0;0.0;0.0;0.0;0.0
EDGARD SOUZA;107.0;Reservatório sem usina;TIETE;PARANA;SE;SUDESTE;;;2026-01-04;;;;;;0.0;0.0;0.0;0.0;0.0;0.0;0.0;0.0;0.0;0.0
EMBORCAÇÃO;24.0;Reservatório com Usina;PARANAIBA;PARANA;SE;SUDESTE;;;2026-01-04;9024.504;;21873.496;;41.2577;9024.504;21873.496;0.32704409;0.2786399;0.10399117;0.10690057;0.0;0.0;0.06741049;0.07489174
ERNESTINA;110.0;Reservatório sem usina;JACUI;SUL;S;SUL;;;2026-01-04;212.267;;200.552;;105.8414;212.267;200.552;0.09161207;0.06620289;0.01435855;0.00980251;0.0;0.0;0.00158557;0.00068666
ESPORA;290.0;Reservatório com Usina;PARANAIBA;PARANA;SE;SUDESTE;;;2026-01-04;24.46;;112.927;;21.66;24.46;112.927;0.00088642;0.00143854;0.00028186;0.0005519;0.0;0.0;0.00018271;0.00038665
FUNIL;123.0;Reservatório com Usina;PARAIBA DO SUL;SUDESTE;SE;SUDESTE;;;2026-01-04;217.754;;813.622;;26.7635;217.754;813.622;0.07699055;0.10769465;0.00250922;0.00397635;0.0;0.0;0.00162656;0.00278573
FURNAS;6.0;Reservatório com Usina;GRANDE;PARANA;SE;SUDESTE;;;2026-01-04;10807.102;;35035.949;;30.8458;10807.102;35035.949;0.62058266;0.67989462;0.1245324;0.17122837;0.0;0.0;0.080726;0.11995811
G. B. MUNHOZ;74.0;Reservatório com Usina;IGUACU;IGUACU;S;SUL;;;2026-01-04;3501.303;;5880.363;;59.5423;3501.303;5880.363;0.51083113;0.58435864;0.23684155;0.28741842;0.0;0.0;0.02615374;0.02013353
G. P. SOUZA;115.0;Reservatório com Usina;CAPIVARI;SUL;S;SUL;;;2026-01-04;222.923;;374.956;;59.4531;222.923;374.956;1.0;1.0;0.01507937;0.01832697;0.0;0.0;0.00166517;0.0012838
GARIBALDI;89.0;Reservatório com Usina;URUGUAI;SUL;S;SUL;;;2026-01-04;71.45;;101.775;;70.2039;71.45;101.775;0.01369742;0.015122;0.00483315;0.00497452;0.0;0.0;0.00053371;0.00034846
GOV JAYME CANET JR;57.0;Reservatório com Usina;PARANAPANEMA;IGUACU;S;SUL;SE;SUDESTE;2026-01-04;172.931;301.305;261.737;451.213;66.0705;474.236;712.95;0.05762349;0.05894833;0.01169772;0.01279309;0.003472;0.00220518;0.00354241;0.00244104
GUARAPIRANGA;117.0;Reservatório sem usina;TIETE;SUDESTE;SE;SUDESTE;;;2026-01-04;210.141;;408.675;;51.4201;210.141;408.675;0.03193704;0.04202207;0.0024215;0.00199728;0.0;0.0;0.00156969;0.00139925
I. SOLTEIRA;34.0;Reservatório com Usina;PARANA;PARANA;SE;SUDESTE;;;2026-01-04;2654.789;;3691.575;;71.9148;2654.789;3691.575;1.0;1.0;0.03059167;0.01804154;0.0;0.0;0.01983052;0.01263943
IRAPE;148.0;Reservatório com Usina;JEQUITINHONHA;SUDESTE;SE;SUDESTE;NE;NORDESTE;2026-01-04;1086.617;584.647;1962.895;1004.893;55.3579;1671.264;2967.788;1.0;1.0;0.01252131;0.0095931;0.02446744;0.0194403;0.01248387;0.01016128
ITUMBIARA;31.0;Reservatório com Usina;PARANAIBA;PARANA;SE;SUDESTE;;;2026-01-04;4926.239;;15706.409;;31.3645;4926.239;15706.409;0.17852475;0.20007923;0.05676604;0.07676067;0.0;0.0;0.03679761;0.05377651
JAGUARI;120.0;Reservatório com Usina;PARAIBA DO SUL;SUDESTE;SE;SUDESTE;;;2026-01-04;444.813;;1213.775;;36.6471;444.813;1213.775;0.15727105;0.16066069;0.00512567;0.00593198;0.0;0.0;0.00332263;0.00415579
JORDÃO;73.0;Reservatório sem usina;IGUACU;IGUACU;S;SUL;;;2026-01-04;14.593;;20.306;;71.8655;14.593;20.306;0.00212908;0.0020179;0.00098713;0.00099251;0.0;0.0;0.00010901;6.952e-05
JURUMIRIM;47.0;Reservatório com Usina;PARANAPANEMA;PARANAPANEMA;SE;SUDESTE;;;2026-01-04;2324.058;;4121.37;;56.3904;2324.058;4121.37;0.28239177;0.34076424;0.02678059;0.02014204;0.0;0.0;0.01736006;0.01411099
LAJES;124.0;Reservatório sem usina;PARAIBA DO SUL;SUDESTE;SE;SUDESTE;;;2026-01-04;435.305;;512.183;;84.9901;435.305;512.183;0.15390933;0.06779484;0.00501611;0.00250315;0.0;0.0;0.00325161;0.00175364
LUIZ GONZAGA;172.0;Reservatório com Usina;SAO FRANCISCO;NORDESTE;NE;NORDESTE;;;2026-01-04;1209.517;;3418.033;;35.3863;1209.517;3418.033;0.05001318;0.06482484;0.0506182;0.06612405;0.0;0.0;0.00903475;0.01170286
M. MORAES;7.0;Reservatório com Usina;GRANDE;PARANA;SE;SUDESTE;;;2026-01-04;3207.123;;4339.622;;73.9033;3207.123;4339.622;0.18416454;0.08421309;0.03695632;0.02120868;0.0;0.0;0.0239563;0.01485825
MACHADINHO;91.0;Reservatório com Usina;URUGUAI;SUL;S;SUL;;;2026-01-04;655.824;;890.994;;73.6059;655.824;890.994;0.12572568;0.13238625;0.04436245;0.04354971;0.0;0.0;0.00489882;0.00305064
MANSO;278.0;Reservatório com Usina;PARAGUAI;SUDESTE;SE;SUDESTE;;;2026-01-04;314.285;;555.798;;56.5466;314.285;555.798;1.0;1.0;0.00362157;0.00271631;0.0;0.0;0.00234762;0.00190297
MARIMBONDO;17.0;Reservatório com Usina;GRANDE;PARANA;SE;SUDESTE;;;2026-01-04;1064.304;;5393.697;;19.7324;1064.304;5393.697;0.06111616;0.10466808;0.01226419;0.02636018;0.0;0.0;0.00795005;0.01846725
MIRANDA;26.0;Reservatório com Usina;PARANAIBA;PARANA;SE;SUDESTE;;;2026-01-04;186.241;;269.778;;69.0349;186.241;269.778;0.00674929;0.00343662;0.00214609;0.00131846;0.0;0.0;0.00139117;0.00092368
NOVA PONTE;25.0;Reservatório com Usina;PARANAIBA;PARANA;SE;SUDESTE;;;2026-01-04;6616.854;;22766.333;;29.0642;6616.854;22766.333;0.2397919;0.29001349;0.07624734;0.11126406;0.0;0.0;0.04942603;0.07794869
PARAIBUNA;121.0;Reservatório com Usina;PARAIBA DO SUL;SUDESTE;SE;SUDESTE;;;2026-01-04;1589.408;;4561.222;;34.8461;1589.408;4561.222;0.56196167;0.60374377;0.01831507;0.02229169;0.0;0.0;0.01187243;0.01561698
PASSO FUNDO;93.0;Reservatório com Usina;URUGUAI;SUL;S;SUL;;;2026-01-04;1492.914;;1706.162;;87.5013;1492.914;1706.162;0.28620122;0.25350607;0.10098642;0.08339322;0.0;0.0;0.01115165;0.00584166
PASSO REAL;111.0;Reservatório com Usina;JACUI;SUL;S;SUL;;;2026-01-04;2104.753;;2828.801;;74.4044;2104.753;2828.801;0.90838793;0.93379678;0.14237356;0.13826519;0.0;0.0;0.01572191;0.00968541
PEDRA DO CAVALO;189.0;Reservatório com Usina;PARAGUACU;NORDESTE;NE;NORDESTE;;;2026-01-04;241.374;;335.383;;71.9697;241.374;335.383;1.0;1.0;0.01010148;0.0064882;0.0;0.0;0.001803;0.0011483
PEIXE ANGICAL;257.0;Reservatório com Usina;TOCANTINS;SUDESTE;SE;SUDESTE;N;NORTE;2026-01-04;48.192;56.419;114.392;147.034;42.1288;104.611;261.426;0.00389383;0.00524104;0.00055533;0.00055906;0.0067052;0.00960856;0.00078141;0.00089509
PONTE NOVA;105.0;Reservatório sem usina;TIETE;PARANA;SE;SUDESTE;;;2026-01-04;;;;;;0.0;0.0;0.0;0.0;0.0;0.0;0.0;0.0;0.0;0.0
PORTO ESTRELA;135.0;Reservatório com Usina;DOCE;SUDESTE;SE;SUDESTE;;;2026-01-04;7.601;;12.899;;58.927;7.601;12.899;1.0;1.0;8.759e-05;6.304e-05;0.0;0.0;5.678e-05;4.416e-05
PROMISSÃO;40.0;Reservatório com Usina;TIETE;PARANA;SE;SUDESTE;;;2026-01-04;1246.98;;1829.65;;68.154;1246.98;1829.65;0.18951487;0.18813406;0.0143692;0.0089419;0.0;0.0;0.00931459;0.00626446
QUEBRA QUEIXO;95.0;Reservatório com Usina;URUGUAI;SUL;S;SUL;;;2026-01-04;6.805;;10.163;;66.9586;6.805;10.163;0.00130456;0.00151005;0.00046032;0.00049674;0.0;0.0;5.083e-05;3.48e-05
QUEIMADO;162.0;Reservatório com Usina;SAO FRANCISCO;SUDESTE;SE;SUDESTE;NE;NORDESTE;2026-01-04;75.095;131.316;283.402;484.803;26.4977;206.411;768.205;0.00853503;0.01456942;0.00086533;0.00138505;0.00549557;0.00937883;0.00154183;0.00263022
RETIRO BAIXO;155.0;Reservatório com Usina;SAO FRANCISCO;SUDESTE;SE;SUDESTE;NE;NORDESTE;2026-01-04;6.308;24.91;11.43;42.91;55.1881;31.218;54.34;0.00129086;0.00103059;7.269e-05;5.586e-05;0.00104248;0.00083012;0.00023319;0.00018605
RONDON II;276.0;Reservatório com Usina;AMAZONAS;MADEIRA;SE;SUDESTE;;;2026-01-04;24.776;;56.442;;43.8964;24.776;56.442;0.04311832;0.02782819;0.0002855;0.00027584;0.0;0.0;0.00018507;0.00019325
S.DO FACÃO;21.0;Reservatório com Usina;PARANAIBA;PARANA;SE;SUDESTE;;;2026-01-04;2969.744;;6581.918;;45.1197;2969.744;6581.918;0.10762223;0.08384508;0.03422096;0.03216728;0.0;0.0;0.02218315;0.02253555
SALTO RS;;Reservatório sem usina;JACUI;SUL;S;SUL;;;2026-01-04;;;;;;0.0;0.0;0.0;0.0;0.0;0.0;0.0;0.0;0.0;0.0
SALTO SANTIAGO;77.0;Reservatório com Usina;IGUACU;IGUACU;S;SUL;;;2026-01-04;2734.301;;3340.803;;81.8456;2734.301;3340.803;0.39892751;0.33199092;0.1849586;0.16329065;0.0;0.0;0.02042446;0.01143843
SAMUEL;279.0;Reservatório com Usina;AMAZONAS;MADEIRA;SE;SUDESTE;;;2026-01-04;53.306;;257.288;;20.7184;53.306;257.288;0.09276982;0.1268534;0.00061426;0.00125742;0.0;0.0;0.00039818;0.00088092
SANTA BRANCA;122.0;Reservatório com Usina;PARAIBA DO SUL;SUDESTE;SE;SUDESTE;;;2026-01-04;141.041;;454.095;;31.0598;141.041;454.095;0.04986739;0.06010605;0.00162524;0.00221926;0.0;0.0;0.00105354;0.00155476
SANTA CLARA-PR;71.0;Reservatório com Usina;IGUACU;IGUACU;S;SUL;;;2026-01-04;250.563;;373.966;;67.0015;250.563;373.966;0.0365565;0.03716272;0.01694904;0.01827859;0.0;0.0;0.00187163;0.00128041
SANTANA;181.0;Reservatório sem usina;PARAIBA DO SUL;SUDESTE;SE;SUDESTE;;;2026-01-04;;;;;;0.0;0.0;0.0;0.0;0.0;0.0;0.0;0.0;0.0;0.0
SANTONIO CM;193.0;Reservatório sem usina;DOCE;SUDESTE;SE;SUDESTE;;;2026-01-04;;;;;;0.0;0.0;0.0;0.0;0.0;0.0;0.0;0.0;0.0;0.0
SAO ROQUE;88.0;Reservatório com Usina;URUGUAI;SUL;S;SUL;;;2026-01-04;612.551;;801.912;;76.3863;612.551;801.912;0.11742997;0.11915021;0.0414353;0.03919559;0.0;0.0;0.00457558;0.00274563
SÃO SIMÃO;33.0;Reservatório com Usina;PARANAIBA;PARANA;SE;SUDESTE;;;2026-01-04;1597.931;;5014.801;;31.8643;1597.931;5014.801;0.05790832;0.06388205;0.01841328;0.02450843;0.0;0.0;0.01193609;0.01716997
SEGREDO;76.0;Reservatório com Usina;IGUACU;IGUACU;S;SUL;;;2026-01-04;353.37;;447.497;;78.9659;353.37;447.497;0.05155578;0.04446983;0.0239033;0.02187261;0.0;0.0;0.00263957;0.00153217
SERRA DA MESA;251.0;Reservatório com Usina;TOCANTINS;SUDESTE;SE;SUDESTE;N;NORTE;2026-01-04;18793.908;5974.509;35277.664;6620.419;53.2742;24768.417;41898.083;0.92193064;0.8399674;0.21656597;0.17240968;0.71004965;0.43263937;0.18501307;0.14345308
SINOP;227.0;Reservatório com Usina;AMAZONAS;TELES PIRES;SE;SUDESTE;;;2026-01-04;106.023;;900.655;;11.7718;106.023;900.655;0.18451458;0.44405938;0.00122172;0.0044017;0.0;0.0;0.00079196;0.00308371
SOBRADINHO;169.0;Reservatório com Usina;SAO FRANCISCO;NORDESTE;NE;NORDESTE;;;2026-01-04;13022.425;;30100.282;;43.2635;13022.425;30100.282;0.53847349;0.5708681;0.54498756;0.58230931;0.0;0.0;0.09727383;0.10305909
TOCOS;180.0;Reservatório sem usina;PARAIBA DO SUL;SUDESTE;SE;SUDESTE;;;2026-01-04;;;;;;0.0;0.0;0.0;0.0;0.0;0.0;0.0;0.0;0.0;0.0
TRÊS IRMÃOS;43.0;Reservatório com Usina;TIETE;PARANA;SE;SUDESTE;;;2026-01-04;1727.741;;2328.579;;74.1972;1727.741;2328.579;0.26258049;0.23943651;0.01990911;0.01138028;0.0;0.0;0.01290574;0.00797272
TRÊS MARIAS;156.0;Reservatório com Usina;SAO FRANCISCO;SUDESTE;SE;SUDESTE;NE;NORDESTE;2026-01-04;1136.801;8577.596;2345.606;16040.745;48.4651;9714.397;18386.351;0.40168749;0.34870707;0.01309959;0.01146349;0.35897179;0.31031852;0.0725638;0.06295225
TUCURUI;275.0;Reservatório com Usina;TOCANTINS;NORTE;N;NORTE;;;2026-01-04;1992.785;;7721.097;;25.8096;1992.785;7721.097;0.07417549;0.15479156;0.23683558;0.50456785;0.0;0.0;0.01488554;0.02643594
A. VERMELHA;18.0;Reservatório com Usina;GRANDE;PARANA;SE;SUDESTE;;;2026-01-05;1249.547;;4340.282;;28.7895;1249.547;4340.282;0.07111426;0.0842259;0.01432356;0.02121191;0.0;0.0;0.00930024;0.01486051
ANTA;128.0;Reservatório sem usina;PARAIBA DO SUL;SUDESTE;SE;SUDESTE;;;2026-01-05;;;;;;0.0;0.0;0.0;0.0;0.0;0.0;0.0;0.0;0.0;0.0
B. BONITA;37.0;Reservatório com Usina;TIETE;PARANA;SE;SUDESTE;;;2026-01-05;1742.947;;2713.786;;64.2257;1742.947;2713.786;0.26357298;0.27904549;0.0199794;0.01326287;0.0;0.0;0.01297256;0.00929162
BALBINA;277.0;Reservatório com Usina;AMAZONAS;MANAUS-AMAPA;N;NORTE;;;2026-01-05;381.093;;785.737;;48.5013;381.093;785.737;0.66439503;0.38740015;0.04505617;0.05134732;0.0;0.0;0.00283643;0.00269025
BARRA GRANDE;86.0;Reservatório com Usina;URUGUAI;SUL;S;SUL;;;2026-01-05;2149.809;;2991.427;;71.8657;2149.809;2991.427;0.41397747;0.44447414;0.14660975;0.14621397;0.0;0.0;0.01600079;0.01024222
BATALHA;20.0;Reservatório com Usina;PARANAIBA;PARANA;SE;SUDESTE;;;2026-01-05;967.798;;2751.514;;35.1733;967.798;2751.514;0.03486527;0.03505071;0.01109387;0.01344725;0.0;0.0;0.00720321;0.00942079
BILLINGS;118.0;Reservatório sem usina;TIETE;SUDESTE;SE;SUDESTE;;;2026-01-05;1670.121;;2444.556;;68.32;1670.121;2444.556;0.25256005;0.25136187;0.0191446;0.01194708;0.0;0.0;0.01243052;0.00836981
BLANG;;Reservatório sem usina;JACUI;SUL;S;SUL;;;2026-01-05;;;;;;0.0;0.0;0.0;0.0;0.0;0.0;0.0;0.0;0.0;0.0
BOA ESPERANÇA;190.0;Reservatório com Usina;PARNAIBA;NORDESTE;NE;NORDESTE;;;2026-01-05;103.927;;264.178;;39.3398;103.927;264.178;1.0;1.0;0.00433072;0.00511069;0.0;0.0;0.00077352;0.00090451
C.BRANCO-1;27.0;Reservatório com Usina;PARANAIBA;PARANA;SE;SUDESTE;;;2026-01-05;5.964;;20.753;;28.738;5.964;20.753;0.00021486;0.00026437;6.837e-05;0.00010142;0.0;0.0;4.439e-05;7.106e-05
CACONDE;14.0;Reservatório com Usina;GRANDE;PARANA;SE;SUDESTE;;;2026-01-05;324.424;;853.4;;38.0155;324.424;853.4;0.01846363;0.01656076;0.00371887;0.00417075;0.0;0.0;0.00241465;0.00292192
CACU;311.0;Reservatório com Usina;PARANAIBA;PARANA;SE;SUDESTE;;;2026-01-05;26.296;;30.877;;85.1637;26.296;30.877;0.00094732;0.00039333;0.00030143;0.0001509;0.0;0.0;0.00019572;0.00010572
CAMARGOS;1.0;Reservatório com Usina;GRANDE;PARANA;SE;SUDESTE;;;2026-01-05;790.916;;1568.489;;50.4253;790.916;1568.489;0.04501264;0.03043752;0.00906627;0.00766555;0.0;0.0;0.0058867;0.00537028
CAMPOS NOVOS;90.0;Reservatório com Usina;URUGUAI;SUL;S;SUL;;;2026-01-05;203.097;;227.826;;89.1457;203.097;227.826;0.03910933;0.03385099;0.01385053;0.0111356;0.0;0.0;0.00151163;0.00078004
CAPIVARA;61.0;Reservatório com Usina;PARANAPANEMA;PARANAPANEMA;SE;SUDESTE;;;2026-01-05;3585.87;;3889.672;;92.1895;3585.87;3889.672;0.43691886;0.32160692;0.04110483;0.01900968;0.0;0.0;0.02668923;0.01331768
CHAVANTES;49.0;Reservatório com Usina;PARANAPANEMA;PARANAPANEMA;SE;SUDESTE;;;2026-01-05;1841.726;;3370.499;;54.6425;1841.726;3370.499;0.22440435;0.27868052;0.02111171;0.01647237;0.0;0.0;0.01370776;0.01154011
CORUMBA;30.0;Reservatório com Usina;PARANAIBA;PARANA;SE;SUDESTE;;;2026-01-05;659.715;;1531.054;;43.0889;659.715;1531.054;0.02376647;0.01950364;0.00756231;0.0074826;0.0;0.0;0.00491019;0.00524211
CORUMBA-3;203.0;Reservatório com Usina;PARANAIBA;PARANA;SE;SUDESTE;;;2026-01-05;130.316;;425.126;;30.6535;130.316;425.126;0.00469468;0.00541555;0.00149381;0.00207768;0.0;0.0;0.00096993;0.00145557
CORUMBA-4;29.0;Reservatório com Usina;PARANAIBA;PARANA;SE;SUDESTE;;;2026-01-05;450.464;;1415.959;;31.8134;450.464;1415.959;0.01622813;0.01803748;0.00516367;0.0069201;0.0;0.0;0.00335275;0.00484804
CURUA-UNA;272.0;Reservatório com Usina;AMAZONAS;BELO MONTE;N;NORTE;;;2026-01-05;5.204;;28.109;;18.5136;5.204;28.109;0.00907262;0.01385888;0.00061526;0.0018369;0.0;0.0;3.873e-05;9.624e-05
DIVISA;;Reservatório sem usina;JACUI;SUL;S;SUL;;;2026-01-05;;;;;;0.0;0.0;0.0;0.0;0.0;0.0;0.0;0.0;0.0;0.0
EDGARD SOUZA;107.0;Reservatório sem usina;TIETE;PARANA;SE;SUDESTE;;;2026-01-05;;;;;;0.0;0.0;0.0;0.0;0.0;0.0;0.0;0.0;0.0;0.0
EMBORCAÇÃO;24.0;Reservatório com Usina;PARANAIBA;PARANA;SE;SUDESTE;;;2026-01-05;9079.689;;21873.496;;41.51;9079.689;21873.496;0.32709906;0.2786399;0.10408049;0.10690057;0.0;0.0;0.06757911;0.07489174
ERNESTINA;110.0;Reservatório sem usina;JACUI;SUL;S;SUL;;;2026-01-05;210.419;;200.552;;104.9199;210.419;200.552;0.09114951;0.06620289;0.01434987;0.00980251;0.0;0.0;0.00156613;0.00068666
ESPORA;290.0;Reservatório com Usina;PARANAIBA;PARANA;SE;SUDESTE;;;2026-01-05;23.947;;112.927;;21.2057;23.947;112.927;0.0008627;0.00143854;0.0002745;0.0005519;0.0;0.0;0.00017823;0.00038665
FUNIL;123.0;Reservatório com Usina;PARAIBA DO SUL;SUDESTE;SE;SUDESTE;;;2026-01-05;210.512;;813.622;;25.8734;210.512;813.622;0.07487568;0.10769465;0.0024131;0.00397635;0.0;0.0;0.00156682;0.00278573
FURNAS;6.0;Reservatório com Usina;GRANDE;PARANA;SE;SUDESTE;;;2026-01-05;10930.466;;35035.949;;31.1979;10930.466;35035.949;0.62207503;0.67989462;0.12529594;0.17122837;0.0;0.0;0.08135424;0.11995811
G. B. MUNHOZ;74.0;Reservatório com Usina;IGUACU;IGUACU;S;SUL;;;2026-01-05;3461.546;;5880.363;;58.8662;3461.546;5880.363;0.51098504;0.58435864;0.23606581;0.28741842;0.0;0.0;0.0257639;0.02013353
G. P. SOUZA;115.0;Reservatório com Usina;CAPIVARI;SUL;S;SUL;;;2026-01-05;221.643;;374.956;;59.1117;221.643;374.956;1.0;1.0;0.01511531;0.01832697;0.0;0.0;0.00164966;0.0012838
GARIBALDI;89.0;Reservatório com Usina;URUGUAI;SUL;S;SUL;;;2026-01-05;55.307;;101.775;;54.3424;55.307;101.775;0.01065018;0.015122;0.00377175;0.00497452;0.0;0.0;0.00041164;0.00034846
GOV JAYME CANET JR;57.0;Reservatório com Usina;PARANAPANEMA;IGUACU;S;SUL;SE;SUDESTE;2026-01-05;166.013;289.545;261.737;451.213;63.4274;455.558;712.95;0.05550728;0.05894833;0.01132153;0.01279309;0.00331905;0.00220518;0.00339067;0.00244104
GUARAPIRANGA;117.0;Reservatório sem usina;TIETE;SUDESTE;SE;SUDESTE;;;2026-01-05;210.141;;408.675;;51.4201;210.141;408.675;0.03177807;0.04202207;0.00240885;0.00199728;0.0;0.0;0.00156406;0.00139925
I. SOLTEIRA;34.0;Reservatório com Usina;PARANA;PARANA;SE;SUDESTE;;;2026-01-05;2685.973;;3691.575;;72.7595;2685.973;3691.575;1.0;1.0;0.03078931;0.01804154;0.0;0.0;0.0199914;0.01263943
IRAPE;148.0;Reservatório com Usina;JEQUITINHONHA;SUDESTE;SE;SUDESTE;NE;NORDESTE;2026-01-05;1089.437;586.054;1962.895;1004.893;55.5015;1675.491;2967.788;1.0;1.0;0.01248822;0.0095931;0.02442136;0.0194403;0.01247049;0.01016128
ITUMBIARA;31.0;Reservatório com Usina;PARANAIBA;PARANA;SE;SUDESTE;;;2026-01-05;5018.685;;15706.409;;31.9531;5018.685;15706.409;0.18079993;0.20007923;0.05752919;0.07676067;0.0;0.0;0.03735351;0.05377651
JAGUARI;120.0;Reservatório com Usina;PARAIBA DO SUL;SUDESTE;SE;SUDESTE;;;2026-01-05;441.242;;1213.775;;36.3529;441.242;1213.775;0.15694257;0.16066069;0.00505796;0.00593198;0.0;0.0;0.00328411;0.00415579
JORDÃO;73.0;Reservatório sem usina;IGUACU;IGUACU;S;SUL;;;2026-01-05;13.047;;20.306;;64.2519;13.047;20.306;0.00192597;0.0020179;0.00088976;0.00099251;0.0;0.0;9.711e-05;6.952e-05
JURUMIRIM;47.0;Reservatório com Usina;PARANAPANEMA;PARANAPANEMA;SE;SUDESTE;;;2026-01-05;2324.022;;4121.37;;56.3896;2324.022;4121.37;0.28316951;0.34076424;0.02664027;0.02014204;0.0;0.0;0.01729744;0.01411099
LAJES;124.0;Reservatório sem usina;PARAIBA DO SUL;SUDESTE;SE;SUDESTE;;;2026-01-05;435.305;;512.183;;84.9901;435.305;512.183;0.15483088;0.06779484;0.0049899;0.00250315;0.0;0.0;0.00323993;0.00175364
LUIZ GONZAGA;172.0;Reservatório com Usina;SAO FRANCISCO;NORDESTE;NE;NORDESTE;;;2026-01-05;1229.637;;3418.033;;35.975;1229.637;3418.033;0.05059725;0.06482484;0.05123999;0.06612405;0.0;0.0;0.00915205;0.01170286
M. MORAES;7.0;Reservatório com Usina;GRANDE;PARANA;SE;SUDESTE;;;2026-01-05;3211.188;;4339.622;;73.997;3211.188;4339.622;0.18275523;0.08421309;0.03680985;0.02120868;0.0;0.0;0.02390051;0.01485825
MACHADINHO;91.0;Reservatório com Usina;URUGUAI;SUL;S;SUL;;;2026-01-05;657.813;;890.994;;73.8291;657.813;890.994;0.12667161;0.13238625;0.04486064;0.04354971;0.0;0.0;0.00489603;0.00305064
MANSO;278.0;Reservatório com Usina;PARAGUAI;SUDESTE;SE;SUDESTE;;;2026-01-05;314.285;;555.798;;56.5466;314.285;555.798;1.0;1.0;0.00360265;0.00271631;0.0;0.0;0.00233919;0.00190297
MARIMBONDO;17.0;Reservatório com Usina;GRANDE;PARANA;SE;SUDESTE;;;2026-01-05;1064.436;;5393.697;;19.7348;1064.436;5393.697;0.06057922;0.10466808;0.01220163;0.02636018;0.0;0.0;0.00792248;0.01846725
MIRANDA;26.0;Reservatório com Usina;PARANAIBA;PARANA;SE;SUDESTE;;;2026-01-05;226.92;;269.778;;84.1136;226.92;269.778;0.00817487;0.00343662;0.00260118;0.00131846;0.0;0.0;0.00168894;0.00092368
NOVA PONTE;25.0;Reservatório com Usina;PARANAIBA;PARANA;SE;SUDESTE;;;2026-01-05;6604.97;;22766.333;;29.012;6604.97;22766.333;0.23794642;0.29001349;0.07571278;0.11126406;0.0;0.0;0.04916005;0.07794869
PARAIBUNA;121.0;Reservatório com Usina;PARAIBA DO SUL;SUDESTE;SE;SUDESTE;;;2026-01-05;1582.455;;4561.222;;34.6937;1582.455;4561.222;0.56285339;0.60374377;0.01813968;0.02229169;0.0;0.0;0.01177804;0.01561698
PASSO FUNDO;93.0;Reservatório com Usina;URUGUAI;SUL;S;SUL;;;2026-01-05;1491.186;;1706.162;;87.4;1491.186;1706.162;0.28714988;0.25350607;0.10169388;0.08339322;0.0;0.0;0.01109873;0.00584166
PASSO REAL;111.0;Reservatório com Usina;JACUI;SUL;S;SUL;;;2026-01-05;2098.084;;2828.801;;74.1687;2098.084;2828.801;0.90885006;0.93379678;0.14308228;0.13826519;0.0;0.0;0.0156158;0.00968541
PEDRA DO CAVALO;189.0;Reservatório com Usina;PARAGUACU;NORDESTE;NE;NORDESTE;;;2026-01-05;240.93;;335.383;;71.8373;240.93;335.383;1.0;1.0;0.01003975;0.0064882;0.0;0.0;0.00179322;0.0011483
PEIXE ANGICAL;257.0;Reservatório com Usina;TOCANTINS;SUDESTE;SE;SUDESTE;N;NORTE;2026-01-05;71.241;83.174;114.392;147.034;62.278;154.415;261.426;0.00572047;0.00524104;0.00081664;0.00055906;0.00983356;0.00960856;0.00114929;0.00089509
PONTE NOVA;105.0;Reservatório sem usina;TIETE;PARANA;SE;SUDESTE;;;2026-01-05;;;;;;0.0;0.0;0.0;0.0;0.0;0.0;0.0;0.0;0.0;0.0
PORTO ESTRELA;135.0;Reservatório com Usina;DOCE;SUDESTE;SE;SUDESTE;;;2026-01-05;8.31;;12.899;;64.4236;8.31;12.899;1.0;1.0;9.526e-05;6.304e-05;0.0;0.0;6.185e-05;4.416e-05
PROMISSÃO;40.0;Reservatório com Usina;TIETE;PARANA;SE;SUDESTE;;;2026-01-05;1247.057;;1829.65;;68.1582;1247.057;1829.65;0.18858321;0.18813406;0.01429502;0.0089419;0.0;0.0;0.00928171;0.00626446
QUEBRA QUEIXO;95.0;Reservatório com Usina;URUGUAI;SUL;S;SUL;;;2026-01-05;6.372;;10.163;;62.698;6.372;10.163;0.00122702;0.00151005;0.00043455;0.00049674;0.0;0.0;4.743e-05;3.48e-05
QUEIMADO;162.0;Reservatório com Usina;SAO FRANCISCO;SUDESTE;SE;SUDESTE;NE;NORDESTE;2026-01-05;76.042;132.943;283.402;484.803;26.8319;208.985;768.205;0.00859934;0.01456942;0.00087167;0.00138505;0.00553985;0.00937883;0.00155545;0.00263022
RETIRO BAIXO;155.0;Reservatório com Usina;SAO FRANCISCO;SUDESTE;SE;SUDESTE;NE;NORDESTE;2026-01-05;7.361;29.005;11.43;42.91;64.4007;36.366;54.34;0.00149639;0.00103059;8.438e-05;5.586e-05;0.00120866;0.00083012;0.00027067;0.00018605
RONDON II;276.0;Reservatório com Usina;AMAZONAS;MADEIRA;SE;SUDESTE;;;2026-01-05;25.001;;56.442;;44.295;25.001;56.442;0.04358658;0.02782819;0.00028659;0.00027584;0.0;0.0;0.00018608;0.00019325
S.DO FACÃO;21.0;Reservatório com Usina;PARANAIBA;PARANA;SE;SUDESTE;;;2026-01-05;2973.852;;6581.918;;45.1821;2973.852;6581.918;0.10713409;0.08384508;0.03408927;0.03216728;0.0;0.0;0.02213405;0.02253555
SALTO RS;;Reservatório sem usina;JACUI;SUL;S;SUL;;;2026-01-05;;;;;;0.0;0.0;0.0;0.0;0.0;0.0;0.0;0.0;0.0;0.0
SALTO SANTIAGO;77.0;Reservatório com Usina;IGUACU;IGUACU;S;SUL;;;2026-01-05;2714.631;;3340.803;;81.2568;2714.631;3340.803;0.40072725;0.33199092;0.18512871;0.16329065;0.0;0.0;0.0202047;0.01143843
SAMUEL;279.0;Reservatório com Usina;AMAZONAS;MADEIRA;SE;SUDESTE;;;2026-01-05;56.272;;257.288;;21.8712;56.272;257.288;0.09810423;0.1268534;0.00064505;0.00125742;0.0;0.0;0.00041883;0.00088092
SANTA BRANCA;122.0;Reservatório com Usina;PARAIBA DO SUL;SUDESTE;SE;SUDESTE;;;2026-01-05;141.973;;454.095;;31.265;141.973;454.095;0.05049748;0.06010605;0.00162744;0.00221926;0.0;0.0;0.00105669;0.00155476
SANTA CLARA-PR;71.0;Reservatório com Usina;IGUACU;IGUACU;S;SUL;;;2026-01-05;249.022;;373.966;;66.5895;249.022;373.966;0.03676002;0.03716272;0.01698246;0.01827859;0.0;0.0;0.00185344;0.00128041
SANTANA;181.0;Reservatório sem usina;PARAIBA DO SUL;SUDESTE;SE;SUDESTE;;;2026-01-05;;;;;;0.0;0.0;0.0;0.0;0.0;0.0;0.0;0.0;0.0;0.0
SANTONIO CM;193.0;Reservatório sem usina;DOCE;SUDESTE;SE;SUDESTE;;;2026-01-05;;;;;;0.0;0.0;0.0;0.0;0.0;0.0;0.0;0.0;0.0;0.0
SAO ROQUE;88.0;Reservatório com Usina;URUGUAI;SUL;S;SUL;;;2026-01-05;629.474;;801.912;;78.4966;629.474;801.912;0.12121451;0.11915021;0.04292801;0.03919559;0.0;0.0;0.0046851;0.00274563
SÃO SIMÃO;33.0;Reservatório com Usina;PARANAIBA;PARANA;SE;SUDESTE;;;2026-01-05;1589.608;;5014.801;;31.6983;1589.608;5014.801;0.0572662;0.06388205;0.01822168;0.02450843;0.0;0.0;0.01183127;0.01716997
SEGREDO;76.0;Reservatório com Usina;IGUACU;IGUACU;S;SUL;;;2026-01-05;336.017;;447.497;;75.0881;336.017;447.497;0.04960202;0.04446983;0.02291523;0.02187261;0.0;0.0;0.00250094;0.00153217
SERRA DA MESA;251.0;Reservatório com Usina;TOCANTINS;SUDESTE;SE;SUDESTE;N;NORTE;2026-01-05;18850.272;5977.69;35277.664;6620.419;53.434;24827.962;41898.083;0.91977926;0.8399674;0.21608069;0.17240968;0.7067352;0.43263937;0.18479175;0.14345308
SINOP;227.0;Reservatório com Usina;AMAZONAS;TELES PIRES;SE;SUDESTE;;;2026-01-05;106.023;;900.655;;11.7718;106.023;900.655;0.1848398;0.44405938;0.00121534;0.0044017;0.0;0.0;0.00078912;0.00308371
SOBRADINHO;169.0;Reservatório com Usina;SAO FRANCISCO;NORDESTE;NE;NORDESTE;;;2026-01-05;12996.158;;30100.282;;43.1762;12996.158;30100.282;0.53476751;0.5708681;0.54156069;0.58230931;0.0;0.0;0.09672895;0.10305909
TOCOS;180.0;Reservatório sem usina;PARAIBA DO SUL;SUDESTE;SE;SUDESTE;;;2026-01-05;;;;;;0.0;0.0;0.0;0.0;0.0;0.0;0.0;0.0;0.0;0.0
TRÊS IRMÃOS;43.0;Reservatório com Usina;TIETE;PARANA;SE;SUDESTE;;;2026-01-05;1742.502;;2328.579;;74.8311;1742.502;2328.579;0.26350569;0.23943651;0.0199743;0.01138028;0.0;0.0;0.01296925;0.00797272
TRÊS MARIAS;156.0;Reservatório com Usina;SAO FRANCISCO;SUDESTE;SE;SUDESTE;NE;NORDESTE;2026-01-05;1152.351;8678.947;2345.606;16040.745;49.1281;9831.298;18386.351;0.40453946;0.34870707;0.0132094;0.01146349;0.36165893;0.31031852;0.07317325;0.06295225
TUCURUI;275.0;Reservatório com Usina;TOCANTINS;NORTE;N;NORTE;;;2026-01-05;2011.014;;7721.097;;26.0457;2011.014;7721.097;0.07450023;0.15479156;0.2377598;0.50456785;0.0;0.0;0.01496775;0.02643594
A. VERMELHA;18.0;Reservatório com Usina;GRANDE;PARANA;SE;SUDESTE;;;2026-01-06;1253.843;;4340.282;;28.8885;1253.843;4340.282;0.07126358;0.0842259;0.01432099;0.02121191;0.0;0.0;0.00931351;0.01486051
ANTA;128.0;Reservatório sem usina;PARAIBA DO SUL;SUDESTE;SE;SUDESTE;;;2026-01-06;;;;;;0.0;0.0;0.0;0.0;0.0;0.0;0.0;0.0;0.0;0.0
B. BONITA;37.0;Reservatório com Usina;TIETE;PARANA;SE;SUDESTE;;;2026-01-06;1740.259;;2713.786;;64.1266;1740.259;2713.786;0.26294247;0.27904549;0.01987667;0.01326287;0.0;0.0;0.01292659;0.00929162
BALBINA;277.0;Reservatório com Usina;AMAZONAS;MANAUS-AMAPA;N;NORTE;;;2026-01-06;377.93;;785.737;;48.0988;377.93;785.737;0.66297461;0.38740015;0.04470024;0.05134732;0.0;0.0;0.00280725;0.00269025
BARRA GRANDE;86.0;Reservatório com Usina;URUGUAI;SUL;S;SUL;;;2026-01-06;2146.977;;2991.427;;71.771;2146.977;2991.427;0.41589551;0.44447414;0.14758522;0.14621397;0.0;0.0;0.01594768;0.01024222
BATALHA;20.0;Reservatório com Usina;PARANAIBA;PARANA;SE;SUDESTE;;;2026-01-06;973.306;;2751.514;;35.3735;973.306;2751.514;0.03477514;0.03505071;0.01111679;0.01344725;0.0;0.0;0.00722969;0.00942079
BILLINGS;118.0;Reservatório sem usina;TIETE;SUDESTE;SE;SUDESTE;;;2026-01-06;1672.321;;2444.556;;68.41;1672.321;2444.556;0.25267746;0.25136187;0.01910071;0.01194708;0.0;0.0;0.01242195;0.00836981
BLANG;;Reservatório sem usina;JACUI;SUL;S;SUL;;;2026-01-06;;;;;;0.0;0.0;0.0;0.0;0.0;0.0;0.0;0.0;0.0;0.0
BOA ESPERANÇA;190.0;Reservatório com Usina;PARNAIBA;NORDESTE;NE;NORDESTE;;;2026-01-06;103.509;;264.178;;39.1815;103.509;264.178;1.0;1.0;0.00430009;0.00511069;0.0;0.0;0.00076886;0.00090451
C.BRANCO-1;27.0;Reservatório com Usina;PARANAIBA;PARANA;SE;SUDESTE;;;2026-01-06;4.253;;20.753;;20.4934;4.253;20.753;0.00015196;0.00026437;4.858e-05;0.00010142;0.0;0.0;3.159e-05;7.106e-05
CACONDE;14.0;Reservatório com Usina;GRANDE;PARANA;SE;SUDESTE;;;2026-01-06;326.253;;853.4;;38.2298;326.253;853.4;0.01854296;0.01656076;0.00372636;0.00417075;0.0;0.0;0.0024234;0.00292192
CACU;311.0;Reservatório com Usina;PARANAIBA;PARANA;SE;SUDESTE;;;2026-01-06;27.256;;30.877;;88.2728;27.256;30.877;0.00097383;0.00039333;0.00031131;0.0001509;0.0;0.0;0.00020246;0.00010572
CAMARGOS;1.0;Reservatório com Usina;GRANDE;PARANA;SE;SUDESTE;;;2026-01-06;799.774;;1568.489;;50.9901;799.774;1568.489;0.04545606;0.03043752;0.00913476;0.00766555;0.0;0.0;0.0059407;0.00537028
CAMPOS NOVOS;90.0;Reservatório com Usina;URUGUAI;SUL;S;SUL;;;2026-01-06;207.591;;227.826;;91.1182;207.591;227.826;0.0402129;0.03385099;0.01427;0.0111356;0.0;0.0;0.00154198;0.00078004
CAPIVARA;61.0;Reservatório com Usina;PARANAPANEMA;PARANAPANEMA;SE;SUDESTE;;;2026-01-06;3585.87;;3889.672;;92.1895;3585.87;3889.672;0.43775355;0.32160692;0.04095664;0.01900968;0.0;0.0;0.02663573;0.01331768
CHAVANTES;49.0;Reservatório com Usina;PARANAPANEMA;PARANAPANEMA;SE;SUDESTE;;;2026-01-06;1845.772;;3370.499;;54.7626;1845.772;3370.499;0.22532698;0.27868052;0.02108181;0.01647237;0.0;0.0;0.01371034;0.01154011
CORUMBA;30.0;Reservatório com Usina;PARANAIBA;PARANA;SE;SUDESTE;;;2026-01-06;685.412;;1531.054;;44.7673;685.412;1531.054;0.02448901;0.01950364;0.00782855;0.0074826;0.0;0.0;0.00509122;0.00524211
CORUMBA-3;203.0;Reservatório com Usina;PARANAIBA;PARANA;SE;SUDESTE;;;2026-01-06;134.32;;425.126;;31.5953;134.32;425.126;0.0047991;0.00541555;0.00153416;0.00207768;0.0;0.0;0.00099772;0.00145557
CORUMBA-4;29.0;Reservatório com Usina;PARANAIBA;PARANA;SE;SUDESTE;;;2026-01-06;476.743;;1415.959;;33.6693;476.743;1415.959;0.0170335;0.01803748;0.0054452;0.0069201;0.0;0.0;0.00354123;0.00484804
CURUA-UNA;272.0;Reservatório com Usina;AMAZONAS;BELO MONTE;N;NORTE;;;2026-01-06;5.173;;28.109;;18.4034;5.173;28.109;0.00907461;0.01385888;0.00061184;0.0018369;0.0;0.0;3.842e-05;9.624e-05
DIVISA;;Reservatório sem usina;JACUI;SUL;S;SUL;;;2026-01-06;;;;;;0.0;0.0;0.0;0.0;0.0;0.0;0.0;0.0;0.0;0.0
EDGARD SOUZA;107.0;Reservatório sem usina;TIETE;PARANA;SE;SUDESTE;;;2026-01-06;;;;;;0.0;0.0;0.0;0.0;0.0;0.0;0.0;0.0;0.0;0.0
EMBORCAÇÃO;24.0;Reservatório com Usina;PARANAIBA;PARANA;SE;SUDESTE;;;2026-01-06;9134.428;;21873.496;;41.7603;9134.428;21873.496;0.32636297;0.2786399;0.10433048;0.10690057;0.0;0.0;0.06785024;0.07489174
ERNESTINA;110.0;Reservatório sem usina;JACUI;SUL;S;SUL;;;2026-01-06;209.824;;200.552;;104.6232;209.824;200.552;0.0909152;0.06620289;0.0144235;0.00980251;0.0;0.0;0.00155857;0.00068666
ESPORA;290.0;Reservatório com Usina;PARANAIBA;PARANA;SE;SUDESTE;;;2026-01-06;24.07;;112.927;;21.3147;24.07;112.927;0.00085999;0.00143854;0.00027492;0.0005519;0.0;0.0;0.00017879;0.00038665
FUNIL;123.0;Reservatório com Usina;PARAIBA DO SUL;SUDESTE;SE;SUDESTE;;;2026-01-06;204.802;;813.622;;25.1716;204.802;813.622;0.07334112;0.10769465;0.00233918;0.00397635;0.0;0.0;0.00152126;0.00278573
FURNAS;6.0;Reservatório com Usina;GRANDE;PARANA;SE;SUDESTE;;;2026-01-06;10930.798;;35035.949;;31.1988;10930.798;35035.949;0.62126426;0.67989462;0.12484803;0.17122837;0.0;0.0;0.08119362;0.11995811
G. B. MUNHOZ;74.0;Reservatório com Usina;IGUACU;IGUACU;S;SUL;;;2026-01-06;3433.966;;5880.363;;58.3972;3433.966;5880.363;0.51275923;0.58435864;0.23605406;0.28741842;0.0;0.0;0.02550739;0.02013353
G. P. SOUZA;115.0;Reservatório com Usina;CAPIVARI;SUL;S;SUL;;;2026-01-06;221.417;;374.956;;59.0515;221.417;374.956;1.0;1.0;0.01522041;0.01832697;0.0;0.0;0.00164468;0.0012838
GARIBALDI;89.0;Reservatório com Usina;URUGUAI;SUL;S;SUL;;;2026-01-06;39.924;;101.775;;39.2277;39.924;101.775;0.00773376;0.015122;0.00274441;0.00497452;0.0;0.0;0.00029655;0.00034846
GOV JAYME CANET JR;57.0;Reservatório com Usina;PARANAPANEMA;IGUACU;S;SUL;SE;SUDESTE;2026-01-06;158.712;277.119;261.737;451.213;60.638;435.831;712.95;0.0532051;0.05894833;0.01091001;0.01279309;0.00316516;0.00220518;0.00323734;0.00244104
GUARAPIRANGA;117.0;Reservatório sem usina;TIETE;SUDESTE;SE;SUDESTE;;;2026-01-06;211.081;;408.675;;51.6501;211.081;408.675;0.03189305;0.04202207;0.0024109;0.00199728;0.0;0.0;0.0015679;0.00139925
I. SOLTEIRA;34.0;Reservatório com Usina;PARANA;PARANA;SE;SUDESTE;;;2026-01-06;2685.973;;3691.575;;72.7595;2685.973;3691.575;1.0;1.0;0.03067831;0.01804154;0.0;0.0;0.01995132;0.01263943
IRAPE;148.0;Reservatório com Usina;JEQUITINHONHA;SUDESTE;SE;SUDESTE;NE;NORDESTE;2026-01-06;1107.79;595.198;1962.895;1004.893;56.4365;1702.988;2967.788;1.0;1.0;0.01265282;0.0095931;0.02472639;0.0194403;0.01264974;0.01016128
ITUMBIARA;31.0;Reservatório com Usina;PARANAIBA;PARANA;SE;SUDESTE;;;2026-01-06;5088.077;;15706.409;;32.3949;5088.077;15706.409;0.18179134;0.20007923;0.05811437;0.07676067;0.0;0.0;0.03779407;0.05377651
JAGUARI;120.0;Reservatório com Usina;PARAIBA DO SUL;SUDESTE;SE;SUDESTE;;;2026-01-06;437.107;;1213.775;;36.0122;437.107;1213.775;0.15653127;0.16066069;0.00499249;0.00593198;0.0;0.0;0.00324682;0.00415579
JORDÃO;73.0;Reservatório sem usina;IGUACU;IGUACU;S;SUL;;;2026-01-06;12.244;;20.306;;60.2974;12.244;20.306;0.00182827;0.0020179;0.00084166;0.00099251;0.0;0.0;9.095e-05;6.952e-05
JURUMIRIM;47.0;Reservatório com Usina;PARANAPANEMA;PARANAPANEMA;SE;SUDESTE;;;2026-01-06;2324.055;;4121.37;;56.3904;2324.055;4121.37;0.2837145;0.34076424;0.0265446;0.02014204;0.0;0.0;0.01726301;0.01411099
LAJES;124.0;Reservatório sem usina;PARAIBA DO SUL;SUDESTE;SE;SUDESTE;;;2026-01-06;435.305;;512.183;;84.9901;435.305;512.183;0.15588596;0.06779484;0.00497191;0.00250315;0.0;0.0;0.00323343;0.00175364
LUIZ GONZAGA;172.0;Reservatório com Usina;SAO FRANCISCO;NORDESTE;NE;NORDESTE;;;2026-01-06;1248.736;;3418.033;;36.5338;1248.736;3418.033;0.05121717;0.06482484;0.05187642;0.06612405;0.0;0.0;0.00927557;0.01170286
M. MORAES;7.0;Reservatório com Usina;GRANDE;PARANA;SE;SUDESTE;;;2026-01-06;3219.317;;4339.622;;74.1843;3219.317;4339.622;0.18297352;0.08421309;0.03677;0.02120868;0.0;0.0;0.02391298;0.01485825
MACHADINHO;91.0;Reservatório com Usina;URUGUAI;SUL;S;SUL;;;2026-01-06;642.264;;890.994;;72.084;642.264;890.994;0.12441434;0.13238625;0.04414983;0.04354971;0.0;0.0;0.00477072;0.00305064
MANSO;278.0;Reservatório com Usina;PARAGUAI;SUDESTE;SE;SUDESTE;;;2026-01-06;314.285;;555.798;;56.5466;314.285;555.798;1.0;1.0;0.00358966;0.00271631;0.0;0.0;0.0023345;0.00190297
MARIMBONDO;17.0;Reservatório com Usina;GRANDE;PARANA;SE;SUDESTE;;;2026-01-06;1064.457;;5393.697;;19.7352;1064.457;5393.697;0.06049962;0.10466808;0.01215788;0.02636018;0.0;0.0;0.00790675;0.01846725
MIRANDA;26.0;Reservatório com Usina;PARANAIBA;PARANA;SE;SUDESTE;;;2026-01-06;222.402;;269.778;;82.4389;222.402;269.778;0.00794618;0.00343662;0.0025402;0.00131846;0.0;0.0;0.00165199;0.00092368
NOVA PONTE;25.0;Reservatório com Usina;PARANAIBA;PARANA;SE;SUDESTE;;;2026-01-06;6631.716;;22766.333;;29.1295;6631.716;22766.333;0.23694385;0.29001349;0.07574531;0.11126406;0.0;0.0;0.04926017;0.07794869
PARAIBUNA;121.0;Reservatório com Usina;PARAIBA DO SUL;SUDESTE;SE;SUDESTE;;;2026-01-06;1573.306;;4561.222;;34.4931;1573.306;4561.222;0.56341259;0.60374377;0.01796979;0.02229169;0.0;0.0;0.01168647;0.01561698
PASSO FUNDO;93.0;Reservatório com Usina;URUGUAI;SUL;S;SUL;;;2026-01-06;1489.458;;1706.162;;87.2987;1489.458;1706.162;0.2885261;0.25350607;0.10238675;0.08339322;0.0;0.0;0.01106365;0.00584166
PASSO REAL;111.0;Reservatório com Usina;JACUI;SUL;S;SUL;;;2026-01-06;2098.084;;2828.801;;74.1687;2098.084;2828.801;0.90908437;0.93379678;0.14422427;0.13826519;0.0;0.0;0.0155845;0.00968541
PEDRA DO CAVALO;189.0;Reservatório com Usina;PARAGUACU;NORDESTE;NE;NORDESTE;;;2026-01-06;240.52;;335.383;;71.715;240.52;335.383;1.0;1.0;0.00999196;0.0064882;0.0;0.0;0.00178657;0.0011483
PEIXE ANGICAL;257.0;Reservatório com Usina;TOCANTINS;SUDESTE;SE;SUDESTE;N;NORTE;2026-01-06;83.703;97.516;114.392;147.034;73.1721;181.219;261.426;0.00670104;0.00524104;0.00095603;0.00055906;0.01153385;0.00960856;0.00134609;0.00089509
PONTE NOVA;105.0;Reservatório sem usina;TIETE;PARANA;SE;SUDESTE;;;2026-01-06;;;;;;0.0;0.0;0.0;0.0;0.0;0.0;0.0;0.0;0.0;0.0
PORTO ESTRELA;135.0;Reservatório com Usina;DOCE;SUDESTE;SE;SUDESTE;;;2026-01-06;10.356;;12.899;;80.2853;10.356;12.899;1.0;1.0;0.00011828;6.304e-05;0.0;0.0;7.692e-05;4.416e-05
PROMISSÃO;40.0;Reservatório com Usina;TIETE;PARANA;SE;SUDESTE;;;2026-01-06;1247.084;;1829.65;;68.1597;1247.084;1829.65;0.18842675;0.18813406;0.01424379;0.0089419;0.0;0.0;0.0092633;0.00626446
QUEBRA QUEIXO;95.0;Reservatório com Usina;URUGUAI;SUL;S;SUL;;;2026-01-06;6.938;;10.163;;68.2672;6.938;10.163;0.00134397;0.00151005;0.00047692;0.00049674;0.0;0.0;5.154e-05;3.48e-05
QUEIMADO;162.0;Reservatório com Usina;SAO FRANCISCO;SUDESTE;SE;SUDESTE;NE;NORDESTE;2026-01-06;77.381;135.238;283.402;484.803;27.3043;212.619;768.205;0.00872061;0.01456942;0.00088382;0.00138505;0.00561821;0.00937883;0.00157933;0.00263022
RETIRO BAIXO;155.0;Reservatório com Usina;SAO FRANCISCO;SUDESTE;SE;SUDESTE;NE;NORDESTE;2026-01-06;9.107;35.788;11.43;42.91;79.6763;44.895;54.34;0.00184138;0.00103059;0.00010402;5.586e-05;0.00148675;0.00083012;0.00033348;0.00018605
RONDON II;276.0;Reservatório com Usina;AMAZONAS;MADEIRA;SE;SUDESTE;;;2026-01-06;25.451;;56.442;;45.0923;25.451;56.442;0.0446468;0.02782819;0.00029069;0.00027584;0.0;0.0;0.00018905;0.00019325
S.DO FACÃO;21.0;Reservatório com Usina;PARANAIBA;PARANA;SE;SUDESTE;;;2026-01-06;2988.514;;6581.918;;45.4049;2988.514;6581.918;0.10677629;0.08384508;0.03413384;0.03216728;0.0;0.0;0.02219859;0.02253555
SALTO RS;;Reservatório sem usina;JACUI;SUL;S;SUL;;;2026-01-06;;;;;;0.0;0.0;0.0;0.0;0.0;0.0;0.0;0.0;0.0;0.0
SALTO SANTIAGO;77.0;Reservatório com Usina;IGUACU;IGUACU;S;SUL;;;2026-01-06;2693.59;;3340.803;;80.627;2693.59;3340.803;0.40220641;0.33199092;0.18515992;0.16329065;0.0;0.0;0.0200079;0.01143843
SAMUEL;279.0;Reservatório com Usina;AMAZONAS;MADEIRA;SE;SUDESTE;;;2026-01-06;59.055;;257.288;;22.9529;59.055;257.288;0.10359581;0.1268534;0.00067451;0.00125742;0.0;0.0;0.00043866;0.00088092
SANTA BRANCA;122.0;Reservatório com Usina;PARAIBA DO SUL;SUDESTE;SE;SUDESTE;;;2026-01-06;141.939;;454.095;;31.2576;141.939;454.095;0.05082941;0.06010605;0.00162118;0.00221926;0.0;0.0;0.00105432;0.00155476
SANTA CLARA-PR;71.0;Reservatório com Usina;IGUACU;IGUACU;S;SUL;;;2026-01-06;243.955;;373.966;;65.2345;243.955;373.966;0.03642732;0.03716272;0.0167697;0.01827859;0.0;0.0;0.00181209;0.00128041
SANTANA;181.0;Reservatório sem usina;PARAIBA DO SUL;SUDESTE;SE;SUDESTE;;;2026-01-06;;;;;;0.0;0.0;0.0;0.0;0.0;0.0;0.0;0.0;0.0;0.0
SANTONIO CM;193.0;Reservatório sem usina;DOCE;SUDESTE;SE;SUDESTE;;;2026-01-06;;;;;;0.0;0.0;0.0;0.0;0.0;0.0;0.0;0.0;0.0;0.0
SAO ROQUE;88.0;Reservatório com Usina;URUGUAI;SUL;S;SUL;;;2026-01-06;629.146;;801.912;;78.4557;629.146;801.912;0.12187322;0.11915021;0.04324809;0.03919559;0.0;0.0;0.00467328;0.00274563
SÃO SIMÃO;33.0;Reservatório com Usina;PARANAIBA;PARANA;SE;SUDESTE;;;2026-01-06;1598.056;;5014.801;;31.8668;1598.056;5014.801;0.05709677;0.06388205;0.01825248;0.02450843;0.0;0.0;0.01187031;0.01716997
SEGREDO;76.0;Reservatório com Usina;IGUACU;IGUACU;S;SUL;;;2026-01-06;313.279;;447.497;;70.0069;313.279;447.497;0.04677877;0.04446983;0.02153509;0.02187261;0.0;0.0;0.00232703;0.00153217
SERRA DA MESA;251.0;Reservatório com Usina;TOCANTINS;SUDESTE;SE;SUDESTE;N;NORTE;2026-01-06;18888.032;5975.528;35277.664;6620.419;53.5411;24863.56;41898.083;0.91939492;0.8399674;0.21573298;0.17240968;0.70676461;0.43263937;0.18468572;0.14345308
SINOP;227.0;Reservatório com Usina;AMAZONAS;TELES PIRES;SE;SUDESTE;;;2026-01-06;102.442;;900.655;;11.3742;102.442;900.655;0.17970641;0.44405938;0.00117006;0.0044017;0.0;0.0;0.00076094;0.00308371
SOBRADINHO;169.0;Reservatório com Usina;SAO FRANCISCO;NORDESTE;NE;NORDESTE;;;2026-01-06;12966.86;;30100.282;;43.0789;12966.86;30100.282;0.53183847;0.5708681;0.5386841;0.58230931;0.0;0.0;0.09631742;0.10305909
TOCOS;180.0;Reservatório sem usina;PARAIBA DO SUL;SUDESTE;SE;SUDESTE;;;2026-01-06;;;;;;0.0;0.0;0.0;0.0;0.0;0.0;0.0;0.0;0.0;0.0
TRÊS IRMÃOS;43.0;Reservatório com Usina;TIETE;PARANA;SE;SUDESTE;;;2026-01-06;1747.657;;2328.579;;75.0525;1747.657;2328.579;0.26406027;0.23943651;0.01996117;0.01138028;0.0;0.0;0.01298154;0.00797272
TRÊS MARIAS;156.0;Reservatório com Usina;SAO FRANCISCO;SUDESTE;SE;SUDESTE;NE;NORDESTE;2026-01-06;1162.578;8745.512;2345.606;16040.745;49.5641;9908.09;18386.351;0.40638238;0.34870707;0.01327859;0.01146349;0.36331604;0.31031852;0.07359697;0.06295225
TUCURUI;275.0;Reservatório com Usina;TOCANTINS;NORTE;N;NORTE;;;2026-01-06;1998.616;;7721.097;;25.8851;1998.616;7721.097;0.07390403;0.15479156;0.23638933;0.50456785;0.0;0.0;0.01484566;0.02643594
A. VERMELHA;18.0;Reservatório com Usina;GRANDE;PARANA;SE;SUDESTE;;;2026-01-07;1253.843;;4340.282;;28.8885;1253.843;4340.282;0.07132052;0.0842259;0.01429304;0.02121191;0.0;0.0;0.00930399;0.01486051
ANTA;128.0;Reservatório sem usina;PARAIBA DO SUL;SUDESTE;SE;SUDESTE;;;2026-01-07;;;;;;0.0;0.0;0.0;0.0;0.0;0.0;0.0;0.0;0.0;0.0
B. BONITA;37.0;Reservatório com Usina;TIETE;PARANA;SE;SUDESTE;;;2026-01-07;1740.232;;2713.786;;64.1256;1740.232;2713.786;0.26288267;0.27904549;0.01983758;0.01326287;0.0;0.0;0.01291317;0.00929162
BALBINA;277.0;Reservatório com Usina;AMAZONAS;MANAUS-AMAPA;N;NORTE;;;2026-01-07;374.848;;785.737;;47.7065;374.848;785.737;0.66243245;0.38740015;0.04445059;0.05134732;0.0;0.0;0.00278151;0.00269025
BARRA GRANDE;86.0;Reservatório com Usina;URUGUAI;SUL;S;SUL;;;2026-01-07;2136.328;;2991.427;;71.415;2136.328;2991.427;0.41687678;0.44447414;0.14778051;0.14621397;0.0;0.0;0.01585236;0.01024222
BATALHA;20.0;Reservatório com Usina;PARANAIBA;PARANA;SE;SUDESTE;;;2026-01-07;988.884;;2751.514;;35.9396;988.884;2751.514;0.03513061;0.03505071;0.01127267;0.01344725;0.0;0.0;0.00733789;0.00942079
BILLINGS;118.0;Reservatório sem usina;TIETE;SUDESTE;SE;SUDESTE;;;2026-01-07;1672.321;;2444.556;;68.41;1672.321;2444.556;0.25262391;0.25136187;0.01906344;0.01194708;0.0;0.0;0.01240925;0.00836981
BLANG;;Reservatório sem usina;JACUI;SUL;S;SUL;;;2026-01-07;;;;;;0.0;0.0;0.0;0.0;0.0;0.0;0.0;0.0;0.0;0.0
BOA ESPERANÇA;190.0;Reservatório com Usina;PARNAIBA;NORDESTE;NE;NORDESTE;;;2026-01-07;103.927;;264.178;;39.3398;103.927;264.178;1.0;1.0;0.0043032;0.00511069;0.0;0.0;0.00077118;0.00090451
C.BRANCO-1;27.0;Reservatório com Usina;PARANAIBA;PARANA;SE;SUDESTE;;;2026-01-07;2.543;;20.753;;12.2537;2.543;20.753;9.034e-05;0.00026437;2.899e-05;0.00010142;0.0;0.0;1.887e-05;7.106e-05
CACONDE;14.0;Reservatório com Usina;GRANDE;PARANA;SE;SUDESTE;;;2026-01-07;328.007;;853.4;;38.4353;328.007;853.4;0.01865754;0.01656076;0.00373908;0.00417075;0.0;0.0;0.00243394;0.00292192
CACU;311.0;Reservatório com Usina;PARANAIBA;PARANA;SE;SUDESTE;;;2026-01-07;27.577;;30.877;;89.3124;27.577;30.877;0.00097969;0.00039333;0.00031436;0.0001509;0.0;0.0;0.00020463;0.00010572
CAMARGOS;1.0;Reservatório com Usina;GRANDE;PARANA;SE;SUDESTE;;;2026-01-07;804.857;;1568.489;;51.3142;804.857;1568.489;0.0457815;0.03043752;0.00917488;0.00766555;0.0;0.0;0.00597234;0.00537028
CAMPOS NOVOS;90.0;Reservatório com Usina;URUGUAI;SUL;S;SUL;;;2026-01-07;194.35;;227.826;;85.3063;194.35;227.826;0.03792489;0.03385099;0.01344416;0.0111356;0.0;0.0;0.00144215;0.00078004
CAPIVARA;61.0;Reservatório com Usina;PARANAPANEMA;PARANAPANEMA;SE;SUDESTE;;;2026-01-07;3558.777;;3889.672;;91.493;3558.777;3889.672;0.43610502;0.32160692;0.04056788;0.01900968;0.0;0.0;0.02640746;0.01331768
CHAVANTES;49.0;Reservatório com Usina;PARANAPANEMA;PARANAPANEMA;SE;SUDESTE;;;2026-01-07;1849.256;;3370.499;;54.8659;1849.256;3370.499;0.22661432;0.27868052;0.02108039;0.01647237;0.0;0.0;0.01372217;0.01154011
CORUMBA;30.0;Reservatório com Usina;PARANAIBA;PARANA;SE;SUDESTE;;;2026-01-07;703.595;;1531.054;;45.9549;703.595;1531.054;0.02499557;0.01950364;0.00802055;0.0074826;0.0;0.0;0.00522094;0.00524211
CORUMBA-3;203.0;Reservatório com Usina;PARANAIBA;PARANA;SE;SUDESTE;;;2026-01-07;143.265;;425.126;;33.6994;143.265;425.126;0.00508956;0.00541555;0.00163313;0.00207768;0.0;0.0;0.00106308;0.00145557
CORUMBA-4;29.0;Reservatório com Usina;PARANAIBA;PARANA;SE;SUDESTE;;;2026-01-07;503.092;;1415.959;;35.5301;503.092;1415.959;0.0178726;0.01803748;0.00573494;0.0069201;0.0;0.0;0.00373313;0.00484804
CURUA-UNA;272.0;Reservatório com Usina;AMAZONAS;BELO MONTE;N;NORTE;;;2026-01-07;5.118;;28.109;;18.2077;5.118;28.109;0.00904454;0.01385888;0.00060691;0.0018369;0.0;0.0;3.798e-05;9.624e-05
DIVISA;;Reservatório sem usina;JACUI;SUL;S;SUL;;;2026-01-07;;;;;;0.0;0.0;0.0;0.0;0.0;0.0;0.0;0.0;0.0;0.0
EDGARD SOUZA;107.0;Reservatório sem usina;TIETE;PARANA;SE;SUDESTE;;;2026-01-07;;;;;;0.0;0.0;0.0;0.0;0.0;0.0;0.0;0.0;0.0;0.0
EMBORCAÇÃO;24.0;Reservatório com Usina;PARANAIBA;PARANA;SE;SUDESTE;;;2026-01-07;9192.241;;21873.496;;42.0246;9192.241;21873.496;0.32655908;0.2786399;0.10478593;0.10690057;0.0;0.0;0.06820988;0.07489174
ERNESTINA;110.0;Reservatório sem usina;JACUI;SUL;S;SUL;;;2026-01-07;210.982;;200.552;;105.2006;210.982;200.552;0.09150898;0.06620289;0.01459468;0.00980251;0.0;0.0;0.00156557;0.00068666
ESPORA;290.0;Reservatório com Usina;PARANAIBA;PARANA;SE;SUDESTE;;;2026-01-07;26.387;;112.927;;23.3664;26.387;112.927;0.00093741;0.00143854;0.0003008;0.0005519;0.0;0.0;0.0001958;0.00038665
FUNIL;123.0;Reservatório com Usina;PARAIBA DO SUL;SUDESTE;SE;SUDESTE;;;2026-01-07;201.184;;813.622;;24.727;201.184;813.622;0.07254268;0.10769465;0.00229337;0.00397635;0.0;0.0;0.00149286;0.00278573
FURNAS;6.0;Reservatório com Usina;GRANDE;PARANA;SE;SUDESTE;;;2026-01-07;10929.283;;35035.949;;31.1945;10929.283;35035.949;0.62167441;0.67989462;0.12458715;0.17122837;0.0;0.0;0.08109938;0.11995811
G. B. MUNHOZ;74.0;Reservatório com Usina;IGUACU;IGUACU;S;SUL;;;2026-01-07;3400.013;;5880.363;;57.8198;3400.013;5880.363;0.51136651;0.58435864;0.23519593;0.28741842;0.0;0.0;0.02522937;0.02013353
G. P. SOUZA;115.0;Reservatório com Usina;CAPIVARI;SUL;S;SUL;;;2026-01-07;221.003;;374.956;;58.941;221.003;374.956;1.0;1.0;0.01528788;0.01832697;0.0;0.0;0.00163993;0.0012838
GARIBALDI;89.0;Reservatório com Usina;URUGUAI;SUL;S;SUL;;;2026-01-07;49.572;;101.775;;48.7074;49.572;101.775;0.00967333;0.015122;0.00342914;0.00497452;0.0;0.0;0.00036784;0.00034846
GOV JAYME CANET JR;57.0;Reservatório com Usina;PARANAPANEMA;IGUACU;S;SUL;SE;SUDESTE;2026-01-07;156.017;272.473;261.737;451.213;59.6083;428.49;712.95;0.05250867;0.05894833;0.01079248;0.01279309;0.00310603;0.00220518;0.00317956;0.00244104
GUARAPIRANGA;117.0;Reservatório sem usina;TIETE;SUDESTE;SE;SUDESTE;;;2026-01-07;216.353;;408.675;;52.9401;216.353;408.675;0.03268268;0.04202207;0.00246629;0.00199728;0.0;0.0;0.00160542;0.00139925
I. SOLTEIRA;34.0;Reservatório com Usina;PARANA;PARANA;SE;SUDESTE;;;2026-01-07;2685.973;;3691.575;;72.7595;2685.973;3691.575;1.0;1.0;0.03061845;0.01804154;0.0;0.0;0.01993093;0.01263943
IRAPE;148.0;Reservatório com Usina;JEQUITINHONHA;SUDESTE;SE;SUDESTE;NE;NORDESTE;2026-01-07;1124.762;603.639;1962.895;1004.893;57.3012;1728.401;2967.788;1.0;1.0;0.0128216;0.0095931;0.02499429;0.0194403;0.01282538;0.01016128
ITUMBIARA;31.0;Reservatório com Usina;PARANAIBA;PARANA;SE;SUDESTE;;;2026-01-07;5111.101;;15706.409;;32.5415;5111.101;15706.409;0.18157449;0.20007923;0.05826343;0.07676067;0.0;0.0;0.03792629;0.05377651
JAGUARI;120.0;Reservatório com Usina;PARAIBA DO SUL;SUDESTE;SE;SUDESTE;;;2026-01-07;433.603;;1213.775;;35.7235;433.603;1213.775;0.15634804;0.16066069;0.00494281;0.00593198;0.0;0.0;0.0032175;0.00415579
JORDÃO;73.0;Reservatório sem usina;IGUACU;IGUACU;S;SUL;;;2026-01-07;12.473;;20.306;;61.4252;12.473;20.306;0.00187596;0.0020179;0.00086282;0.00099251;0.0;0.0;9.255e-05;6.952e-05
JURUMIRIM;47.0;Reservatório com Usina;PARANAPANEMA;PARANAPANEMA;SE;SUDESTE;;;2026-01-07;2323.844;;4121.37;;56.3852;2323.844;4121.37;0.284772;0.34076424;0.0264904;0.02014204;0.0;0.0;0.01724379;0.01411099
LAJES;124.0;Reservatório sem usina;PARAIBA DO SUL;SUDESTE;SE;SUDESTE;;;2026-01-07;435.305;;512.183;;84.9901;435.305;512.183;0.15696175;0.06779484;0.00496221;0.00250315;0.0;0.0;0.00323013;0.00175364
LUIZ GONZAGA;172.0;Reservatório com Usina;SAO FRANCISCO;NORDESTE;NE;NORDESTE;;;2026-01-07;1268.861;;3418.033;;37.1225;1268.861;3418.033;0.05186142;0.06482484;0.05253849;0.06612405;0.0;0.0;0.00941542;0.01170286
M. MORAES;7.0;Reservatório com Usina;GRANDE;PARANA;SE;SUDESTE;;;2026-01-07;3234.404;;4339.622;;74.5319;3234.404;4339.622;0.18397787;0.08421309;0.03687023;0.02120868;0.0;0.0;0.02400049;0.01485825
MACHADINHO;91.0;Reservatório com Usina;URUGUAI;SUL;S;SUL;;;2026-01-07;634.586;;890.994;;71.2223;634.586;890.994;0.12383125;0.13238625;0.04389749;0.04354971;0.0;0.0;0.00470887;0.00305064
MANSO;278.0;Reservatório com Usina;PARAGUAI;SUDESTE;SE;SUDESTE;;;2026-01-07;314.285;;555.798;;56.5466;314.285;555.798;1.0;1.0;0.00358266;0.00271631;0.0;0.0;0.00233211;0.00190297
MARIMBONDO;17.0;Reservatório com Usina;GRANDE;PARANA;SE;SUDESTE;;;2026-01-07;1030.002;;5393.697;;19.0964;1030.002;5393.697;0.0585881;0.10466808;0.01174139;0.02636018;0.0;0.0;0.007643;0.01846725
MIRANDA;26.0;Reservatório com Usina;PARANAIBA;PARANA;SE;SUDESTE;;;2026-01-07;229.679;;269.778;;85.1363;229.679;269.778;0.00815946;0.00343662;0.0026182;0.00131846;0.0;0.0;0.0017043;0.00092368
NOVA PONTE;25.0;Reservatório com Usina;PARANAIBA;PARANA;SE;SUDESTE;;;2026-01-07;6620.956;;22766.333;;29.0822;6620.956;22766.333;0.23521286;0.29001349;0.07547486;0.11126406;0.0;0.0;0.04912998;0.07794869
PARAIBUNA;121.0;Reservatório com Usina;PARAIBA DO SUL;SUDESTE;SE;SUDESTE;;;2026-01-07;1560.38;;4561.222;;34.2097;1560.38;4561.222;0.56263993;0.60374377;0.01778738;0.02229169;0.0;0.0;0.01157861;0.01561698
PASSO FUNDO;93.0;Reservatório com Usina;URUGUAI;SUL;S;SUL;;;2026-01-07;1487.73;;1706.162;;87.1975;1487.73;1706.162;0.29031127;0.25350607;0.10291373;0.08339322;0.0;0.0;0.01103952;0.00584166
PASSO REAL;111.0;Reservatório com Usina;JACUI;SUL;S;SUL;;;2026-01-07;2094.606;;2828.801;;74.0457;2094.606;2828.801;0.90849102;0.93379678;0.14489439;0.13826519;0.0;0.0;0.01554276;0.00968541
PEDRA DO CAVALO;189.0;Reservatório com Usina;PARAGUACU;NORDESTE;NE;NORDESTE;;;2026-01-07;239.667;;335.383;;71.4607;239.667;335.383;1.0;1.0;0.00992366;0.0064882;0.0;0.0;0.00177842;0.0011483
PEIXE ANGICAL;257.0;Reservatório com Usina;TOCANTINS;SUDESTE;SE;SUDESTE;N;NORTE;2026-01-07;83.104;96.783;114.392;147.034;72.6484;179.887;261.426;0.00664606;0.00524104;0.00094733;0.00055906;0.01147682;0.00960856;0.00133483;0.00089509
PONTE NOVA;105.0;Reservatório sem usina;TIETE;PARANA;SE;SUDESTE;;;2026-01-07;;;;;;0.0;0.0;0.0;0.0;0.0;0.0;0.0;0.0;0.0;0.0
PORTO ESTRELA;135.0;Reservatório com Usina;DOCE;SUDESTE;SE;SUDESTE;;;2026-01-07;10.121;;12.899;;78.4634;10.121;12.899;1.0;1.0;0.00011537;6.304e-05;0.0;0.0;7.51e-05;4.416e-05
PROMISSÃO;40.0;Reservatório com Usina;TIETE;PARANA;SE;SUDESTE;;;2026-01-07;1238.322;;1829.65;;67.6808;1238.322;1829.65;0.18706321;0.18813406;0.01411611;0.0089419;0.0;0.0;0.00918881;0.00626446
QUEBRA QUEIXO;95.0;Reservatório com Usina;URUGUAI;SUL;S;SUL;;;2026-01-07;7.304;;10.163;;71.8685;7.304;10.163;0.00142528;0.00151005;0.00050525;0.00049674;0.0;0.0;5.42e-05;3.48e-05
QUEIMADO;162.0;Reservatório com Usina;SAO FRANCISCO;SUDESTE;SE;SUDESTE;NE;NORDESTE;2026-01-07;79.698;139.204;283.402;484.803;28.1219;218.902;768.205;0.00894705;0.01456942;0.00090851;0.00138505;0.00576388;0.00937883;0.00162434;0.00263022
RETIRO BAIXO;155.0;Reservatório com Usina;SAO FRANCISCO;SUDESTE;SE;SUDESTE;NE;NORDESTE;2026-01-07;8.547;33.587;11.43;42.91;74.7769;42.134;54.34;0.00172212;0.00103059;9.743e-05;5.586e-05;0.0013907;0.00083012;0.00031265;0.00018605
RONDON II;276.0;Reservatório com Usina;AMAZONAS;MADEIRA;SE;SUDESTE;;;2026-01-07;25.789;;56.442;;45.6912;25.789;56.442;0.04557439;0.02782819;0.00029398;0.00027584;0.0;0.0;0.00019136;0.00019325
S.DO FACÃO;21.0;Reservatório com Usina;PARANAIBA;PARANA;SE;SUDESTE;;;2026-01-07;3005.382;;6581.918;;45.6612;3005.382;6581.918;0.10676774;0.08384508;0.03425952;0.03216728;0.0;0.0;0.02230106;0.02253555
SALTO RS;;Reservatório sem usina;JACUI;SUL;S;SUL;;;2026-01-07;;;;;;0.0;0.0;0.0;0.0;0.0;0.0;0.0;0.0;0.0;0.0
SALTO SANTIAGO;77.0;Reservatório com Usina;IGUACU;IGUACU;S;SUL;;;2026-01-07;2678.765;;3340.803;;80.1833;2678.765;3340.803;0.40288984;0.33199092;0.18530359;0.16329065;0.0;0.0;0.01987744;0.01143843
SAMUEL;279.0;Reservatório com Usina;AMAZONAS;MADEIRA;SE;SUDESTE;;;2026-01-07;61.161;;257.288;;23.7714;61.161;257.288;0.10808389;0.1268534;0.0006972;0.00125742;0.0;0.0;0.00045384;0.00088092
SANTA BRANCA;122.0;Reservatório com Usina;PARAIBA DO SUL;SUDESTE;SE;SUDESTE;;;2026-01-07;142.847;;454.095;;31.4575;142.847;454.095;0.0515076;0.06010605;0.00162837;0.00221926;0.0;0.0;0.00105998;0.00155476
SANTA CLARA-PR;71.0;Reservatório com Usina;IGUACU;IGUACU;S;SUL;;;2026-01-07;241.676;;373.966;;64.6251;241.676;373.966;0.03634839;0.03716272;0.01671794;0.01827859;0.0;0.0;0.00179333;0.00128041
SANTANA;181.0;Reservatório sem usina;PARAIBA DO SUL;SUDESTE;SE;SUDESTE;;;2026-01-07;;;;;;0.0;0.0;0.0;0.0;0.0;0.0;0.0;0.0;0.0;0.0
SANTONIO CM;193.0;Reservatório sem usina;DOCE;SUDESTE;SE;SUDESTE;;;2026-01-07;;;;;;0.0;0.0;0.0;0.0;0.0;0.0;0.0;0.0;0.0;0.0
SAO ROQUE;88.0;Reservatório com Usina;URUGUAI;SUL;S;SUL;;;2026-01-07;614.734;;801.912;;76.6585;614.734;801.912;0.11995739;0.11915021;0.04252423;0.03919559;0.0;0.0;0.00456156;0.00274563
SÃO SIMÃO;33.0;Reservatório com Usina;PARANAIBA;PARANA;SE;SUDESTE;;;2026-01-07;1594.081;;5014.801;;31.7875;1594.081;5014.801;0.05663055;0.06388205;0.01817155;0.02450843;0.0;0.0;0.01182868;0.01716997
SEGREDO;76.0;Reservatório com Usina;IGUACU;IGUACU;S;SUL;;;2026-01-07;315.951;;447.497;;70.604;315.951;447.497;0.04751945;0.04446983;0.02185591;0.02187261;0.0;0.0;0.00234448;0.00153217
SERRA DA MESA;251.0;Reservatório com Usina;TOCANTINS;SUDESTE;SE;SUDESTE;N;NORTE;2026-01-07;18930.664;5972.85;35277.664;6620.419;53.6619;24903.514;41898.083;0.92007892;0.8399674;0.21579801;0.17240968;0.70827838;0.43263937;0.18479342;0.14345308
SINOP;227.0;Reservatório com Usina;AMAZONAS;TELES PIRES;SE;SUDESTE;;;2026-01-07;98.95;;900.655;;10.9864;98.95;900.655;0.17486472;0.44405938;0.00112797;0.0044017;0.0;0.0;0.00073425;0.00308371
SOBRADINHO;169.0;Reservatório com Usina;SAO FRANCISCO;NORDESTE;NE;NORDESTE;;;2026-01-07;12940.588;;30100.282;;42.9916;12940.588;30100.282;0.52891317;0.5708681;0.53581832;0.58230931;0.0;0.0;0.09602402;0.10305909
TOCOS;180.0;Reservatório sem usina;PARAIBA DO SUL;SUDESTE;SE;SUDESTE;;;2026-01-07;;;;;;0.0;0.0;0.0;0.0;0.0;0.0;0.0;0.0;0.0;0.0
TRÊS IRMÃOS;43.0;Reservatório com Usina;TIETE;PARANA;SE;SUDESTE;;;2026-01-07;1752.578;;2328.579;;75.2638;1752.578;2328.579;0.26474768;0.23943651;0.01997832;0.01138028;0.0;0.0;0.01300479;0.00797272
TRÊS MARIAS;156.0;Reservatório com Usina;SAO FRANCISCO;SUDESTE;SE;SUDESTE;NE;NORDESTE;2026-01-07;1174.288;8821.601;2345.606;16040.745;50.0633;9995.889;18386.351;0.40855619;0.34870707;0.01338617;0.01146349;0.36526744;0.31031852;0.07417325;0.06295225
TUCURUI;275.0;Reservatório com Usina;TOCANTINS;NORTE;N;NORTE;;;2026-01-07;1983.314;;7721.097;;25.6869;1983.314;7721.097;0.07327502;0.15479156;0.2351873;0.50456785;0.0;0.0;0.01471693;0.02643594
A. VERMELHA;18.0;Reservatório com Usina;GRANDE;PARANA;SE;SUDESTE;;;2026-01-08;1253.869;;4340.282;;28.8891;1253.869;4340.282;0.07110646;0.0842259;0.01427986;0.02121191;0.0;0.0;0.00930188;0.01486051
ANTA;128.0;Reservatório sem usina;PARAIBA DO SUL;SUDESTE;SE;SUDESTE;;;2026-01-08;;;;;;0.0;0.0;0.0;0.0;0.0;0.0;0.0;0.0;0.0;0.0
B. BONITA;37.0;Reservatório com Usina;TIETE;PARANA;SE;SUDESTE;;;2026-01-08;1732.049;;2713.786;;63.8241;1732.049;2713.786;0.26214029;0.27904549;0.01972567;0.01326287;0.0;0.0;0.01284928;0.00929162
BALBINA;277.0;Reservatório com Usina;AMAZONAS;MANAUS-AMAPA;N;NORTE;;;2026-01-08;371.69;;785.737;;47.3046;371.69;785.737;0.65679591;0.38740015;0.04400964;0.05134732;0.0;0.0;0.0027574;0.00269025
BARRA GRANDE;86.0;Reservatório com Usina;URUGUAI;SUL;S;SUL;;;2026-01-08;2131.374;;2991.427;;71.2494;2131.374;2991.427;0.41982751;0.44447414;0.14879194;0.14621397;0.0;0.0;0.01581169;0.01024222
BATALHA;20.0;Reservatório com Usina;PARANAIBA;PARANA;SE;SUDESTE;;;2026-01-08;1005.936;;2751.514;;36.5594;1005.936;2751.514;0.03566696;0.03505071;0.01145624;0.01344725;0.0;0.0;0.00746258;0.00942079
BILLINGS;118.0;Reservatório sem usina;TIETE;SUDESTE;SE;SUDESTE;;;2026-01-08;1670.121;;2444.556;;68.32;1670.121;2444.556;0.25276768;0.25136187;0.0190204;0.01194708;0.0;0.0;0.01238986;0.00836981
BLANG;;Reservatório sem usina;JACUI;SUL;S;SUL;;;2026-01-08;;;;;;0.0;0.0;0.0;0.0;0.0;0.0;0.0;0.0;0.0;0.0
BOA ESPERANÇA;190.0;Reservatório com Usina;PARNAIBA;NORDESTE;NE;NORDESTE;;;2026-01-08;105.154;;264.178;;39.8042;105.154;264.178;1.0;1.0;0.00434156;0.00511069;0.0;0.0;0.00078009;0.00090451
C.BRANCO-1;27.0;Reservatório com Usina;PARANAIBA;PARANA;SE;SUDESTE;;;2026-01-08;1.978;;20.753;;9.5312;1.978;20.753;7.013e-05;0.00026437;2.253e-05;0.00010142;0.0;0.0;1.467e-05;7.106e-05
CACONDE;14.0;Reservatório com Usina;GRANDE;PARANA;SE;SUDESTE;;;2026-01-08;329.13;;853.4;;38.5669;329.13;853.4;0.01866484;0.01656076;0.00374834;0.00417075;0.0;0.0;0.00244167;0.00292192
CACU;311.0;Reservatório com Usina;PARANAIBA;PARANA;SE;SUDESTE;;;2026-01-08;29.027;;30.877;;94.0085;29.027;30.877;0.0010292;0.00039333;0.00033058;0.0001509;0.0;0.0;0.00021534;0.00010572
CAMARGOS;1.0;Reservatório com Usina;GRANDE;PARANA;SE;SUDESTE;;;2026-01-08;808.826;;1568.489;;51.5672;808.826;1568.489;0.04586823;0.03043752;0.00921142;0.00766555;0.0;0.0;0.00600031;0.00537028
CAMPOS NOVOS;90.0;Reservatório com Usina;URUGUAI;SUL;S;SUL;;;2026-01-08;190.218;;227.826;;83.4927;190.218;227.826;0.0374682;0.03385099;0.01327918;0.0111356;0.0;0.0;0.00141114;0.00078004
CAPIVARA;61.0;Reservatório com Usina;PARANAPANEMA;PARANAPANEMA;SE;SUDESTE;;;2026-01-08;3512.58;;3889.672;;90.3053;3512.58;3889.672;0.43364013;0.32160692;0.04000349;0.01900968;0.0;0.0;0.02605823;0.01331768
CHAVANTES;49.0;Reservatório com Usina;PARANAPANEMA;PARANAPANEMA;SE;SUDESTE;;;2026-01-08;1848.873;;3370.499;;54.8546;1848.873;3370.499;0.22824975;0.27868052;0.02105614;0.01647237;0.0;0.0;0.01371594;0.01154011
CORUMBA;30.0;Reservatório com Usina;PARANAIBA;PARANA;SE;SUDESTE;;;2026-01-08;696.756;;1531.054;;45.5083;696.756;1531.054;0.02470452;0.01950364;0.0079351;0.0074826;0.0;0.0;0.00516891;0.00524211
CORUMBA-3;203.0;Reservatório com Usina;PARANAIBA;PARANA;SE;SUDESTE;;;2026-01-08;137.334;;425.126;;32.3043;137.334;425.126;0.00486938;0.00541555;0.00156405;0.00207768;0.0;0.0;0.00101882;0.00145557
CORUMBA-4;29.0;Reservatório com Usina;PARANAIBA;PARANA;SE;SUDESTE;;;2026-01-08;505.455;;1415.959;;35.697;505.455;1415.959;0.01792166;0.01803748;0.00575644;0.0069201;0.0;0.0;0.00374974;0.00484804
CURUA-UNA;272.0;Reservatório com Usina;AMAZONAS;BELO MONTE;N;NORTE;;;2026-01-08;5.06;;28.109;;18.0014;5.06;28.109;0.00894129;0.01385888;0.00059913;0.0018369;0.0;0.0;3.754e-05;9.624e-05
DIVISA;;Reservatório sem usina;JACUI;SUL;S;SUL;;;2026-01-08;;;;;;0.0;0.0;0.0;0.0;0.0;0.0;0.0;0.0;0.0;0.0
EDGARD SOUZA;107.0;Reservatório sem usina;TIETE;PARANA;SE;SUDESTE;;;2026-01-08;;;;;;0.0;0.0;0.0;0.0;0.0;0.0;0.0;0.0;0.0;0.0
EMBORCAÇÃO;24.0;Reservatório com Usina;PARANAIBA;PARANA;SE;SUDESTE;;;2026-01-08;9251.911;;21873.496;;42.2974;9251.911;21873.496;0.32804032;0.2786399;0.10536664;0.10690057;0.0;0.0;0.0686357;0.07489174
ERNESTINA;110.0;Reservatório sem usina;JACUI;SUL;S;SUL;;;2026-01-08;209.127;;200.552;;104.2757;209.127;200.552;0.09090328;0.06620289;0.01459923;0.00980251;0.0;0.0;0.00155142;0.00068666
ESPORA;290.0;Reservatório com Usina;PARANAIBA;PARANA;SE;SUDESTE;;;2026-01-08;27.665;;112.927;;24.4981;27.665;112.927;0.0009809;0.00143854;0.00031507;0.0005519;0.0;0.0;0.00020523;0.00038665
FUNIL;123.0;Reservatório com Usina;PARAIBA DO SUL;SUDESTE;SE;SUDESTE;;;2026-01-08;197.809;;813.622;;24.3121;197.809;813.622;0.07165077;0.10769465;0.00225277;0.00397635;0.0;0.0;0.00146745;0.00278573
FURNAS;6.0;Reservatório com Usina;GRANDE;PARANA;SE;SUDESTE;;;2026-01-08;10963.235;;35035.949;;31.2914;10963.235;35035.949;0.62172108;0.67989462;0.12485628;0.17122837;0.0;0.0;0.08133123;0.11995811
G. B. MUNHOZ;74.0;Reservatório com Usina;IGUACU;IGUACU;S;SUL;;;2026-01-08;3347.038;;5880.363;;56.9189;3347.038;5880.363;0.50903717;0.58435864;0.23365785;0.28741842;0.0;0.0;0.02483014;0.02013353
G. P. SOUZA;115.0;Reservatório com Usina;CAPIVARI;SUL;S;SUL;;;2026-01-08;220.777;;374.956;;58.8808;220.777;374.956;1.0;1.0;0.01541252;0.01832697;0.0;0.0;0.00163784;0.0012838
GARIBALDI;89.0;Reservatório com Usina;URUGUAI;SUL;S;SUL;;;2026-01-08;43.507;;101.775;;42.7482;43.507;101.775;0.00856979;0.015122;0.00303724;0.00497452;0.0;0.0;0.00032276;0.00034846
GOV JAYME CANET JR;57.0;Reservatório com Usina;PARANAPANEMA;IGUACU;S;SUL;SE;SUDESTE;2026-01-08;151.188;264.146;261.737;451.213;57.7633;415.334;712.95;0.05127442;0.05894833;0.01055449;0.01279309;0.00300826;0.00220518;0.00308117;0.00244104
GUARAPIRANGA;117.0;Reservatório sem usina;TIETE;SUDESTE;SE;SUDESTE;;;2026-01-08;219.213;;408.675;;53.6399;219.213;408.675;0.03317721;0.04202207;0.00249654;0.00199728;0.0;0.0;0.00162624;0.00139925
I. SOLTEIRA;34.0;Reservatório com Usina;PARANA;PARANA;SE;SUDESTE;;;2026-01-08;2693.77;;3691.575;;72.9708;2693.77;3691.575;1.0;1.0;0.03067836;0.01804154;0.0;0.0;0.01998385;0.01263943
IRAPE;148.0;Reservatório com Usina;JEQUITINHONHA;SUDESTE;SE;SUDESTE;NE;NORDESTE;2026-01-08;1143.181;612.784;1962.895;1004.893;58.2395;1755.965;2967.788;1.0;1.0;0.01301927;0.0095931;0.02530038;0.0194403;0.0130267;0.01016128
ITUMBIARA;31.0;Reservatório com Usina;PARANAIBA;PARANA;SE;SUDESTE;;;2026-01-08;5100.539;;15706.409;;32.4743;5100.539;15706.409;0.18084723;0.20007923;0.05808818;0.07676067;0.0;0.0;0.03783857;0.05377651
JAGUARI;120.0;Reservatório com Usina;PARAIBA DO SUL;SUDESTE;SE;SUDESTE;;;2026-01-08;430.223;;1213.775;;35.445;430.223;1213.775;0.15583623;0.16066069;0.00489965;0.00593198;0.0;0.0;0.00319163;0.00415579
JORDÃO;73.0;Reservatório sem usina;IGUACU;IGUACU;S;SUL;;;2026-01-08;11.886;;20.306;;58.5344;11.886;20.306;0.00180769;0.0020179;0.00082977;0.00099251;0.0;0.0;8.818e-05;6.952e-05
JURUMIRIM;47.0;Reservatório com Usina;PARANAPANEMA;PARANAPANEMA;SE;SUDESTE;;;2026-01-08;2323.432;;4121.37;;56.3752;2323.432;4121.37;0.2868357;0.34076424;0.02646072;0.02014204;0.0;0.0;0.01723648;0.01411099
LAJES;124.0;Reservatório sem usina;PARAIBA DO SUL;SUDESTE;SE;SUDESTE;;;2026-01-08;435.305;;512.183;;84.9901;435.305;512.183;0.15767704;0.06779484;0.00495753;0.00250315;0.0;0.0;0.00322933;0.00175364
LUIZ GONZAGA;172.0;Reservatório com Usina;SAO FRANCISCO;NORDESTE;NE;NORDESTE;;;2026-01-08;1289.329;;3418.033;;37.7214;1289.329;3418.033;0.05254614;0.06482484;0.05323329;0.06612405;0.0;0.0;0.00956494;0.01170286
M. MORAES;7.0;Reservatório com Usina;GRANDE;PARANA;SE;SUDESTE;;;2026-01-08;3268.957;;4339.622;;75.3282;3268.957;4339.622;0.18538137;0.08421309;0.03722896;0.02120868;0.0;0.0;0.0242509;0.01485825
MACHADINHO;91.0;Reservatório com Usina;URUGUAI;SUL;S;SUL;;;2026-01-08;625.557;;890.994;;70.2089;625.557;890.994;0.12321912;0.13238625;0.04367035;0.04354971;0.0;0.0;0.00464072;0.00305064
MANSO;278.0;Reservatório com Usina;PARAGUAI;SUDESTE;SE;SUDESTE;;;2026-01-08;313.607;;555.798;;56.4246;313.607;555.798;1.0;1.0;0.00357156;0.00271631;0.0;0.0;0.00232651;0.00190297
MARIMBONDO;17.0;Reservatório com Usina;GRANDE;PARANA;SE;SUDESTE;;;2026-01-08;1009.67;;5393.697;;18.7194;1009.67;5393.697;0.05725802;0.10466808;0.01149876;0.02636018;0.0;0.0;0.00749028;0.01846725
MIRANDA;26.0;Reservatório com Usina;PARANAIBA;PARANA;SE;SUDESTE;;;2026-01-08;231.47;;269.778;;85.8002;231.47;269.778;0.00820711;0.00343662;0.00263613;0.00131846;0.0;0.0;0.00171717;0.00092368
NOVA PONTE;25.0;Reservatório com Usina;PARANAIBA;PARANA;SE;SUDESTE;;;2026-01-08;6612.154;;22766.333;;29.0436;6612.154;22766.333;0.23444379;0.29001349;0.07530341;0.11126406;0.0;0.0;0.04905255;0.07794869
PARAIBUNA;121.0;Reservatório com Usina;PARAIBA DO SUL;SUDESTE;SE;SUDESTE;;;2026-01-08;1553.646;;4561.222;;34.0621;1553.646;4561.222;0.56276474;0.60374377;0.01769391;0.02229169;0.0;0.0;0.01152579;0.01561698
PASSO FUNDO;93.0;Reservatório com Usina;URUGUAI;SUL;S;SUL;;;2026-01-08;1482.546;;1706.162;;86.8936;1482.546;1706.162;0.29202458;0.25350607;0.10349704;0.08339322;0.0;0.0;0.01099833;0.00584166
PASSO REAL;111.0;Reservatório com Usina;JACUI;SUL;S;SUL;;;2026-01-08;2091.417;;2828.801;;73.933;2091.417;2828.801;0.90909672;0.93379678;0.14600253;0.13826519;0.0;0.0;0.01551527;0.00968541
PEDRA DO CAVALO;189.0;Reservatório com Usina;PARAGUACU;NORDESTE;NE;NORDESTE;;;2026-01-08;239.223;;335.383;;71.3283;239.223;335.383;1.0;1.0;0.00987694;0.0064882;0.0;0.0;0.00177469;0.0011483
PEIXE ANGICAL;257.0;Reservatório com Usina;TOCANTINS;SUDESTE;SE;SUDESTE;N;NORTE;2026-01-08;81.306;94.756;114.392;147.034;71.0766;176.062;261.426;0.00649735;0.00524104;0.00092596;0.00055906;0.0112195;0.00960856;0.00130612;0.00089509
PONTE NOVA;105.0;Reservatório sem usina;TIETE;PARANA;SE;SUDESTE;;;2026-01-08;;;;;;0.0;0.0;0.0;0.0;0.0;0.0;0.0;0.0;0.0;0.0
PORTO ESTRELA;135.0;Reservatório com Usina;DOCE;SUDESTE;SE;SUDESTE;;;2026-01-08;10.236;;12.899;;79.355;10.236;12.899;1.0;1.0;0.00011657;6.304e-05;0.0;0.0;7.594e-05;4.416e-05
PROMISSÃO;40.0;Reservatório com Usina;TIETE;PARANA;SE;SUDESTE;;;2026-01-08;1238.296;;1829.65;;67.6794;1238.296;1829.65;0.18741229;0.18813406;0.0141025;0.0089419;0.0;0.0;0.00918635;0.00626446
QUEBRA QUEIXO;95.0;Reservatório com Usina;URUGUAI;SUL;S;SUL;;;2026-01-08;6.978;;10.163;;68.6608;6.978;10.163;0.00137449;0.00151005;0.00048714;0.00049674;0.0;0.0;5.177e-05;3.48e-05
QUEIMADO;162.0;Reservatório com Usina;SAO FRANCISCO;SUDESTE;SE;SUDESTE;NE;NORDESTE;2026-01-08;82.604;144.174;283.402;484.803;29.1473;226.778;768.205;0.00924226;0.01456942;0.00094075;0.00138505;0.0059526;0.00937883;0.00168236;0.00263022
RETIRO BAIXO;155.0;Reservatório com Usina;SAO FRANCISCO;SUDESTE;SE;SUDESTE;NE;NORDESTE;2026-01-08;6.492;25.56;11.43;42.91;56.7979;32.052;54.34;0.00130627;0.00103059;7.394e-05;5.586e-05;0.00105531;0.00083012;0.00023778;0.00018605
RONDON II;276.0;Reservatório com Usina;AMAZONAS;MADEIRA;SE;SUDESTE;;;2026-01-08;26.127;;56.442;;46.29;26.127;56.442;0.04616779;0.02782819;0.00029755;0.00027584;0.0;0.0;0.00019382;0.00019325
S.DO FACÃO;21.0;Reservatório com Usina;PARANAIBA;PARANA;SE;SUDESTE;;;2026-01-08;3000.794;;6581.918;;45.5915;3000.794;6581.918;0.10639763;0.08384508;0.03417495;0.03216728;0.0;0.0;0.02226152;0.02253555
SALTO RS;;Reservatório sem usina;JACUI;SUL;S;SUL;;;2026-01-08;;;;;;0.0;0.0;0.0;0.0;0.0;0.0;0.0;0.0;0.0;0.0
SALTO SANTIAGO;77.0;Reservatório com Usina;IGUACU;IGUACU;S;SUL;;;2026-01-08;2659.467;;3340.803;;79.6056;2659.467;3340.803;0.40446734;0.33199092;0.18565829;0.16329065;0.0;0.0;0.01972937;0.01143843
SAMUEL;279.0;Reservatório com Usina;AMAZONAS;MADEIRA;SE;SUDESTE;;;2026-01-08;62.953;;257.288;;24.4679;62.953;257.288;0.11124128;0.1268534;0.00071695;0.00125742;0.0;0.0;0.00046702;0.00088092
SANTA BRANCA;122.0;Reservatório com Usina;PARAIBA DO SUL;SUDESTE;SE;SUDESTE;;;2026-01-08;143.756;;454.095;;31.6577;143.756;454.095;0.05207158;0.06010605;0.00163718;0.00221926;0.0;0.0;0.00106646;0.00155476
SANTA CLARA-PR;71.0;Reservatório com Usina;IGUACU;IGUACU;S;SUL;;;2026-01-08;239.127;;373.966;;63.9435;239.127;373.966;0.03636784;0.03716272;0.01669354;0.01827859;0.0;0.0;0.00177397;0.00128041
SANTANA;181.0;Reservatório sem usina;PARAIBA DO SUL;SUDESTE;SE;SUDESTE;;;2026-01-08;;;;;;0.0;0.0;0.0;0.0;0.0;0.0;0.0;0.0;0.0;0.0
SANTONIO CM;193.0;Reservatório sem usina;DOCE;SUDESTE;SE;SUDESTE;;;2026-01-08;;;;;;0.0;0.0;0.0;0.0;0.0;0.0;0.0;0.0;0.0;0.0
SAO ROQUE;88.0;Reservatório com Usina;URUGUAI;SUL;S;SUL;;;2026-01-08;596.604;;801.912;;74.3977;596.604;801.912;0.11751611;0.11915021;0.04164913;0.03919559;0.0;0.0;0.00442593;0.00274563
SÃO SIMÃO;33.0;Reservatório com Usina;PARANAIBA;PARANA;SE;SUDESTE;;;2026-01-08;1602.56;;5014.801;;31.9566;1602.56;5014.801;0.05682116;0.06388205;0.01825097;0.02450843;0.0;0.0;0.01188866;0.01716997
SEGREDO;76.0;Reservatório com Usina;IGUACU;IGUACU;S;SUL;;;2026-01-08;317.715;;447.497;;70.9982;317.715;447.497;0.04831996;0.04446983;0.02217979;0.02187261;0.0;0.0;0.00235698;0.00153217
SERRA DA MESA;251.0;Reservatório com Usina;TOCANTINS;SUDESTE;SE;SUDESTE;N;NORTE;2026-01-08;18947.304;5975.528;35277.664;6620.419;53.7091;24922.832;41898.083;0.91974617;0.8399674;0.21578393;0.17240968;0.70752739;0.43263937;0.1848911;0.14345308
SINOP;227.0;Reservatório com Usina;AMAZONAS;TELES PIRES;SE;SUDESTE;;;2026-01-08;100.085;;900.655;;11.1125;100.085;900.655;0.17685549;0.44405938;0.00113983;0.0044017;0.0;0.0;0.00074248;0.00308371
SOBRADINHO;169.0;Reservatório com Usina;SAO FRANCISCO;NORDESTE;NE;NORDESTE;;;2026-01-08;12914.325;;30100.282;;42.9043;12914.325;30100.282;0.52631863;0.5708681;0.53320138;0.58230931;0.0;0.0;0.09580547;0.10305909
TOCOS;180.0;Reservatório sem usina;PARAIBA DO SUL;SUDESTE;SE;SUDESTE;;;2026-01-08;;;;;;0.0;0.0;0.0;0.0;0.0;0.0;0.0;0.0;0.0;0.0
TRÊS IRMÃOS;43.0;Reservatório com Usina;TIETE;PARANA;SE;SUDESTE;;;2026-01-08;1747.657;;2328.579;;75.0525;1747.657;2328.579;0.26450252;0.23943651;0.01990343;0.01138028;0.0;0.0;0.01296507;0.00797272
TRÊS MARIAS;156.0;Reservatório com Usina;SAO FRANCISCO;SUDESTE;SE;SUDESTE;NE;NORDESTE;2026-01-08;1184.798;8889.804;2345.606;16040.745;50.5114;10074.602;18386.351;0.41058675;0.34870707;0.01349323;0.01146349;0.3670386;0.31031852;0.07473887;0.06295225
TUCURUI;275.0;Reservatório com Usina;TOCANTINS;NORTE;N;NORTE;;;2026-01-08;1998.616;;7721.097;;25.8851;1998.616;7721.097;0.07375644;0.15479156;0.23664445;0.50456785;0.0;0.0;0.01482682;0.02643594
A. VERMELHA;18.0;Reservatório com Usina;GRANDE;PARANA;SE;SUDESTE;;;2026-01-09;1245.733;;4340.282;;28.7017;1245.733;4340.282;0.07066496;0.0842259;0.01419061;0.02121191;0.0;0.0;0.0092481;0.01486051
ANTA;128.0;Reservatório sem usina;PARAIBA DO SUL;SUDESTE;SE;SUDESTE;;;2026-01-09;;;;;;0.0;0.0;0.0;0.0;0.0;0.0;0.0;0.0;0.0;0.0
B. BONITA;37.0;Reservatório com Usina;TIETE;PARANA;SE;SUDESTE;;;2026-01-09;1731.99;;2713.786;;63.8219;1731.99;2713.786;0.26243772;0.27904549;0.01972974;0.01326287;0.0;0.0;0.01285799;0.00929162
BALBINA;277.0;Reservatório com Usina;AMAZONAS;MANAUS-AMAPA;N;NORTE;;;2026-01-09;370.111;;785.737;;47.1037;370.111;785.737;0.65586585;0.38740015;0.0437858;0.05134732;0.0;0.0;0.00274764;0.00269025
BARRA GRANDE;86.0;Reservatório com Usina;URUGUAI;SUL;S;SUL;;;2026-01-09;2128.569;;2991.427;;71.1556;2128.569;2991.427;0.42161311;0.44447414;0.14989309;0.14621397;0.0;0.0;0.01580212;0.01024222
BATALHA;20.0;Reservatório com Usina;PARANAIBA;PARANA;SE;SUDESTE;;;2026-01-09;1021.435;;2751.514;;37.1227;1021.435;2751.514;0.0361774;0.03505071;0.01163555;0.01344725;0.0;0.0;0.00758295;0.00942079
BILLINGS;118.0;Reservatório sem usina;TIETE;SUDESTE;SE;SUDESTE;;;2026-01-09;1670.121;;2444.556;;68.32;1670.121;2444.556;0.25306309;0.25136187;0.01902497;0.01194708;0.0;0.0;0.01239868;0.00836981
BLANG;;Reservatório sem usina;JACUI;SUL;S;SUL;;;2026-01-09;;;;;;0.0;0.0;0.0;0.0;0.0;0.0;0.0;0.0;0.0;0.0
BOA ESPERANÇA;190.0;Reservatório com Usina;PARNAIBA;NORDESTE;NE;NORDESTE;;;2026-01-09;105.573;;264.178;;39.9628;105.573;264.178;1.0;1.0;0.0043513;0.00511069;0.0;0.0;0.00078376;0.00090451
C.BRANCO-1;27.0;Reservatório com Usina;PARANAIBA;PARANA;SE;SUDESTE;;;2026-01-09;3.688;;20.753;;17.7709;3.688;20.753;0.00013062;0.00026437;4.201e-05;0.00010142;0.0;0.0;2.738e-05;7.106e-05
CACONDE;14.0;Reservatório com Usina;GRANDE;PARANA;SE;SUDESTE;;;2026-01-09;329.347;;853.4;;38.5923;329.347;853.4;0.01868241;0.01656076;0.00375171;0.00417075;0.0;0.0;0.00244501;0.00292192
CACU;311.0;Reservatório com Usina;PARANAIBA;PARANA;SE;SUDESTE;;;2026-01-09;27.9;;30.877;;90.3585;27.9;30.877;0.00098817;0.00039333;0.00031782;0.0001509;0.0;0.0;0.00020712;0.00010572
CAMARGOS;1.0;Reservatório com Usina;GRANDE;PARANA;SE;SUDESTE;;;2026-01-09;811.442;;1568.489;;51.734;811.442;1568.489;0.04602954;0.03043752;0.00924344;0.00766555;0.0;0.0;0.006024;0.00537028
CAMPOS NOVOS;90.0;Reservatório com Usina;URUGUAI;SUL;S;SUL;;;2026-01-09;184.344;;227.826;;80.9144;184.344;227.826;0.03651366;0.03385099;0.01298144;0.0111356;0.0;0.0;0.00136854;0.00078004
CAPIVARA;61.0;Reservatório com Usina;PARANAPANEMA;PARANAPANEMA;SE;SUDESTE;;;2026-01-09;3481.929;;3889.672;;89.5173;3481.929;3889.672;0.43283408;0.32160692;0.03966395;0.01900968;0.0;0.0;0.02584922;0.01331768
CHAVANTES;49.0;Reservatório com Usina;PARANAPANEMA;PARANAPANEMA;SE;SUDESTE;;;2026-01-09;1840.866;;3370.499;;54.617;1840.866;3370.499;0.22883567;0.27868052;0.02096999;0.01647237;0.0;0.0;0.01366626;0.01154011
CORUMBA;30.0;Reservatório com Usina;PARANAIBA;PARANA;SE;SUDESTE;;;2026-01-09;677.462;;1531.054;;44.2481;677.462;1531.054;0.02399449;0.01950364;0.00771722;0.0074826;0.0;0.0;0.00502936;0.00524211
CORUMBA-3;203.0;Reservatório com Usina;PARANAIBA;PARANA;SE;SUDESTE;;;2026-01-09;135.291;;425.126;;31.8237;135.291;425.126;0.00479176;0.00541555;0.00154115;0.00207768;0.0;0.0;0.00100438;0.00145557
CORUMBA-4;29.0;Reservatório com Usina;PARANAIBA;PARANA;SE;SUDESTE;;;2026-01-09;491.007;;1415.959;;34.6766;491.007;1415.959;0.01739059;0.01803748;0.00559324;0.0069201;0.0;0.0;0.00364515;0.00484804
CURUA-UNA;272.0;Reservatório com Usina;AMAZONAS;BELO MONTE;N;NORTE;;;2026-01-09;5.032;;28.109;;17.9017;5.032;28.109;0.0089171;0.01385888;0.00059531;0.0018369;0.0;0.0;3.736e-05;9.624e-05
DIVISA;;Reservatório sem usina;JACUI;SUL;S;SUL;;;2026-01-09;;;;;;0.0;0.0;0.0;0.0;0.0;0.0;0.0;0.0;0.0;0.0
EDGARD SOUZA;107.0;Reservatório sem usina;TIETE;PARANA;SE;SUDESTE;;;2026-01-09;;;;;;0.0;0.0;0.0;0.0;0.0;0.0;0.0;0.0;0.0;0.0
EMBORCAÇÃO;24.0;Reservatório com Usina;PARANAIBA;PARANA;SE;SUDESTE;;;2026-01-09;9305.66;;21873.496;;42.5431;9305.66;21873.496;0.32958981;0.2786399;0.10600423;0.10690057;0.0;0.0;0.06908356;0.07489174
ERNESTINA;110.0;Reservatório sem usina;JACUI;SUL;S;SUL;;;2026-01-09;209.795;;200.552;;104.6088;209.795;200.552;0.09123612;0.06620289;0.01477369;0.00980251;0.0;0.0;0.00155748;0.00068666
ESPORA;290.0;Reservatório com Usina;PARANAIBA;PARANA;SE;SUDESTE;;;2026-01-09;30.142;;112.927;;26.6916;30.142;112.927;0.00106758;0.00143854;0.00034336;0.0005519;0.0;0.0;0.00022377;0.00038665
FUNIL;123.0;Reservatório com Usina;PARAIBA DO SUL;SUDESTE;SE;SUDESTE;;;2026-01-09;194.836;;813.622;;23.9467;194.836;813.622;0.07097377;0.10769465;0.00221945;0.00397635;0.0;0.0;0.00144643;0.00278573
FURNAS;6.0;Reservatório com Usina;GRANDE;PARANA;SE;SUDESTE;;;2026-01-09;10978.184;;35035.949;;31.3341;10978.184;35035.949;0.62274418;0.67989462;0.12505658;0.17122837;0.0;0.0;0.08150008;0.11995811
G. B. MUNHOZ;74.0;Reservatório com Usina;IGUACU;IGUACU;S;SUL;;;2026-01-09;3299.255;;5880.363;;56.1063;3299.255;5880.363;0.50867173;0.58435864;0.2323324;0.28741842;0.0;0.0;0.02449308;0.02013353
G. P. SOUZA;115.0;Reservatório com Usina;CAPIVARI;SUL;S;SUL;;;2026-01-09;219.46;;374.956;;58.5295;219.46;374.956;1.0;1.0;0.0154543;0.01832697;0.0;0.0;0.00162923;0.0012838
GARIBALDI;89.0;Reservatório com Usina;URUGUAI;SUL;S;SUL;;;2026-01-09;47.943;;101.775;;47.1069;47.943;101.775;0.00949624;0.015122;0.00337613;0.00497452;0.0;0.0;0.00035592;0.00034846
GOV JAYME CANET JR;57.0;Reservatório com Usina;PARANAPANEMA;IGUACU;S;SUL;SE;SUDESTE;2026-01-09;146.997;256.934;261.737;451.213;56.1621;403.931;712.95;0.05021214;0.05894833;0.01035148;0.01279309;0.00292683;0.00220518;0.00299871;0.00244104
GUARAPIRANGA;117.0;Reservatório sem usina;TIETE;SUDESTE;SE;SUDESTE;;;2026-01-09;221.134;;408.675;;54.11;221.134;408.675;0.03350707;0.04202207;0.00251902;0.00199728;0.0;0.0;0.00164166;0.00139925
I. SOLTEIRA;34.0;Reservatório com Usina;PARANA;PARANA;SE;SUDESTE;;;2026-01-09;2701.196;;3691.575;;73.1719;2701.196;3691.575;1.0;1.0;0.03077033;0.01804154;0.0;0.0;0.0200532;0.01263943
IRAPE;148.0;Reservatório com Usina;JEQUITINHONHA;SUDESTE;SE;SUDESTE;NE;NORDESTE;2026-01-09;1160.214;621.225;1962.895;1004.893;59.1073;1781.439;2967.788;1.0;1.0;0.01321643;0.0095931;0.02560441;0.0194403;0.01322509;0.01016128
ITUMBIARA;31.0;Reservatório com Usina;PARANAIBA;PARANA;SE;SUDESTE;;;2026-01-09;5117.608;;15706.409;;32.5829;5117.608;15706.409;0.18125651;0.20007923;0.05829658;0.07676067;0.0;0.0;0.03799221;0.05377651
JAGUARI;120.0;Reservatório com Usina;PARAIBA DO SUL;SUDESTE;SE;SUDESTE;;;2026-01-09;427.326;;1213.775;;35.2064;427.326;1213.775;0.15566394;0.16066069;0.00486783;0.00593198;0.0;0.0;0.00317239;0.00415579
JORDÃO;73.0;Reservatório sem usina;IGUACU;IGUACU;S;SUL;;;2026-01-09;10.492;;20.306;;51.6695;10.492;20.306;0.00161763;0.0020179;0.00073884;0.00099251;0.0;0.0;7.789e-05;6.952e-05
JURUMIRIM;47.0;Reservatório com Usina;PARANAPANEMA;PARANAPANEMA;SE;SUDESTE;;;2026-01-09;2317.763;;4121.37;;56.2377;2317.763;4121.37;0.28811811;0.34076424;0.0264025;0.02014204;0.0;0.0;0.01720666;0.01411099
LAJES;124.0;Reservatório sem usina;PARAIBA DO SUL;SUDESTE;SE;SUDESTE;;;2026-01-09;435.305;;512.183;;84.9901;435.305;512.183;0.15857049;0.06779484;0.00495872;0.00250315;0.0;0.0;0.00323163;0.00175364
LUIZ GONZAGA;172.0;Reservatório com Usina;SAO FRANCISCO;NORDESTE;NE;NORDESTE;;;2026-01-09;1302.634;;3418.033;;38.1106;1302.634;3418.033;0.05299263;0.06482484;0.05368936;0.06612405;0.0;0.0;0.00967052;0.01170286
M. MORAES;7.0;Reservatório com Usina;GRANDE;PARANA;SE;SUDESTE;;;2026-01-09;3307.034;;4339.622;;76.2056;3307.034;4339.622;0.18759352;0.08421309;0.03767165;0.02120868;0.0;0.0;0.02455083;0.01485825
MACHADINHO;91.0;Reservatório com Usina;URUGUAI;SUL;S;SUL;;;2026-01-09;637.115;;890.994;;71.5061;637.115;890.994;0.1261956;0.13238625;0.04486542;0.04354971;0.0;0.0;0.00472983;0.00305064
MANSO;278.0;Reservatório com Usina;PARAGUAI;SUDESTE;SE;SUDESTE;;;2026-01-09;312.987;;555.798;;56.3131;312.987;555.798;1.0;1.0;0.00356535;0.00271631;0.0;0.0;0.00232356;0.00190297
MARIMBONDO;17.0;Reservatório com Usina;GRANDE;PARANA;SE;SUDESTE;;;2026-01-09;956.983;;5393.697;;17.7426;956.983;5393.697;0.05428544;0.10466808;0.01090135;0.02636018;0.0;0.0;0.00710447;0.01846725
MIRANDA;26.0;Reservatório com Usina;PARANAIBA;PARANA;SE;SUDESTE;;;2026-01-09;234.241;;269.778;;86.8273;234.241;269.778;0.0082964;0.00343662;0.00266833;0.00131846;0.0;0.0;0.00173896;0.00092368
NOVA PONTE;25.0;Reservatório com Usina;PARANAIBA;PARANA;SE;SUDESTE;;;2026-01-09;6593.072;;22766.333;;28.9597;6593.072;22766.333;0.2335148;0.29001349;0.07510413;0.11126406;0.0;0.0;0.04894579;0.07794869
PARAIBUNA;121.0;Reservatório com Usina;PARAIBA DO SUL;SUDESTE;SE;SUDESTE;;;2026-01-09;1542.562;;4561.222;;33.8191;1542.562;4561.222;0.56191591;0.60374377;0.0175719;0.02229169;0.0;0.0;0.01145171;0.01561698
PASSO FUNDO;93.0;Reservatório com Usina;URUGUAI;SUL;S;SUL;;;2026-01-09;1479.091;;1706.162;;86.6911;1479.091;1706.162;0.29296873;0.25350607;0.10415708;0.08339322;0.0;0.0;0.01098051;0.00584166
PASSO REAL;111.0;Reservatório com Usina;JACUI;SUL;S;SUL;;;2026-01-09;2089.678;;2828.801;;73.8715;2089.678;2828.801;0.90876388;0.93379678;0.1471544;0.13826519;0.0;0.0;0.0155134;0.00968541
PEDRA DO CAVALO;189.0;Reservatório com Usina;PARAGUACU;NORDESTE;NE;NORDESTE;;;2026-01-09;237.072;;335.383;;70.6869;237.072;335.383;1.0;1.0;0.00977116;0.0064882;0.0;0.0;0.00175998;0.0011483
PEIXE ANGICAL;257.0;Reservatório com Usina;TOCANTINS;SUDESTE;SE;SUDESTE;N;NORTE;2026-01-09;66.558;77.779;114.392;147.034;58.1841;144.337;261.426;0.00532565;0.00524104;0.00075819;0.00055906;0.00920161;0.00960856;0.00107153;0.00089509
PONTE NOVA;105.0;Reservatório sem usina;TIETE;PARANA;SE;SUDESTE;;;2026-01-09;;;;;;0.0;0.0;0.0;0.0;0.0;0.0;0.0;0.0;0.0;0.0
PORTO ESTRELA;135.0;Reservatório com Usina;DOCE;SUDESTE;SE;SUDESTE;;;2026-01-09;9.635;;12.899;;74.6957;9.635;12.899;1.0;1.0;0.00010976;6.304e-05;0.0;0.0;7.153e-05;4.416e-05
PROMISSÃO;40.0;Reservatório com Usina;TIETE;PARANA;SE;SUDESTE;;;2026-01-09;1233.876;;1829.65;;67.4378;1233.876;1829.65;0.18696159;0.18813406;0.01405554;0.0089419;0.0;0.0;0.00916008;0.00626446
QUEBRA QUEIXO;95.0;Reservatório com Usina;URUGUAI;SUL;S;SUL;;;2026-01-09;5.984;;10.163;;58.8803;5.984;10.163;0.00118527;0.00151005;0.00042139;0.00049674;0.0;0.0;4.442e-05;3.48e-05
QUEIMADO;162.0;Reservatório com Usina;SAO FRANCISCO;SUDESTE;SE;SUDESTE;NE;NORDESTE;2026-01-09;85.289;148.758;283.402;484.803;30.0947;234.047;768.205;0.0095213;0.01456942;0.00097156;0.00138505;0.00613121;0.00937883;0.00173752;0.00263022
RETIRO BAIXO;155.0;Reservatório com Usina;SAO FRANCISCO;SUDESTE;SE;SUDESTE;NE;NORDESTE;2026-01-09;5.188;20.452;11.43;42.91;45.3893;25.64;54.34;0.00104306;0.00103059;5.91e-05;5.586e-05;0.00084295;0.00083012;0.00019035;0.00018605
RONDON II;276.0;Reservatório com Usina;AMAZONAS;MADEIRA;SE;SUDESTE;;;2026-01-09;26.352;;56.442;;46.6886;26.352;56.442;0.04669782;0.02782819;0.00030019;0.00027584;0.0;0.0;0.00019563;0.00019325
S.DO FACÃO;21.0;Reservatório com Usina;PARANAIBA;PARANA;SE;SUDESTE;;;2026-01-09;2989.994;;6581.918;;45.4274;2989.994;6581.918;0.10590023;0.08384508;0.03406013;0.03216728;0.0;0.0;0.02219718;0.02253555
SALTO RS;;Reservatório sem usina;JACUI;SUL;S;SUL;;;2026-01-09;;;;;;0.0;0.0;0.0;0.0;0.0;0.0;0.0;0.0;0.0;0.0
SALTO SANTIAGO;77.0;Reservatório com Usina;IGUACU;IGUACU;S;SUL;;;2026-01-09;2631.914;;3340.803;;78.7809;2631.914;3340.803;0.40578259;0.33199092;0.18533847;0.16329065;0.0;0.0;0.01953886;0.01143843
SAMUEL;279.0;Reservatório com Usina;AMAZONAS;MADEIRA;SE;SUDESTE;;;2026-01-09;63.863;;257.288;;24.8216;63.863;257.288;0.11317027;0.1268534;0.00072749;0.00125742;0.0;0.0;0.00047411;0.00088092
SANTA BRANCA;122.0;Reservatório com Usina;PARAIBA DO SUL;SUDESTE;SE;SUDESTE;;;2026-01-09;145.154;;454.095;;31.9656;145.154;454.095;0.05287589;0.06010605;0.0016535;0.00221926;0.0;0.0;0.0010776;0.00155476
SANTA CLARA-PR;71.0;Reservatório com Usina;IGUACU;IGUACU;S;SUL;;;2026-01-09;237.611;;373.966;;63.5381;237.611;373.966;0.03663433;0.03716272;0.01673248;0.01827859;0.0;0.0;0.00176398;0.00128041
SANTANA;181.0;Reservatório sem usina;PARAIBA DO SUL;SUDESTE;SE;SUDESTE;;;2026-01-09;;;;;;0.0;0.0;0.0;0.0;0.0;0.0;0.0;0.0;0.0;0.0
SANTONIO CM;193.0;Reservatório sem usina;DOCE;SUDESTE;SE;SUDESTE;;;2026-01-09;;;;;;0.0;0.0;0.0;0.0;0.0;0.0;0.0;0.0;0.0;0.0
SAO ROQUE;88.0;Reservatório com Usina;URUGUAI;SUL;S;SUL;;;2026-01-09;565.586;;801.912;;70.5297;565.586;801.912;0.1120276;0.11915021;0.03982837;0.03919559;0.0;0.0;0.00419881;0.00274563
SÃO SIMÃO;33.0;Reservatório com Usina;PARANAIBA;PARANA;SE;SUDESTE;;;2026-01-09;1606.565;;5014.801;;32.0365;1606.565;5014.801;0.05690165;0.06388205;0.01830098;0.02450843;0.0;0.0;0.01192685;0.01716997
SEGREDO;76.0;Reservatório com Usina;IGUACU;IGUACU;S;SUL;;;2026-01-09;306.748;;447.497;;68.5475;306.748;447.497;0.04729372;0.04446983;0.02160109;0.02187261;0.0;0.0;0.00227724;0.00153217
SERRA DA MESA;251.0;Reservatório com Usina;TOCANTINS;SUDESTE;SE;SUDESTE;N;NORTE;2026-01-09;18958.037;5979.341;35277.664;6620.419;53.7395;24937.378;41898.083;0.92012324;0.8399674;0.21595805;0.17240968;0.70738293;0.43263937;0.18513065;0.14345308
SINOP;227.0;Reservatório com Usina;AMAZONAS;TELES PIRES;SE;SUDESTE;;;2026-01-09;98.95;;900.655;;10.9864;98.95;900.655;0.17534719;0.44405938;0.00112718;0.0044017;0.0;0.0;0.00073459;0.00308371
SOBRADINHO;169.0;Reservatório com Usina;SAO FRANCISCO;NORDESTE;NE;NORDESTE;;;2026-01-09;12887.821;;30100.282;;42.8163;12887.821;30100.282;0.52429117;0.5708681;0.53118437;0.58230931;0.0;0.0;0.09567689;0.10305909
TOCOS;180.0;Reservatório sem usina;PARAIBA DO SUL;SUDESTE;SE;SUDESTE;;;2026-01-09;;;;;;0.0;0.0;0.0;0.0;0.0;0.0;0.0;0.0;0.0;0.0
TRÊS IRMÃOS;43.0;Reservatório com Usina;TIETE;PARANA;SE;SUDESTE;;;2026-01-09;1742.502;;2328.579;;74.8311;1742.502;2328.579;0.26403054;0.23943651;0.01984949;0.01138028;0.0;0.0;0.01293602;0.00797272
TRÊS MARIAS;156.0;Reservatório com Usina;SAO FRANCISCO;SUDESTE;SE;SUDESTE;NE;NORDESTE;2026-01-09;1192.386;8938.89;2345.606;16040.745;50.8349;10131.276;18386.351;0.4121518;0.34870707;0.01358291;0.01146349;0.36842525;0.31031852;0.07521279;0.06295225
TUCURUI;275.0;Reservatório com Usina;TOCANTINS;NORTE;N;NORTE;;;2026-01-09;2020.501;;7721.097;;26.1686;2020.501;7721.097;0.07455114;0.15479156;0.23903436;0.50456785;0.0;0.0;0.01499984;0.02643594
A. VERMELHA;18.0;Reservatório com Usina;GRANDE;PARANA;SE;SUDESTE;;;2026-01-10;1249.547;;4340.282;;28.7895;1249.547;4340.282;0.0707308;0.0842259;0.01421846;0.02121191;0.0;0.0;0.00926281;0.01486051
ANTA;128.0;Reservatório sem usina;PARAIBA DO SUL;SUDESTE;SE;SUDESTE;;;2026-01-10;;;;;;0.0;0.0;0.0;0.0;0.0;0.0;0.0;0.0;0.0;0.0
B. BONITA;37.0;Reservatório com Usina;TIETE;PARANA;SE;SUDESTE;;;2026-01-10;1732.021;;2713.786;;63.8231;1732.021;2713.786;0.26222694;0.27904549;0.01970848;0.01326287;0.0;0.0;0.01283936;0.00929162
BALBINA;277.0;Reservatório com Usina;AMAZONAS;MANAUS-AMAPA;N;NORTE;;;2026-01-10;370.111;;785.737;;47.1037;370.111;785.737;0.64672271;0.38740015;0.04355582;0.05134732;0.0;0.0;0.00274361;0.00269025
BARRA GRANDE;86.0;Reservatório com Usina;URUGUAI;SUL;S;SUL;;;2026-01-10;2154.562;;2991.427;;72.0246;2154.562;2991.427;0.4236806;0.44447414;0.1513463;0.14621397;0.0;0.0;0.01597163;0.01024222
BATALHA;20.0;Reservatório com Usina;PARANAIBA;PARANA;SE;SUDESTE;;;2026-01-10;1033.377;;2751.514;;37.5567;1033.377;2751.514;0.03643188;0.03505071;0.01175869;0.01344725;0.0;0.0;0.00766036;0.00942079
BILLINGS;118.0;Reservatório sem usina;TIETE;SUDESTE;SE;SUDESTE;;;2026-01-10;1667.92;;2444.556;;68.23;1667.92;2444.556;0.25252209;0.25136187;0.01897908;0.01194708;0.0;0.0;0.01236418;0.00836981
BLANG;;Reservatório sem usina;JACUI;SUL;S;SUL;;;2026-01-10;;;;;;0.0;0.0;0.0;0.0;0.0;0.0;0.0;0.0;0.0;0.0
BOA ESPERANÇA;190.0;Reservatório com Usina;PARNAIBA;NORDESTE;NE;NORDESTE;;;2026-01-10;106.122;;264.178;;40.1706;106.122;264.178;1.0;1.0;0.00437005;0.00511069;0.0;0.0;0.00078668;0.00090451
C.BRANCO-1;27.0;Reservatório com Usina;PARANAIBA;PARANA;SE;SUDESTE;;;2026-01-10;10.286;;20.753;;49.5639;10.286;20.753;0.00036263;0.00026437;0.00011704;0.00010142;0.0;0.0;7.625e-05;7.106e-05
CACONDE;14.0;Reservatório com Usina;GRANDE;PARANA;SE;SUDESTE;;;2026-01-10;329.032;;853.4;;38.5554;329.032;853.4;0.01862491;0.01656076;0.00374402;0.00417075;0.0;0.0;0.00243909;0.00292192
CACU;311.0;Reservatório com Usina;PARANAIBA;PARANA;SE;SUDESTE;;;2026-01-10;27.417;;30.877;;88.7942;27.417;30.877;0.00096659;0.00039333;0.00031198;0.0001509;0.0;0.0;0.00020324;0.00010572
CAMARGOS;1.0;Reservatório com Usina;GRANDE;PARANA;SE;SUDESTE;;;2026-01-10;814.076;;1568.489;;51.9019;814.076;1568.489;0.0460809;0.03043752;0.00926328;0.00766555;0.0;0.0;0.00603469;0.00537028
CAMPOS NOVOS;90.0;Reservatório com Usina;URUGUAI;SUL;S;SUL;;;2026-01-10;185.802;;227.826;;81.5543;185.802;227.826;0.03653675;0.03385099;0.01305158;0.0111356;0.0;0.0;0.00137734;0.00078004
CAPIVARA;61.0;Reservatório com Usina;PARANAPANEMA;PARANAPANEMA;SE;SUDESTE;;;2026-01-10;3447.709;;3889.672;;88.6375;3447.709;3889.672;0.43227748;0.32160692;0.03923111;0.01900968;0.0;0.0;0.02555764;0.01331768
CHAVANTES;49.0;Reservatório com Usina;PARANAPANEMA;PARANAPANEMA;SE;SUDESTE;;;2026-01-10;1812.954;;3370.499;;53.7889;1812.954;3370.499;0.22731013;0.27868052;0.02062941;0.01647237;0.0;0.0;0.01343931;0.01154011
CORUMBA;30.0;Reservatório com Usina;PARANAIBA;PARANA;SE;SUDESTE;;;2026-01-10;692.44;;1531.054;;45.2264;692.44;1531.054;0.02441209;0.01950364;0.0078792;0.0074826;0.0;0.0;0.00513301;0.00524211
CORUMBA-3;203.0;Reservatório com Usina;PARANAIBA;PARANA;SE;SUDESTE;;;2026-01-10;135.351;;425.126;;31.8379;135.351;425.126;0.00477182;0.00541555;0.00154014;0.00207768;0.0;0.0;0.00100335;0.00145557
CORUMBA-4;29.0;Reservatório com Usina;PARANAIBA;PARANA;SE;SUDESTE;;;2026-01-10;488.887;;1415.959;;34.5269;488.887;1415.959;0.0172358;0.01803748;0.00556299;0.0069201;0.0;0.0;0.00362409;0.00484804
CURUA-UNA;272.0;Reservatório com Usina;AMAZONAS;BELO MONTE;N;NORTE;;;2026-01-10;5.032;;28.109;;17.9017;5.032;28.109;0.00879279;0.01385888;0.00059218;0.0018369;0.0;0.0;3.73e-05;9.624e-05
DIVISA;;Reservatório sem usina;JACUI;SUL;S;SUL;;;2026-01-10;;;;;;0.0;0.0;0.0;0.0;0.0;0.0;0.0;0.0;0.0;0.0
EDGARD SOUZA;107.0;Reservatório sem usina;TIETE;PARANA;SE;SUDESTE;;;2026-01-10;;;;;;0.0;0.0;0.0;0.0;0.0;0.0;0.0;0.0;0.0;0.0
EMBORCAÇÃO;24.0;Reservatório com Usina;PARANAIBA;PARANA;SE;SUDESTE;;;2026-01-10;9372.928;;21873.496;;42.8506;9372.928;21873.496;0.3304442;0.2786399;0.10665355;0.10690057;0.0;0.0;0.06948091;0.07489174
ERNESTINA;110.0;Reservatório sem usina;JACUI;SUL;S;SUL;;;2026-01-10;213.458;;200.552;;106.4352;213.458;200.552;0.0927398;0.06620289;0.01499427;0.00980251;0.0;0.0;0.00158235;0.00068666
ESPORA;290.0;Reservatório com Usina;PARANAIBA;PARANA;SE;SUDESTE;;;2026-01-10;31.678;;112.927;;28.0518;31.678;112.927;0.00111681;0.00143854;0.00036046;0.0005519;0.0;0.0;0.00023483;0.00038665
FUNIL;123.0;Reservatório com Usina;PARAIBA DO SUL;SUDESTE;SE;SUDESTE;;;2026-01-10;192.747;;813.622;;23.69;192.747;813.622;0.07062159;0.10769465;0.00219325;0.00397635;0.0;0.0;0.00142882;0.00278573
FURNAS;6.0;Reservatório com Usina;GRANDE;PARANA;SE;SUDESTE;;;2026-01-10;10995.779;;35035.949;;31.3843;10995.779;35035.949;0.62241779;0.67989462;0.12511979;0.17122837;0.0;0.0;0.081511;0.11995811
G. B. MUNHOZ;74.0;Reservatório com Usina;IGUACU;IGUACU;S;SUL;;;2026-01-10;3288.201;;5880.363;;55.9183;3288.201;5880.363;0.50684687;0.58435864;0.23097829;0.28741842;0.0;0.0;0.02437522;0.02013353
G. P. SOUZA;115.0;Reservatório com Usina;CAPIVARI;SUL;S;SUL;;;2026-01-10;218.594;;374.956;;58.2986;218.594;374.956;1.0;1.0;0.01535504;0.01832697;0.0;0.0;0.00162042;0.0012838
GARIBALDI;89.0;Reservatório com Usina;URUGUAI;SUL;S;SUL;;;2026-01-10;55.288;;101.775;;54.3238;55.288;101.775;0.01087203;0.015122;0.00388368;0.00497452;0.0;0.0;0.00040985;0.00034846
GOV JAYME CANET JR;57.0;Reservatório com Usina;PARANAPANEMA;IGUACU;S;SUL;SE;SUDESTE;2026-01-10;142.786;249.673;261.737;451.213;54.5532;392.459;712.95;0.04920693;0.05894833;0.01002994;0.01279309;0.002841;0.00220518;0.00290927;0.00244104
GUARAPIRANGA;117.0;Reservatório sem usina;TIETE;SUDESTE;SE;SUDESTE;;;2026-01-10;223.545;;408.675;;54.6999;223.545;408.675;0.03384458;0.04202207;0.00254369;0.00199728;0.0;0.0;0.00165712;0.00139925
I. SOLTEIRA;34.0;Reservatório com Usina;PARANA;PARANA;SE;SUDESTE;;;2026-01-10;2685.973;;3691.575;;72.7595;2685.973;3691.575;1.0;1.0;0.0305634;0.01804154;0.0;0.0;0.01991094;0.01263943
IRAPE;148.0;Reservatório com Usina;JEQUITINHONHA;SUDESTE;SE;SUDESTE;NE;NORDESTE;2026-01-10;1168.133;625.144;1962.895;1004.893;59.5107;1793.277;2967.788;1.00000056;1.0;0.01329206;0.0095931;0.0257431;0.0194403;0.01329345;0.01016128
ITUMBIARA;31.0;Reservatório com Usina;PARANAIBA;PARANA;SE;SUDESTE;;;2026-01-10;5170.1;;15706.409;;32.9171;5170.1;15706.409;0.18227277;0.20007923;0.05883002;0.07676067;0.0;0.0;0.03832562;0.05377651
JAGUARI;120.0;Reservatório com Usina;PARAIBA DO SUL;SUDESTE;SE;SUDESTE;;;2026-01-10;423.852;;1213.775;;34.9201;423.852;1213.775;0.15529736;0.16066069;0.00482297;0.00593198;0.0;0.0;0.00314199;0.00415579
JORDÃO;73.0;Reservatório sem usina;IGUACU;IGUACU;S;SUL;;;2026-01-10;11.857;;20.306;;58.3916;11.857;20.306;0.00182765;0.0020179;0.00083289;0.00099251;0.0;0.0;8.79e-05;6.952e-05
JURUMIRIM;47.0;Reservatório com Usina;PARANAPANEMA;PARANAPANEMA;SE;SUDESTE;;;2026-01-10;2322.563;;4121.37;;56.3541;2322.563;4121.37;0.29120546;0.34076424;0.0264282;0.02014204;0.0;0.0;0.01721701;0.01411099
LAJES;124.0;Reservatório sem usina;PARAIBA DO SUL;SUDESTE;SE;SUDESTE;;;2026-01-10;434.69;;512.183;;84.8701;434.69;512.183;0.15926835;0.06779484;0.00494629;0.00250315;0.0;0.0;0.00322233;0.00175364
LUIZ GONZAGA;172.0;Reservatório com Usina;SAO FRANCISCO;NORDESTE;NE;NORDESTE;;;2026-01-10;1316.281;;3418.033;;38.5099;1316.281;3418.033;0.05349656;0.06482484;0.05420375;0.06612405;0.0;0.0;0.00975751;0.01170286
M. MORAES;7.0;Reservatório com Usina;GRANDE;PARANA;SE;SUDESTE;;;2026-01-10;3311.452;;4339.622;;76.3074;3311.452;4339.622;0.18744526;0.08421309;0.03768066;0.02120868;0.0;0.0;0.02454758;0.01485825
MACHADINHO;91.0;Reservatório com Usina;URUGUAI;SUL;S;SUL;;;2026-01-10;662.336;;890.994;;74.3368;662.336;890.994;0.13024406;0.13238625;0.04652551;0.04354971;0.0;0.0;0.00490985;0.00305064
MANSO;278.0;Reservatório com Usina;PARAGUAI;SUDESTE;SE;SUDESTE;;;2026-01-10;312.309;;555.798;;56.1911;312.309;555.798;1.0;1.0;0.00355373;0.00271631;0.0;0.0;0.00231513;0.00190297
MARIMBONDO;17.0;Reservatório com Usina;GRANDE;PARANA;SE;SUDESTE;;;2026-01-10;966.349;;5393.697;;17.9163;966.349;5393.697;0.05470034;0.10466808;0.01099598;0.02636018;0.0;0.0;0.00716348;0.01846725
MIRANDA;26.0;Reservatório com Usina;PARANAIBA;PARANA;SE;SUDESTE;;;2026-01-10;227.038;;269.778;;84.1573;227.038;269.778;0.00800426;0.00343662;0.00258344;0.00131846;0.0;0.0;0.00168302;0.00092368
NOVA PONTE;25.0;Reservatório com Usina;PARANAIBA;PARANA;SE;SUDESTE;;;2026-01-10;6574.764;;22766.333;;28.8793;6574.764;22766.333;0.23179444;0.29001349;0.07481354;0.11126406;0.0;0.0;0.0487383;0.07794869
PARAIBUNA;121.0;Reservatório com Usina;PARAIBA DO SUL;SUDESTE;SE;SUDESTE;;;2026-01-10;1531.932;;4561.222;;33.586;1531.932;4561.222;0.56129261;0.60374377;0.01743169;0.02229169;0.0;0.0;0.01135611;0.01561698
PASSO FUNDO;93.0;Reservatório com Usina;URUGUAI;SUL;S;SUL;;;2026-01-10;1482.546;;1706.162;;86.8936;1482.546;1706.162;0.29153302;0.25350607;0.10414082;0.08339322;0.0;0.0;0.01099002;0.00584166
PASSO REAL;111.0;Reservatório com Usina;JACUI;SUL;S;SUL;;;2026-01-10;2088.229;;2828.801;;73.8203;2088.229;2828.801;0.9072602;0.93379678;0.14668677;0.13826519;0.0;0.0;0.01547991;0.00968541
PEDRA DO CAVALO;189.0;Reservatório com Usina;PARAGUACU;NORDESTE;NE;NORDESTE;;;2026-01-10;236.219;;335.383;;70.4326;236.219;335.383;1.0;1.0;0.00972737;0.0064882;0.0;0.0;0.00175108;0.0011483
PEIXE ANGICAL;257.0;Reservatório com Usina;TOCANTINS;SUDESTE;SE;SUDESTE;N;NORTE;2026-01-10;61.342;71.826;114.392;147.034;53.6244;133.168;261.426;0.00490581;0.00524104;0.000698;0.00055906;0.00845271;0.00960856;0.00098717;0.00089509
PONTE NOVA;105.0;Reservatório sem usina;TIETE;PARANA;SE;SUDESTE;;;2026-01-10;;;;;;0.0;0.0;0.0;0.0;0.0;0.0;0.0;0.0;0.0;0.0
PORTO ESTRELA;135.0;Reservatório com Usina;DOCE;SUDESTE;SE;SUDESTE;;;2026-01-10;9.139;;12.899;;70.8505;9.139;12.899;1.0;1.0;0.00010399;6.304e-05;0.0;0.0;6.775e-05;4.416e-05
PROMISSÃO;40.0;Reservatório com Usina;TIETE;PARANA;SE;SUDESTE;;;2026-01-10;1233.902;;1829.65;;67.4392;1233.902;1829.65;0.18681202;0.18813406;0.01404044;0.0089419;0.0;0.0;0.00914684;0.00626446
QUEBRA QUEIXO;95.0;Reservatório com Usina;URUGUAI;SUL;S;SUL;;;2026-01-10;6.136;;10.163;;60.3759;6.136;10.163;0.0012066;0.00151005;0.00043102;0.00049674;0.0;0.0;4.549e-05;3.48e-05
QUEIMADO;162.0;Reservatório com Usina;SAO FRANCISCO;SUDESTE;SE;SUDESTE;NE;NORDESTE;2026-01-10;87.277;152.151;283.402;484.803;30.7962;239.428;768.205;0.00973088;0.01456942;0.00099312;0.00138505;0.0062655;0.00937883;0.00177486;0.00263022
RETIRO BAIXO;155.0;Reservatório com Usina;SAO FRANCISCO;SUDESTE;SE;SUDESTE;NE;NORDESTE;2026-01-10;4.92;19.396;11.43;42.91;43.0446;24.316;54.34;0.00098826;0.00103059;5.598e-05;5.586e-05;0.00079872;0.00083012;0.00018025;0.00018605
RONDON II;276.0;Reservatório com Usina;AMAZONAS;MADEIRA;SE;SUDESTE;;;2026-01-10;26.916;;56.442;;47.6879;26.916;56.442;0.04703235;0.02782819;0.00030627;0.00027584;0.0;0.0;0.00019953;0.00019325
S.DO FACÃO;21.0;Reservatório com Usina;PARANAIBA;PARANA;SE;SUDESTE;;;2026-01-10;2976.964;;6581.918;;45.2294;2976.964;6581.918;0.10495338;0.08384508;0.03387456;0.03216728;0.0;0.0;0.02206804;0.02253555
SALTO RS;;Reservatório sem usina;JACUI;SUL;S;SUL;;;2026-01-10;;;;;;0.0;0.0;0.0;0.0;0.0;0.0;0.0;0.0;0.0;0.0
SALTO SANTIAGO;77.0;Reservatório com Usina;IGUACU;IGUACU;S;SUL;;;2026-01-10;2630.192;;3340.803;;78.7293;2630.192;3340.803;0.40542065;0.33199092;0.18475673;0.16329065;0.0;0.0;0.01949744;0.01143843
SAMUEL;279.0;Reservatório com Usina;AMAZONAS;MADEIRA;SE;SUDESTE;;;2026-01-10;67.785;;257.288;;26.346;67.785;257.288;0.11844581;0.1268534;0.00077132;0.00125742;0.0;0.0;0.00050249;0.00088092
SANTA BRANCA;122.0;Reservatório com Usina;PARAIBA DO SUL;SUDESTE;SE;SUDESTE;;;2026-01-10;146.071;;454.095;;32.1675;146.071;454.095;0.05351972;0.06010605;0.00166213;0.00221926;0.0;0.0;0.00108281;0.00155476
SANTA CLARA-PR;71.0;Reservatório com Usina;IGUACU;IGUACU;S;SUL;;;2026-01-10;246.07;;373.966;;65.8001;246.07;373.966;0.0379295;0.03716272;0.01728508;0.01827859;0.0;0.0;0.0018241;0.00128041
SANTANA;181.0;Reservatório sem usina;PARAIBA DO SUL;SUDESTE;SE;SUDESTE;;;2026-01-10;;;;;;0.0;0.0;0.0;0.0;0.0;0.0;0.0;0.0;0.0;0.0
SANTONIO CM;193.0;Reservatório sem usina;DOCE;SUDESTE;SE;SUDESTE;;;2026-01-10;;;;;;0.0;0.0;0.0;0.0;0.0;0.0;0.0;0.0;0.0;0.0
SAO ROQUE;88.0;Reservatório com Usina;URUGUAI;SUL;S;SUL;;;2026-01-10;538.674;;801.912;;67.1737;538.674;801.912;0.10592674;0.11915021;0.03783893;0.03919559;0.0;0.0;0.00399316;0.00274563
SÃO SIMÃO;33.0;Reservatório com Usina;PARANAIBA;PARANA;SE;SUDESTE;;;2026-01-10;1623.402;;5014.801;;32.3722;1623.402;5014.801;0.05723332;0.06388205;0.01847252;0.02450843;0.0;0.0;0.01203417;0.01716997
SEGREDO;76.0;Reservatório com Usina;IGUACU;IGUACU;S;SUL;;;2026-01-10;311.243;;447.497;;69.552;311.243;447.497;0.04797533;0.04446983;0.02186313;0.02187261;0.0;0.0;0.00230722;0.00153217
SERRA DA MESA;251.0;Reservatório com Usina;TOCANTINS;SUDESTE;SE;SUDESTE;N;NORTE;2026-01-10;18961.362;5986.796;35277.664;6620.419;53.7489;24948.158;41898.083;0.91907159;0.8399674;0.21575931;0.17240968;0.70454486;0.43263937;0.18493909;0.14345308
SINOP;227.0;Reservatório com Usina;AMAZONAS;TELES PIRES;SE;SUDESTE;;;2026-01-10;102.442;;900.655;;11.3742;102.442;900.655;0.17900459;0.44405938;0.00116568;0.0044017;0.0;0.0;0.0007594;0.00308371
SOBRADINHO;169.0;Reservatório com Usina;SAO FRANCISCO;NORDESTE;NE;NORDESTE;;;2026-01-10;12864.321;;30100.282;;42.7382;12864.321;30100.282;0.52283438;0.5708681;0.52974593;0.58230931;0.0;0.0;0.09536238;0.10305909
TOCOS;180.0;Reservatório sem usina;PARAIBA DO SUL;SUDESTE;SE;SUDESTE;;;2026-01-10;;;;;;0.0;0.0;0.0;0.0;0.0;0.0;0.0;0.0;0.0;0.0
TRÊS IRMÃOS;43.0;Reservatório com Usina;TIETE;PARANA;SE;SUDESTE;;;2026-01-10;1747.657;;2328.579;;75.0525;1747.657;2328.579;0.26459422;0.23943651;0.0198864;0.01138028;0.0;0.0;0.01295527;0.00797272
TRÊS MARIAS;156.0;Reservatório com Usina;SAO FRANCISCO;SUDESTE;SE;SUDESTE;NE;NORDESTE;2026-01-10;1196.307;8964.312;2345.606;16040.745;51.002;10160.619;18386.351;0.41294996;0.34870707;0.01361265;0.01146349;0.36914562;0.31031852;0.07532001;0.06295225
TUCURUI;275.0;Reservatório com Usina;TOCANTINS;NORTE;N;NORTE;;;2026-01-10;2063.63;;7721.097;;26.7272;2063.63;7721.097;0.0760226;0.15479156;0.24285443;0.50456785;0.0;0.0;0.01529756;0.02643594
A. VERMELHA;18.0;Reservatório com Usina;GRANDE;PARANA;SE;SUDESTE;;;2026-01-11;1245.655;;4340.282;;28.6999;1245.655;4340.282;0.07049251;0.0842259;0.01416323;0.02121191;0.0;0.0;0.00922484;0.01486051
ANTA;128.0;Reservatório sem usina;PARAIBA DO SUL;SUDESTE;SE;SUDESTE;;;2026-01-11;;;;;;0.0;0.0;0.0;0.0;0.0;0.0;0.0;0.0;0.0;0.0
B. BONITA;37.0;Reservatório com Usina;TIETE;PARANA;SE;SUDESTE;;;2026-01-11;1734.652;;2713.786;;63.92;1734.652;2713.786;0.26309158;0.27904549;0.01972318;0.01326287;0.0;0.0;0.01284616;0.00929162
BALBINA;277.0;Reservatório com Usina;AMAZONAS;MANAUS-AMAPA;N;NORTE;;;2026-01-11;370.111;;785.737;;47.1037;370.111;785.737;0.62500274;0.38740015;0.04345696;0.05134732;0.0;0.0;0.0027409;0.00269025
BARRA GRANDE;86.0;Reservatório com Usina;URUGUAI;SUL;S;SUL;;;2026-01-11;2166.974;;2991.427;;72.4395;2166.974;2991.427;0.42377179;0.44447414;0.15175973;0.14621397;0.0;0.0;0.01604777;0.01024222
BATALHA;20.0;Reservatório com Usina;PARANAIBA;PARANA;SE;SUDESTE;;;2026-01-11;1042.134;;2751.514;;37.8749;1042.134;2751.514;0.0366014;0.03505071;0.01184918;0.01344725;0.0;0.0;0.00771764;0.00942079
BILLINGS;118.0;Reservatório sem usina;TIETE;SUDESTE;SE;SUDESTE;;;2026-01-11;1667.92;;2444.556;;68.23;1667.92;2444.556;0.25297046;0.25136187;0.01896443;0.01194708;0.0;0.0;0.01235197;0.00836981
BLANG;;Reservatório sem usina;JACUI;SUL;S;SUL;;;2026-01-11;;;;;;0.0;0.0;0.0;0.0;0.0;0.0;0.0;0.0;0.0;0.0
BOA ESPERANÇA;190.0;Reservatório com Usina;PARNAIBA;NORDESTE;NE;NORDESTE;;;2026-01-11;106.514;;264.178;;40.319;106.514;264.178;1.0;1.0;0.00438562;0.00511069;0.0;0.0;0.0007888;0.00090451
C.BRANCO-1;27.0;Reservatório com Usina;PARANAIBA;PARANA;SE;SUDESTE;;;2026-01-11;9.99;;20.753;;48.1376;9.99;20.753;0.00035086;0.00026437;0.00011359;0.00010142;0.0;0.0;7.398e-05;7.106e-05
CACONDE;14.0;Reservatório com Usina;GRANDE;PARANA;SE;SUDESTE;;;2026-01-11;328.132;;853.4;;38.45;328.132;853.4;0.01856922;0.01656076;0.0037309;0.00417075;0.0;0.0;0.00243002;0.00292192
CACU;311.0;Reservatório com Usina;PARANAIBA;PARANA;SE;SUDESTE;;;2026-01-11;27.256;;30.877;;88.2728;27.256;30.877;0.00095727;0.00039333;0.0003099;0.0001509;0.0;0.0;0.00020185;0.00010572
CAMARGOS;1.0;Reservatório com Usina;GRANDE;PARANA;SE;SUDESTE;;;2026-01-11;816.661;;1568.489;;52.0667;816.661;1568.489;0.04621543;0.03043752;0.00928553;0.00766555;0.0;0.0;0.00604788;0.00537028
CAMPOS NOVOS;90.0;Reservatório com Usina;URUGUAI;SUL;S;SUL;;;2026-01-11;188.152;;227.826;;82.5858;188.152;227.826;0.03679486;0.03385099;0.01317685;0.0111356;0.0;0.0;0.00139338;0.00078004
CAPIVARA;61.0;Reservatório com Usina;PARANAPANEMA;PARANAPANEMA;SE;SUDESTE;;;2026-01-11;3447.709;;3889.672;;88.6375;3447.709;3889.672;0.43392369;0.32160692;0.03920083;0.01900968;0.0;0.0;0.0255324;0.01331768
CHAVANTES;49.0;Reservatório com Usina;PARANAPANEMA;PARANAPANEMA;SE;SUDESTE;;;2026-01-11;1789.375;;3370.499;;53.0893;1789.375;3370.499;0.22520816;0.27868052;0.02034539;0.01647237;0.0;0.0;0.01325142;0.01154011
CORUMBA;30.0;Reservatório com Usina;PARANAIBA;PARANA;SE;SUDESTE;;;2026-01-11;721.971;;1531.054;;47.1552;721.971;1531.054;0.02535677;0.01950364;0.00820889;0.0074826;0.0;0.0;0.00534664;0.00524211
CORUMBA-3;203.0;Reservatório com Usina;PARANAIBA;PARANA;SE;SUDESTE;;;2026-01-11;134.463;;425.126;;31.629;134.463;425.126;0.00472255;0.00541555;0.00152886;0.00207768;0.0;0.0;0.00099578;0.00145557
CORUMBA-4;29.0;Reservatório com Usina;PARANAIBA;PARANA;SE;SUDESTE;;;2026-01-11;481.953;;1415.959;;34.0372;481.953;1415.959;0.01692696;0.01803748;0.00547986;0.0069201;0.0;0.0;0.00356916;0.00484804
CURUA-UNA;272.0;Reservatório com Usina;AMAZONAS;BELO MONTE;N;NORTE;;;2026-01-11;4.947;;28.109;;17.5993;4.947;28.109;0.00835395;0.01385888;0.00058086;0.0018369;0.0;0.0;3.664e-05;9.624e-05
DIVISA;;Reservatório sem usina;JACUI;SUL;S;SUL;;;2026-01-11;;;;;;0.0;0.0;0.0;0.0;0.0;0.0;0.0;0.0;0.0;0.0
EDGARD SOUZA;107.0;Reservatório sem usina;TIETE;PARANA;SE;SUDESTE;;;2026-01-11;;;;;;0.0;0.0;0.0;0.0;0.0;0.0;0.0;0.0;0.0;0.0
EMBORCAÇÃO;24.0;Reservatório com Usina;PARANAIBA;PARANA;SE;SUDESTE;;;2026-01-11;9422.508;;21873.496;;43.0773;9422.508;21873.496;0.33093348;0.2786399;0.10713495;0.10690057;0.0;0.0;0.06977946;0.07489174
ERNESTINA;110.0;Reservatório sem usina;JACUI;SUL;S;SUL;;;2026-01-11;212.929;;200.552;;106.1715;212.929;200.552;0.09200965;0.06620289;0.01491206;0.00980251;0.0;0.0;0.00157687;0.00068666
ESPORA;290.0;Reservatório com Usina;PARANAIBA;PARANA;SE;SUDESTE;;;2026-01-11;31.52;;112.927;;27.9118;31.52;112.927;0.00110703;0.00143854;0.00035839;0.0005519;0.0;0.0;0.00023342;0.00038665
FUNIL;123.0;Reservatório com Usina;PARAIBA DO SUL;SUDESTE;SE;SUDESTE;;;2026-01-11;188.812;;813.622;;23.2064;188.812;813.622;0.06969092;0.10769465;0.00214681;0.00397635;0.0;0.0;0.00139827;0.00278573
FURNAS;6.0;Reservatório com Usina;GRANDE;PARANA;SE;SUDESTE;;;2026-01-11;11012.611;;35035.949;;31.4323;11012.611;35035.949;0.62321154;0.67989462;0.12521459;0.17122837;0.0;0.0;0.08155514;0.11995811
G. B. MUNHOZ;74.0;Reservatório com Usina;IGUACU;IGUACU;S;SUL;;;2026-01-11;3285.248;;5880.363;;55.8681;3285.248;5880.363;0.50602611;0.58435864;0.23007583;0.28741842;0.0;0.0;0.02432928;0.02013353
G. P. SOUZA;115.0;Reservatório com Usina;CAPIVARI;SUL;S;SUL;;;2026-01-11;218.594;;374.956;;58.2986;218.594;374.956;1.0;1.0;0.0153088;0.01832697;0.0;0.0;0.00161882;0.0012838
GARIBALDI;89.0;Reservatório com Usina;URUGUAI;SUL;S;SUL;;;2026-01-11;44.349;;101.775;;43.5755;44.349;101.775;0.00867286;0.015122;0.00310589;0.00497452;0.0;0.0;0.00032843;0.00034846
GOV JAYME CANET JR;57.0;Reservatório com Usina;PARANAPANEMA;IGUACU;S;SUL;SE;SUDESTE;2026-01-11;140.393;245.58;261.737;451.213;53.639;385.973;712.95;0.04857801;0.05894833;0.00983215;0.01279309;0.00279227;0.00220518;0.00285837;0.00244104
GUARAPIRANGA;117.0;Reservatório sem usina;TIETE;SUDESTE;SE;SUDESTE;;;2026-01-11;223.545;;408.675;;54.6999;223.545;408.675;0.03390467;0.04202207;0.00254173;0.00199728;0.0;0.0;0.00165549;0.00139925
I. SOLTEIRA;34.0;Reservatório com Usina;PARANA;PARANA;SE;SUDESTE;;;2026-01-11;2678.177;;3691.575;;72.5484;2678.177;3691.575;1.0;1.0;0.03045117;0.01804154;0.0;0.0;0.01983354;0.01263943
IRAPE;148.0;Reservatório com Usina;JEQUITINHONHA;SUDESTE;SE;SUDESTE;NE;NORDESTE;2026-01-11;1171.586;626.852;1962.895;1004.893;59.6866;1798.438;2967.788;1.0;1.0;0.01332106;0.0095931;0.02581009;0.0194403;0.01331854;0.01016128
ITUMBIARA;31.0;Reservatório com Usina;PARANAIBA;PARANA;SE;SUDESTE;;;2026-01-11;5170.52;;15706.409;;32.9198;5170.52;15706.409;0.18159689;0.20007923;0.05878938;0.07676067;0.0;0.0;0.03829087;0.05377651
JAGUARI;120.0;Reservatório com Usina;PARAIBA DO SUL;SUDESTE;SE;SUDESTE;;;2026-01-11;420.347;;1213.775;;34.6314;420.347;1213.775;0.15515099;0.16066069;0.00477939;0.00593198;0.0;0.0;0.00311293;0.00415579
JORDÃO;73.0;Reservatório sem usina;IGUACU;IGUACU;S;SUL;;;2026-01-11;12.009;;20.306;;59.1402;12.009;20.306;0.00184974;0.0020179;0.00084103;0.00099251;0.0;0.0;8.893e-05;6.952e-05
JURUMIRIM;47.0;Reservatório com Usina;PARANAPANEMA;PARANAPANEMA;SE;SUDESTE;;;2026-01-11;2322.371;;4121.37;;56.3495;2322.371;4121.37;0.29229027;0.34076424;0.02640561;0.02014204;0.0;0.0;0.01719858;0.01411099
LAJES;124.0;Reservatório sem usina;PARAIBA DO SUL;SUDESTE;SE;SUDESTE;;;2026-01-11;434.383;;512.183;;84.8101;434.383;512.183;0.1603317;0.06779484;0.00493898;0.00250315;0.0;0.0;0.00321687;0.00175364
LUIZ GONZAGA;172.0;Reservatório com Usina;SAO FRANCISCO;NORDESTE;NE;NORDESTE;;;2026-01-11;1328.565;;3418.033;;38.8693;1328.565;3418.033;0.05398483;0.06482484;0.05470252;0.06612405;0.0;0.0;0.00983884;0.01170286
M. MORAES;7.0;Reservatório com Usina;GRANDE;PARANA;SE;SUDESTE;;;2026-01-11;3291.986;;4339.622;;75.8588;3291.986;4339.622;0.18629585;0.08421309;0.03743024;0.02120868;0.0;0.0;0.02437918;0.01485825
MACHADINHO;91.0;Reservatório com Usina;URUGUAI;SUL;S;SUL;;;2026-01-11;681.799;;890.994;;76.5212;681.799;890.994;0.13333209;0.13238625;0.04774844;0.04354971;0.0;0.0;0.00504914;0.00305064
MANSO;278.0;Reservatório com Usina;PARAGUAI;SUDESTE;SE;SUDESTE;;;2026-01-11;313.607;;555.798;;56.4246;313.607;555.798;1.0;1.0;0.00356575;0.00271631;0.0;0.0;0.00232245;0.00190297
MARIMBONDO;17.0;Reservatório com Usina;GRANDE;PARANA;SE;SUDESTE;;;2026-01-11;975.698;;5393.697;;18.0896;975.698;5393.697;0.05521545;0.10466808;0.01109379;0.02636018;0.0;0.0;0.00722564;0.01846725
MIRANDA;26.0;Reservatório com Usina;PARANAIBA;PARANA;SE;SUDESTE;;;2026-01-11;219.762;;269.778;;81.4603;219.762;269.778;0.00771839;0.00343662;0.00249872;0.00131846;0.0;0.0;0.00162747;0.00092368
NOVA PONTE;25.0;Reservatório com Usina;PARANAIBA;PARANA;SE;SUDESTE;;;2026-01-11;6583.418;;22766.333;;28.9173;6583.418;22766.333;0.23122012;0.29001349;0.07485418;0.11126406;0.0;0.0;0.04875425;0.07794869
PARAIBUNA;121.0;Reservatório com Usina;PARAIBA DO SUL;SUDESTE;SE;SUDESTE;;;2026-01-11;1518.98;;4561.222;;33.302;1518.98;4561.222;0.5606588;0.60374377;0.01727097;0.02229169;0.0;0.0;0.01124898;0.01561698
PASSO FUNDO;93.0;Reservatório com Usina;URUGUAI;SUL;S;SUL;;;2026-01-11;1484.274;;1706.162;;86.9949;1484.274;1706.162;0.2902635;0.25350607;0.10394819;0.08339322;0.0;0.0;0.01099196;0.00584166
PASSO REAL;111.0;Reservatório com Usina;JACUI;SUL;S;SUL;;;2026-01-11;2101.273;;2828.801;;74.2814;2101.273;2828.801;0.90798992;0.93379678;0.14715849;0.13826519;0.0;0.0;0.01556122;0.00968541
PEDRA DO CAVALO;189.0;Reservatório com Usina;PARAGUACU;NORDESTE;NE;NORDESTE;;;2026-01-11;236.219;;335.383;;70.4326;236.219;335.383;1.0;1.0;0.00972611;0.0064882;0.0;0.0;0.00174935;0.0011483
PEIXE ANGICAL;257.0;Reservatório com Usina;TOCANTINS;SUDESTE;SE;SUDESTE;N;NORTE;2026-01-11;52.166;61.207;114.392;147.034;45.6028;113.373;261.426;0.00417439;0.00524104;0.00059313;0.00055906;0.00718668;0.00960856;0.0008396;0.00089509
PONTE NOVA;105.0;Reservatório sem usina;TIETE;PARANA;SE;SUDESTE;;;2026-01-11;;;;;;0.0;0.0;0.0;0.0;0.0;0.0;0.0;0.0;0.0;0.0
PORTO ESTRELA;135.0;Reservatório com Usina;DOCE;SUDESTE;SE;SUDESTE;;;2026-01-11;8.558;;12.899;;66.3462;8.558;12.899;1.0;1.0;9.731e-05;6.304e-05;0.0;0.0;6.338e-05;4.416e-05
PROMISSÃO;40.0;Reservatório com Usina;TIETE;PARANA;SE;SUDESTE;;;2026-01-11;1229.64;;1829.65;;67.2063;1229.64;1829.65;0.18649731;0.18813406;0.01398114;0.0089419;0.0;0.0;0.00910624;0.00626446
QUEBRA QUEIXO;95.0;Reservatório com Usina;URUGUAI;SUL;S;SUL;;;2026-01-11;5.811;;10.163;;57.178;5.811;10.163;0.00113639;0.00151005;0.00040696;0.00049674;0.0;0.0;4.303e-05;3.48e-05
QUEIMADO;162.0;Reservatório com Usina;SAO FRANCISCO;SUDESTE;SE;SUDESTE;NE;NORDESTE;2026-01-11;89.127;155.303;283.402;484.803;31.449;244.43;768.205;0.00993215;0.01456942;0.00101338;0.00138505;0.00639447;0.00937883;0.00181015;0.00263022
RETIRO BAIXO;155.0;Reservatório com Usina;SAO FRANCISCO;SUDESTE;SE;SUDESTE;NE;NORDESTE;2026-01-11;4.332;17.089;11.43;42.91;37.9003;21.421;54.34;0.00087042;0.00103059;4.926e-05;5.586e-05;0.00070362;0.00083012;0.00015864;0.00018605
RONDON II;276.0;Reservatório com Usina;AMAZONAS;MADEIRA;SE;SUDESTE;;;2026-01-11;28.039;;56.442;;49.6775;28.039;56.442;0.04734918;0.02782819;0.00031881;0.00027584;0.0;0.0;0.00020765;0.00019325
S.DO FACÃO;21.0;Reservatório com Usina;PARANAIBA;PARANA;SE;SUDESTE;;;2026-01-11;2974.321;;6581.918;;45.1893;2974.321;6581.918;0.10446289;0.08384508;0.03381836;0.03216728;0.0;0.0;0.02202667;0.02253555
SALTO RS;;Reservatório sem usina;JACUI;SUL;S;SUL;;;2026-01-11;;;;;;0.0;0.0;0.0;0.0;0.0;0.0;0.0;0.0;0.0;0.0
SALTO SANTIAGO;77.0;Reservatório com Usina;IGUACU;IGUACU;S;SUL;;;2026-01-11;2628.471;;3340.803;;78.6778;2628.471;3340.803;0.40486288;0.33199092;0.18407976;0.16329065;0.0;0.0;0.01946544;0.01143843
SAMUEL;279.0;Reservatório com Usina;AMAZONAS;MADEIRA;SE;SUDESTE;;;2026-01-11;74.138;;257.288;;28.8152;74.138;257.288;0.1251961;0.1268534;0.00084296;0.00125742;0.0;0.0;0.00054904;0.00088092
SANTA BRANCA;122.0;Reservatório com Usina;PARAIBA DO SUL;SUDESTE;SE;SUDESTE;;;2026-01-11;146.755;;454.095;;32.3181;146.755;454.095;0.05416759;0.06010605;0.00166862;0.00221926;0.0;0.0;0.00108681;0.00155476
SANTA CLARA-PR;71.0;Reservatório com Usina;IGUACU;IGUACU;S;SUL;;;2026-01-11;254.348;;373.966;;68.0137;254.348;373.966;0.03917717;0.03716272;0.01781276;0.01827859;0.0;0.0;0.0018836;0.00128041
SANTANA;181.0;Reservatório sem usina;PARAIBA DO SUL;SUDESTE;SE;SUDESTE;;;2026-01-11;;;;;;0.0;0.0;0.0;0.0;0.0;0.0;0.0;0.0;0.0;0.0
SANTONIO CM;193.0;Reservatório sem usina;DOCE;SUDESTE;SE;SUDESTE;;;2026-01-11;;;;;;0.0;0.0;0.0;0.0;0.0;0.0;0.0;0.0;0.0;0.0
SAO ROQUE;88.0;Reservatório com Usina;URUGUAI;SUL;S;SUL;;;2026-01-11;542.18;;801.912;;67.6109;542.18;801.912;0.10602831;0.11915021;0.0379705;0.03919559;0.0;0.0;0.00401518;0.00274563
SÃO SIMÃO;33.0;Reservatório com Usina;PARANAIBA;PARANA;SE;SUDESTE;;;2026-01-11;1652.698;;5014.801;;32.9564;1652.698;5014.801;0.05804538;0.06388205;0.01879136;0.02450843;0.0;0.0;0.01223924;0.01716997
SEGREDO;76.0;Reservatório com Usina;IGUACU;IGUACU;S;SUL;;;2026-01-11;312.173;;447.497;;69.7598;312.173;447.497;0.04808395;0.04446983;0.02186242;0.02187261;0.0;0.0;0.00231183;0.00153217
SERRA DA MESA;251.0;Reservatório com Usina;TOCANTINS;SUDESTE;SE;SUDESTE;N;NORTE;2026-01-11;18965.32;5991.191;35277.664;6620.419;53.7601;24956.511;41898.083;0.91889869;0.8399674;0.21563777;0.17240968;0.70346175;0.43263937;0.18481828;0.14345308
SINOP;227.0;Reservatório com Usina;AMAZONAS;TELES PIRES;SE;SUDESTE;;;2026-01-11;114.939;;900.655;;12.7617;114.939;900.655;0.19409634;0.44405938;0.00130687;0.0044017;0.0;0.0;0.00085119;0.00308371
SOBRADINHO;169.0;Reservatório com Usina;SAO FRANCISCO;NORDESTE;NE;NORDESTE;;;2026-01-11;12834.786;;30100.282;;42.6401;12834.786;30100.282;0.52152796;0.5708681;0.52846125;0.58230931;0.0;0.0;0.09504947;0.10305909
TOCOS;180.0;Reservatório sem usina;PARAIBA DO SUL;SUDESTE;SE;SUDESTE;;;2026-01-11;;;;;;0.0;0.0;0.0;0.0;0.0;0.0;0.0;0.0;0.0;0.0
TRÊS IRMÃOS;43.0;Reservatório com Usina;TIETE;PARANA;SE;SUDESTE;;;2026-01-11;1737.581;;2328.579;;74.6198;1737.581;2328.579;0.26353582;0.23943651;0.01975649;0.01138028;0.0;0.0;0.01286785;0.00797272
TRÊS MARIAS;156.0;Reservatório com Usina;SAO FRANCISCO;SUDESTE;SE;SUDESTE;NE;NORDESTE;2026-01-11;1199.003;8981.762;2345.606;16040.745;51.117;10180.765;18386.351;0.41368463;0.34870707;0.0136328;0.01146349;0.36981631;0.31031852;0.07539481;0.06295225
TUCURUI;275.0;Reservatório com Usina;TOCANTINS;NORTE;N;NORTE;;;2026-01-11;2089.269;;7721.097;;27.0592;2089.269;7721.097;0.07692688;0.15479156;0.24531363;0.50456785;0.0;0.0;0.01547232;0.02643594
A. VERMELHA;18.0;Reservatório com Usina;GRANDE;PARANA;SE;SUDESTE;;;2026-01-12;1237.846;;4340.282;;28.5199;1237.846;4340.282;0.07035401;0.0842259;0.01410506;0.02121191;0.0;0.0;0.00918501;0.01486051
ANTA;128.0;Reservatório sem usina;PARAIBA DO SUL;SUDESTE;SE;SUDESTE;;;2026-01-12;;;;;;0.0;0.0;0.0;0.0;0.0;0.0;0.0;0.0;0.0;0.0
B. BONITA;37.0;Reservatório com Usina;TIETE;PARANA;SE;SUDESTE;;;2026-01-12;1734.623;;2713.786;;63.9189;1734.623;2713.786;0.26339339;0.27904549;0.01976576;0.01326287;0.0;0.0;0.01287117;0.00929162
BALBINA;277.0;Reservatório com Usina;AMAZONAS;MANAUS-AMAPA;N;NORTE;;;2026-01-12;370.111;;785.737;;47.1037;370.111;785.737;0.61271786;0.38740015;0.04342862;0.05134732;0.0;0.0;0.00274628;0.00269025
BARRA GRANDE;86.0;Reservatório com Usina;URUGUAI;SUL;S;SUL;;;2026-01-12;2179.558;;2991.427;;72.8601;2179.558;2991.427;0.42682935;0.44447414;0.15340847;0.14621397;0.0;0.0;0.01617265;0.01024222
BATALHA;20.0;Reservatório com Usina;PARANAIBA;PARANA;SE;SUDESTE;;;2026-01-12;1050.692;;2751.514;;38.186;1050.692;2751.514;0.03692304;0.03505071;0.01197247;0.01344725;0.0;0.0;0.0077963;0.00942079
BILLINGS;118.0;Reservatório sem usina;TIETE;SUDESTE;SE;SUDESTE;;;2026-01-12;1665.72;;2444.556;;68.14;1665.72;2444.556;0.25293083;0.25136187;0.01898062;0.01194708;0.0;0.0;0.0123599;0.00836981
BLANG;;Reservatório sem usina;JACUI;SUL;S;SUL;;;2026-01-12;;;;;;0.0;0.0;0.0;0.0;0.0;0.0;0.0;0.0;0.0;0.0
BOA ESPERANÇA;190.0;Reservatório com Usina;PARNAIBA;NORDESTE;NE;NORDESTE;;;2026-01-12;106.122;;264.178;;40.1706;106.122;264.178;1.0;1.0;0.00437088;0.00511069;0.0;0.0;0.00078744;0.00090451
C.BRANCO-1;27.0;Reservatório com Usina;PARANAIBA;PARANA;SE;SUDESTE;;;2026-01-12;9.706;;20.753;;46.7691;9.706;20.753;0.00034108;0.00026437;0.0001106;0.00010142;0.0;0.0;7.202e-05;7.106e-05
CACONDE;14.0;Reservatório com Usina;GRANDE;PARANA;SE;SUDESTE;;;2026-01-12;326.942;;853.4;;38.3105;326.942;853.4;0.01858202;0.01656076;0.00372545;0.00417075;0.0;0.0;0.00242596;0.00292192
CACU;311.0;Reservatório com Usina;PARANAIBA;PARANA;SE;SUDESTE;;;2026-01-12;25.494;;30.877;;82.5663;25.494;30.877;0.0008959;0.00039333;0.0002905;0.0001509;0.0;0.0;0.00018917;0.00010572
CAMARGOS;1.0;Reservatório com Usina;GRANDE;PARANA;SE;SUDESTE;;;2026-01-12;816.593;;1568.489;;52.0624;816.593;1568.489;0.04641174;0.03043752;0.00930495;0.00766555;0.0;0.0;0.00605924;0.00537028
CAMPOS NOVOS;90.0;Reservatório com Usina;URUGUAI;SUL;S;SUL;;;2026-01-12;178.142;;227.826;;78.1921;178.142;227.826;0.03488608;0.03385099;0.01253855;0.0111356;0.0;0.0;0.00132184;0.00078004
CAPIVARA;61.0;Reservatório com Usina;PARANAPANEMA;PARANAPANEMA;SE;SUDESTE;;;2026-01-12;3421.059;;3889.672;;87.9524;3421.059;3889.672;0.43334258;0.32160692;0.03898244;0.01900968;0.0;0.0;0.02538478;0.01331768
CHAVANTES;49.0;Reservatório com Usina;PARANAPANEMA;PARANAPANEMA;SE;SUDESTE;;;2026-01-12;1765.586;;3370.499;;52.3835;1765.586;3370.499;0.22364525;0.27868052;0.02011858;0.01647237;0.0;0.0;0.01310092;0.01154011
CORUMBA;30.0;Reservatório com Usina;PARANAIBA;PARANA;SE;SUDESTE;;;2026-01-12;723.834;;1531.054;;47.2768;723.834;1531.054;0.02543672;0.01950364;0.00824798;0.0074826;0.0;0.0;0.00537096;0.00524211
CORUMBA-3;203.0;Reservatório com Usina;PARANAIBA;PARANA;SE;SUDESTE;;;2026-01-12;134.456;;425.126;;31.6273;134.456;425.126;0.004725;0.00541555;0.00153211;0.00207768;0.0;0.0;0.00099768;0.00145557
CORUMBA-4;29.0;Reservatório com Usina;PARANAIBA;PARANA;SE;SUDESTE;;;2026-01-12;479.615;;1415.959;;33.8721;479.615;1415.959;0.01685446;0.01803748;0.00546514;0.0069201;0.0;0.0;0.00355882;0.00484804
CURUA-UNA;272.0;Reservatório com Usina;AMAZONAS;BELO MONTE;N;NORTE;;;2026-01-12;4.947;;28.109;;17.5993;4.947;28.109;0.00818975;0.01385888;0.00058048;0.0018369;0.0;0.0;3.671e-05;9.624e-05
DIVISA;;Reservatório sem usina;JACUI;SUL;S;SUL;;;2026-01-12;;;;;;0.0;0.0;0.0;0.0;0.0;0.0;0.0;0.0;0.0;0.0
EDGARD SOUZA;107.0;Reservatório sem usina;TIETE;PARANA;SE;SUDESTE;;;2026-01-12;;;;;;0.0;0.0;0.0;0.0;0.0;0.0;0.0;0.0;0.0;0.0
EMBORCAÇÃO;24.0;Reservatório com Usina;PARANAIBA;PARANA;SE;SUDESTE;;;2026-01-12;9445.082;;21873.496;;43.1805;9445.082;21873.496;0.3319157;0.2786399;0.10762525;0.10690057;0.0;0.0;0.07008395;0.07489174
ERNESTINA;110.0;Reservatório sem usina;JACUI;SUL;S;SUL;;;2026-01-12;212.285;;200.552;;105.8504;212.285;200.552;0.09142464;0.06620289;0.01494171;0.00980251;0.0;0.0;0.00157519;0.00068666
ESPORA;290.0;Reservatório com Usina;PARANAIBA;PARANA;SE;SUDESTE;;;2026-01-12;30.912;;112.927;;27.3734;30.912;112.927;0.0010863;0.00143854;0.00035224;0.0005519;0.0;0.0;0.00022937;0.00038665
FUNIL;123.0;Reservatório com Usina;PARAIBA DO SUL;SUDESTE;SE;SUDESTE;;;2026-01-12;185.199;;813.622;;22.7623;185.199;813.622;0.06853562;0.10769465;0.00211031;0.00397635;0.0;0.0;0.0013742;0.00278573
FURNAS;6.0;Reservatório com Usina;GRANDE;PARANA;SE;SUDESTE;;;2026-01-12;10943.912;;35035.949;;31.2362;10943.912;35035.949;0.62200636;0.67989462;0.12470419;0.17122837;0.0;0.0;0.0812055;0.11995811
G. B. MUNHOZ;74.0;Reservatório com Usina;IGUACU;IGUACU;S;SUL;;;2026-01-12;3224.761;;5880.363;;54.8395;3224.761;5880.363;0.50211136;0.58435864;0.22697521;0.28741842;0.0;0.0;0.02392822;0.02013353
G. P. SOUZA;115.0;Reservatório com Usina;CAPIVARI;SUL;S;SUL;;;2026-01-12;218.18;;374.956;;58.1882;218.18;374.956;1.0;1.0;0.01535663;0.01832697;0.0;0.0;0.00161893;0.0012838
GARIBALDI;89.0;Reservatório com Usina;URUGUAI;SUL;S;SUL;;;2026-01-12;43.946;;101.775;;43.1796;43.946;101.775;0.00860608;0.015122;0.00309314;0.00497452;0.0;0.0;0.00032609;0.00034846
GOV JAYME CANET JR;57.0;Reservatório com Usina;PARANAPANEMA;IGUACU;S;SUL;SE;SUDESTE;2026-01-12;138.605;242.473;261.737;451.213;52.9558;381.078;712.95;0.04827082;0.05894833;0.00975573;0.01279309;0.00276294;0.00220518;0.00282766;0.00244104
GUARAPIRANGA;117.0;Reservatório sem usina;TIETE;SUDESTE;SE;SUDESTE;;;2026-01-12;223.055;;408.675;;54.58;223.055;408.675;0.03386973;0.04202207;0.00254168;0.00199728;0.0;0.0;0.0016551;0.00139925
I. SOLTEIRA;34.0;Reservatório com Usina;PARANA;PARANA;SE;SUDESTE;;;2026-01-12;2654.789;;3691.575;;71.9148;2654.789;3691.575;1.0;1.0;0.03025091;0.01804154;0.0;0.0;0.01969894;0.01263943
IRAPE;148.0;Reservatório com Usina;JEQUITINHONHA;SUDESTE;SE;SUDESTE;NE;NORDESTE;2026-01-12;1174.228;628.159;1962.895;1004.893;59.8212;1802.387;2967.788;1.00000055;1.0;0.01338015;0.0095931;0.02587219;0.0194403;0.01337399;0.01016128
ITUMBIARA;31.0;Reservatório com Usina;PARANAIBA;PARANA;SE;SUDESTE;;;2026-01-12;5112.24;;15706.409;;32.5488;5112.24;15706.409;0.17965251;0.20007923;0.05825319;0.07676067;0.0;0.0;0.0379336;0.05377651
JAGUARI;120.0;Reservatório com Usina;PARAIBA DO SUL;SUDESTE;SE;SUDESTE;;;2026-01-12;416.376;;1213.775;;34.3042;416.376;1213.775;0.15408607;0.16066069;0.00474454;0.00593198;0.0;0.0;0.00308957;0.00415579
JORDÃO;73.0;Reservatório sem usina;IGUACU;IGUACU;S;SUL;;;2026-01-12;12.206;;20.306;;60.1103;12.206;20.306;0.00190054;0.0020179;0.00085912;0.00099251;0.0;0.0;9.057e-05;6.952e-05
JURUMIRIM;47.0;Reservatório com Usina;PARANAPANEMA;PARANAPANEMA;SE;SUDESTE;;;2026-01-12;2326.859;;4121.37;;56.4584;2326.859;4121.37;0.29474122;0.34076424;0.0265142;0.02014204;0.0;0.0;0.01726565;0.01411099
LAJES;124.0;Reservatório sem usina;PARAIBA DO SUL;SUDESTE;SE;SUDESTE;;;2026-01-12;434.383;;512.183;;84.8101;434.383;512.183;0.16074983;0.06779484;0.00494973;0.00250315;0.0;0.0;0.00322319;0.00175364
LUIZ GONZAGA;172.0;Reservatório com Usina;SAO FRANCISCO;NORDESTE;NE;NORDESTE;;;2026-01-12;1342.214;;3418.033;;39.2686;1342.214;3418.033;0.05455172;0.06482484;0.05528222;0.06612405;0.0;0.0;0.00995943;0.01170286
M. MORAES;7.0;Reservatório com Usina;GRANDE;PARANA;SE;SUDESTE;;;2026-01-12;3299.364;;4339.622;;76.0288;3299.364;4339.622;0.1875221;0.08421309;0.03759574;0.02120868;0.0;0.0;0.02448178;0.01485825
MACHADINHO;91.0;Reservatório com Usina;URUGUAI;SUL;S;SUL;;;2026-01-12;684.97;;890.994;;76.8771;684.97;890.994;0.13413972;0.13238625;0.0482117;0.04354971;0.0;0.0;0.00508258;0.00305064
MANSO;278.0;Reservatório com Usina;PARAGUAI;SUDESTE;SE;SUDESTE;;;2026-01-12;314.906;;555.798;;56.6584;314.906;555.798;1.0;1.0;0.00358831;0.00271631;0.0;0.0;0.00233665;0.00190297
MARIMBONDO;17.0;Reservatório com Usina;GRANDE;PARANA;SE;SUDESTE;;;2026-01-12;969.877;;5393.697;;17.9817;969.877;5393.697;0.05512377;0.10466808;0.0110516;0.02636018;0.0;0.0;0.00719664;0.01846725
MIRANDA;26.0;Reservatório com Usina;PARANAIBA;PARANA;SE;SUDESTE;;;2026-01-12;236.136;;269.778;;87.5297;236.136;269.778;0.00829821;0.00343662;0.00269073;0.00131846;0.0;0.0;0.00175217;0.00092368
NOVA PONTE;25.0;Reservatório com Usina;PARANAIBA;PARANA;SE;SUDESTE;;;2026-01-12;6559.575;;22766.333;;28.8126;6559.575;22766.333;0.23051424;0.29001349;0.07474534;0.11126406;0.0;0.0;0.04867305;0.07794869
PARAIBUNA;121.0;Reservatório com Usina;PARAIBA DO SUL;SUDESTE;SE;SUDESTE;;;2026-01-12;1518.832;;4561.222;;33.2988;1518.832;4561.222;0.56206615;0.60374377;0.01730686;0.02229169;0.0;0.0;0.01126997;0.01561698
PASSO FUNDO;93.0;Reservatório com Usina;URUGUAI;SUL;S;SUL;;;2026-01-12;1479.091;;1706.162;;86.6911;1479.091;1706.162;0.28965481;0.25350607;0.10410601;0.08339322;0.0;0.0;0.01097508;0.00584166
PASSO REAL;111.0;Reservatório com Usina;JACUI;SUL;S;SUL;;;2026-01-12;2109.682;;2828.801;;74.5787;2109.682;2828.801;0.90857536;0.93379678;0.14849024;0.13826519;0.0;0.0;0.01565416;0.00968541
PEDRA DO CAVALO;189.0;Reservatório com Usina;PARAGUACU;NORDESTE;NE;NORDESTE;;;2026-01-12;235.365;;335.383;;70.178;235.365;335.383;1.0;1.0;0.00969406;0.0064882;0.0;0.0;0.00174644;0.0011483
PEIXE ANGICAL;257.0;Reservatório com Usina;TOCANTINS;SUDESTE;SE;SUDESTE;N;NORTE;2026-01-12;41.454;48.734;114.392;147.034;36.2385;90.188;261.426;0.00332365;0.00524104;0.00047236;0.00055906;0.00571842;0.00960856;0.00066921;0.00089509
PONTE NOVA;105.0;Reservatório sem usina;TIETE;PARANA;SE;SUDESTE;;;2026-01-12;;;;;;0.0;0.0;0.0;0.0;0.0;0.0;0.0;0.0;0.0;0.0
PORTO ESTRELA;135.0;Reservatório com Usina;DOCE;SUDESTE;SE;SUDESTE;;;2026-01-12;8.574;;12.899;;66.4703;8.574;12.899;1.0;1.0;9.77e-05;6.304e-05;0.0;0.0;6.362e-05;4.416e-05
PROMISSÃO;40.0;Reservatório com Usina;TIETE;PARANA;SE;SUDESTE;;;2026-01-12;1229.615;;1829.65;;67.2049;1229.615;1829.65;0.18671058;0.18813406;0.01401127;0.0089419;0.0;0.0;0.00912393;0.00626446
QUEBRA QUEIXO;95.0;Reservatório com Usina;URUGUAI;SUL;S;SUL;;;2026-01-12;4.051;;10.163;;39.8603;4.051;10.163;0.00079332;0.00151005;0.00028513;0.00049674;0.0;0.0;3.006e-05;3.48e-05
QUEIMADO;162.0;Reservatório com Usina;SAO FRANCISCO;SUDESTE;SE;SUDESTE;NE;NORDESTE;2026-01-12;91.006;158.504;283.402;484.803;32.112;249.51;768.205;0.01014086;0.01456942;0.001037;0.00138505;0.00652836;0.00937883;0.0018514;0.00263022
RETIRO BAIXO;155.0;Reservatório com Usina;SAO FRANCISCO;SUDESTE;SE;SUDESTE;NE;NORDESTE;2026-01-12;4.76;18.766;11.43;42.91;41.6448;23.526;54.34;0.00095617;0.00103059;5.424e-05;5.586e-05;0.00077292;0.00083012;0.00017457;0.00018605
RONDON II;276.0;Reservatório com Usina;AMAZONAS;MADEIRA;SE;SUDESTE;;;2026-01-12;29.057;;56.442;;51.4812;29.057;56.442;0.04810379;0.02782819;0.0003311;0.00027584;0.0;0.0;0.00021561;0.00019325
S.DO FACÃO;21.0;Reservatório com Usina;PARANAIBA;PARANA;SE;SUDESTE;;;2026-01-12;2968.579;;6581.918;;45.102;2968.579;6581.918;0.10432074;0.08384508;0.0338265;0.03216728;0.0;0.0;0.02202731;0.02253555
SALTO RS;;Reservatório sem usina;JACUI;SUL;S;SUL;;;2026-01-12;;;;;;0.0;0.0;0.0;0.0;0.0;0.0;0.0;0.0;0.0;0.0
SALTO SANTIAGO;77.0;Reservatório com Usina;IGUACU;IGUACU;S;SUL;;;2026-01-12;2618.833;;3340.803;;78.3893;2618.833;3340.803;0.40776535;0.33199092;0.18432689;0.16329065;0.0;0.0;0.01943214;0.01143843
SAMUEL;279.0;Reservatório com Usina;AMAZONAS;MADEIRA;SE;SUDESTE;;;2026-01-12;78.433;;257.288;;30.4845;78.433;257.288;0.12984564;0.1268534;0.00089373;0.00125742;0.0;0.0;0.00058198;0.00088092
SANTA BRANCA;122.0;Reservatório com Usina;PARAIBA DO SUL;SUDESTE;SE;SUDESTE;;;2026-01-12;147.44;;454.095;;32.469;147.44;454.095;0.05456234;0.06010605;0.00168006;0.00221926;0.0;0.0;0.00109403;0.00155476
SANTA CLARA-PR;71.0;Reservatório com Usina;IGUACU;IGUACU;S;SUL;;;2026-01-12;258.114;;373.966;;69.0207;258.114;373.966;0.04018964;0.03716272;0.01816739;0.01827859;0.0;0.0;0.00191525;0.00128041
SANTANA;181.0;Reservatório sem usina;PARAIBA DO SUL;SUDESTE;SE;SUDESTE;;;2026-01-12;;;;;;0.0;0.0;0.0;0.0;0.0;0.0;0.0;0.0;0.0;0.0
SANTONIO CM;193.0;Reservatório sem usina;DOCE;SUDESTE;SE;SUDESTE;;;2026-01-12;;;;;;0.0;0.0;0.0;0.0;0.0;0.0;0.0;0.0;0.0;0.0
SAO ROQUE;88.0;Reservatório com Usina;URUGUAI;SUL;S;SUL;;;2026-01-12;536.634;;801.912;;66.9193;536.634;801.912;0.10509064;0.11915021;0.03777105;0.03919559;0.0;0.0;0.00398191;0.00274563
SÃO SIMÃO;33.0;Reservatório com Usina;PARANAIBA;PARANA;SE;SUDESTE;;;2026-01-12;1679.946;;5014.801;;33.4998;1679.946;5014.801;0.05903606;0.06388205;0.01914273;0.02450843;0.0;0.0;0.01246546;0.01716997
SEGREDO;76.0;Reservatório com Usina;IGUACU;IGUACU;S;SUL;;;2026-01-12;308.488;;447.497;;68.9363;308.488;447.497;0.04803312;0.04446983;0.02171297;0.02187261;0.0;0.0;0.00228903;0.00153217
SERRA DA MESA;251.0;Reservatório com Usina;TOCANTINS;SUDESTE;SE;SUDESTE;N;NORTE;2026-01-12;18946.585;5993.819;35277.664;6620.419;53.707;24940.404;41898.083;0.91911411;0.8399674;0.21589341;0.17240968;0.70331142;0.43263937;0.1850616;0.14345308
SINOP;227.0;Reservatório com Usina;AMAZONAS;TELES PIRES;SE;SUDESTE;;;2026-01-12;121.501;;900.655;;13.4903;121.501;900.655;0.20114461;0.44405938;0.00138449;0.0044017;0.0;0.0;0.00090156;0.00308371
SOBRADINHO;169.0;Reservatório com Usina;SAO FRANCISCO;NORDESTE;NE;NORDESTE;;;2026-01-12;12808.29;;30100.282;;42.5521;12808.29;30100.282;0.52056841;0.5708681;0.52753931;0.58230931;0.0;0.0;0.09503947;0.10305909
TOCOS;180.0;Reservatório sem usina;PARAIBA DO SUL;SUDESTE;SE;SUDESTE;;;2026-01-12;;;;;;0.0;0.0;0.0;0.0;0.0;0.0;0.0;0.0;0.0;0.0
TRÊS IRMÃOS;43.0;Reservatório com Usina;TIETE;PARANA;SE;SUDESTE;;;2026-01-12;1732.661;;2328.579;;74.4085;1732.661;2328.579;0.26309547;0.23943651;0.0197434;0.01138028;0.0;0.0;0.01285661;0.00797272
TRÊS MARIAS;156.0;Reservatório com Usina;SAO FRANCISCO;SUDESTE;SE;SUDESTE;NE;NORDESTE;2026-01-12;1199.003;8981.889;2345.606;16040.745;51.117;10180.892;18386.351;0.41378285;0.34870707;0.01366245;0.01146349;0.36994006;0.31031852;0.07554377;0.06295225
TUCURUI;275.0;Reservatório com Usina;TOCANTINS;NORTE;N;NORTE;;;2026-01-12;2104.672;;7721.097;;27.2587;2104.672;7721.097;0.07756225;0.15479156;0.24696105;0.50456785;0.0;0.0;0.01561699;0.02643594
A. VERMELHA;18.0;Reservatório com Usina;GRANDE;PARANA;SE;SUDESTE;;;2026-01-13;1245.525;;4340.282;;28.6969;1245.525;4340.282;0.07082586;0.0842259;0.01419776;0.02121191;0.0;0.0;0.00925078;0.01486051
ANTA;128.0;Reservatório sem usina;PARAIBA DO SUL;SUDESTE;SE;SUDESTE;;;2026-01-13;;;;;;0.0;0.0;0.0;0.0;0.0;0.0;0.0;0.0;0.0;0.0
B. BONITA;37.0;Reservatório com Usina;TIETE;PARANA;SE;SUDESTE;;;2026-01-13;1761.889;;2713.786;;64.9237;1761.889;2713.786;0.26598389;0.27904549;0.0200838;0.01326287;0.0;0.0;0.01308593;0.00929162
BALBINA;277.0;Reservatório com Usina;AMAZONAS;MANAUS-AMAPA;N;NORTE;;;2026-01-13;371.69;;785.737;;47.3046;371.69;785.737;0.60472797;0.38740015;0.04350622;0.05134732;0.0;0.0;0.00276062;0.00269025
BARRA GRANDE;86.0;Reservatório com Usina;URUGUAI;SUL;S;SUL;;;2026-01-13;2171.807;;2991.427;;72.601;2171.807;2991.427;0.42916948;0.44447414;0.15417533;0.14621397;0.0;0.0;0.01613047;0.01024222
BATALHA;20.0;Reservatório com Usina;PARANAIBA;PARANA;SE;SUDESTE;;;2026-01-13;1057.517;;2751.514;;38.434;1057.517;2751.514;0.03718477;0.03505071;0.01205465;0.01344725;0.0;0.0;0.0078544;0.00942079
BILLINGS;118.0;Reservatório sem usina;TIETE;SUDESTE;SE;SUDESTE;;;2026-01-13;1663.765;;2444.556;;68.06;1663.765;2444.556;0.25117058;0.25136187;0.01896528;0.01194708;0.0;0.0;0.01235714;0.00836981
BLANG;;Reservatório sem usina;JACUI;SUL;S;SUL;;;2026-01-13;;;;;;0.0;0.0;0.0;0.0;0.0;0.0;0.0;0.0;0.0;0.0
BOA ESPERANÇA;190.0;Reservatório com Usina;PARNAIBA;NORDESTE;NE;NORDESTE;;;2026-01-13;104.344;;264.178;;39.4976;104.344;264.178;1.0;1.0;0.00429697;0.00511069;0.0;0.0;0.00077499;0.00090451
C.BRANCO-1;27.0;Reservatório com Usina;PARANAIBA;PARANA;SE;SUDESTE;;;2026-01-13;10.867;;20.753;;52.3635;10.867;20.753;0.00038211;0.00026437;0.00012387;0.00010142;0.0;0.0;8.071e-05;7.106e-05
CACONDE;14.0;Reservatório com Usina;GRANDE;PARANA;SE;SUDESTE;;;2026-01-13;328.478;;853.4;;38.4905;328.478;853.4;0.01867866;0.01656076;0.00374433;0.00417075;0.0;0.0;0.00243968;0.00292192
CACU;311.0;Reservatório com Usina;PARANAIBA;PARANA;SE;SUDESTE;;;2026-01-13;24.857;;30.877;;80.5033;24.857;30.877;0.00087403;0.00039333;0.00028335;0.0001509;0.0;0.0;0.00018462;0.00010572
CAMARGOS;1.0;Reservatório com Usina;GRANDE;PARANA;SE;SUDESTE;;;2026-01-13;818.016;;1568.489;;52.1531;818.016;1568.489;0.04651588;0.03043752;0.00932458;0.00766555;0.0;0.0;0.00607558;0.00537028
CAMPOS NOVOS;90.0;Reservatório com Usina;URUGUAI;SUL;S;SUL;;;2026-01-13;168.979;;227.826;;74.1702;168.979;227.826;0.03339184;0.03385099;0.01199572;0.0111356;0.0;0.0;0.00125504;0.00078004
CAPIVARA;61.0;Reservatório com Usina;PARANAPANEMA;PARANAPANEMA;SE;SUDESTE;;;2026-01-13;3413.503;;3889.672;;87.7581;3413.503;3889.672;0.43382059;0.32160692;0.03891058;0.01900968;0.0;0.0;0.02535282;0.01331768
CHAVANTES;49.0;Reservatório com Usina;PARANAPANEMA;PARANAPANEMA;SE;SUDESTE;;;2026-01-13;1745.998;;3370.499;;51.8024;1745.998;3370.499;0.22189812;0.27868052;0.01990266;0.01647237;0.0;0.0;0.0129679;0.01154011
CORUMBA;30.0;Reservatório com Usina;PARANAIBA;PARANA;SE;SUDESTE;;;2026-01-13;691.818;;1531.054;;45.1857;691.818;1531.054;0.02432594;0.01950364;0.00788604;0.0074826;0.0;0.0;0.00513828;0.00524211
CORUMBA-3;203.0;Reservatório com Usina;PARANAIBA;PARANA;SE;SUDESTE;;;2026-01-13;133.388;;425.126;;31.3761;133.388;425.126;0.00469023;0.00541555;0.00152049;0.00207768;0.0;0.0;0.0009907;0.00145557
CORUMBA-4;29.0;Reservatório com Usina;PARANAIBA;PARANA;SE;SUDESTE;;;2026-01-13;469.806;;1415.959;;33.1794;469.806;1415.959;0.01651948;0.01803748;0.00535533;0.0069201;0.0;0.0;0.00348935;0.00484804
CURUA-UNA;272.0;Reservatório com Usina;AMAZONAS;BELO MONTE;N;NORTE;;;2026-01-13;4.889;;28.109;;17.393;4.889;28.109;0.00795425;0.01385888;0.00057226;0.0018369;0.0;0.0;3.631e-05;9.624e-05
DIVISA;;Reservatório sem usina;JACUI;SUL;S;SUL;;;2026-01-13;;;;;;0.0;0.0;0.0;0.0;0.0;0.0;0.0;0.0;0.0;0.0
EDGARD SOUZA;107.0;Reservatório sem usina;TIETE;PARANA;SE;SUDESTE;;;2026-01-13;;;;;;0.0;0.0;0.0;0.0;0.0;0.0;0.0;0.0;0.0;0.0
EMBORCAÇÃO;24.0;Reservatório com Usina;PARANAIBA;PARANA;SE;SUDESTE;;;2026-01-13;9470.595;;21873.496;;43.2971;9470.595;21873.496;0.33300825;0.2786399;0.10795546;0.10690057;0.0;0.0;0.07034013;0.07489174
ERNESTINA;110.0;Reservatório sem usina;JACUI;SUL;S;SUL;;;2026-01-13;211.733;;200.552;;105.5751;211.733;200.552;0.09094724;0.06620289;0.0150308;0.00980251;0.0;0.0;0.00157259;0.00068666
ESPORA;290.0;Reservatório com Usina;PARANAIBA;PARANA;SE;SUDESTE;;;2026-01-13;29.375;;112.927;;26.0124;29.375;112.927;0.00103289;0.00143854;0.00033485;0.0005519;0.0;0.0;0.00021817;0.00038665
FUNIL;123.0;Reservatório com Usina;PARAIBA DO SUL;SUDESTE;SE;SUDESTE;;;2026-01-13;181.266;;813.622;;22.2789;181.266;813.622;0.06757802;0.10769465;0.00206625;0.00397635;0.0;0.0;0.0013463;0.00278573
FURNAS;6.0;Reservatório com Usina;GRANDE;PARANA;SE;SUDESTE;;;2026-01-13;10910.863;;35035.949;;31.1419;10910.863;35035.949;0.6204382;0.67989462;0.1243731;0.17122837;0.0;0.0;0.08103731;0.11995811
G. B. MUNHOZ;74.0;Reservatório com Usina;IGUACU;IGUACU;S;SUL;;;2026-01-13;3186.696;;5880.363;;54.1922;3186.696;5880.363;0.50253539;0.58435864;0.22622172;0.28741842;0.0;0.0;0.02366827;0.02013353
G. P. SOUZA;115.0;Reservatório com Usina;CAPIVARI;SUL;S;SUL;;;2026-01-13;219.686;;374.956;;58.5898;219.686;374.956;1.0;1.0;0.01559538;0.01832697;0.0;0.0;0.00163165;0.0012838
GARIBALDI;89.0;Reservatório com Usina;URUGUAI;SUL;S;SUL;;;2026-01-13;39.906;;101.775;;39.21;39.906;101.775;0.0078858;0.015122;0.0028329;0.00497452;0.0;0.0;0.00029639;0.00034846
GOV JAYME CANET JR;57.0;Reservatório com Usina;PARANAPANEMA;IGUACU;S;SUL;SE;SUDESTE;2026-01-13;137.108;239.897;261.737;451.213;52.3839;377.005;712.95;0.0479134;0.05894833;0.00973322;0.01279309;0.00273459;0.00220518;0.0028001;0.00244104
GUARAPIRANGA;117.0;Reservatório sem usina;TIETE;SUDESTE;SE;SUDESTE;;;2026-01-13;222.565;;408.675;;54.4601;222.565;408.675;0.03359957;0.04202207;0.00253702;0.00199728;0.0;0.0;0.00165304;0.00139925
I. SOLTEIRA;34.0;Reservatório com Usina;PARANA;PARANA;SE;SUDESTE;;;2026-01-13;2639.571;;3691.575;;71.5026;2639.571;3691.575;1.0;1.0;0.03008851;0.01804154;0.0;0.0;0.01960466;0.01263943
IRAPE;148.0;Reservatório com Usina;JEQUITINHONHA;SUDESTE;SE;SUDESTE;NE;NORDESTE;2026-01-13;1175.447;628.761;1962.895;1004.893;59.8833;1804.208;2967.788;0.99999945;1.0;0.01339894;0.0095931;0.0258929;0.0194403;0.01340024;0.01016128
ITUMBIARA;31.0;Reservatório com Usina;PARANAIBA;PARANA;SE;SUDESTE;;;2026-01-13;5124.341;;15706.409;;32.6258;5124.341;15706.409;0.1801838;0.20007923;0.05841244;0.07676067;0.0;0.0;0.03805957;0.05377651
JAGUARI;120.0;Reservatório com Usina;PARAIBA DO SUL;SUDESTE;SE;SUDESTE;;;2026-01-13;413.466;;1213.775;;34.0645;413.466;1213.775;0.1541448;0.16066069;0.00471311;0.00593198;0.0;0.0;0.0030709;0.00415579
JORDÃO;73.0;Reservatório sem usina;IGUACU;IGUACU;S;SUL;;;2026-01-13;11.445;;20.306;;56.3627;11.445;20.306;0.00180485;0.0020179;0.00081247;0.00099251;0.0;0.0;8.5e-05;6.952e-05
JURUMIRIM;47.0;Reservatório com Usina;PARANAPANEMA;PARANAPANEMA;SE;SUDESTE;;;2026-01-13;2331.96;;4121.37;;56.5822;2331.96;4121.37;0.29636777;0.34076424;0.02658205;0.02014204;0.0;0.0;0.01731996;0.01411099
LAJES;124.0;Reservatório sem usina;PARAIBA DO SUL;SUDESTE;SE;SUDESTE;;;2026-01-13;434.024;;512.183;;84.74;434.024;512.183;0.16180906;0.06779484;0.00494745;0.00250315;0.0;0.0;0.00322359;0.00175364
LUIZ GONZAGA;172.0;Reservatório com Usina;SAO FRANCISCO;NORDESTE;NE;NORDESTE;;;2026-01-13;1362.349;;3418.033;;39.8577;1362.349;3418.033;0.05535081;0.06482484;0.05610265;0.06612405;0.0;0.0;0.01011846;0.01170286
M. MORAES;7.0;Reservatório com Usina;GRANDE;PARANA;SE;SUDESTE;;;2026-01-13;3292.123;;4339.622;;75.862;3292.123;4339.622;0.18720415;0.08421309;0.03752696;0.02120868;0.0;0.0;0.0244513;0.01485825
MACHADINHO;91.0;Reservatório com Usina;URUGUAI;SUL;S;SUL;;;2026-01-13;668.128;;890.994;;74.9868;668.128;890.994;0.13202837;0.13238625;0.04743002;0.04354971;0.0;0.0;0.00496233;0.00305064
MANSO;278.0;Reservatório com Usina;PARAGUAI;SUDESTE;SE;SUDESTE;;;2026-01-13;315.584;;555.798;;56.7803;315.584;555.798;1.0;1.0;0.00359735;0.00271631;0.0;0.0;0.00234391;0.00190297
MARIMBONDO;17.0;Reservatório com Usina;GRANDE;PARANA;SE;SUDESTE;;;2026-01-13;990.732;;5393.697;;18.3683;990.732;5393.697;0.05633725;0.10466808;0.01129337;0.02636018;0.0;0.0;0.00735838;0.01846725
MIRANDA;26.0;Reservatório com Usina;PARANAIBA;PARANA;SE;SUDESTE;;;2026-01-13;226.138;;269.778;;83.8237;226.138;269.778;0.00795154;0.00343662;0.00257775;0.00131846;0.0;0.0;0.00167958;0.00092368
NOVA PONTE;25.0;Reservatório com Usina;PARANAIBA;PARANA;SE;SUDESTE;;;2026-01-13;6559.187;;22766.333;;28.8109;6559.187;22766.333;0.23063634;0.29001349;0.07476828;0.11126406;0.0;0.0;0.04871648;0.07794869
PARAIBUNA;121.0;Reservatório com Usina;PARAIBA DO SUL;SUDESTE;SE;SUDESTE;;;2026-01-13;1505.443;;4561.222;;33.0053;1505.443;4561.222;0.56124619;0.60374377;0.01716057;0.02229169;0.0;0.0;0.01118125;0.01561698
PASSO FUNDO;93.0;Reservatório com Usina;URUGUAI;SUL;S;SUL;;;2026-01-13;1472.353;;1706.162;;86.2962;1472.353;1706.162;0.29095079;0.25350607;0.10452149;0.08339322;0.0;0.0;0.01093548;0.00584166
PASSO REAL;111.0;Reservatório com Usina;JACUI;SUL;S;SUL;;;2026-01-13;2116.352;;2828.801;;74.8145;2116.352;2828.801;0.90905233;0.93379678;0.15023861;0.13826519;0.0;0.0;0.0157186;0.00968541
PEDRA DO CAVALO;189.0;Reservatório com Usina;PARAGUACU;NORDESTE;NE;NORDESTE;;;2026-01-13;234.922;;335.383;;70.0459;234.922;335.383;1.0;1.0;0.00967428;0.0064882;0.0;0.0;0.00174482;0.0011483
PEIXE ANGICAL;257.0;Reservatório com Usina;TOCANTINS;SUDESTE;SE;SUDESTE;N;NORTE;2026-01-13;42.012;49.409;114.392;147.034;36.7263;91.421;261.426;0.00336654;0.00524104;0.0004789;0.00055906;0.00578331;0.00960856;0.000679;0.00089509
PONTE NOVA;105.0;Reservatório sem usina;TIETE;PARANA;SE;SUDESTE;;;2026-01-13;;;;;;0.0;0.0;0.0;0.0;0.0;0.0;0.0;0.0;0.0;0.0
PORTO ESTRELA;135.0;Reservatório com Usina;DOCE;SUDESTE;SE;SUDESTE;;;2026-01-13;8.341;;12.899;;64.6639;8.341;12.899;1.0;1.0;9.508e-05;6.304e-05;0.0;0.0;6.195e-05;4.416e-05
PROMISSÃO;40.0;Reservatório com Usina;TIETE;PARANA;SE;SUDESTE;;;2026-01-13;1238.244;;1829.65;;67.6766;1238.244;1829.65;0.18693173;0.18813406;0.01411476;0.0089419;0.0;0.0;0.0091967;0.00626446
QUEBRA QUEIXO;95.0;Reservatório com Usina;URUGUAI;SUL;S;SUL;;;2026-01-13;2.346;;10.163;;23.0837;2.346;10.163;0.00046359;0.00151005;0.00016654;0.00049674;0.0;0.0;1.742e-05;3.48e-05
QUEIMADO;162.0;Reservatório com Usina;SAO FRANCISCO;SUDESTE;SE;SUDESTE;NE;NORDESTE;2026-01-13;92.774;161.516;283.402;484.803;32.7358;254.29;768.205;0.01033154;0.01456942;0.00105753;0.00138505;0.00665136;0.00937883;0.00188867;0.00263022
RETIRO BAIXO;155.0;Reservatório com Usina;SAO FRANCISCO;SUDESTE;SE;SUDESTE;NE;NORDESTE;2026-01-13;4.867;19.185;11.43;42.91;42.5809;24.052;54.34;0.00097721;0.00103059;5.548e-05;5.586e-05;0.00079005;0.00083012;0.00017864;0.00018605
RONDON II;276.0;Reservatório com Usina;AMAZONAS;MADEIRA;SE;SUDESTE;;;2026-01-13;30.03;;56.442;;53.2051;30.03;56.442;0.04885787;0.02782819;0.00034231;0.00027584;0.0;0.0;0.00022304;0.00019325
S.DO FACÃO;21.0;Reservatório com Usina;PARANAIBA;PARANA;SE;SUDESTE;;;2026-01-13;2966.224;;6581.918;;45.0663;2966.224;6581.918;0.10429937;0.08384508;0.03381203;0.03216728;0.0;0.0;0.02203078;0.02253555
SALTO RS;;Reservatório sem usina;JACUI;SUL;S;SUL;;;2026-01-13;;;;;;0.0;0.0;0.0;0.0;0.0;0.0;0.0;0.0;0.0;0.0
SALTO SANTIAGO;77.0;Reservatório com Usina;IGUACU;IGUACU;S;SUL;;;2026-01-13;2599.564;;3340.803;;77.8125;2599.564;3340.803;0.40994588;0.33199092;0.18454156;0.16329065;0.0;0.0;0.01930752;0.01143843
SAMUEL;279.0;Reservatório com Usina;AMAZONAS;MADEIRA;SE;SUDESTE;;;2026-01-13;81.19;;257.288;;31.5561;81.19;257.288;0.13209358;0.1268534;0.00092549;0.00125742;0.0;0.0;0.00060302;0.00088092
SANTA BRANCA;122.0;Reservatório com Usina;PARAIBA DO SUL;SUDESTE;SE;SUDESTE;;;2026-01-13;148.123;;454.095;;32.6194;148.123;454.095;0.05522193;0.06010605;0.00168846;0.00221926;0.0;0.0;0.00110014;0.00155476
SANTA CLARA-PR;71.0;Reservatório com Usina;IGUACU;IGUACU;S;SUL;;;2026-01-13;261.334;;373.966;;69.8818;261.334;373.966;0.04121183;0.03716272;0.01855195;0.01827859;0.0;0.0;0.00194098;0.00128041
SANTANA;181.0;Reservatório sem usina;PARAIBA DO SUL;SUDESTE;SE;SUDESTE;;;2026-01-13;;;;;;0.0;0.0;0.0;0.0;0.0;0.0;0.0;0.0;0.0;0.0
SANTONIO CM;193.0;Reservatório sem usina;DOCE;SUDESTE;SE;SUDESTE;;;2026-01-13;;;;;;0.0;0.0;0.0;0.0;0.0;0.0;0.0;0.0;0.0;0.0
SAO ROQUE;88.0;Reservatório com Usina;URUGUAI;SUL;S;SUL;;;2026-01-13;536.968;;801.912;;66.961;536.968;801.912;0.10610992;0.11915021;0.03811905;0.03919559;0.0;0.0;0.00398818;0.00274563
SÃO SIMÃO;33.0;Reservatório com Usina;PARANAIBA;PARANA;SE;SUDESTE;;;2026-01-13;1675.407;;5014.801;;33.4092;1675.407;5014.801;0.05891122;0.06388205;0.01909799;0.02450843;0.0;0.0;0.01244361;0.01716997
SEGREDO;76.0;Reservatório com Usina;IGUACU;IGUACU;S;SUL;;;2026-01-13;282.198;;447.497;;63.0614;282.198;447.497;0.04450204;0.04446983;0.02003307;0.02187261;0.0;0.0;0.00209594;0.00153217
SERRA DA MESA;251.0;Reservatório com Usina;TOCANTINS;SUDESTE;SE;SUDESTE;N;NORTE;2026-01-13;18947.002;5996.564;35277.664;6620.419;53.7082;24943.566;41898.083;0.91853512;0.8399674;0.21597718;0.17240968;0.7018963;0.43263937;0.18526119;0.14345308
SINOP;227.0;Reservatório com Usina;AMAZONAS;TELES PIRES;SE;SUDESTE;;;2026-01-13;126.841;;900.655;;14.0832;126.841;900.655;0.20636633;0.44405938;0.00144586;0.0044017;0.0;0.0;0.00094208;0.00308371
SOBRADINHO;169.0;Reservatório com Usina;SAO FRANCISCO;NORDESTE;NE;NORDESTE;;;2026-01-13;12782.005;;30100.282;;42.4647;12782.005;30100.282;0.51931947;0.5708681;0.5263735;0.58230931;0.0;0.0;0.09493468;0.10305909
TOCOS;180.0;Reservatório sem usina;PARAIBA DO SUL;SUDESTE;SE;SUDESTE;;;2026-01-13;;;;;;0.0;0.0;0.0;0.0;0.0;0.0;0.0;0.0;0.0;0.0
TRÊS IRMÃOS;43.0;Reservatório com Usina;TIETE;PARANA;SE;SUDESTE;;;2026-01-13;1737.581;;2328.579;;74.6198;1737.581;2328.579;0.26231423;0.23943651;0.01980671;0.01138028;0.0;0.0;0.01290538;0.00797272
TRÊS MARIAS;156.0;Reservatório com Usina;SAO FRANCISCO;SUDESTE;SE;SUDESTE;NE;NORDESTE;2026-01-13;1200.23;8990.064;2345.606;16040.745;51.1693;10190.294;18386.351;0.41402097;0.34870707;0.01368144;0.01146349;0.37021824;0.31031852;0.07568549;0.06295225
TUCURUI;275.0;Reservatório com Usina;TOCANTINS;NORTE;N;NORTE;;;2026-01-13;2120.824;;7721.097;;27.4679;2120.824;7721.097;0.07809835;0.15479156;0.24824191;0.50456785;0.0;0.0;0.01575181;0.02643594
A. VERMELHA;18.0;Reservatório com Usina;GRANDE;PARANA;SE;SUDESTE;;;2026-01-14;1249.364;;4340.282;;28.7853;1249.364;4340.282;0.0711074;0.0842259;0.01423726;0.02121191;0.0;0.0;0.00928071;0.01486051
ANTA;128.0;Reservatório sem usina;PARAIBA DO SUL;SUDESTE;SE;SUDESTE;;;2026-01-14;;;;;;0.0;0.0;0.0;0.0;0.0;0.0;0.0;0.0;0.0;0.0
B. BONITA;37.0;Reservatório com Usina;TIETE;PARANA;SE;SUDESTE;;;2026-01-14;1778.472;;2713.786;;65.5347;1778.472;2713.786;0.2674575;0.27904549;0.02026676;0.01326287;0.0;0.0;0.0132111;0.00929162
BALBINA;277.0;Reservatório com Usina;AMAZONAS;MANAUS-AMAPA;N;NORTE;;;2026-01-14;371.69;;785.737;;47.3046;371.69;785.737;0.60432485;0.38740015;0.04341264;0.05134732;0.0;0.0;0.00276104;0.00269025
BARRA GRANDE;86.0;Reservatório com Usina;URUGUAI;SUL;S;SUL;;;2026-01-14;2167.939;;2991.427;;72.4717;2167.939;2991.427;0.43049752;0.44447414;0.15505392;0.14621397;0.0;0.0;0.0161042;0.01024222
BATALHA;20.0;Reservatório com Usina;PARANAIBA;PARANA;SE;SUDESTE;;;2026-01-14;1062.581;;2751.514;;38.618;1062.581;2751.514;0.03731798;0.03505071;0.01210875;0.01344725;0.0;0.0;0.00789322;0.00942079
BILLINGS;118.0;Reservatório sem usina;TIETE;SUDESTE;SE;SUDESTE;;;2026-01-14;1672.321;;2444.556;;68.41;1672.321;2444.556;0.25149386;0.25136187;0.01905711;0.01194708;0.0;0.0;0.01242258;0.00836981
BLANG;;Reservatório sem usina;JACUI;SUL;S;SUL;;;2026-01-14;;;;;;0.0;0.0;0.0;0.0;0.0;0.0;0.0;0.0;0.0;0.0
BOA ESPERANÇA;190.0;Reservatório com Usina;PARNAIBA;NORDESTE;NE;NORDESTE;;;2026-01-14;102.282;;264.178;;38.7171;102.282;264.178;1.0;1.0;0.00420521;0.00511069;0.0;0.0;0.00075979;0.00090451
C.BRANCO-1;27.0;Reservatório com Usina;PARANAIBA;PARANA;SE;SUDESTE;;;2026-01-14;9.706;;20.753;;46.7691;9.706;20.753;0.00034088;0.00026437;0.00011061;0.00010142;0.0;0.0;7.21e-05;7.106e-05
CACONDE;14.0;Reservatório com Usina;GRANDE;PARANA;SE;SUDESTE;;;2026-01-14;333.075;;853.4;;39.0292;333.075;853.4;0.01895692;0.01656076;0.00379559;0.00417075;0.0;0.0;0.0024742;0.00292192
CACU;311.0;Reservatório com Usina;PARANAIBA;PARANA;SE;SUDESTE;;;2026-01-14;27.735;;30.877;;89.8241;27.735;30.877;0.00097406;0.00039333;0.00031606;0.0001509;0.0;0.0;0.00020603;0.00010572
CAMARGOS;1.0;Reservatório com Usina;GRANDE;PARANA;SE;SUDESTE;;;2026-01-14;820.59;;1568.489;;52.3172;820.59;1568.489;0.04670378;0.03043752;0.00935112;0.00766555;0.0;0.0;0.00609563;0.00537028
CAMPOS NOVOS;90.0;Reservatório com Usina;URUGUAI;SUL;S;SUL;;;2026-01-14;158.48;;227.826;;69.5619;158.48;227.826;0.0314701;0.03385099;0.0113347;0.0111356;0.0;0.0;0.00117724;0.00078004
CAPIVARA;61.0;Reservatório com Usina;PARANAPANEMA;PARANAPANEMA;SE;SUDESTE;;;2026-01-14;3413.503;;3889.672;;87.7581;3413.503;3889.672;0.43424725;0.32160692;0.03889892;0.01900968;0.0;0.0;0.02535668;0.01331768
CHAVANTES;49.0;Reservatório com Usina;PARANAPANEMA;PARANAPANEMA;SE;SUDESTE;;;2026-01-14;1738.256;;3370.499;;51.5727;1738.256;3370.499;0.22113146;0.27868052;0.01980847;0.01647237;0.0;0.0;0.01291237;0.01154011
CORUMBA;30.0;Reservatório com Usina;PARANAIBA;PARANA;SE;SUDESTE;;;2026-01-14;690.676;;1531.054;;45.1111;690.676;1531.054;0.02425663;0.01950364;0.00787067;0.0074826;0.0;0.0;0.00513058;0.00524211
CORUMBA-3;203.0;Reservatório com Usina;PARANAIBA;PARANA;SE;SUDESTE;;;2026-01-14;133.393;;425.126;;31.3773;133.393;425.126;0.00468478;0.00541555;0.00152009;0.00207768;0.0;0.0;0.00099089;0.00145557
CORUMBA-4;29.0;Reservatório com Usina;PARANAIBA;PARANA;SE;SUDESTE;;;2026-01-14;469.822;;1415.959;;33.1805;469.822;1415.959;0.01650021;0.01803748;0.0053539;0.0069201;0.0;0.0;0.00349;0.00484804
CURUA-UNA;272.0;Reservatório com Usina;AMAZONAS;BELO MONTE;N;NORTE;;;2026-01-14;4.751;;28.109;;16.9021;4.751;28.109;0.00772458;0.01385888;0.00055491;0.0018369;0.0;0.0;3.529e-05;9.624e-05
DIVISA;;Reservatório sem usina;JACUI;SUL;S;SUL;;;2026-01-14;;;;;;0.0;0.0;0.0;0.0;0.0;0.0;0.0;0.0;0.0;0.0
EDGARD SOUZA;107.0;Reservatório sem usina;TIETE;PARANA;SE;SUDESTE;;;2026-01-14;;;;;;0.0;0.0;0.0;0.0;0.0;0.0;0.0;0.0;0.0;0.0
EMBORCAÇÃO;24.0;Reservatório com Usina;PARANAIBA;PARANA;SE;SUDESTE;;;2026-01-14;9494.627;;21873.496;;43.407;9494.627;21873.496;0.33345253;0.2786399;0.108197;0.10690057;0.0;0.0;0.07052937;0.07489174
ERNESTINA;110.0;Reservatório sem usina;JACUI;SUL;S;SUL;;;2026-01-14;209.912;;200.552;;104.6671;209.912;200.552;0.08997761;0.06620289;0.01501319;0.00980251;0.0;0.0;0.0015593;0.00068666
ESPORA;290.0;Reservatório com Usina;PARANAIBA;PARANA;SE;SUDESTE;;;2026-01-14;29.218;;112.927;;25.8734;29.218;112.927;0.00102614;0.00143854;0.00033296;0.0005519;0.0;0.0;0.00021704;0.00038665
FUNIL;123.0;Reservatório com Usina;PARAIBA DO SUL;SUDESTE;SE;SUDESTE;;;2026-01-14;178.859;;813.622;;21.9831;178.859;813.622;0.06707151;0.10769465;0.00203821;0.00397635;0.0;0.0;0.00132863;0.00278573
FURNAS;6.0;Reservatório com Usina;GRANDE;PARANA;SE;SUDESTE;;;2026-01-14;10910.624;;35035.949;;31.1412;10910.624;35035.949;0.62097688;0.67989462;0.12433314;0.17122837;0.0;0.0;0.08104789;0.11995811
G. B. MUNHOZ;74.0;Reservatório com Usina;IGUACU;IGUACU;S;SUL;;;2026-01-14;3143.259;;5880.363;;53.4535;3143.259;5880.363;0.50243548;0.58435864;0.22481013;0.28741842;0.0;0.0;0.02334921;0.02013353
G. P. SOUZA;115.0;Reservatório com Usina;CAPIVARI;SUL;S;SUL;;;2026-01-14;221.643;;374.956;;59.1117;221.643;374.956;1.0;1.0;0.01585221;0.01832697;0.0;0.0;0.00164644;0.0012838
GARIBALDI;89.0;Reservatório com Usina;URUGUAI;SUL;S;SUL;;;2026-01-14;36.702;;101.775;;36.0619;36.702;101.775;0.00728808;0.015122;0.00262498;0.00497452;0.0;0.0;0.00027264;0.00034846
GOV JAYME CANET JR;57.0;Reservatório com Usina;PARANAPANEMA;IGUACU;S;SUL;SE;SUDESTE;2026-01-14;135.323;236.839;261.737;451.213;51.7019;372.162;712.95;0.04734442;0.05894833;0.00967848;0.01279309;0.00269892;0.00220518;0.00276455;0.00244104
GUARAPIRANGA;117.0;Reservatório sem usina;TIETE;SUDESTE;SE;SUDESTE;;;2026-01-14;224.036;;408.675;;54.8201;224.036;408.675;0.0336919;0.04202207;0.00255303;0.00199728;0.0;0.0;0.00166422;0.00139925
I. SOLTEIRA;34.0;Reservatório com Usina;PARANA;PARANA;SE;SUDESTE;;;2026-01-14;2631.776;;3691.575;;71.2914;2631.776;3691.575;1.0;1.0;0.02999067;0.01804154;0.0;0.0;0.01954974;0.01263943
IRAPE;148.0;Reservatório com Usina;JEQUITINHONHA;SUDESTE;SE;SUDESTE;NE;NORDESTE;2026-01-14;1176.667;629.364;1962.895;1004.893;59.9455;1806.031;2967.788;1.0;1.0;0.01340883;0.0095931;0.02587558;0.0194403;0.01341582;0.01016128
ITUMBIARA;31.0;Reservatório com Usina;PARANAIBA;PARANA;SE;SUDESTE;;;2026-01-14;5158.145;;15706.409;;32.841;5158.145;15706.409;0.18115472;0.20007923;0.05878017;0.07676067;0.0;0.0;0.03831648;0.05377651
JAGUARI;120.0;Reservatório com Usina;PARAIBA DO SUL;SUDESTE;SE;SUDESTE;;;2026-01-14;409.991;;1213.775;;33.7782;409.991;1213.775;0.15374522;0.16066069;0.00467209;0.00593198;0.0;0.0;0.00304555;0.00415579
JORDÃO;73.0;Reservatório sem usina;IGUACU;IGUACU;S;SUL;;;2026-01-14;13.043;;20.306;;64.2322;13.043;20.306;0.00208486;0.0020179;0.00093285;0.00099251;0.0;0.0;9.689e-05;6.952e-05
JURUMIRIM;47.0;Reservatório com Usina;PARANAPANEMA;PARANAPANEMA;SE;SUDESTE;;;2026-01-14;2336.815;;4121.37;;56.7;2336.815;4121.37;0.29727687;0.34076424;0.02662942;0.02014204;0.0;0.0;0.01735867;0.01411099
LAJES;124.0;Reservatório sem usina;PARAIBA DO SUL;SUDESTE;SE;SUDESTE;;;2026-01-14;433.717;;512.183;;84.6801;433.717;512.183;0.16264239;0.06779484;0.00494247;0.00250315;0.0;0.0;0.0032218;0.00175364
LUIZ GONZAGA;172.0;Reservatório com Usina;SAO FRANCISCO;NORDESTE;NE;NORDESTE;;;2026-01-14;1382.486;;3418.033;;40.4468;1382.486;3418.033;0.05606475;0.06482484;0.05683934;0.06612405;0.0;0.0;0.01026958;0.01170286
M. MORAES;7.0;Reservatório com Usina;GRANDE;PARANA;SE;SUDESTE;;;2026-01-14;3249.022;;4339.622;;74.8688;3249.022;4339.622;0.1849177;0.08421309;0.03702456;0.02120868;0.0;0.0;0.02413486;0.01485825
MACHADINHO;91.0;Reservatório com Usina;URUGUAI;SUL;S;SUL;;;2026-01-14;656.547;;890.994;;73.687;656.547;890.994;0.13037353;0.13238625;0.04695713;0.04354971;0.0;0.0;0.00487706;0.00305064
MANSO;278.0;Reservatório com Usina;PARAGUAI;SUDESTE;SE;SUDESTE;;;2026-01-14;315.584;;555.798;;56.7803;315.584;555.798;1.0;1.0;0.00359627;0.00271631;0.0;0.0;0.00234427;0.00190297
MARIMBONDO;17.0;Reservatório com Usina;GRANDE;PARANA;SE;SUDESTE;;;2026-01-14;1007.421;;5393.697;;18.6777;1007.421;5393.697;0.05733725;0.10466808;0.01148017;0.02636018;0.0;0.0;0.00748347;0.01846725
MIRANDA;26.0;Reservatório com Usina;PARANAIBA;PARANA;SE;SUDESTE;;;2026-01-14;217.035;;269.778;;80.4495;217.035;269.778;0.0076223;0.00343662;0.00247324;0.00131846;0.0;0.0;0.00161221;0.00092368
NOVA PONTE;25.0;Reservatório com Usina;PARANAIBA;PARANA;SE;SUDESTE;;;2026-01-14;6538.838;;22766.333;;28.7215;6538.838;22766.333;0.22964484;0.29001349;0.074514;0.11126406;0.0;0.0;0.04857275;0.07794869
PARAIBUNA;121.0;Reservatório com Usina;PARAIBA DO SUL;SUDESTE;SE;SUDESTE;;;2026-01-14;1494.822;;4561.222;;32.7724;1494.822;4561.222;0.56055314;0.60374377;0.0170344;0.02229169;0.0;0.0;0.01110405;0.01561698
PASSO FUNDO;93.0;Reservatório com Usina;URUGUAI;SUL;S;SUL;;;2026-01-14;1468.898;;1706.162;;86.0937;1468.898;1706.162;0.29168576;0.25350607;0.10505757;0.08339322;0.0;0.0;0.01091148;0.00584166
PASSO REAL;111.0;Reservatório com Usina;JACUI;SUL;S;SUL;;;2026-01-14;2123.024;;2828.801;;75.0503;2123.024;2828.801;0.91002239;0.93379678;0.15184154;0.13826519;0.0;0.0;0.01577056;0.00968541
PEDRA DO CAVALO;189.0;Reservatório com Usina;PARAGUACU;NORDESTE;NE;NORDESTE;;;2026-01-14;234.513;;335.383;;69.9239;234.513;335.383;1.0;1.0;0.00964173;0.0064882;0.0;0.0;0.00174204;0.0011483
PEIXE ANGICAL;257.0;Reservatório com Usina;TOCANTINS;SUDESTE;SE;SUDESTE;N;NORTE;2026-01-14;45.375;53.357;114.392;147.034;39.6662;98.732;261.426;0.00363249;0.00524104;0.00051708;0.00055906;0.00623199;0.00960856;0.00073342;0.00089509
PONTE NOVA;105.0;Reservatório sem usina;TIETE;PARANA;SE;SUDESTE;;;2026-01-14;;;;;;0.0;0.0;0.0;0.0;0.0;0.0;0.0;0.0;0.0;0.0
PORTO ESTRELA;135.0;Reservatório com Usina;DOCE;SUDESTE;SE;SUDESTE;;;2026-01-14;7.978;;12.899;;61.8498;7.978;12.899;1.0;1.0;9.091e-05;6.304e-05;0.0;0.0;5.926e-05;4.416e-05
PROMISSÃO;40.0;Reservatório com Usina;TIETE;PARANA;SE;SUDESTE;;;2026-01-14;1246.98;;1829.65;;68.154;1246.98;1829.65;0.18752848;0.18813406;0.01421009;0.0089419;0.0;0.0;0.009263;0.00626446
QUEBRA QUEIXO;95.0;Reservatório com Usina;URUGUAI;SUL;S;SUL;;;2026-01-14;4.459;;10.163;;43.8748;4.459;10.163;0.00088544;0.00151005;0.00031891;0.00049674;0.0;0.0;3.312e-05;3.48e-05
QUEIMADO;162.0;Reservatório com Usina;SAO FRANCISCO;SUDESTE;SE;SUDESTE;NE;NORDESTE;2026-01-14;94.402;164.294;283.402;484.803;33.3103;258.696;768.205;0.01049105;0.01456942;0.00107577;0.00138505;0.00675476;0.00937883;0.00192168;0.00263022
RETIRO BAIXO;155.0;Reservatório com Usina;SAO FRANCISCO;SUDESTE;SE;SUDESTE;NE;NORDESTE;2026-01-14;4.868;19.186;11.43;42.91;42.5897;24.054;54.34;0.00097548;0.00103059;5.547e-05;5.586e-05;0.00078881;0.00083012;0.00017868;0.00018605
RONDON II;276.0;Reservatório com Usina;AMAZONAS;MADEIRA;SE;SUDESTE;;;2026-01-14;30.789;;56.442;;54.5498;30.789;56.442;0.05005934;0.02782819;0.00035086;0.00027584;0.0;0.0;0.00022871;0.00019325
S.DO FACÃO;21.0;Reservatório com Usina;PARANAIBA;PARANA;SE;SUDESTE;;;2026-01-14;2966.549;;6581.918;;45.0712;2966.549;6581.918;0.10418559;0.08384508;0.03380561;0.03216728;0.0;0.0;0.02203655;0.02253555
SALTO RS;;Reservatório sem usina;JACUI;SUL;S;SUL;;;2026-01-14;;;;;;0.0;0.0;0.0;0.0;0.0;0.0;0.0;0.0;0.0;0.0
SALTO SANTIAGO;77.0;Reservatório com Usina;IGUACU;IGUACU;S;SUL;;;2026-01-14;2570.679;;3340.803;;76.9479;2570.679;3340.803;0.41091121;0.33199092;0.18385843;0.16329065;0.0;0.0;0.01909589;0.01143843
SAMUEL;279.0;Reservatório com Usina;AMAZONAS;MADEIRA;SE;SUDESTE;;;2026-01-14;83.956;;257.288;;32.6311;83.956;257.288;0.13650272;0.1268534;0.00095673;0.00125742;0.0;0.0;0.00062365;0.00088092
SANTA BRANCA;122.0;Reservatório com Usina;PARAIBA DO SUL;SUDESTE;SE;SUDESTE;;;2026-01-14;149.303;;454.095;;32.8792;149.303;454.095;0.05598811;0.06010605;0.0017014;0.00221926;0.0;0.0;0.00110907;0.00155476
SANTA CLARA-PR;71.0;Reservatório com Usina;IGUACU;IGUACU;S;SUL;;;2026-01-14;255.983;;373.966;;68.4509;255.983;373.966;0.0409177;0.03716272;0.01830825;0.01827859;0.0;0.0;0.00190153;0.00128041
SANTANA;181.0;Reservatório sem usina;PARAIBA DO SUL;SUDESTE;SE;SUDESTE;;;2026-01-14;;;;;;0.0;0.0;0.0;0.0;0.0;0.0;0.0;0.0;0.0;0.0
SANTONIO CM;193.0;Reservatório sem usina;DOCE;SUDESTE;SE;SUDESTE;;;2026-01-14;;;;;;0.0;0.0;0.0;0.0;0.0;0.0;0.0;0.0;0.0;0.0
SAO ROQUE;88.0;Reservatório com Usina;URUGUAI;SUL;S;SUL;;;2026-01-14;542.867;;801.912;;67.6966;542.867;801.912;0.10779957;0.11915021;0.03882658;0.03919559;0.0;0.0;0.0040326;0.00274563
SÃO SIMÃO;33.0;Reservatório com Usina;PARANAIBA;PARANA;SE;SUDESTE;;;2026-01-14;1675.374;;5014.801;;33.4086;1675.374;5014.801;0.05883935;0.06388205;0.0190919;0.02450843;0.0;0.0;0.01244526;0.01716997
SEGREDO;76.0;Reservatório com Usina;IGUACU;IGUACU;S;SUL;;;2026-01-14;273.081;;447.497;;61.0241;273.081;447.497;0.04365074;0.04446983;0.01953112;0.02187261;0.0;0.0;0.00202854;0.00153217
SERRA DA MESA;251.0;Reservatório com Usina;TOCANTINS;SUDESTE;SE;SUDESTE;N;NORTE;2026-01-14;18949.509;5998.681;35277.664;6620.419;53.7153;24948.19;41898.083;0.91787982;0.8399674;0.21594108;0.17240968;0.70063373;0.43263937;0.18532378;0.14345308
SINOP;227.0;Reservatório com Usina;AMAZONAS;TELES PIRES;SE;SUDESTE;;;2026-01-14;123.864;;900.655;;13.7527;123.864;900.655;0.20138851;0.44405938;0.0014115;0.0044017;0.0;0.0;0.0009201;0.00308371
SOBRADINHO;169.0;Reservatório com Usina;SAO FRANCISCO;NORDESTE;NE;NORDESTE;;;2026-01-14;12782.667;;30100.282;;42.4669;12782.667;30100.282;0.51838285;0.5708681;0.52554478;0.58230931;0.0;0.0;0.09495407;0.10305909
TOCOS;180.0;Reservatório sem usina;PARAIBA DO SUL;SUDESTE;SE;SUDESTE;;;2026-01-14;;;;;;0.0;0.0;0.0;0.0;0.0;0.0;0.0;0.0;0.0;0.0
TRÊS IRMÃOS;43.0;Reservatório com Usina;TIETE;PARANA;SE;SUDESTE;;;2026-01-14;1727.741;;2328.579;;74.1972;1727.741;2328.579;0.25982826;0.23943651;0.01968865;0.01138028;0.0;0.0;0.01283426;0.00797272
TRÊS MARIAS;156.0;Reservatório com Usina;SAO FRANCISCO;SUDESTE;SE;SUDESTE;NE;NORDESTE;2026-01-14;1202.928;9007.907;2345.606;16040.745;51.2843;10210.835;18386.351;0.41408587;0.34870707;0.01370809;0.01146349;0.37034983;0.31031852;0.07584961;0.06295225
TUCURUI;275.0;Reservatório com Usina;TOCANTINS;NORTE;N;NORTE;;;2026-01-14;2133.315;;7721.097;;27.6297;2133.315;7721.097;0.07848773;0.15479156;0.24916685;0.50456785;0.0;0.0;0.015847;0.02643594
A. VERMELHA;18.0;Reservatório com Usina;GRANDE;PARANA;SE;SUDESTE;;;2026-01-15;1261.338;;4340.282;;29.0612;1261.338;4340.282;0.07170466;0.0842259;0.0143641;0.02121191;0.0;0.0;0.00937111;0.01486051
ANTA;128.0;Reservatório sem usina;PARAIBA DO SUL;SUDESTE;SE;SUDESTE;;;2026-01-15;;;;;;0.0;0.0;0.0;0.0;0.0;0.0;0.0;0.0;0.0;0.0
B. BONITA;37.0;Reservatório com Usina;TIETE;PARANA;SE;SUDESTE;;;2026-01-15;1797.687;;2713.786;;66.2428;1797.687;2713.786;0.26743542;0.27904549;0.02047204;0.01326287;0.0;0.0;0.01335591;0.00929162
BALBINA;277.0;Reservatório com Usina;AMAZONAS;MANAUS-AMAPA;N;NORTE;;;2026-01-15;371.69;;785.737;;47.3046;371.69;785.737;0.60193102;0.38740015;0.04339534;0.05134732;0.0;0.0;0.00276147;0.00269025
BARRA GRANDE;86.0;Reservatório com Usina;URUGUAI;SUL;S;SUL;;;2026-01-15;2153.85;;2991.427;;72.0008;2153.85;2991.427;0.43024166;0.44447414;0.15536453;0.14621397;0.0;0.0;0.01600203;0.01024222
BATALHA;20.0;Reservatório com Usina;PARANAIBA;PARANA;SE;SUDESTE;;;2026-01-15;1065.984;;2751.514;;38.7417;1065.984;2751.514;0.03740994;0.03505071;0.01213942;0.01344725;0.0;0.0;0.00791973;0.00942079
BILLINGS;118.0;Reservatório sem usina;TIETE;SUDESTE;SE;SUDESTE;;;2026-01-15;1689.677;;2444.556;;69.12;1689.677;2444.556;0.25136716;0.25136187;0.01924202;0.01194708;0.0;0.0;0.01255345;0.00836981
BLANG;;Reservatório sem usina;JACUI;SUL;S;SUL;;;2026-01-15;;;;;;0.0;0.0;0.0;0.0;0.0;0.0;0.0;0.0;0.0;0.0
BOA ESPERANÇA;190.0;Reservatório com Usina;PARNAIBA;NORDESTE;NE;NORDESTE;;;2026-01-15;100.926;;264.178;;38.2038;100.926;264.178;1.0;1.0;0.00414338;0.00511069;0.0;0.0;0.00074983;0.00090451
C.BRANCO-1;27.0;Reservatório com Usina;PARANAIBA;PARANA;SE;SUDESTE;;;2026-01-15;7.411;;20.753;;35.7105;7.411;20.753;0.00026008;0.00026437;8.44e-05;0.00010142;0.0;0.0;5.506e-05;7.106e-05
CACONDE;14.0;Reservatório com Usina;GRANDE;PARANA;SE;SUDESTE;;;2026-01-15;338.711;;853.4;;39.6896;338.711;853.4;0.01925507;0.01656076;0.00385724;0.00417075;0.0;0.0;0.00251645;0.00292192
CACU;311.0;Reservatório com Usina;PARANAIBA;PARANA;SE;SUDESTE;;;2026-01-15;29.828;;30.877;;96.6026;29.828;30.877;0.00104679;0.00039333;0.00033968;0.0001509;0.0;0.0;0.00022161;0.00010572
CAMARGOS;1.0;Reservatório com Usina;GRANDE;PARANA;SE;SUDESTE;;;2026-01-15;827.205;;1568.489;;52.739;827.205;1568.489;0.04702503;0.03043752;0.0094202;0.00766555;0.0;0.0;0.00614572;0.00537028
CAMPOS NOVOS;90.0;Reservatório com Usina;URUGUAI;SUL;S;SUL;;;2026-01-15;146.633;;227.826;;64.3618;146.633;227.826;0.02929063;0.03385099;0.01057714;0.0111356;0.0;0.0;0.00108941;0.00078004
CAPIVARA;61.0;Reservatório com Usina;PARANAPANEMA;PARANAPANEMA;SE;SUDESTE;;;2026-01-15;3398.394;;3889.672;;87.3697;3398.394;3889.672;0.43369543;0.32160692;0.03870088;0.01900968;0.0;0.0;0.02524837;0.01331768
CHAVANTES;49.0;Reservatório com Usina;PARANAPANEMA;PARANAPANEMA;SE;SUDESTE;;;2026-01-15;1730.394;;3370.499;;51.3394;1730.394;3370.499;0.22082901;0.27868052;0.01970571;0.01647237;0.0;0.0;0.01285596;0.01154011
CORUMBA;30.0;Reservatório com Usina;PARANAIBA;PARANA;SE;SUDESTE;;;2026-01-15;696.903;;1531.054;;45.5179;696.903;1531.054;0.02445731;0.01950364;0.00793632;0.0074826;0.0;0.0;0.00517764;0.00524211
CORUMBA-3;203.0;Reservatório com Usina;PARANAIBA;PARANA;SE;SUDESTE;;;2026-01-15;131.449;;425.126;;30.92;131.449;425.126;0.00461311;0.00541555;0.00149694;0.00207768;0.0;0.0;0.0009766;0.00145557
CORUMBA-4;29.0;Reservatório com Usina;PARANAIBA;PARANA;SE;SUDESTE;;;2026-01-15;469.854;;1415.959;;33.1827;469.854;1415.959;0.01648919;0.01803748;0.00535069;0.0069201;0.0;0.0;0.00349078;0.00484804
CURUA-UNA;272.0;Reservatório com Usina;AMAZONAS;BELO MONTE;N;NORTE;;;2026-01-15;4.721;;28.109;;16.7953;4.721;28.109;0.00764539;0.01385888;0.00055118;0.0018369;0.0;0.0;3.507e-05;9.624e-05
DIVISA;;Reservatório sem usina;JACUI;SUL;S;SUL;;;2026-01-15;;;;;;0.0;0.0;0.0;0.0;0.0;0.0;0.0;0.0;0.0;0.0
EDGARD SOUZA;107.0;Reservatório sem usina;TIETE;PARANA;SE;SUDESTE;;;2026-01-15;;;;;;0.0;0.0;0.0;0.0;0.0;0.0;0.0;0.0;0.0;0.0
EMBORCAÇÃO;24.0;Reservatório com Usina;PARANAIBA;PARANA;SE;SUDESTE;;;2026-01-15;9519.917;;21873.496;;43.5226;9519.917;21873.496;0.33409465;0.2786399;0.10841272;0.10690057;0.0;0.0;0.07072821;0.07489174
ERNESTINA;110.0;Reservatório sem usina;JACUI;SUL;S;SUL;;;2026-01-15;208.089;;200.552;;103.7581;208.089;200.552;0.08902222;0.06620289;0.01501017;0.00980251;0.0;0.0;0.001546;0.00068666
ESPORA;290.0;Reservatório com Usina;PARANAIBA;PARANA;SE;SUDESTE;;;2026-01-15;29.071;;112.927;;25.7432;29.071;112.927;0.00102023;0.00143854;0.00033106;0.0005519;0.0;0.0;0.00021598;0.00038665
FUNIL;123.0;Reservatório com Usina;PARAIBA DO SUL;SUDESTE;SE;SUDESTE;;;2026-01-15;178.859;;813.622;;21.9831;178.859;813.622;0.06709101;0.10769465;0.00203684;0.00397635;0.0;0.0;0.00132883;0.00278573
FURNAS;6.0;Reservatório com Usina;GRANDE;PARANA;SE;SUDESTE;;;2026-01-15;10911.579;;35035.949;;31.144;10911.579;35035.949;0.62030244;0.67989462;0.12426095;0.17122837;0.0;0.0;0.08106757;0.11995811
G. B. MUNHOZ;74.0;Reservatório com Usina;IGUACU;IGUACU;S;SUL;;;2026-01-15;3094.417;;5880.363;;52.6229;3094.417;5880.363;0.50227242;0.58435864;0.22321083;0.28741842;0.0;0.0;0.02298997;0.02013353
G. P. SOUZA;115.0;Reservatório com Usina;CAPIVARI;SUL;S;SUL;;;2026-01-15;224.015;;374.956;;59.7443;224.015;374.956;1.0;1.0;0.01615896;0.01832697;0.0;0.0;0.00166432;0.0012838
GARIBALDI;89.0;Reservatório com Usina;URUGUAI;SUL;S;SUL;;;2026-01-15;46.694;;101.775;;45.8796;46.694;101.775;0.00932735;0.015122;0.0033682;0.00497452;0.0;0.0;0.00034691;0.00034846
GOV JAYME CANET JR;57.0;Reservatório com Usina;PARANAPANEMA;IGUACU;S;SUL;SE;SUDESTE;2026-01-15;134.719;235.779;261.737;451.213;51.4711;370.498;712.95;0.04728212;0.05894833;0.00971774;0.01279309;0.00268505;0.00220518;0.00275261;0.00244104
GUARAPIRANGA;117.0;Reservatório sem usina;TIETE;SUDESTE;SE;SUDESTE;;;2026-01-15;231.841;;408.675;;56.7299;231.841;408.675;0.03449015;0.04202207;0.0026402;0.00199728;0.0;0.0;0.00172246;0.00139925
I. SOLTEIRA;34.0;Reservatório com Usina;PARANA;PARANA;SE;SUDESTE;;;2026-01-15;2616.189;;3691.575;;70.8692;2616.189;3691.575;1.0;1.0;0.02979313;0.01804154;0.0;0.0;0.01943697;0.01263943
IRAPE;148.0;Reservatório com Usina;JEQUITINHONHA;SUDESTE;SE;SUDESTE;NE;NORDESTE;2026-01-15;1176.667;629.364;1962.895;1004.893;59.9455;1806.031;2967.788;1.0;1.0;0.01339987;0.0095931;0.0258377;0.0194403;0.01341791;0.01016128
ITUMBIARA;31.0;Reservatório com Usina;PARANAIBA;PARANA;SE;SUDESTE;;;2026-01-15;5170.083;;15706.409;;32.917;5170.083;15706.409;0.18144035;0.20007923;0.05887685;0.07676067;0.0;0.0;0.03841113;0.05377651
JAGUARI;120.0;Reservatório com Usina;PARAIBA DO SUL;SUDESTE;SE;SUDESTE;;;2026-01-15;409.517;;1213.775;;33.7391;409.517;1213.775;0.15361212;0.16066069;0.00466358;0.00593198;0.0;0.0;0.00304251;0.00415579
JORDÃO;73.0;Reservatório sem usina;IGUACU;IGUACU;S;SUL;;;2026-01-15;13.116;;20.306;;64.5917;13.116;20.306;0.00212893;0.0020179;0.0009461;0.00099251;0.0;0.0;9.745e-05;6.952e-05
JURUMIRIM;47.0;Reservatório com Usina;PARANAPANEMA;PARANAPANEMA;SE;SUDESTE;;;2026-01-15;2336.614;;4121.37;;56.6951;2336.614;4121.37;0.29819344;0.34076424;0.02660934;0.02014204;0.0;0.0;0.01735987;0.01411099
LAJES;124.0;Reservatório sem usina;PARAIBA DO SUL;SUDESTE;SE;SUDESTE;;;2026-01-15;434.383;;512.183;;84.8101;434.383;512.183;0.16293949;0.06779484;0.00494675;0.00250315;0.0;0.0;0.00322725;0.00175364
LUIZ GONZAGA;172.0;Reservatório com Usina;SAO FRANCISCO;NORDESTE;NE;NORDESTE;;;2026-01-15;1389.312;;3418.033;;40.6465;1389.312;3418.033;0.05625143;0.06482484;0.05703636;0.06612405;0.0;0.0;0.01032189;0.01170286
M. MORAES;7.0;Reservatório com Usina;GRANDE;PARANA;SE;SUDESTE;;;2026-01-15;3210.55;;4339.622;;73.9823;3210.55;4339.622;0.18251364;0.08421309;0.03656171;0.02120868;0.0;0.0;0.02385278;0.01485825
MACHADINHO;91.0;Reservatório com Usina;URUGUAI;SUL;S;SUL;;;2026-01-15;646.783;;890.994;;72.5912;646.783;890.994;0.12919794;0.13238625;0.04665466;0.04354971;0.0;0.0;0.00480527;0.00305064
MANSO;278.0;Reservatório com Usina;PARAGUAI;SUDESTE;SE;SUDESTE;;;2026-01-15;314.906;;555.798;;56.6584;314.906;555.798;1.0;1.0;0.00358615;0.00271631;0.0;0.0;0.00233959;0.00190297
MARIMBONDO;17.0;Reservatório com Usina;GRANDE;PARANA;SE;SUDESTE;;;2026-01-15;1041.356;;5393.697;;19.3069;1041.356;5393.697;0.0591991;0.10466808;0.01185895;0.02636018;0.0;0.0;0.00773675;0.01846725
MIRANDA;26.0;Reservatório com Usina;PARANAIBA;PARANA;SE;SUDESTE;;;2026-01-15;217.935;;269.778;;80.7831;217.935;269.778;0.00764827;0.00343662;0.00248184;0.00131846;0.0;0.0;0.00161915;0.00092368
NOVA PONTE;25.0;Reservatório com Usina;PARANAIBA;PARANA;SE;SUDESTE;;;2026-01-15;6533.864;;22766.333;;28.6997;6533.864;22766.333;0.22930126;0.29001349;0.07440758;0.11126406;0.0;0.0;0.04854334;0.07794869
PARAIBUNA;121.0;Reservatório com Usina;PARAIBA DO SUL;SUDESTE;SE;SUDESTE;;;2026-01-15;1492.704;;4561.222;;32.726;1492.704;4561.222;0.55992162;0.60374377;0.0169989;0.02229169;0.0;0.0;0.01109004;0.01561698
PASSO FUNDO;93.0;Reservatório com Usina;URUGUAI;SUL;S;SUL;;;2026-01-15;1463.716;;1706.162;;85.79;1463.716;1706.162;0.29238415;0.25350607;0.10558282;0.08339322;0.0;0.0;0.01087468;0.00584166
PASSO REAL;111.0;Reservatório com Usina;JACUI;SUL;S;SUL;;;2026-01-15;2129.406;;2828.801;;75.2759;2129.406;2828.801;0.91097778;0.93379678;0.1536013;0.13826519;0.0;0.0;0.01582042;0.00968541
PEDRA DO CAVALO;189.0;Reservatório com Usina;PARAGUACU;NORDESTE;NE;NORDESTE;;;2026-01-15;233.66;;335.383;;69.6696;233.66;335.383;1.0;1.0;0.0095926;0.0064882;0.0;0.0;0.00173598;0.0011483
PEIXE ANGICAL;257.0;Reservatório com Usina;TOCANTINS;SUDESTE;SE;SUDESTE;N;NORTE;2026-01-15;45.375;53.361;114.392;147.034;39.6662;98.736;261.426;0.00363458;0.00524104;0.00051673;0.00055906;0.00622997;0.00960856;0.00073356;0.00089509
PONTE NOVA;105.0;Reservatório sem usina;TIETE;PARANA;SE;SUDESTE;;;2026-01-15;;;;;;0.0;0.0;0.0;0.0;0.0;0.0;0.0;0.0;0.0;0.0
PORTO ESTRELA;135.0;Reservatório com Usina;DOCE;SUDESTE;SE;SUDESTE;;;2026-01-15;7.704;;12.899;;59.7256;7.704;12.899;1.0;1.0;8.773e-05;6.304e-05;0.0;0.0;5.724e-05;4.416e-05
PROMISSÃO;40.0;Reservatório com Usina;TIETE;PARANA;SE;SUDESTE;;;2026-01-15;1260.241;;1829.65;;68.8788;1260.241;1829.65;0.18748152;0.18813406;0.01435161;0.0089419;0.0;0.0;0.00936296;0.00626446
QUEBRA QUEIXO;95.0;Reservatório com Usina;URUGUAI;SUL;S;SUL;;;2026-01-15;5.696;;10.163;;56.0464;5.696;10.163;0.0011378;0.00151005;0.00041087;0.00049674;0.0;0.0;4.232e-05;3.48e-05
QUEIMADO;162.0;Reservatório com Usina;SAO FRANCISCO;SUDESTE;SE;SUDESTE;NE;NORDESTE;2026-01-15;95.723;166.545;283.402;484.803;33.7764;262.268;768.205;0.01061889;0.01456942;0.00109009;0.00138505;0.00683728;0.00937883;0.00194852;0.00263022
RETIRO BAIXO;155.0;Reservatório com Usina;SAO FRANCISCO;SUDESTE;SE;SUDESTE;NE;NORDESTE;2026-01-15;5.192;20.455;11.43;42.91;45.4243;25.647;54.34;0.00103841;0.00103059;5.913e-05;5.586e-05;0.00083975;0.00083012;0.00019054;0.00018605
RONDON II;276.0;Reservatório com Usina;AMAZONAS;MADEIRA;SE;SUDESTE;;;2026-01-15;31.418;;56.442;;55.6642;31.418;56.442;0.05087968;0.02782819;0.00035779;0.00027584;0.0;0.0;0.00023342;0.00019325
S.DO FACÃO;21.0;Reservatório com Usina;PARANAIBA;PARANA;SE;SUDESTE;;;2026-01-15;2960.982;;6581.918;;44.9866;2960.982;6581.918;0.10391354;0.08384508;0.03371963;0.03216728;0.0;0.0;0.02199861;0.02253555
SALTO RS;;Reservatório sem usina;JACUI;SUL;S;SUL;;;2026-01-15;;;;;;0.0;0.0;0.0;0.0;0.0;0.0;0.0;0.0;0.0;0.0
SALTO SANTIAGO;77.0;Reservatório com Usina;IGUACU;IGUACU;S;SUL;;;2026-01-15;2544.907;;3340.803;;76.1765;2544.907;3340.803;0.41307833;0.33199092;0.1835728;0.16329065;0.0;0.0;0.01890738;0.01143843
SAMUEL;279.0;Reservatório com Usina;AMAZONAS;MADEIRA;SE;SUDESTE;;;2026-01-15;85.19;;257.288;;33.1108;85.19;257.288;0.13796041;0.1268534;0.00097014;0.00125742;0.0;0.0;0.00063292;0.00088092
SANTA BRANCA;122.0;Reservatório com Usina;PARAIBA DO SUL;SUDESTE;SE;SUDESTE;;;2026-01-15;150.454;;454.095;;33.1327;150.454;454.095;0.05643614;0.06010605;0.00171337;0.00221926;0.0;0.0;0.0011178;0.00155476
SANTA CLARA-PR;71.0;Reservatório com Usina;IGUACU;IGUACU;S;SUL;;;2026-01-15;250.682;;373.966;;67.0334;250.682;373.966;0.04068962;0.03716272;0.01808255;0.01827859;0.0;0.0;0.00186244;0.00128041
SANTANA;181.0;Reservatório sem usina;PARAIBA DO SUL;SUDESTE;SE;SUDESTE;;;2026-01-15;;;;;;0.0;0.0;0.0;0.0;0.0;0.0;0.0;0.0;0.0;0.0
SANTONIO CM;193.0;Reservatório sem usina;DOCE;SUDESTE;SE;SUDESTE;;;2026-01-15;;;;;;0.0;0.0;0.0;0.0;0.0;0.0;0.0;0.0;0.0;0.0
SAO ROQUE;88.0;Reservatório com Usina;URUGUAI;SUL;S;SUL;;;2026-01-15;542.767;;801.912;;67.6841;542.767;801.912;0.10842026;0.11915021;0.03915163;0.03919559;0.0;0.0;0.00403249;0.00274563
SÃO SIMÃO;33.0;Reservatório com Usina;PARANAIBA;PARANA;SE;SUDESTE;;;2026-01-15;1661.389;;5014.801;;33.1297;1661.389;5014.801;0.05830525;0.06388205;0.01891988;0.02450843;0.0;0.0;0.01234329;0.01716997
SEGREDO;76.0;Reservatório com Usina;IGUACU;IGUACU;S;SUL;;;2026-01-15;257.712;;447.497;;57.5897;257.712;447.497;0.0418307;0.04446983;0.01858964;0.02187261;0.0;0.0;0.00191467;0.00153217
SERRA DA MESA;251.0;Reservatório com Usina;TOCANTINS;SUDESTE;SE;SUDESTE;N;NORTE;2026-01-15;18931.586;5999.178;35277.664;6620.419;53.6645;24930.764;41898.083;0.91772763;0.8399674;0.21559271;0.17240968;0.70041258;0.43263937;0.18522309;0.14345308
SINOP;227.0;Reservatório com Usina;AMAZONAS;TELES PIRES;SE;SUDESTE;;;2026-01-15;124.477;;900.655;;13.8207;124.477;900.655;0.20158349;0.44405938;0.00141754;0.0044017;0.0;0.0;0.0009248;0.00308371
SOBRADINHO;169.0;Reservatório com Usina;SAO FRANCISCO;NORDESTE;NE;NORDESTE;;;2026-01-15;12809.841;;30100.282;;42.5572;12809.841;30100.282;0.51865379;0.5708681;0.52589101;0.58230931;0.0;0.0;0.0951707;0.10305909
TOCOS;180.0;Reservatório sem usina;PARAIBA DO SUL;SUDESTE;SE;SUDESTE;;;2026-01-15;;;;;;0.0;0.0;0.0;0.0;0.0;0.0;0.0;0.0;0.0;0.0
TRÊS IRMÃOS;43.0;Reservatório com Usina;TIETE;PARANA;SE;SUDESTE;;;2026-01-15;1742.502;;2328.579;;74.8311;1742.502;2328.579;0.25922575;0.23943651;0.0198436;0.01138028;0.0;0.0;0.01294592;0.00797272
TRÊS MARIAS;156.0;Reservatório com Usina;SAO FRANCISCO;SUDESTE;SE;SUDESTE;NE;NORDESTE;2026-01-15;1202.928;9008.254;2345.606;16040.745;51.2843;10211.182;18386.351;0.41343747;0.34870707;0.01369893;0.01146349;0.36982191;0.31031852;0.07586397;0.06295225
TUCURUI;275.0;Reservatório com Usina;TOCANTINS;NORTE;N;NORTE;;;2026-01-15;2136.256;;7721.097;;27.6678;2136.256;7721.097;0.07863783;0.15479156;0.24941093;0.50456785;0.0;0.0;0.01587131;0.02643594
A. VERMELHA;18.0;Reservatório com Usina;GRANDE;PARANA;SE;SUDESTE;;;2026-01-16;1281.179;;4340.282;;29.5183;1281.179;4340.282;0.0728226;0.0842259;0.01458441;0.02121191;0.0;0.0;0.00952102;0.01486051
ANTA;128.0;Reservatório sem usina;PARAIBA DO SUL;SUDESTE;SE;SUDESTE;;;2026-01-16;;;;;;0.0;0.0;0.0;0.0;0.0;0.0;0.0;0.0;0.0;0.0
B. BONITA;37.0;Reservatório com Usina;TIETE;PARANA;SE;SUDESTE;;;2026-01-16;1839.341;;2713.786;;67.7777;1839.341;2713.786;0.27034116;0.27904549;0.02093829;0.01326287;0.0;0.0;0.01366897;0.00929162
BALBINA;277.0;Reservatório com Usina;AMAZONAS;MANAUS-AMAPA;N;NORTE;;;2026-01-16;368.534;;785.737;;46.903;368.534;785.737;0.59960984;0.38740015;0.04297298;0.05134732;0.0;0.0;0.00273874;0.00269025
BARRA GRANDE;86.0;Reservatório com Usina;URUGUAI;SUL;S;SUL;;;2026-01-16;2128.335;;2991.427;;71.1478;2128.335;2991.427;0.42902679;0.44447414;0.15514884;0.14621397;0.0;0.0;0.01581662;0.01024222
BATALHA;20.0;Reservatório com Usina;PARANAIBA;PARANA;SE;SUDESTE;;;2026-01-16;1067.821;;2751.514;;38.8085;1067.821;2751.514;0.03751285;0.03505071;0.01215563;0.01344725;0.0;0.0;0.00793546;0.00942079
BILLINGS;118.0;Reservatório sem usina;TIETE;SUDESTE;SE;SUDESTE;;;2026-01-16;1716.078;;2444.556;;70.2;1716.078;2444.556;0.25222432;0.25136187;0.01953512;0.01194708;0.0;0.0;0.01275295;0.00836981
BLANG;;Reservatório sem usina;JACUI;SUL;S;SUL;;;2026-01-16;;;;;;0.0;0.0;0.0;0.0;0.0;0.0;0.0;0.0;0.0;0.0
BOA ESPERANÇA;190.0;Reservatório com Usina;PARNAIBA;NORDESTE;NE;NORDESTE;;;2026-01-16;101.734;;264.178;;38.5096;101.734;264.178;1.0;1.0;0.00416542;0.00511069;0.0;0.0;0.00075603;0.00090451
C.BRANCO-1;27.0;Reservatório com Usina;PARANAIBA;PARANA;SE;SUDESTE;;;2026-01-16;4.836;;20.753;;23.3027;4.836;20.753;0.00016989;0.00026437;5.505e-05;0.00010142;0.0;0.0;3.594e-05;7.106e-05
CACONDE;14.0;Reservatório com Usina;GRANDE;PARANA;SE;SUDESTE;;;2026-01-16;342.571;;853.4;;40.1419;342.571;853.4;0.01947184;0.01656076;0.00389969;0.00417075;0.0;0.0;0.0025458;0.00292192
CACU;311.0;Reservatório com Usina;PARANAIBA;PARANA;SE;SUDESTE;;;2026-01-16;26.453;;30.877;;85.6722;26.453;30.877;0.0009293;0.00039333;0.00030113;0.0001509;0.0;0.0;0.00019658;0.00010572
CAMARGOS;1.0;Reservatório com Usina;GRANDE;PARANA;SE;SUDESTE;;;2026-01-16;835.259;;1568.489;;53.2525;835.259;1568.489;0.04747638;0.03043752;0.00950824;0.00766555;0.0;0.0;0.00620719;0.00537028
CAMPOS NOVOS;90.0;Reservatório com Usina;URUGUAI;SUL;S;SUL;;;2026-01-16;146.136;;227.826;;64.1437;146.136;227.826;0.02945789;0.03385099;0.01065285;0.0111356;0.0;0.0;0.001086;0.00078004
CAPIVARA;61.0;Reservatório com Usina;PARANAPANEMA;PARANAPANEMA;SE;SUDESTE;;;2026-01-16;3379.313;;3889.672;;86.8791;3379.313;3889.672;0.43298247;0.32160692;0.0384687;0.01900968;0.0;0.0;0.0251132;0.01331768
CHAVANTES;49.0;Reservatório com Usina;PARANAPANEMA;PARANAPANEMA;SE;SUDESTE;;;2026-01-16;1718.465;;3370.499;;50.9855;1718.465;3370.499;0.22018239;0.27868052;0.01956229;0.01647237;0.0;0.0;0.01277069;0.01154011
CORUMBA;30.0;Reservatório com Usina;PARANAIBA;PARANA;SE;SUDESTE;;;2026-01-16;695.579;;1531.054;;45.4314;695.579;1531.054;0.02443589;0.01950364;0.00791818;0.0074826;0.0;0.0;0.00516916;0.00524211
CORUMBA-3;203.0;Reservatório com Usina;PARANAIBA;PARANA;SE;SUDESTE;;;2026-01-16;130.47;;425.126;;30.6897;130.47;425.126;0.00458345;0.00541555;0.00148522;0.00207768;0.0;0.0;0.00096958;0.00145557
CORUMBA-4;29.0;Reservatório com Usina;PARANAIBA;PARANA;SE;SUDESTE;;;2026-01-16;465.084;;1415.959;;32.8459;465.084;1415.959;0.01633853;0.01803748;0.00529432;0.0069201;0.0;0.0;0.00345625;0.00484804
CURUA-UNA;272.0;Reservatório com Usina;AMAZONAS;BELO MONTE;N;NORTE;;;2026-01-16;4.639;;28.109;;16.5036;4.639;28.109;0.00754772;0.01385888;0.00054093;0.0018369;0.0;0.0;3.447e-05;9.624e-05
DIVISA;;Reservatório sem usina;JACUI;SUL;S;SUL;;;2026-01-16;;;;;;0.0;0.0;0.0;0.0;0.0;0.0;0.0;0.0;0.0;0.0
EDGARD SOUZA;107.0;Reservatório sem usina;TIETE;PARANA;SE;SUDESTE;;;2026-01-16;;;;;;0.0;0.0;0.0;0.0;0.0;0.0;0.0;0.0;0.0;0.0
EMBORCAÇÃO;24.0;Reservatório com Usina;PARANAIBA;PARANA;SE;SUDESTE;;;2026-01-16;9530.769;;21873.496;;43.5722;9530.769;21873.496;0.33481858;0.2786399;0.10849431;0.10690057;0.0;0.0;0.07082744;0.07489174
ERNESTINA;110.0;Reservatório sem usina;JACUI;SUL;S;SUL;;;2026-01-16;208.101;;200.552;;103.7641;208.101;200.552;0.08889448;0.06620289;0.0151699;0.00980251;0.0;0.0;0.00154649;0.00068666
ESPORA;290.0;Reservatório com Usina;PARANAIBA;PARANA;SE;SUDESTE;;;2026-01-16;29.375;;112.927;;26.0124;29.375;112.927;0.00103195;0.00143854;0.00033439;0.0005519;0.0;0.0;0.0002183;0.00038665
FUNIL;123.0;Reservatório com Usina;PARAIBA DO SUL;SUDESTE;SE;SUDESTE;;;2026-01-16;186.082;;813.622;;22.8708;186.082;813.622;0.06983503;0.10769465;0.00211828;0.00397635;0.0;0.0;0.00138286;0.00278573
FURNAS;6.0;Reservatório com Usina;GRANDE;PARANA;SE;SUDESTE;;;2026-01-16;10876.288;;35035.949;;31.0432;10876.288;35035.949;0.61821152;0.67989462;0.12381114;0.17122837;0.0;0.0;0.08082659;0.11995811
G. B. MUNHOZ;74.0;Reservatório com Usina;IGUACU;IGUACU;S;SUL;;;2026-01-16;3039.273;;5880.363;;51.6851;3039.273;5880.363;0.50163284;0.58435864;0.22155331;0.28741842;0.0;0.0;0.02258621;0.02013353
G. P. SOUZA;115.0;Reservatório com Usina;CAPIVARI;SUL;S;SUL;;;2026-01-16;224.467;;374.956;;59.8649;224.467;374.956;1.0;1.0;0.01636293;0.01832697;0.0;0.0;0.00166812;0.0012838
GARIBALDI;89.0;Reservatório com Usina;URUGUAI;SUL;S;SUL;;;2026-01-16;46.681;;101.775;;45.8669;46.681;101.775;0.00940989;0.015122;0.0034029;0.00497452;0.0;0.0;0.00034691;0.00034846
GOV JAYME CANET JR;57.0;Reservatório com Usina;PARANAPANEMA;IGUACU;S;SUL;SE;SUDESTE;2026-01-16;132.961;232.733;261.737;451.213;50.7995;365.694;712.95;0.04685541;0.05894833;0.00969243;0.01279309;0.00264934;0.00220518;0.00271764;0.00244104
GUARAPIRANGA;117.0;Reservatório sem usina;TIETE;SUDESTE;SE;SUDESTE;;;2026-01-16;241.772;;408.675;;59.16;241.772;408.675;0.03553497;0.04202207;0.00275223;0.00199728;0.0;0.0;0.00179672;0.00139925
I. SOLTEIRA;34.0;Reservatório com Usina;PARANA;PARANA;SE;SUDESTE;;;2026-01-16;2639.571;;3691.575;;71.5026;2639.571;3691.575;1.0;1.0;0.03004778;0.01804154;0.0;0.0;0.01961584;0.01263943
IRAPE;148.0;Reservatório com Usina;JEQUITINHONHA;SUDESTE;SE;SUDESTE;NE;NORDESTE;2026-01-16;1176.667;629.364;1962.895;1004.893;59.9455;1806.031;2967.788;1.0;1.0;0.01339469;0.0095931;0.02576881;0.0194403;0.01342143;0.01016128
ITUMBIARA;31.0;Reservatório com Usina;PARANAIBA;PARANA;SE;SUDESTE;;;2026-01-16;5170.221;;15706.409;;32.9179;5170.221;15706.409;0.18163131;0.20007923;0.05885565;0.07676067;0.0;0.0;0.03842224;0.05377651
JAGUARI;120.0;Reservatório com Usina;PARAIBA DO SUL;SUDESTE;SE;SUDESTE;;;2026-01-16;410.113;;1213.775;;33.7882;410.113;1213.775;0.153912;0.16066069;0.00466856;0.00593198;0.0;0.0;0.00304773;0.00415579
JORDÃO;73.0;Reservatório sem usina;IGUACU;IGUACU;S;SUL;;;2026-01-16;13.676;;20.306;;67.3496;13.676;20.306;0.00225723;0.0020179;0.00099694;0.00099251;0.0;0.0;0.00010163;6.952e-05
JURUMIRIM;47.0;Reservatório com Usina;PARANAPANEMA;PARANAPANEMA;SE;SUDESTE;;;2026-01-16;2341.262;;4121.37;;56.8079;2341.262;4121.37;0.29997973;0.34076424;0.02665195;0.02014204;0.0;0.0;0.01739897;0.01411099
LAJES;124.0;Reservatório sem usina;PARAIBA DO SUL;SUDESTE;SE;SUDESTE;;;2026-01-16;435.612;;512.183;;85.0501;435.612;512.183;0.16348157;0.06779484;0.00495883;0.00250315;0.0;0.0;0.00323723;0.00175364
LUIZ GONZAGA;172.0;Reservatório com Usina;SAO FRANCISCO;NORDESTE;NE;NORDESTE;;;2026-01-16;1409.452;;3418.033;;41.2358;1409.452;3418.033;0.05691901;0.06482484;0.0577089;0.06612405;0.0;0.0;0.01047427;0.01170286
M. MORAES;7.0;Reservatório com Usina;GRANDE;PARANA;SE;SUDESTE;;;2026-01-16;3172.481;;4339.622;;73.105;3172.481;4339.622;0.18032479;0.08421309;0.03611421;0.02120868;0.0;0.0;0.02357613;0.01485825
MACHADINHO;91.0;Reservatório com Usina;URUGUAI;SUL;S;SUL;;;2026-01-16;631.967;;890.994;;70.9283;631.967;890.994;0.12739102;0.13238625;0.04606838;0.04354971;0.0;0.0;0.00469643;0.00305064
MANSO;278.0;Reservatório com Usina;PARAGUAI;SUDESTE;SE;SUDESTE;;;2026-01-16;314.285;;555.798;;56.5466;314.285;555.798;1.0;1.0;0.00357769;0.00271631;0.0;0.0;0.00233559;0.00190297
MARIMBONDO;17.0;Reservatório com Usina;GRANDE;PARANA;SE;SUDESTE;;;2026-01-16;1085.372;;5393.697;;20.123;1085.372;5393.697;0.06169287;0.10466808;0.01235542;0.02636018;0.0;0.0;0.00806589;0.01846725
MIRANDA;26.0;Reservatório com Usina;PARANAIBA;PARANA;SE;SUDESTE;;;2026-01-16;227.895;;269.778;;84.475;227.895;269.778;0.00800602;0.00343662;0.00259426;0.00131846;0.0;0.0;0.00169359;0.00092368
NOVA PONTE;25.0;Reservatório com Usina;PARANAIBA;PARANA;SE;SUDESTE;;;2026-01-16;6507.528;;22766.333;;28.584;6507.528;22766.333;0.22861128;0.29001349;0.074079;0.11126406;0.0;0.0;0.04836037;0.07794869
PARAIBUNA;121.0;Reservatório com Usina;PARAIBA DO SUL;SUDESTE;SE;SUDESTE;;;2026-01-16;1482.507;;4561.222;;32.5024;1482.507;4561.222;0.55637257;0.60374377;0.01687624;0.02229169;0.0;0.0;0.01101718;0.01561698
PASSO FUNDO;93.0;Reservatório com Usina;URUGUAI;SUL;S;SUL;;;2026-01-16;1456.808;;1706.162;;85.3851;1456.808;1706.162;0.29366132;0.25350607;0.10619666;0.08339322;0.0;0.0;0.0108262;0.00584166
PASSO REAL;111.0;Reservatório com Usina;JACUI;SUL;S;SUL;;;2026-01-16;2132.888;;2828.801;;75.399;2132.888;2828.801;0.91110552;0.93379678;0.15548074;0.13826519;0.0;0.0;0.01585045;0.00968541
PEDRA DO CAVALO;189.0;Reservatório com Usina;PARAGUACU;NORDESTE;NE;NORDESTE;;;2026-01-16;232.807;;335.383;;69.4153;232.807;335.383;1.0;1.0;0.0095321;0.0064882;0.0;0.0;0.00173009;0.0011483
PEIXE ANGICAL;257.0;Reservatório com Usina;TOCANTINS;SUDESTE;SE;SUDESTE;N;NORTE;2026-01-16;44.816;52.727;114.392;147.034;39.1776;97.543;261.426;0.00359036;0.00524104;0.00051017;0.00055906;0.00614824;0.00960856;0.00072489;0.00089509
PONTE NOVA;105.0;Reservatório sem usina;TIETE;PARANA;SE;SUDESTE;;;2026-01-16;;;;;;0.0;0.0;0.0;0.0;0.0;0.0;0.0;0.0;0.0;0.0
PORTO ESTRELA;135.0;Reservatório com Usina;DOCE;SUDESTE;SE;SUDESTE;;;2026-01-16;6.982;;12.899;;54.1282;6.982;12.899;1.0;1.0;7.948e-05;6.304e-05;0.0;0.0;5.189e-05;4.416e-05
PROMISSÃO;40.0;Reservatório com Usina;TIETE;PARANA;SE;SUDESTE;;;2026-01-16;1269.004;;1829.65;;69.3577;1269.004;1829.65;0.18651464;0.18813406;0.01444581;0.0089419;0.0;0.0;0.00943054;0.00626446
QUEBRA QUEIXO;95.0;Reservatório com Usina;URUGUAI;SUL;S;SUL;;;2026-01-16;6.288;;10.163;;61.8715;6.288;10.163;0.00126753;0.00151005;0.00045838;0.00049674;0.0;0.0;4.673e-05;3.48e-05
QUEIMADO;162.0;Reservatório com Usina;SAO FRANCISCO;SUDESTE;SE;SUDESTE;NE;NORDESTE;2026-01-16;96.932;168.614;283.402;484.803;34.203;265.546;768.205;0.01072375;0.01456942;0.00110343;0.00138505;0.00690377;0.00937883;0.00197339;0.00263022
RETIRO BAIXO;155.0;Reservatório com Usina;SAO FRANCISCO;SUDESTE;SE;SUDESTE;NE;NORDESTE;2026-01-16;5.678;22.363;11.43;42.91;49.6763;28.041;54.34;0.0011324;0.00103059;6.464e-05;5.586e-05;0.00091564;0.00083012;0.00020839;0.00018605
RONDON II;276.0;Reservatório com Usina;AMAZONAS;MADEIRA;SE;SUDESTE;;;2026-01-16;31.798;;56.442;;56.3375;31.798;56.442;0.05173578;0.02782819;0.00036198;0.00027584;0.0;0.0;0.00023631;0.00019325
S.DO FACÃO;21.0;Reservatório com Usina;PARANAIBA;PARANA;SE;SUDESTE;;;2026-01-16;2952.924;;6581.918;;44.8642;2952.924;6581.918;0.10373705;0.08384508;0.03361486;0.03216728;0.0;0.0;0.02194451;0.02253555
SALTO RS;;Reservatório sem usina;JACUI;SUL;S;SUL;;;2026-01-16;;;;;;0.0;0.0;0.0;0.0;0.0;0.0;0.0;0.0;0.0;0.0
SALTO SANTIAGO;77.0;Reservatório com Usina;IGUACU;IGUACU;S;SUL;;;2026-01-16;2516.406;;3340.803;;75.3234;2516.406;3340.803;0.4153335;0.33199092;0.18343798;0.16329065;0.0;0.0;0.01870055;0.01143843
SAMUEL;279.0;Reservatório com Usina;AMAZONAS;MADEIRA;SE;SUDESTE;;;2026-01-16;86.401;;257.288;;33.5814;86.401;257.288;0.1405756;0.1268534;0.00098355;0.00125742;0.0;0.0;0.00064208;0.00088092
SANTA BRANCA;122.0;Reservatório com Usina;PARAIBA DO SUL;SUDESTE;SE;SUDESTE;;;2026-01-16;150.279;;454.095;;33.0942;150.279;454.095;0.05639846;0.06010605;0.00171071;0.00221926;0.0;0.0;0.00111679;0.00155476
SANTA CLARA-PR;71.0;Reservatório com Usina;IGUACU;IGUACU;S;SUL;;;2026-01-16;243.322;;373.966;;65.0653;243.322;373.966;0.04016036;0.03716272;0.0177374;0.01827859;0.0;0.0;0.00180824;0.00128041
SANTANA;181.0;Reservatório sem usina;PARAIBA DO SUL;SUDESTE;SE;SUDESTE;;;2026-01-16;;;;;;0.0;0.0;0.0;0.0;0.0;0.0;0.0;0.0;0.0;0.0
SANTONIO CM;193.0;Reservatório sem usina;DOCE;SUDESTE;SE;SUDESTE;;;2026-01-16;;;;;;0.0;0.0;0.0;0.0;0.0;0.0;0.0;0.0;0.0;0.0
SAO ROQUE;88.0;Reservatório com Usina;URUGUAI;SUL;S;SUL;;;2026-01-16;544.63;;801.912;;67.9164;544.63;801.912;0.10978575;0.11915021;0.03970179;0.03919559;0.0;0.0;0.00404739;0.00274563
SÃO SIMÃO;33.0;Reservatório com Usina;PARANAIBA;PARANA;SE;SUDESTE;;;2026-01-16;1656.515;;5014.801;;33.0325;1656.515;5014.801;0.05819384;0.06388205;0.01885708;0.02450843;0.0;0.0;0.01231031;0.01716997
SEGREDO;76.0;Reservatório com Usina;IGUACU;IGUACU;S;SUL;;;2026-01-16;246.083;;447.497;;54.991;246.083;447.497;0.04061607;0.04446983;0.01793867;0.02187261;0.0;0.0;0.00182875;0.00153217
SERRA DA MESA;251.0;Reservatório com Usina;TOCANTINS;SUDESTE;SE;SUDESTE;N;NORTE;2026-01-16;18920.416;6001.288;35277.664;6620.419;53.6328;24921.704;41898.083;0.91731808;0.8399674;0.21538216;0.17240968;0.69978138;0.43263937;0.1852044;0.14345308
SINOP;227.0;Reservatório com Usina;AMAZONAS;TELES PIRES;SE;SUDESTE;;;2026-01-16;123.251;;900.655;;13.6846;123.251;900.655;0.20053106;0.44405938;0.00140304;0.0044017;0.0;0.0;0.00091593;0.00308371
SOBRADINHO;169.0;Reservatório com Usina;SAO FRANCISCO;NORDESTE;NE;NORDESTE;;;2026-01-16;12867.404;;30100.282;;42.7484;12867.404;30100.282;0.51963452;0.5708681;0.52684569;0.58230931;0.0;0.0;0.09562347;0.10305909
TOCOS;180.0;Reservatório sem usina;PARAIBA DO SUL;SUDESTE;SE;SUDESTE;;;2026-01-16;;;;;;0.0;0.0;0.0;0.0;0.0;0.0;0.0;0.0;0.0;0.0
TRÊS IRMÃOS;43.0;Reservatório com Usina;TIETE;PARANA;SE;SUDESTE;;;2026-01-16;1737.581;;2328.579;;74.6198;1737.581;2328.579;0.25538477;0.23943651;0.0197799;0.01138028;0.0;0.0;0.01291275;0.00797272
TRÊS MARIAS;156.0;Reservatório com Usina;SAO FRANCISCO;SUDESTE;SE;SUDESTE;NE;NORDESTE;2026-01-16;1200.23;8991.74;2345.606;16040.745;51.1693;10191.97;18386.351;0.41159036;0.34870707;0.01366292;0.01146349;0.36815969;0.31031852;0.07574112;0.06295225
TUCURUI;275.0;Reservatório com Usina;TOCANTINS;NORTE;N;NORTE;;;2026-01-16;2148.759;;7721.097;;27.8297;2148.759;7721.097;0.07909152;0.15479156;0.25055647;0.50456785;0.0;0.0;0.0159684;0.02643594
A. VERMELHA;18.0;Reservatório com Usina;GRANDE;PARANA;SE;SUDESTE;;;2026-01-17;1305.295;;4340.282;;30.074;1305.295;4340.282;0.07354629;0.0842259;0.01483245;0.02121191;0.0;0.0;0.00968851;0.01486051
ANTA;128.0;Reservatório sem usina;PARAIBA DO SUL;SUDESTE;SE;SUDESTE;;;2026-01-17;;;;;;0.0;0.0;0.0;0.0;0.0;0.0;0.0;0.0;0.0;0.0
B. BONITA;37.0;Reservatório com Usina;TIETE;PARANA;SE;SUDESTE;;;2026-01-17;1869.797;;2713.786;;68.8999;1869.797;2713.786;0.27264028;0.27904549;0.02124705;0.01326287;0.0;0.0;0.01387851;0.00929162
BALBINA;277.0;Reservatório com Usina;AMAZONAS;MANAUS-AMAPA;N;NORTE;;;2026-01-17;366.957;;785.737;;46.7023;366.957;785.737;0.60352189;0.38740015;0.04281986;0.05134732;0.0;0.0;0.00272373;0.00269025
BARRA GRANDE;86.0;Reservatório com Usina;URUGUAI;SUL;S;SUL;;;2026-01-17;2108.376;;2991.427;;70.4806;2108.376;2991.427;0.42512526;0.44447414;0.15437572;0.14621397;0.0;0.0;0.01564935;0.01024222
BATALHA;20.0;Reservatório com Usina;PARANAIBA;PARANA;SE;SUDESTE;;;2026-01-17;1069.389;;2751.514;;38.8655;1069.389;2751.514;0.03759674;0.03505071;0.01215178;0.01344725;0.0;0.0;0.00793751;0.00942079
BILLINGS;118.0;Reservatório sem usina;TIETE;SUDESTE;SE;SUDESTE;;;2026-01-17;1729.279;;2444.556;;70.74;1729.279;2444.556;0.25215096;0.25136187;0.0196503;0.01194708;0.0;0.0;0.01283552;0.00836981
BLANG;;Reservatório sem usina;JACUI;SUL;S;SUL;;;2026-01-17;;;;;;0.0;0.0;0.0;0.0;0.0;0.0;0.0;0.0;0.0;0.0
BOA ESPERANÇA;190.0;Reservatório com Usina;PARNAIBA;NORDESTE;NE;NORDESTE;;;2026-01-17;103.117;;264.178;;39.0332;103.117;264.178;1.0;1.0;0.00420951;0.00511069;0.0;0.0;0.00076538;0.00090451
C.BRANCO-1;27.0;Reservatório com Usina;PARANAIBA;PARANA;SE;SUDESTE;;;2026-01-17;8.841;;20.753;;42.6011;8.841;20.753;0.00031083;0.00026437;0.00010046;0.00010142;0.0;0.0;6.562e-05;7.106e-05
CACONDE;14.0;Reservatório com Usina;GRANDE;PARANA;SE;SUDESTE;;;2026-01-17;354.404;;853.4;;41.5285;354.404;853.4;0.01996874;0.01656076;0.0040272;0.00417075;0.0;0.0;0.00263055;0.00292192
CACU;311.0;Reservatório com Usina;PARANAIBA;PARANA;SE;SUDESTE;;;2026-01-17;27.094;;30.877;;87.7482;27.094;30.877;0.00095255;0.00039333;0.00030788;0.0001509;0.0;0.0;0.0002011;0.00010572
CAMARGOS;1.0;Reservatório com Usina;GRANDE;PARANA;SE;SUDESTE;;;2026-01-17;847.391;;1568.489;;54.0259;847.391;1568.489;0.04774588;0.03043752;0.00962915;0.00766555;0.0;0.0;0.00628973;0.00537028
CAMPOS NOVOS;90.0;Reservatório com Usina;URUGUAI;SUL;S;SUL;;;2026-01-17;146.156;;227.826;;64.1525;146.156;227.826;0.02947036;0.03385099;0.01070157;0.0111356;0.0;0.0;0.00108484;0.00078004
CAPIVARA;61.0;Reservatório com Usina;PARANAPANEMA;PARANAPANEMA;SE;SUDESTE;;;2026-01-17;3364.21;;3889.672;;86.4908;3364.21;3889.672;0.43232716;0.32160692;0.03822849;0.01900968;0.0;0.0;0.02497074;0.01331768
CHAVANTES;49.0;Reservatório com Usina;PARANAPANEMA;PARANAPANEMA;SE;SUDESTE;;;2026-01-17;1714.645;;3370.499;;50.8721;1714.645;3370.499;0.22034522;0.27868052;0.01948401;0.01647237;0.0;0.0;0.0127269;0.01154011
CORUMBA;30.0;Reservatório com Usina;PARANAIBA;PARANA;SE;SUDESTE;;;2026-01-17;704.939;;1531.054;;46.0427;704.939;1531.054;0.02478369;0.01950364;0.00801043;0.0074826;0.0;0.0;0.00523239;0.00524211
CORUMBA-3;203.0;Reservatório com Usina;PARANAIBA;PARANA;SE;SUDESTE;;;2026-01-17;128.535;;425.126;;30.2346;128.535;425.126;0.00451893;0.00541555;0.00146058;0.00207768;0.0;0.0;0.00095405;0.00145557
CORUMBA-4;29.0;Reservatório com Usina;PARANAIBA;PARANA;SE;SUDESTE;;;2026-01-17;462.831;;1415.959;;32.6868;462.831;1415.959;0.01627185;0.01803748;0.00525928;0.0069201;0.0;0.0;0.00343535;0.00484804
CURUA-UNA;272.0;Reservatório com Usina;AMAZONAS;BELO MONTE;N;NORTE;;;2026-01-17;4.639;;28.109;;16.5036;4.639;28.109;0.00762961;0.01385888;0.00054132;0.0018369;0.0;0.0;3.443e-05;9.624e-05
DIVISA;;Reservatório sem usina;JACUI;SUL;S;SUL;;;2026-01-17;;;;;;0.0;0.0;0.0;0.0;0.0;0.0;0.0;0.0;0.0;0.0
EDGARD SOUZA;107.0;Reservatório sem usina;TIETE;PARANA;SE;SUDESTE;;;2026-01-17;;;;;;0.0;0.0;0.0;0.0;0.0;0.0;0.0;0.0;0.0;0.0
EMBORCAÇÃO;24.0;Reservatório com Usina;PARANAIBA;PARANA;SE;SUDESTE;;;2026-01-17;9549.733;;21873.496;;43.6589;9549.733;21873.496;0.33574205;0.2786399;0.10851639;0.10690057;0.0;0.0;0.07088259;0.07489174
ERNESTINA;110.0;Reservatório sem usina;JACUI;SUL;S;SUL;;;2026-01-17;207.457;;200.552;;103.443;207.457;200.552;0.08852303;0.06620289;0.01519004;0.00980251;0.0;0.0;0.00153984;0.00068666
ESPORA;290.0;Reservatório com Usina;PARANAIBA;PARANA;SE;SUDESTE;;;2026-01-17;30.598;;112.927;;27.0954;30.598;112.927;0.00107574;0.00143854;0.00034769;0.0005519;0.0;0.0;0.00022711;0.00038665
FUNIL;123.0;Reservatório com Usina;PARAIBA DO SUL;SUDESTE;SE;SUDESTE;;;2026-01-17;194.514;;813.622;;23.9072;194.514;813.622;0.07273846;0.10769465;0.00221032;0.00397635;0.0;0.0;0.00144377;0.00278573
FURNAS;6.0;Reservatório com Usina;GRANDE;PARANA;SE;SUDESTE;;;2026-01-17;10934.005;;35035.949;;31.208;10934.005;35035.949;0.61607185;0.67989462;0.12424627;0.17122837;0.0;0.0;0.0811573;0.11995811
G. B. MUNHOZ;74.0;Reservatório com Usina;IGUACU;IGUACU;S;SUL;;;2026-01-17;3032.956;;5880.363;;51.5777;3032.956;5880.363;0.50585604;0.58435864;0.22207365;0.28741842;0.0;0.0;0.02251202;0.02013353
G. P. SOUZA;115.0;Reservatório com Usina;CAPIVARI;SUL;S;SUL;;;2026-01-17;227.291;;374.956;;60.618;227.291;374.956;1.0;1.0;0.01664229;0.01832697;0.0;0.0;0.00168706;0.0012838
GARIBALDI;89.0;Reservatório com Usina;URUGUAI;SUL;S;SUL;;;2026-01-17;51.955;;101.775;;51.0489;51.955;101.775;0.01047602;0.015122;0.00380416;0.00497452;0.0;0.0;0.00038563;0.00034846
GOV JAYME CANET JR;57.0;Reservatório com Usina;PARANAPANEMA;IGUACU;S;SUL;SE;SUDESTE;2026-01-17;131.492;230.19;261.737;451.213;50.2382;361.682;712.95;0.04647895;0.05894833;0.00962787;0.01279309;0.00261572;0.00220518;0.00268457;0.00244104
GUARAPIRANGA;117.0;Reservatório sem usina;TIETE;SUDESTE;SE;SUDESTE;;;2026-01-17;255.504;;408.675;;62.5201;255.504;408.675;0.03725575;0.04202207;0.00290337;0.00199728;0.0;0.0;0.00189647;0.00139925
I. SOLTEIRA;34.0;Reservatório com Usina;PARANA;PARANA;SE;SUDESTE;;;2026-01-17;2654.789;;3691.575;;71.9148;2654.789;3691.575;1.0;1.0;0.03016714;0.01804154;0.0;0.0;0.01970509;0.01263943
IRAPE;148.0;Reservatório com Usina;JEQUITINHONHA;SUDESTE;SE;SUDESTE;NE;NORDESTE;2026-01-17;1176.667;629.364;1962.895;1004.893;59.9455;1806.031;2967.788;1.0;1.0;0.01337081;0.0095931;0.02569234;0.0194403;0.01340521;0.01016128
ITUMBIARA;31.0;Reservatório com Usina;PARANAIBA;PARANA;SE;SUDESTE;;;2026-01-17;5192.828;;15706.409;;33.0618;5192.828;15706.409;0.18256539;0.20007923;0.05900761;0.07676067;0.0;0.0;0.0385436;0.05377651
JAGUARI;120.0;Reservatório com Usina;PARAIBA DO SUL;SUDESTE;SE;SUDESTE;;;2026-01-17;411.44;;1213.775;;33.8976;411.44;1213.775;0.15385789;0.16066069;0.00467531;0.00593198;0.0;0.0;0.0030539;0.00415579
JORDÃO;73.0;Reservatório sem usina;IGUACU;IGUACU;S;SUL;;;2026-01-17;11.123;;20.306;;54.7769;11.123;20.306;0.00185517;0.0020179;0.00081443;0.00099251;0.0;0.0;8.256e-05;6.952e-05
JURUMIRIM;47.0;Reservatório com Usina;PARANAPANEMA;PARANAPANEMA;SE;SUDESTE;;;2026-01-17;2341.094;;4121.37;;56.8038;2341.094;4121.37;0.30084879;0.34076424;0.02660253;0.02014204;0.0;0.0;0.0173767;0.01411099
LAJES;124.0;Reservatório sem usina;PARAIBA DO SUL;SUDESTE;SE;SUDESTE;;;2026-01-17;436.585;;512.183;;85.24;436.585;512.183;0.16326086;0.06779484;0.00496104;0.00250315;0.0;0.0;0.00324054;0.00175364
LUIZ GONZAGA;172.0;Reservatório com Usina;SAO FRANCISCO;NORDESTE;NE;NORDESTE;;;2026-01-17;1449.738;;3418.033;;42.4144;1449.738;3418.033;0.05838453;0.06482484;0.05918221;0.06612405;0.0;0.0;0.01076063;0.01170286
M. MORAES;7.0;Reservatório com Usina;GRANDE;PARANA;SE;SUDESTE;;;2026-01-17;3181.591;;4339.622;;73.3149;3181.591;4339.622;0.17926539;0.08421309;0.03615334;0.02120868;0.0;0.0;0.02361526;0.01485825
MACHADINHO;91.0;Reservatório com Usina;URUGUAI;SUL;S;SUL;;;2026-01-17;639.102;;890.994;;71.7291;639.102;890.994;0.1288662;0.13238625;0.04679518;0.04354971;0.0;0.0;0.00474371;0.00305064
MANSO;278.0;Reservatório com Usina;PARAGUAI;SUDESTE;SE;SUDESTE;;;2026-01-17;314.285;;555.798;;56.5466;314.285;555.798;1.0;1.0;0.00357131;0.00271631;0.0;0.0;0.00233277;0.00190297
MARIMBONDO;17.0;Reservatório com Usina;GRANDE;PARANA;SE;SUDESTE;;;2026-01-17;1125.253;;5393.697;;20.8624;1125.253;5393.697;0.0634019;0.10466808;0.01278658;0.02636018;0.0;0.0;0.00835215;0.01846725
MIRANDA;26.0;Reservatório com Usina;PARANAIBA;PARANA;SE;SUDESTE;;;2026-01-17;208.894;;269.778;;77.4318;208.894;269.778;0.00734413;0.00343662;0.00237372;0.00131846;0.0;0.0;0.00155051;0.00092368
NOVA PONTE;25.0;Reservatório com Usina;PARANAIBA;PARANA;SE;SUDESTE;;;2026-01-17;6493.845;;22766.333;;28.5239;6493.845;22766.333;0.22830553;0.29001349;0.07379145;0.11126406;0.0;0.0;0.04820036;0.07794869
PARAIBUNA;121.0;Reservatório com Usina;PARAIBA DO SUL;SUDESTE;SE;SUDESTE;;;2026-01-17;1480.796;;4561.222;;32.4649;1480.796;4561.222;0.55374331;0.60374377;0.01682671;0.02229169;0.0;0.0;0.01099116;0.01561698
PASSO FUNDO;93.0;Reservatório com Usina;URUGUAI;SUL;S;SUL;;;2026-01-17;1451.799;;1706.162;;85.0915;1451.799;1706.162;0.29273547;0.25350607;0.10630102;0.08339322;0.0;0.0;0.01077593;0.00584166
PASSO REAL;111.0;Reservatório com Usina;JACUI;SUL;S;SUL;;;2026-01-17;2136.08;;2828.801;;75.5119;2136.08;2828.801;0.91147697;0.93379678;0.15640421;0.13826519;0.0;0.0;0.01585499;0.00968541
PEDRA DO CAVALO;189.0;Reservatório com Usina;PARAGUACU;NORDESTE;NE;NORDESTE;;;2026-01-17;232.807;;335.383;;69.4153;232.807;335.383;1.0;1.0;0.00950381;0.0064882;0.0;0.0;0.001728;0.0011483
PEIXE ANGICAL;257.0;Reservatório com Usina;TOCANTINS;SUDESTE;SE;SUDESTE;N;NORTE;2026-01-17;40.896;48.142;114.392;147.034;35.7508;89.038;261.426;0.00328085;0.00524104;0.00046471;0.00055906;0.00561764;0.00960856;0.00066088;0.00089509
PONTE NOVA;105.0;Reservatório sem usina;TIETE;PARANA;SE;SUDESTE;;;2026-01-17;;;;;;0.0;0.0;0.0;0.0;0.0;0.0;0.0;0.0;0.0;0.0
PORTO ESTRELA;135.0;Reservatório com Usina;DOCE;SUDESTE;SE;SUDESTE;;;2026-01-17;6.063;;12.899;;47.0036;6.063;12.899;1.0;1.0;6.89e-05;6.304e-05;0.0;0.0;4.5e-05;4.416e-05
PROMISSÃO;40.0;Reservatório com Usina;TIETE;PARANA;SE;SUDESTE;;;2026-01-17;1255.873;;1829.65;;68.6401;1255.873;1829.65;0.18312232;0.18813406;0.01427085;0.0089419;0.0;0.0;0.00932168;0.00626446
QUEBRA QUEIXO;95.0;Reservatório com Usina;URUGUAI;SUL;S;SUL;;;2026-01-17;7.022;;10.163;;69.0938;7.022;10.163;0.00141589;0.00151005;0.00051415;0.00049674;0.0;0.0;5.212e-05;3.48e-05
QUEIMADO;162.0;Reservatório com Usina;SAO FRANCISCO;SUDESTE;SE;SUDESTE;NE;NORDESTE;2026-01-17;97.55;169.689;283.402;484.803;34.4211;267.239;768.205;0.01076237;0.01456942;0.00110849;0.00138505;0.00692716;0.00937883;0.00198357;0.00263022
RETIRO BAIXO;155.0;Reservatório com Usina;SAO FRANCISCO;SUDESTE;SE;SUDESTE;NE;NORDESTE;2026-01-17;6.113;24.07;11.43;42.91;53.4821;30.183;54.34;0.00121554;0.00103059;6.946e-05;5.586e-05;0.0009826;0.00083012;0.00022403;0.00018605
RONDON II;276.0;Reservatório com Usina;AMAZONAS;MADEIRA;SE;SUDESTE;;;2026-01-17;32.309;;56.442;;57.2428;32.309;56.442;0.05313753;0.02782819;0.00036714;0.00027584;0.0;0.0;0.00023981;0.00019325
S.DO FACÃO;21.0;Reservatório com Usina;PARANAIBA;PARANA;SE;SUDESTE;;;2026-01-17;2947.331;;6581.918;;44.7792;2947.331;6581.918;0.10361996;0.08384508;0.03349138;0.03216728;0.0;0.0;0.02187647;0.02253555
SALTO RS;;Reservatório sem usina;JACUI;SUL;S;SUL;;;2026-01-17;;;;;;0.0;0.0;0.0;0.0;0.0;0.0;0.0;0.0;0.0;0.0
SALTO SANTIAGO;77.0;Reservatório com Usina;IGUACU;IGUACU;S;SUL;;;2026-01-17;2486.211;;3340.803;;74.4196;2486.211;3340.803;0.41466637;0.33199092;0.18204087;0.16329065;0.0;0.0;0.01845382;0.01143843
SAMUEL;279.0;Reservatório com Usina;AMAZONAS;MADEIRA;SE;SUDESTE;;;2026-01-17;89.182;;257.288;;34.6623;89.182;257.288;0.14667465;0.1268534;0.0010134;0.00125742;0.0;0.0;0.00066195;0.00088092
SANTA BRANCA;122.0;Reservatório com Usina;PARAIBA DO SUL;SUDESTE;SE;SUDESTE;;;2026-01-17;150.82;;454.095;;33.2133;150.82;454.095;0.0563991;0.06010605;0.00171381;0.00221926;0.0;0.0;0.00111946;0.00155476
SANTA CLARA-PR;71.0;Reservatório com Usina;IGUACU;IGUACU;S;SUL;;;2026-01-17;241.5;;373.966;;64.5781;241.5;373.966;0.04027893;0.03716272;0.01768268;0.01827859;0.0;0.0;0.00179253;0.00128041
SANTANA;181.0;Reservatório sem usina;PARAIBA DO SUL;SUDESTE;SE;SUDESTE;;;2026-01-17;;;;;;0.0;0.0;0.0;0.0;0.0;0.0;0.0;0.0;0.0;0.0
SANTONIO CM;193.0;Reservatório sem usina;DOCE;SUDESTE;SE;SUDESTE;;;2026-01-17;;;;;;0.0;0.0;0.0;0.0;0.0;0.0;0.0;0.0;0.0;0.0
SAO ROQUE;88.0;Reservatório com Usina;URUGUAI;SUL;S;SUL;;;2026-01-17;555.012;;801.912;;69.2111;555.012;801.912;0.1119106;0.11915021;0.04063809;0.03919559;0.0;0.0;0.00411956;0.00274563
SÃO SIMÃO;33.0;Reservatório com Usina;PARANAIBA;PARANA;SE;SUDESTE;;;2026-01-17;1618.802;;5014.801;;32.2805;1618.802;5014.801;0.05691258;0.06388205;0.01839492;0.02450843;0.0;0.0;0.01201551;0.01716997
SEGREDO;76.0;Reservatório com Usina;IGUACU;IGUACU;S;SUL;;;2026-01-17;223.9;;447.497;;50.0339;223.9;447.497;0.03734349;0.04446983;0.016394;0.02187261;0.0;0.0;0.00166189;0.00153217
SERRA DA MESA;251.0;Reservatório com Usina;TOCANTINS;SUDESTE;SE;SUDESTE;N;NORTE;2026-01-17;18899.578;6001.288;35277.664;6620.419;53.5738;24900.866;41898.083;0.91754211;0.8399674;0.21476139;0.17240968;0.70028455;0.43263937;0.18482588;0.14345308
SINOP;227.0;Reservatório com Usina;AMAZONAS;TELES PIRES;SE;SUDESTE;;;2026-01-17;114.939;;900.655;;12.7617;114.939;900.655;0.18903632;0.44405938;0.00130609;0.0044017;0.0;0.0;0.00085313;0.00308371
SOBRADINHO;169.0;Reservatório com Usina;SAO FRANCISCO;NORDESTE;NE;NORDESTE;;;2026-01-17;12919.651;;30100.282;;42.922;12919.651;30100.282;0.52030627;0.5708681;0.52741499;0.58230931;0.0;0.0;0.0958957;0.10305909
TOCOS;180.0;Reservatório sem usina;PARAIBA DO SUL;SUDESTE;SE;SUDESTE;;;2026-01-17;;;;;;0.0;0.0;0.0;0.0;0.0;0.0;0.0;0.0;0.0;0.0
TRÊS IRMÃOS;43.0;Reservatório com Usina;TIETE;PARANA;SE;SUDESTE;;;2026-01-17;1747.657;;2328.579;;75.0525;1747.657;2328.579;0.2548307;0.23943651;0.01985913;0.01138028;0.0;0.0;0.01297193;0.00797272
TRÊS MARIAS;156.0;Reservatório com Usina;SAO FRANCISCO;SUDESTE;SE;SUDESTE;NE;NORDESTE;2026-01-17;1196.307;8967.741;2345.606;16040.745;51.002;10164.048;18386.351;0.40933132;0.34870707;0.01359398;0.01146349;0.36608737;0.31031852;0.07544232;0.06295225
TUCURUI;275.0;Reservatório com Usina;TOCANTINS;NORTE;N;NORTE;;;2026-01-17;2148.759;;7721.097;;27.8297;2148.759;7721.097;0.07917704;0.15479156;0.25073663;0.50456785;0.0;0.0;0.0159491;0.02643594
A. VERMELHA;18.0;Reservatório com Usina;GRANDE;PARANA;SE;SUDESTE;;;2026-01-18;1321.337;;4340.282;;30.4436;1321.337;4340.282;0.07367235;0.0842259;0.01496467;0.02121191;0.0;0.0;0.00978101;0.01486051
ANTA;128.0;Reservatório sem usina;PARAIBA DO SUL;SUDESTE;SE;SUDESTE;;;2026-01-18;;;;;;0.0;0.0;0.0;0.0;0.0;0.0;0.0;0.0;0.0;0.0
B. BONITA;37.0;Reservatório com Usina;TIETE;PARANA;SE;SUDESTE;;;2026-01-18;1931.76;;2713.786;;71.1832;1931.76;2713.786;0.27896982;0.27904549;0.02187796;0.01326287;0.0;0.0;0.01429957;0.00929162
BALBINA;277.0;Reservatório com Usina;AMAZONAS;MANAUS-AMAPA;N;NORTE;;;2026-01-18;365.381;;785.737;;46.5017;365.381;785.737;0.5950443;0.38740015;0.04263836;0.05134732;0.0;0.0;0.00270468;0.00269025
BARRA GRANDE;86.0;Reservatório com Usina;URUGUAI;SUL;S;SUL;;;2026-01-18;2097.06;;2991.427;;70.1023;2097.06;2991.427;0.42133573;0.44447414;0.15365901;0.14621397;0.0;0.0;0.01552318;0.01024222
BATALHA;20.0;Reservatório com Usina;PARANAIBA;PARANA;SE;SUDESTE;;;2026-01-18;1071.364;;2751.514;;38.9373;1071.364;2751.514;0.03763689;0.03505071;0.01213363;0.01344725;0.0;0.0;0.00793062;0.00942079
BILLINGS;118.0;Reservatório sem usina;TIETE;SUDESTE;SE;SUDESTE;;;2026-01-18;1744.679;;2444.556;;71.37;1744.679;2444.556;0.25195303;0.25136187;0.01975919;0.01194708;0.0;0.0;0.01291473;0.00836981
BLANG;;Reservatório sem usina;JACUI;SUL;S;SUL;;;2026-01-18;;;;;;0.0;0.0;0.0;0.0;0.0;0.0;0.0;0.0;0.0;0.0
BOA ESPERANÇA;190.0;Reservatório com Usina;PARNAIBA;NORDESTE;NE;NORDESTE;;;2026-01-18;103.927;;264.178;;39.3398;103.927;264.178;1.0;1.0;0.00422841;0.00511069;0.0;0.0;0.0007693;0.00090451
C.BRANCO-1;27.0;Reservatório com Usina;PARANAIBA;PARANA;SE;SUDESTE;;;2026-01-18;9.707;;20.753;;46.774;9.707;20.753;0.00034101;0.00026437;0.00010994;0.00010142;0.0;0.0;7.185e-05;7.106e-05
CACONDE;14.0;Reservatório com Usina;GRANDE;PARANA;SE;SUDESTE;;;2026-01-18;369.017;;853.4;;43.2408;369.017;853.4;0.02057488;0.01656076;0.00417927;0.00417075;0.0;0.0;0.0027316;0.00292192
CACU;311.0;Reservatório com Usina;PARANAIBA;PARANA;SE;SUDESTE;;;2026-01-18;29.027;;30.877;;94.0085;29.027;30.877;0.00101972;0.00039333;0.00032874;0.0001509;0.0;0.0;0.00021487;0.00010572
CAMARGOS;1.0;Reservatório com Usina;GRANDE;PARANA;SE;SUDESTE;;;2026-01-18;863.355;;1568.489;;55.0437;863.355;1568.489;0.04813715;0.03043752;0.00977784;0.00766555;0.0;0.0;0.00639086;0.00537028
CAMPOS NOVOS;90.0;Reservatório com Usina;URUGUAI;SUL;S;SUL;;;2026-01-18;159.326;;227.826;;69.9332;159.326;227.826;0.03201136;0.03385099;0.01167438;0.0111356;0.0;0.0;0.00117939;0.00078004
CAPIVARA;61.0;Reservatório com Usina;PARANAPANEMA;PARANAPANEMA;SE;SUDESTE;;;2026-01-18;3356.659;;3889.672;;86.2967;3356.659;3889.672;0.43230456;0.32160692;0.03801552;0.01900968;0.0;0.0;0.02484718;0.01331768
CHAVANTES;49.0;Reservatório com Usina;PARANAPANEMA;PARANAPANEMA;SE;SUDESTE;;;2026-01-18;1706.847;;3370.499;;50.6408;1706.847;3370.499;0.21982505;0.27868052;0.01933073;0.01647237;0.0;0.0;0.01263469;0.01154011
CORUMBA;30.0;Reservatório com Usina;PARANAIBA;PARANA;SE;SUDESTE;;;2026-01-18;713.795;;1531.054;;46.6212;713.795;1531.054;0.02507554;0.01950364;0.00808402;0.0074826;0.0;0.0;0.00528376;0.00524211
CORUMBA-3;203.0;Reservatório com Usina;PARANAIBA;PARANA;SE;SUDESTE;;;2026-01-18;127.591;;425.126;;30.0125;127.591;425.126;0.00448226;0.00541555;0.00144502;0.00207768;0.0;0.0;0.00094447;0.00145557
CORUMBA-4;29.0;Reservatório com Usina;PARANAIBA;PARANA;SE;SUDESTE;;;2026-01-18;453.545;;1415.959;;32.0309;453.545;1415.959;0.01593298;0.01803748;0.00513658;0.0069201;0.0;0.0;0.0033573;0.00484804
CURUA-UNA;272.0;Reservatório com Usina;AMAZONAS;BELO MONTE;N;NORTE;;;2026-01-18;4.694;;28.109;;16.6993;4.694;28.109;0.00764445;0.01385888;0.00054777;0.0018369;0.0;0.0;3.475e-05;9.624e-05
DIVISA;;Reservatório sem usina;JACUI;SUL;S;SUL;;;2026-01-18;;;;;;0.0;0.0;0.0;0.0;0.0;0.0;0.0;0.0;0.0;0.0
EDGARD SOUZA;107.0;Reservatório sem usina;TIETE;PARANA;SE;SUDESTE;;;2026-01-18;;;;;;0.0;0.0;0.0;0.0;0.0;0.0;0.0;0.0;0.0;0.0
EMBORCAÇÃO;24.0;Reservatório com Usina;PARANAIBA;PARANA;SE;SUDESTE;;;2026-01-18;9580.427;;21873.496;;43.7992;9580.427;21873.496;0.33655929;0.2786399;0.1085022;0.10690057;0.0;0.0;0.07091773;0.07489174
ERNESTINA;110.0;Reservatório sem usina;JACUI;SUL;S;SUL;;;2026-01-18;209.976;;200.552;;104.699;209.976;200.552;0.08930289;0.06620289;0.01538569;0.00980251;0.0;0.0;0.00155432;0.00068666
ESPORA;290.0;Reservatório com Usina;PARANAIBA;PARANA;SE;SUDESTE;;;2026-01-18;30.456;;112.927;;26.9696;30.456;112.927;0.00106992;0.00143854;0.00034493;0.0005519;0.0;0.0;0.00022545;0.00038665
FUNIL;123.0;Reservatório com Usina;PARAIBA DO SUL;SUDESTE;SE;SUDESTE;;;2026-01-18;204.802;;813.622;;25.1716;204.802;813.622;0.07619817;0.10769465;0.00231947;0.00397635;0.0;0.0;0.00151602;0.00278573
FURNAS;6.0;Reservatório com Usina;GRANDE;PARANA;SE;SUDESTE;;;2026-01-18;11039.321;;35035.949;;31.5086;11039.321;35035.949;0.61550744;0.67989462;0.12502476;0.17122837;0.0;0.0;0.08171698;0.11995811
G. B. MUNHOZ;74.0;Reservatório com Usina;IGUACU;IGUACU;S;SUL;;;2026-01-18;3025.747;;5880.363;;51.4551;3025.747;5880.363;0.50777458;0.58435864;0.2217072;0.28741842;0.0;0.0;0.02239766;0.02013353
G. P. SOUZA;115.0;Reservatório com Usina;CAPIVARI;SUL;S;SUL;;;2026-01-18;229.287;;374.956;;61.1504;229.287;374.956;1.0;1.0;0.01680067;0.01832697;0.0;0.0;0.00169726;0.0012838
GARIBALDI;89.0;Reservatório com Usina;URUGUAI;SUL;S;SUL;;;2026-01-18;47.509;;101.775;;46.6804;47.509;101.775;0.00954538;0.015122;0.00348115;0.00497452;0.0;0.0;0.00035168;0.00034846
GOV JAYME CANET JR;57.0;Reservatório com Usina;PARANAPANEMA;IGUACU;S;SUL;SE;SUDESTE;2026-01-18;130.915;229.188;261.737;451.213;50.0178;360.103;712.95;0.04637771;0.05894833;0.00959261;0.01279309;0.00259565;0.00220518;0.00266561;0.00244104
GUARAPIRANGA;117.0;Reservatório sem usina;TIETE;SUDESTE;SE;SUDESTE;;;2026-01-18;261.675;;408.675;;64.0301;261.675;408.675;0.03778908;0.04202207;0.00296357;0.00199728;0.0;0.0;0.00193701;0.00139925
I. SOLTEIRA;34.0;Reservatório com Usina;PARANA;PARANA;SE;SUDESTE;;;2026-01-18;2693.77;;3691.575;;72.9708;2693.77;3691.575;1.0;1.0;0.03050803;0.01804154;0.0;0.0;0.01994024;0.01263943
IRAPE;148.0;Reservatório com Usina;JEQUITINHONHA;SUDESTE;SE;SUDESTE;NE;NORDESTE;2026-01-18;1175.447;628.761;1962.895;1004.893;59.8833;1804.208;2967.788;0.99999945;1.0;0.01331241;0.0095931;0.025582;0.0194403;0.01335539;0.01016128
ITUMBIARA;31.0;Reservatório com Usina;PARANAIBA;PARANA;SE;SUDESTE;;;2026-01-18;5232.889;;15706.409;;33.3169;5232.889;15706.409;0.18383078;0.20007923;0.05926458;0.07676067;0.0;0.0;0.03873571;0.05377651
JAGUARI;120.0;Reservatório com Usina;PARAIBA DO SUL;SUDESTE;SE;SUDESTE;;;2026-01-18;411.612;;1213.775;;33.9117;411.612;1213.775;0.15314342;0.16066069;0.00466167;0.00593198;0.0;0.0;0.0030469;0.00415579
JORDÃO;73.0;Reservatório sem usina;IGUACU;IGUACU;S;SUL;;;2026-01-18;9.94;;20.306;;48.951;9.94;20.306;0.00166811;0.0020179;0.00072834;0.00099251;0.0;0.0;7.358e-05;6.952e-05
JURUMIRIM;47.0;Reservatório com Usina;PARANAPANEMA;PARANAPANEMA;SE;SUDESTE;;;2026-01-18;2340.96;;4121.37;;56.8005;2340.96;4121.37;0.30149255;0.34076424;0.02651232;0.02014204;0.0;0.0;0.01732862;0.01411099
LAJES;124.0;Reservatório sem usina;PARAIBA DO SUL;SUDESTE;SE;SUDESTE;;;2026-01-18;436.585;;512.183;;85.24;436.585;512.183;0.16243482;0.06779484;0.0049445;0.00250315;0.0;0.0;0.00323176;0.00175364
LUIZ GONZAGA;172.0;Reservatório com Usina;SAO FRANCISCO;NORDESTE;NE;NORDESTE;;;2026-01-18;1463.396;;3418.033;;42.814;1463.396;3418.033;0.0587327;0.06482484;0.05954027;0.06612405;0.0;0.0;0.01083258;0.01170286
M. MORAES;7.0;Reservatório com Usina;GRANDE;PARANA;SE;SUDESTE;;;2026-01-18;3170.817;;4339.622;;73.0667;3170.817;4339.622;0.1767918;0.08421309;0.03591078;0.02120868;0.0;0.0;0.02347152;0.01485825
MACHADINHO;91.0;Reservatório com Usina;URUGUAI;SUL;S;SUL;;;2026-01-18;636.483;;890.994;;71.4352;636.483;890.994;0.12788048;0.13238625;0.04663736;0.04354971;0.0;0.0;0.00471147;0.00305064
MANSO;278.0;Reservatório com Usina;PARAGUAI;SUDESTE;SE;SUDESTE;;;2026-01-18;314.285;;555.798;;56.5466;314.285;555.798;1.0;1.0;0.0035594;0.00271631;0.0;0.0;0.00232645;0.00190297
MARIMBONDO;17.0;Reservatório com Usina;GRANDE;PARANA;SE;SUDESTE;;;2026-01-18;1171.47;;5393.697;;21.7192;1171.47;5393.697;0.06531638;0.10466808;0.01326737;0.02636018;0.0;0.0;0.00867164;0.01846725
MIRANDA;26.0;Reservatório com Usina;PARANAIBA;PARANA;SE;SUDESTE;;;2026-01-18;203.507;;269.778;;75.435;203.507;269.778;0.00714918;0.00343662;0.0023048;0.00131846;0.0;0.0;0.00150643;0.00092368
NOVA PONTE;25.0;Reservatório com Usina;PARANAIBA;PARANA;SE;SUDESTE;;;2026-01-18;6467.631;;22766.333;;28.4088;6467.631;22766.333;0.22720713;0.29001349;0.07324853;0.11126406;0.0;0.0;0.0478757;0.07794869
PARAIBUNA;121.0;Reservatório com Usina;PARAIBA DO SUL;SUDESTE;SE;SUDESTE;;;2026-01-18;1481.521;;4561.222;;32.4808;1481.521;4561.222;0.55121133;0.60374377;0.01677882;0.02229169;0.0;0.0;0.01096675;0.01561698
PASSO FUNDO;93.0;Reservatório com Usina;URUGUAI;SUL;S;SUL;;;2026-01-18;1453.526;;1706.162;;85.1927;1453.526;1706.162;0.29203859;0.25350607;0.106505;0.08339322;0.0;0.0;0.01075952;0.00584166
PASSO REAL;111.0;Reservatório com Usina;JACUI;SUL;S;SUL;;;2026-01-18;2141.303;;2828.801;;75.6965;2141.303;2828.801;0.91069711;0.93379678;0.15690085;0.13826519;0.0;0.0;0.01585069;0.00968541
PEDRA DO CAVALO;189.0;Reservatório com Usina;PARAGUACU;NORDESTE;NE;NORDESTE;;;2026-01-18;232.364;;335.383;;69.2832;232.364;335.383;1.0;1.0;0.00945405;0.0064882;0.0;0.0;0.00172004;0.0011483
PEIXE ANGICAL;257.0;Reservatório com Usina;TOCANTINS;SUDESTE;SE;SUDESTE;N;NORTE;2026-01-18;38.106;44.881;114.392;147.034;33.3118;82.987;261.426;0.00306074;0.00524104;0.00043157;0.00055906;0.00523742;0.00960856;0.0006143;0.00089509
PONTE NOVA;105.0;Reservatório sem usina;TIETE;PARANA;SE;SUDESTE;;;2026-01-18;;;;;;0.0;0.0;0.0;0.0;0.0;0.0;0.0;0.0;0.0;0.0
PORTO ESTRELA;135.0;Reservatório com Usina;DOCE;SUDESTE;SE;SUDESTE;;;2026-01-18;5.364;;12.899;;41.5846;5.364;12.899;1.0;1.0;6.075e-05;6.304e-05;0.0;0.0;3.971e-05;4.416e-05
PROMISSÃO;40.0;Reservatório com Usina;TIETE;PARANA;SE;SUDESTE;;;2026-01-18;1233.928;;1829.65;;67.4407;1233.928;1829.65;0.17819433;0.18813406;0.01397473;0.0089419;0.0;0.0;0.00913397;0.00626446
QUEBRA QUEIXO;95.0;Reservatório com Usina;URUGUAI;SUL;S;SUL;;;2026-01-18;7.585;;10.163;;74.6335;7.585;10.163;0.00152396;0.00151005;0.00055578;0.00049674;0.0;0.0;5.615e-05;3.48e-05
QUEIMADO;162.0;Reservatório com Usina;SAO FRANCISCO;SUDESTE;SE;SUDESTE;NE;NORDESTE;2026-01-18;98.451;171.23;283.402;484.803;34.739;269.681;768.205;0.01082352;0.01456942;0.001115;0.00138505;0.00696673;0.00937883;0.00199627;0.00263022
RETIRO BAIXO;155.0;Reservatório com Usina;SAO FRANCISCO;SUDESTE;SE;SUDESTE;NE;NORDESTE;2026-01-18;6.773;26.646;11.43;42.91;59.2563;33.419;54.34;0.00134126;0.00103059;7.671e-05;5.586e-05;0.00108413;0.00083012;0.00024738;0.00018605
RONDON II;276.0;Reservatório com Usina;AMAZONAS;MADEIRA;SE;SUDESTE;;;2026-01-18;32.434;;56.442;;57.4643;32.434;56.442;0.05282066;0.02782819;0.00036733;0.00027584;0.0;0.0;0.00024009;0.00019325
S.DO FACÃO;21.0;Reservatório com Usina;PARANAIBA;PARANA;SE;SUDESTE;;;2026-01-18;2947.766;;6581.918;;44.7858;2947.766;6581.918;0.10355468;0.08384508;0.03338464;0.03216728;0.0;0.0;0.02182041;0.02253555
SALTO RS;;Reservatório sem usina;JACUI;SUL;S;SUL;;;2026-01-18;;;;;;0.0;0.0;0.0;0.0;0.0;0.0;0.0;0.0;0.0;0.0
SALTO SANTIAGO;77.0;Reservatório com Usina;IGUACU;IGUACU;S;SUL;;;2026-01-18;2463.923;;3340.803;;73.7524;2463.923;3340.803;0.41349045;0.33199092;0.18054036;0.16329065;0.0;0.0;0.01823883;0.01143843
SAMUEL;279.0;Reservatório com Usina;AMAZONAS;MADEIRA;SE;SUDESTE;;;2026-01-18;91.868;;257.288;;35.7063;91.868;257.288;0.1496124;0.1268534;0.00104044;0.00125742;0.0;0.0;0.00068004;0.00088092
SANTA BRANCA;122.0;Reservatório com Usina;PARAIBA DO SUL;SUDESTE;SE;SUDESTE;;;2026-01-18;153.235;;454.095;;33.7451;153.235;454.095;0.05701226;0.06010605;0.00173545;0.00221926;0.0;0.0;0.0011343;0.00155476
SANTA CLARA-PR;71.0;Reservatório com Usina;IGUACU;IGUACU;S;SUL;;;2026-01-18;240.705;;373.966;;64.3655;240.705;373.966;0.04039461;0.03716272;0.01763731;0.01827859;0.0;0.0;0.00178178;0.00128041
SANTANA;181.0;Reservatório sem usina;PARAIBA DO SUL;SUDESTE;SE;SUDESTE;;;2026-01-18;;;;;;0.0;0.0;0.0;0.0;0.0;0.0;0.0;0.0;0.0;0.0
SANTONIO CM;193.0;Reservatório sem usina;DOCE;SUDESTE;SE;SUDESTE;;;2026-01-18;;;;;;0.0;0.0;0.0;0.0;0.0;0.0;0.0;0.0;0.0;0.0
SAO ROQUE;88.0;Reservatório com Usina;URUGUAI;SUL;S;SUL;;;2026-01-18;575.682;;801.912;;71.7887;575.682;801.912;0.1156645;0.11915021;0.04218226;0.03919559;0.0;0.0;0.0042614;0.00274563
SÃO SIMÃO;33.0;Reservatório com Usina;PARANAIBA;PARANA;SE;SUDESTE;;;2026-01-18;1598.087;;5014.801;;31.8674;1598.087;5014.801;0.05614061;0.06388205;0.01809898;0.02450843;0.0;0.0;0.01182961;0.01716997
SEGREDO;76.0;Reservatório com Usina;IGUACU;IGUACU;S;SUL;;;2026-01-18;218.524;;447.497;;48.8325;218.524;447.497;0.03667224;0.04446983;0.01601203;0.02187261;0.0;0.0;0.00161759;0.00153217
SERRA DA MESA;251.0;Reservatório com Usina;TOCANTINS;SUDESTE;SE;SUDESTE;N;NORTE;2026-01-18;18876.002;6001.908;35277.664;6620.419;53.5069;24877.91;41898.083;0.91755253;0.8399674;0.21377833;0.17240968;0.70039629;0.43263937;0.18415514;0.14345308
SINOP;227.0;Reservatório com Usina;AMAZONAS;TELES PIRES;SE;SUDESTE;;;2026-01-18;119.663;;900.655;;13.2862;119.663;900.655;0.19487818;0.44405938;0.00135523;0.0044017;0.0;0.0;0.00088579;0.00308371
SOBRADINHO;169.0;Reservatório com Usina;SAO FRANCISCO;NORDESTE;NE;NORDESTE;;;2026-01-18;12974.022;;30100.282;;43.1027;12974.022;30100.282;0.52070616;0.5708681;0.52786581;0.58230931;0.0;0.0;0.09603833;0.10305909
TOCOS;180.0;Reservatório sem usina;PARAIBA DO SUL;SUDESTE;SE;SUDESTE;;;2026-01-18;;;;;;0.0;0.0;0.0;0.0;0.0;0.0;0.0;0.0;0.0;0.0
TRÊS IRMÃOS;43.0;Reservatório com Usina;TIETE;PARANA;SE;SUDESTE;;;2026-01-18;1752.578;;2328.579;;75.2638;1752.578;2328.579;0.25309374;0.23943651;0.01984865;0.01138028;0.0;0.0;0.01297321;0.00797272
TRÊS MARIAS;156.0;Reservatório com Usina;SAO FRANCISCO;SUDESTE;SE;SUDESTE;NE;NORDESTE;2026-01-18;1197.778;8977.912;2345.606;16040.745;51.0648;10175.69;18386.351;0.40839645;0.34870707;0.01356532;0.01146349;0.36527861;0.31031852;0.07532408;0.06295225
TUCURUI;275.0;Reservatório com Usina;TOCANTINS;NORTE;N;NORTE;;;2026-01-18;2152.438;;7721.097;;27.8774;2152.438;7721.097;0.07938669;0.15479156;0.25118006;0.50456785;0.0;0.0;0.01593311;0.02643594
A. VERMELHA;18.0;Reservatório com Usina;GRANDE;PARANA;SE;SUDESTE;;;2026-01-19;1337.131;;4340.282;;30.8075;1337.131;4340.282;0.07387191;0.0842259;0.01510608;0.02121191;0.0;0.0;0.00988427;0.01486051
ANTA;128.0;Reservatório sem usina;PARAIBA DO SUL;SUDESTE;SE;SUDESTE;;;2026-01-19;;;;;;0.0;0.0;0.0;0.0;0.0;0.0;0.0;0.0;0.0;0.0
B. BONITA;37.0;Reservatório com Usina;TIETE;PARANA;SE;SUDESTE;;;2026-01-19;2009.248;;2713.786;;74.0386;2009.248;2713.786;0.2842113;0.27904549;0.02269924;0.01326287;0.0;0.0;0.01485265;0.00929162
BALBINA;277.0;Reservatório com Usina;AMAZONAS;MANAUS-AMAPA;N;NORTE;;;2026-01-19;363.885;;785.737;;46.3113;363.885;785.737;0.59468633;0.38740015;0.04252761;0.05134732;0.0;0.0;0.00268989;0.00269025
BARRA GRANDE;86.0;Reservatório com Usina;URUGUAI;SUL;S;SUL;;;2026-01-19;2095.36;;2991.427;;70.0455;2095.36;2991.427;0.42215619;0.44447414;0.15470377;0.14621397;0.0;0.0;0.01548921;0.01024222
BATALHA;20.0;Reservatório com Usina;PARANAIBA;PARANA;SE;SUDESTE;;;2026-01-19;1071.377;;2751.514;;38.9377;1071.377;2751.514;0.03765417;0.03505071;0.01210376;0.01344725;0.0;0.0;0.00791977;0.00942079
BILLINGS;118.0;Reservatório sem usina;TIETE;SUDESTE;SE;SUDESTE;;;2026-01-19;1753.48;;2444.556;;71.73;1753.48;2444.556;0.24803251;0.25136187;0.01980974;0.01194708;0.0;0.0;0.01296198;0.00836981
BLANG;;Reservatório sem usina;JACUI;SUL;S;SUL;;;2026-01-19;;;;;;0.0;0.0;0.0;0.0;0.0;0.0;0.0;0.0;0.0;0.0
BOA ESPERANÇA;190.0;Reservatório com Usina;PARNAIBA;NORDESTE;NE;NORDESTE;;;2026-01-19;103.509;;264.178;;39.1815;103.509;264.178;1.0;1.0;0.00419713;0.00511069;0.0;0.0;0.00076515;0.00090451
C.BRANCO-1;27.0;Reservatório com Usina;PARANAIBA;PARANA;SE;SUDESTE;;;2026-01-19;5.402;;20.753;;26.03;5.402;20.753;0.00018986;0.00026437;6.103e-05;0.00010142;0.0;0.0;3.993e-05;7.106e-05
CACONDE;14.0;Reservatório com Usina;GRANDE;PARANA;SE;SUDESTE;;;2026-01-19;382.986;;853.4;;44.8777;382.986;853.4;0.02115867;0.01656076;0.00432674;0.00417075;0.0;0.0;0.00283109;0.00292192
CACU;311.0;Reservatório com Usina;PARANAIBA;PARANA;SE;SUDESTE;;;2026-01-19;28.219;;30.877;;91.3917;28.219;30.877;0.00099177;0.00039333;0.0003188;0.0001509;0.0;0.0;0.0002086;0.00010572
CAMARGOS;1.0;Reservatório com Usina;GRANDE;PARANA;SE;SUDESTE;;;2026-01-19;880.067;;1568.489;;56.1092;880.067;1568.489;0.04862069;0.03043752;0.00994245;0.00766555;0.0;0.0;0.00650558;0.00537028
CAMPOS NOVOS;90.0;Reservatório com Usina;URUGUAI;SUL;S;SUL;;;2026-01-19;157.473;;227.826;;69.1199;157.473;227.826;0.03172639;0.03385099;0.01162648;0.0111356;0.0;0.0;0.00116406;0.00078004
CAPIVARA;61.0;Reservatório com Usina;PARANAPANEMA;PARANAPANEMA;SE;SUDESTE;;;2026-01-19;3349.109;;3889.672;;86.1026;3349.109;3889.672;0.43236927;0.32160692;0.03783617;0.01900968;0.0;0.0;0.0247571;0.01331768
CHAVANTES;49.0;Reservatório com Usina;PARANAPANEMA;PARANAPANEMA;SE;SUDESTE;;;2026-01-19;1699.05;;3370.499;;50.4094;1699.05;3370.499;0.219347;0.27868052;0.01919482;0.01647237;0.0;0.0;0.01255963;0.01154011
CORUMBA;30.0;Reservatório com Usina;PARANAIBA;PARANA;SE;SUDESTE;;;2026-01-19;700.044;;1531.054;;45.723;700.044;1531.054;0.02460345;0.01950364;0.00790867;0.0074826;0.0;0.0;0.00517483;0.00524211
CORUMBA-3;203.0;Reservatório com Usina;PARANAIBA;PARANA;SE;SUDESTE;;;2026-01-19;124.612;;425.126;;29.3118;124.612;425.126;0.00437956;0.00541555;0.00140779;0.00207768;0.0;0.0;0.00092115;0.00145557
CORUMBA-4;29.0;Reservatório com Usina;PARANAIBA;PARANA;SE;SUDESTE;;;2026-01-19;448.63;;1415.959;;31.6838;448.63;1415.959;0.01576736;0.01803748;0.00506835;0.0069201;0.0;0.0;0.00331634;0.00484804
CURUA-UNA;272.0;Reservatório com Usina;AMAZONAS;BELO MONTE;N;NORTE;;;2026-01-19;4.751;;28.109;;16.9021;4.751;28.109;0.00776442;0.01385888;0.00055525;0.0018369;0.0;0.0;3.512e-05;9.624e-05
DIVISA;;Reservatório sem usina;JACUI;SUL;S;SUL;;;2026-01-19;;;;;;0.0;0.0;0.0;0.0;0.0;0.0;0.0;0.0;0.0;0.0
EDGARD SOUZA;107.0;Reservatório sem usina;TIETE;PARANA;SE;SUDESTE;;;2026-01-19;;;;;;0.0;0.0;0.0;0.0;0.0;0.0;0.0;0.0;0.0;0.0
EMBORCAÇÃO;24.0;Reservatório com Usina;PARANAIBA;PARANA;SE;SUDESTE;;;2026-01-19;9620.291;;21873.496;;43.9815;9620.291;21873.496;0.33811073;0.2786399;0.10868412;0.10690057;0.0;0.0;0.07111459;0.07489174
ERNESTINA;110.0;Reservatório sem usina;JACUI;SUL;S;SUL;;;2026-01-19;208.118;;200.552;;103.7726;208.118;200.552;0.08871416;0.06620289;0.01536568;0.00980251;0.0;0.0;0.00153844;0.00068666
ESPORA;290.0;Reservatório com Usina;PARANAIBA;PARANA;SE;SUDESTE;;;2026-01-19;29.68;;112.927;;26.2825;29.68;112.927;0.00104312;0.00143854;0.00033531;0.0005519;0.0;0.0;0.0002194;0.00038665
FUNIL;123.0;Reservatório com Usina;PARAIBA DO SUL;SUDESTE;SE;SUDESTE;;;2026-01-19;217.754;;813.622;;26.7635;217.754;813.622;0.0803598;0.10769465;0.00246005;0.00397635;0.0;0.0;0.00160967;0.00278573
FURNAS;6.0;Reservatório com Usina;GRANDE;PARANA;SE;SUDESTE;;;2026-01-19;11113.813;;35035.949;;31.7212;11113.813;35035.949;0.61400012;0.67989462;0.12555701;0.17122837;0.0;0.0;0.08215493;0.11995811
G. B. MUNHOZ;74.0;Reservatório com Usina;IGUACU;IGUACU;S;SUL;;;2026-01-19;3003.657;;5880.363;;51.0794;3003.657;5880.363;0.51114836;0.58435864;0.22176479;0.28741842;0.0;0.0;0.02220347;0.02013353
G. P. SOUZA;115.0;Reservatório com Usina;CAPIVARI;SUL;S;SUL;;;2026-01-19;228.873;;374.956;;61.04;228.873;374.956;1.0;1.0;0.01689806;0.01832697;0.0;0.0;0.00169186;0.0012838
GARIBALDI;89.0;Reservatório com Usina;URUGUAI;SUL;S;SUL;;;2026-01-19;50.329;;101.775;;49.4512;50.329;101.775;0.01013988;0.015122;0.00371587;0.00497452;0.0;0.0;0.00037204;0.00034846
GOV JAYME CANET JR;57.0;Reservatório com Usina;PARANAPANEMA;IGUACU;S;SUL;SE;SUDESTE;2026-01-19;129.762;227.198;261.737;451.213;49.5772;356.96;712.95;0.04608346;0.05894833;0.00958054;0.01279309;0.00256674;0.00220518;0.0026387;0.00244104
GUARAPIRANGA;117.0;Reservatório sem usina;TIETE;SUDESTE;SE;SUDESTE;;;2026-01-19;267.56;;408.675;;65.4701;267.56;408.675;0.03784678;0.04202207;0.00302273;0.00199728;0.0;0.0;0.00197784;0.00139925
I. SOLTEIRA;34.0;Reservatório com Usina;PARANA;PARANA;SE;SUDESTE;;;2026-01-19;2662.585;;3691.575;;72.126;2662.585;3691.575;1.0;1.0;0.03008024;0.01804154;0.0;0.0;0.01968222;0.01263943
IRAPE;148.0;Reservatório com Usina;JEQUITINHONHA;SUDESTE;SE;SUDESTE;NE;NORDESTE;2026-01-19;1173.821;627.958;1962.895;1004.893;59.8005;1801.779;2967.788;1.0;1.0;0.01326111;0.0095931;0.02546271;0.0194403;0.01331901;0.01016128
ITUMBIARA;31.0;Reservatório com Usina;PARANAIBA;PARANA;SE;SUDESTE;;;2026-01-19;5255.192;;15706.409;;33.4589;5255.192;15706.409;0.18469678;0.20007923;0.05936992;0.07676067;0.0;0.0;0.03884715;0.05377651
JAGUARI;120.0;Reservatório com Usina;PARAIBA DO SUL;SUDESTE;SE;SUDESTE;;;2026-01-19;411.826;;1213.775;;33.9294;411.826;1213.775;0.15198001;0.16066069;0.00465256;0.00593198;0.0;0.0;0.00304428;0.00415579
JORDÃO;73.0;Reservatório sem usina;IGUACU;IGUACU;S;SUL;;;2026-01-19;11.518;;20.306;;56.7222;11.518;20.306;0.00196008;0.0020179;0.00085039;0.00099251;0.0;0.0;8.514e-05;6.952e-05
JURUMIRIM;47.0;Reservatório com Usina;PARANAPANEMA;PARANAPANEMA;SE;SUDESTE;;;2026-01-19;2340.827;;4121.37;;56.7973;2340.827;4121.37;0.30220027;0.34076424;0.02644522;0.02014204;0.0;0.0;0.01730373;0.01411099
LAJES;124.0;Reservatório sem usina;PARAIBA DO SUL;SUDESTE;SE;SUDESTE;;;2026-01-19;438.173;;512.183;;85.5501;438.173;512.183;0.16170309;0.06779484;0.00495021;0.00250315;0.0;0.0;0.00323904;0.00175364
LUIZ GONZAGA;172.0;Reservatório com Usina;SAO FRANCISCO;NORDESTE;NE;NORDESTE;;;2026-01-19;1490.373;;3418.033;;43.6032;1490.373;3418.033;0.05961043;0.06482484;0.06043229;0.06612405;0.0;0.0;0.01101705;0.01170286
M. MORAES;7.0;Reservatório com Usina;GRANDE;PARANA;SE;SUDESTE;;;2026-01-19;3152.364;;4339.622;;72.6414;3152.364;4339.622;0.17415732;0.08421309;0.03561346;0.02120868;0.0;0.0;0.02330273;0.01485825
MACHADINHO;91.0;Reservatório com Usina;URUGUAI;SUL;S;SUL;;;2026-01-19;625.557;;890.994;;70.2089;625.557;890.994;0.12603217;0.13238625;0.04618587;0.04354971;0.0;0.0;0.00462421;0.00305064
MANSO;278.0;Reservatório com Usina;PARAGUAI;SUDESTE;SE;SUDESTE;;;2026-01-19;314.285;;555.798;;56.5466;314.285;555.798;1.0;1.0;0.0035506;0.00271631;0.0;0.0;0.00232324;0.00190297
MARIMBONDO;17.0;Reservatório com Usina;GRANDE;PARANA;SE;SUDESTE;;;2026-01-19;1234.308;;5393.697;;22.8843;1234.308;5393.697;0.06819129;0.10466808;0.01394445;0.02636018;0.0;0.0;0.00912418;0.01846725
MIRANDA;26.0;Reservatório com Usina;PARANAIBA;PARANA;SE;SUDESTE;;;2026-01-19;197.132;;269.778;;73.0719;197.132;269.778;0.00692832;0.00343662;0.00222708;0.00131846;0.0;0.0;0.00145723;0.00092368
NOVA PONTE;25.0;Reservatório com Usina;PARANAIBA;PARANA;SE;SUDESTE;;;2026-01-19;6461.651;;22766.333;;28.3825;6461.651;22766.333;0.22709849;0.29001349;0.07299975;0.11126406;0.0;0.0;0.04776547;0.07794869
PARAIBUNA;121.0;Reservatório com Usina;PARAIBA DO SUL;SUDESTE;SE;SUDESTE;;;2026-01-19;1486.76;;4561.222;;32.5957;1486.76;4561.222;0.54867297;0.60374377;0.0167965;0.02229169;0.0;0.0;0.01099035;0.01561698
PASSO FUNDO;93.0;Reservatório com Usina;URUGUAI;SUL;S;SUL;;;2026-01-19;1446.619;;1706.162;;84.7879;1446.619;1706.162;0.2914531;0.25350607;0.10680619;0.08339322;0.0;0.0;0.01069362;0.00584166
PASSO REAL;111.0;Reservatório com Usina;JACUI;SUL;S;SUL;;;2026-01-19;2137.821;;2828.801;;75.5734;2137.821;2828.801;0.91128584;0.93379678;0.15783873;0.13826519;0.0;0.0;0.01580308;0.00968541
PEDRA DO CAVALO;189.0;Reservatório com Usina;PARAGUACU;NORDESTE;NE;NORDESTE;;;2026-01-19;231.955;;335.383;;69.1612;231.955;335.383;1.0;1.0;0.00940541;0.0064882;0.0;0.0;0.00171465;0.0011483
PEIXE ANGICAL;257.0;Reservatório com Usina;TOCANTINS;SUDESTE;SE;SUDESTE;N;NORTE;2026-01-19;32.035;37.759;114.392;147.034;28.0046;69.794;261.426;0.00258;0.00524104;0.00036191;0.00055906;0.00441293;0.00960856;0.00051593;0.00089509
PONTE NOVA;105.0;Reservatório sem usina;TIETE;PARANA;SE;SUDESTE;;;2026-01-19;;;;;;0.0;0.0;0.0;0.0;0.0;0.0;0.0;0.0;0.0;0.0
PORTO ESTRELA;135.0;Reservatório com Usina;DOCE;SUDESTE;SE;SUDESTE;;;2026-01-19;5.348;;12.899;;41.4606;5.348;12.899;1.0;1.0;6.042e-05;6.304e-05;0.0;0.0;3.953e-05;4.416e-05
PROMISSÃO;40.0;Reservatório com Usina;TIETE;PARANA;SE;SUDESTE;;;2026-01-19;1247.315;;1829.65;;68.1723;1247.315;1829.65;0.17643468;0.18813406;0.0140914;0.0089419;0.0;0.0;0.00922033;0.00626446
QUEBRA QUEIXO;95.0;Reservatório com Usina;URUGUAI;SUL;S;SUL;;;2026-01-19;6.85;;10.163;;67.4014;6.85;10.163;0.00138008;0.00151005;0.00050575;0.00049674;0.0;0.0;5.064e-05;3.48e-05
QUEIMADO;162.0;Reservatório com Usina;SAO FRANCISCO;SUDESTE;SE;SUDESTE;NE;NORDESTE;2026-01-19;99.492;173.017;283.402;484.803;35.1063;272.509;768.205;0.01089954;0.01456942;0.001124;0.00138505;0.00701557;0.00937883;0.00201443;0.00263022
RETIRO BAIXO;155.0;Reservatório com Usina;SAO FRANCISCO;SUDESTE;SE;SUDESTE;NE;NORDESTE;2026-01-19;6.168;24.29;11.43;42.91;53.9633;30.458;54.34;0.00121823;0.00103059;6.968e-05;5.586e-05;0.00098492;0.00083012;0.00022515;0.00018605
RONDON II;276.0;Reservatório com Usina;AMAZONAS;MADEIRA;SE;SUDESTE;;;2026-01-19;32.309;;56.442;;57.2428;32.309;56.442;0.05280163;0.02782819;0.00036501;0.00027584;0.0;0.0;0.00023883;0.00019325
S.DO FACÃO;21.0;Reservatório com Usina;PARANAIBA;PARANA;SE;SUDESTE;;;2026-01-19;2942.201;;6581.918;;44.7013;2942.201;6581.918;0.10340537;0.08384508;0.03323917;0.03216728;0.0;0.0;0.02174918;0.02253555
SALTO RS;;Reservatório sem usina;JACUI;SUL;S;SUL;;;2026-01-19;;;;;;0.0;0.0;0.0;0.0;0.0;0.0;0.0;0.0;0.0;0.0
SALTO SANTIAGO;77.0;Reservatório com Usina;IGUACU;IGUACU;S;SUL;;;2026-01-19;2429.317;;3340.803;;72.7166;2429.317;3340.803;0.41340985;0.33199092;0.17936035;0.16329065;0.0;0.0;0.01795787;0.01143843
SAMUEL;279.0;Reservatório com Usina;AMAZONAS;MADEIRA;SE;SUDESTE;;;2026-01-19;93.036;;257.288;;36.1603;93.036;257.288;0.15204594;0.1268534;0.00105106;0.00125742;0.0;0.0;0.00068774;0.00088092
SANTA BRANCA;122.0;Reservatório com Usina;PARAIBA DO SUL;SUDESTE;SE;SUDESTE;;;2026-01-19;155.224;;454.095;;34.1832;155.224;454.095;0.05728377;0.06010605;0.00175363;0.00221926;0.0;0.0;0.00114744;0.00155476
SANTA CLARA-PR;71.0;Reservatório com Usina;IGUACU;IGUACU;S;SUL;;;2026-01-19;231.927;;373.966;;62.0182;231.927;373.966;0.03946826;0.03716272;0.01712354;0.01827859;0.0;0.0;0.00171444;0.00128041
SANTANA;181.0;Reservatório sem usina;PARAIBA DO SUL;SUDESTE;SE;SUDESTE;;;2026-01-19;;;;;;0.0;0.0;0.0;0.0;0.0;0.0;0.0;0.0;0.0;0.0
SANTONIO CM;193.0;Reservatório sem usina;DOCE;SUDESTE;SE;SUDESTE;;;2026-01-19;;;;;;0.0;0.0;0.0;0.0;0.0;0.0;0.0;0.0;0.0;0.0
SAO ROQUE;88.0;Reservatório com Usina;URUGUAI;SUL;S;SUL;;;2026-01-19;581.283;;801.912;;72.4871;581.283;801.912;0.1171122;0.11915021;0.04291705;0.03919559;0.0;0.0;0.00429693;0.00274563
SÃO SIMÃO;33.0;Reservatório com Usina;PARANAIBA;PARANA;SE;SUDESTE;;;2026-01-19;1568.649;;5014.801;;31.2804;1568.649;5014.801;0.05513108;0.06388205;0.01772163;0.02450843;0.0;0.0;0.01159568;0.01716997
SEGREDO;76.0;Reservatório com Usina;IGUACU;IGUACU;S;SUL;;;2026-01-19;199.872;;447.497;;44.6644;199.872;447.497;0.03401329;0.04446983;0.01475687;0.02187261;0.0;0.0;0.00147748;0.00153217
SERRA DA MESA;251.0;Reservatório com Usina;TOCANTINS;SUDESTE;SE;SUDESTE;N;NORTE;2026-01-19;18832.076;6001.288;35277.664;6620.419;53.3824;24833.364;41898.083;0.91798903;0.8399674;0.21275318;0.17240968;0.70137658;0.43263937;0.18357185;0.14345308
SINOP;227.0;Reservatório com Usina;AMAZONAS;TELES PIRES;SE;SUDESTE;;;2026-01-19;117.913;;900.655;;13.0919;117.913;900.655;0.19270168;0.44405938;0.00133211;0.0044017;0.0;0.0;0.00087163;0.00308371
SOBRADINHO;169.0;Reservatório com Usina;SAO FRANCISCO;NORDESTE;NE;NORDESTE;;;2026-01-19;13031.839;;30100.282;;43.2947;13031.839;30100.282;0.5212343;0.5708681;0.52842062;0.58230931;0.0;0.0;0.09633325;0.10305909
TOCOS;180.0;Reservatório sem usina;PARAIBA DO SUL;SUDESTE;SE;SUDESTE;;;2026-01-19;;;;;;0.0;0.0;0.0;0.0;0.0;0.0;0.0;0.0;0.0;0.0
TRÊS IRMÃOS;43.0;Reservatório com Usina;TIETE;PARANA;SE;SUDESTE;;;2026-01-19;1791.955;;2328.579;;76.9549;1791.955;2328.579;0.25347486;0.23943651;0.0202444;0.01138028;0.0;0.0;0.01324639;0.00797272
TRÊS MARIAS;156.0;Reservatório com Usina;SAO FRANCISCO;SUDESTE;SE;SUDESTE;NE;NORDESTE;2026-01-19;1197.778;8978.926;2345.606;16040.745;51.0648;10176.704;18386.351;0.4070375;0.34870707;0.01353176;0.01146349;0.36408136;0.31031852;0.07522768;0.06295225
TUCURUI;275.0;Reservatório com Usina;TOCANTINS;NORTE;N;NORTE;;;2026-01-19;2148.759;;7721.097;;27.8297;2148.759;7721.097;0.07943093;0.15479156;0.25112763;0.50456785;0.0;0.0;0.01588394;0.02643594
A. VERMELHA;18.0;Reservatório com Usina;GRANDE;PARANA;SE;SUDESTE;;;2026-01-20;1345.299;;4340.282;;30.9957;1345.299;4340.282;0.07368175;0.0842259;0.01512529;0.02121191;0.0;0.0;0.00990784;0.01486051
ANTA;128.0;Reservatório sem usina;PARAIBA DO SUL;SUDESTE;SE;SUDESTE;;;2026-01-20;;;;;;0.0;0.0;0.0;0.0;0.0;0.0;0.0;0.0;0.0;0.0
B. BONITA;37.0;Reservatório com Usina;TIETE;PARANA;SE;SUDESTE;;;2026-01-20;2055.821;;2713.786;;75.7547;2055.821;2713.786;0.28744423;0.27904549;0.02311374;0.01326287;0.0;0.0;0.01514068;0.00929162
BALBINA;277.0;Reservatório com Usina;AMAZONAS;MANAUS-AMAPA;N;NORTE;;;2026-01-20;362.31;;785.737;;46.1108;362.31;785.737;0.58961473;0.38740015;0.04243591;0.05134732;0.0;0.0;0.00266833;0.00269025
BARRA GRANDE;86.0;Reservatório com Usina;URUGUAI;SUL;S;SUL;;;2026-01-20;2087.16;;2991.427;;69.7714;2087.16;2991.427;0.42246192;0.44447414;0.15512005;0.14621397;0.0;0.0;0.01537148;0.01024222
BATALHA;20.0;Reservatório com Usina;PARANAIBA;PARANA;SE;SUDESTE;;;2026-01-20;1091.932;;2751.514;;39.6848;1091.932;2751.514;0.0381307;0.03505071;0.01227667;0.01344725;0.0;0.0;0.00804184;0.00942079
BILLINGS;118.0;Reservatório sem usina;TIETE;SUDESTE;SE;SUDESTE;;;2026-01-20;1757.88;;2444.556;;71.91;1757.88;2444.556;0.24578622;0.25136187;0.01976397;0.01194708;0.0;0.0;0.0129464;0.00836981
BLANG;;Reservatório sem usina;JACUI;SUL;S;SUL;;;2026-01-20;;;;;;0.0;0.0;0.0;0.0;0.0;0.0;0.0;0.0;0.0;0.0
BOA ESPERANÇA;190.0;Reservatório com Usina;PARNAIBA;NORDESTE;NE;NORDESTE;;;2026-01-20;104.736;;264.178;;39.646;104.736;264.178;1.0;1.0;0.00421563;0.00511069;0.0;0.0;0.00077136;0.00090451
C.BRANCO-1;27.0;Reservatório com Usina;PARANAIBA;PARANA;SE;SUDESTE;;;2026-01-20;5.119;;20.753;;24.6663;5.119;20.753;0.00017876;0.00026437;5.755e-05;0.00010142;0.0;0.0;3.77e-05;7.106e-05
CACONDE;14.0;Reservatório com Usina;GRANDE;PARANA;SE;SUDESTE;;;2026-01-20;390.533;;853.4;;45.762;390.533;853.4;0.02138941;0.01656076;0.00439079;0.00417075;0.0;0.0;0.00287619;0.00292192
CACU;311.0;Reservatório com Usina;PARANAIBA;PARANA;SE;SUDESTE;;;2026-01-20;25.816;;30.877;;83.6092;25.816;30.877;0.00090151;0.00039333;0.00029025;0.0001509;0.0;0.0;0.00019013;0.00010572
CAMARGOS;1.0;Reservatório com Usina;GRANDE;PARANA;SE;SUDESTE;;;2026-01-20;896.727;;1568.489;;57.1714;896.727;1568.489;0.04911355;0.03043752;0.01008197;0.00766555;0.0;0.0;0.0066042;0.00537028
CAMPOS NOVOS;90.0;Reservatório com Usina;URUGUAI;SUL;S;SUL;;;2026-01-20;155.178;;227.826;;68.1125;155.178;227.826;0.03140957;0.03385099;0.011533;0.0111356;0.0;0.0;0.00114285;0.00078004
CAPIVARA;61.0;Reservatório com Usina;PARANAPANEMA;PARANAPANEMA;SE;SUDESTE;;;2026-01-20;3326.862;;3889.672;;85.5307;3326.862;3889.672;0.43173323;0.32160692;0.03740415;0.01900968;0.0;0.0;0.02450162;0.01331768
CHAVANTES;49.0;Reservatório com Usina;PARANAPANEMA;PARANAPANEMA;SE;SUDESTE;;;2026-01-20;1687.103;;3370.499;;50.055;1687.103;3370.499;0.21893857;0.27868052;0.01896822;0.01647237;0.0;0.0;0.01242515;0.01154011
CORUMBA;30.0;Reservatório com Usina;PARANAIBA;PARANA;SE;SUDESTE;;;2026-01-20;700.149;;1531.054;;45.7299;700.149;1531.054;0.02444948;0.01950364;0.00787182;0.0074826;0.0;0.0;0.00515645;0.00524211
CORUMBA-3;203.0;Reservatório com Usina;PARANAIBA;PARANA;SE;SUDESTE;;;2026-01-20;141.348;;425.126;;33.2485;141.348;425.126;0.00493593;0.00541555;0.00158919;0.00207768;0.0;0.0;0.001041;0.00145557
CORUMBA-4;29.0;Reservatório com Usina;PARANAIBA;PARANA;SE;SUDESTE;;;2026-01-20;462.912;;1415.959;;32.6925;462.912;1415.959;0.01616507;0.01803748;0.00520455;0.0069201;0.0;0.0;0.00340925;0.00484804
CURUA-UNA;272.0;Reservatório com Usina;AMAZONAS;BELO MONTE;N;NORTE;;;2026-01-20;4.694;;28.109;;16.6993;4.694;28.109;0.0076389;0.01385888;0.00054979;0.0018369;0.0;0.0;3.457e-05;9.624e-05
DIVISA;;Reservatório sem usina;JACUI;SUL;S;SUL;;;2026-01-20;;;;;;0.0;0.0;0.0;0.0;0.0;0.0;0.0;0.0;0.0;0.0
EDGARD SOUZA;107.0;Reservatório sem usina;TIETE;PARANA;SE;SUDESTE;;;2026-01-20;;;;;;0.0;0.0;0.0;0.0;0.0;0.0;0.0;0.0;0.0;0.0
EMBORCAÇÃO;24.0;Reservatório com Usina;PARANAIBA;PARANA;SE;SUDESTE;;;2026-01-20;9659.973;;21873.496;;44.1629;9659.973;21873.496;0.33733009;0.2786399;0.10860776;0.10690057;0.0;0.0;0.07114361;0.07489174
ERNESTINA;110.0;Reservatório sem usina;JACUI;SUL;S;SUL;;;2026-01-20;206.891;;200.552;;103.1608;206.891;200.552;0.08798679;0.06620289;0.01537637;0.00980251;0.0;0.0;0.00152371;0.00068666
ESPORA;290.0;Reservatório com Usina;PARANAIBA;PARANA;SE;SUDESTE;;;2026-01-20;29.68;;112.927;;26.2825;29.68;112.927;0.00103644;0.00143854;0.00033369;0.0005519;0.0;0.0;0.00021859;0.00038665
FUNIL;123.0;Reservatório com Usina;PARAIBA DO SUL;SUDESTE;SE;SUDESTE;;;2026-01-20;243.214;;813.622;;29.8928;243.214;813.622;0.08845538;0.10769465;0.00273447;0.00397635;0.0;0.0;0.00179122;0.00278573
FURNAS;6.0;Reservatório com Usina;GRANDE;PARANA;SE;SUDESTE;;;2026-01-20;11172.693;;35035.949;;31.8892;11172.693;35035.949;0.61192607;0.67989462;0.12561538;0.17122837;0.0;0.0;0.08228446;0.11995811
G. B. MUNHOZ;74.0;Reservatório com Usina;IGUACU;IGUACU;S;SUL;;;2026-01-20;2980.966;;5880.363;;50.6936;2980.966;5880.363;0.51331394;0.58435864;0.22154871;0.28741842;0.0;0.0;0.02195417;0.02013353
G. P. SOUZA;115.0;Reservatório com Usina;CAPIVARI;SUL;S;SUL;;;2026-01-20;227.969;;374.956;;60.7989;227.969;374.956;1.0;1.0;0.01694291;0.01832697;0.0;0.0;0.00167894;0.0012838
GARIBALDI;89.0;Reservatório com Usina;URUGUAI;SUL;S;SUL;;;2026-01-20;41.059;;101.775;;40.3429;41.059;101.775;0.00831075;0.015122;0.00305155;0.00497452;0.0;0.0;0.00030239;0.00034846
GOV JAYME CANET JR;57.0;Reservatório com Usina;PARANAPANEMA;IGUACU;S;SUL;SE;SUDESTE;2026-01-20;128.007;224.149;261.737;451.213;48.9067;352.156;712.95;0.04569996;0.05894833;0.00951362;0.01279309;0.00252012;0.00220518;0.00259355;0.00244104
GUARAPIRANGA;117.0;Reservatório sem usina;TIETE;SUDESTE;SE;SUDESTE;;;2026-01-20;270.829;;408.675;;66.27;270.829;408.675;0.03786722;0.04202207;0.00304495;0.00199728;0.0;0.0;0.0019946;0.00139925
I. SOLTEIRA;34.0;Reservatório com Usina;PARANA;PARANA;SE;SUDESTE;;;2026-01-20;2662.585;;3691.575;;72.126;2662.585;3691.575;1.0;1.0;0.02993563;0.01804154;0.0;0.0;0.01960936;0.01263943
IRAPE;148.0;Reservatório com Usina;JEQUITINHONHA;SUDESTE;SE;SUDESTE;NE;NORDESTE;2026-01-20;1177.073;629.565;1962.895;1004.893;59.9662;1806.638;2967.788;0.99999945;1.0;0.01323392;0.0095931;0.02534;0.0194403;0.0133055;0.01016128
ITUMBIARA;31.0;Reservatório com Usina;PARANAIBA;PARANA;SE;SUDESTE;;;2026-01-20;5347.183;;15706.409;;34.0446;5347.183;15706.409;0.18672575;0.20007923;0.06011876;0.07676067;0.0;0.0;0.03938084;0.05377651
JAGUARI;120.0;Reservatório com Usina;PARAIBA DO SUL;SUDESTE;SE;SUDESTE;;;2026-01-20;412.238;;1213.775;;33.9633;412.238;1213.775;0.14992833;0.16066069;0.00463482;0.00593198;0.0;0.0;0.00303604;0.00415579
JORDÃO;73.0;Reservatório sem usina;IGUACU;IGUACU;S;SUL;;;2026-01-20;12.292;;20.306;;60.5338;12.292;20.306;0.00211665;0.0020179;0.00091356;0.00099251;0.0;0.0;9.053e-05;6.952e-05
JURUMIRIM;47.0;Reservatório com Usina;PARANAPANEMA;PARANAPANEMA;SE;SUDESTE;;;2026-01-20;2339.707;;4121.37;;56.7701;2339.707;4121.37;0.30362824;0.34076424;0.02630549;0.02014204;0.0;0.0;0.01723143;0.01411099
LAJES;124.0;Reservatório sem usina;PARAIBA DO SUL;SUDESTE;SE;SUDESTE;;;2026-01-20;442.936;;512.183;;86.48;442.936;512.183;0.161093;0.06779484;0.00497996;0.00250315;0.0;0.0;0.00326213;0.00175364
LUIZ GONZAGA;172.0;Reservatório com Usina;SAO FRANCISCO;NORDESTE;NE;NORDESTE;;;2026-01-20;1517.013;;3418.033;;44.3826;1517.013;3418.033;0.06020097;0.06482484;0.0610598;0.06612405;0.0;0.0;0.01117247;0.01170286
M. MORAES;7.0;Reservatório com Usina;GRANDE;PARANA;SE;SUDESTE;;;2026-01-20;3130.553;;4339.622;;72.1388;3130.553;4339.622;0.17145974;0.08421309;0.03519703;0.02120868;0.0;0.0;0.02305584;0.01485825
MACHADINHO;91.0;Reservatório com Usina;URUGUAI;SUL;S;SUL;;;2026-01-20;618.067;;890.994;;69.3683;618.067;890.994;0.1251029;0.13238625;0.04593543;0.04354971;0.0;0.0;0.00455193;0.00305064
MANSO;278.0;Reservatório com Usina;PARAGUAI;SUDESTE;SE;SUDESTE;;;2026-01-20;314.285;;555.798;;56.5466;314.285;555.798;1.0;1.0;0.00353353;0.00271631;0.0;0.0;0.00231464;0.00190297
MARIMBONDO;17.0;Reservatório com Usina;GRANDE;PARANA;SE;SUDESTE;;;2026-01-20;1322.435;;5393.697;;24.5182;1322.435;5393.697;0.07242949;0.10466808;0.01486823;0.02636018;0.0;0.0;0.00973945;0.01846725
MIRANDA;26.0;Reservatório com Usina;PARANAIBA;PARANA;SE;SUDESTE;;;2026-01-20;206.177;;269.778;;76.4247;206.177;269.778;0.00719978;0.00343662;0.00231806;0.00131846;0.0;0.0;0.00151845;0.00092368
NOVA PONTE;25.0;Reservatório com Usina;PARANAIBA;PARANA;SE;SUDESTE;;;2026-01-20;6482.661;;22766.333;;28.4748;6482.661;22766.333;0.22637709;0.29001349;0.07288502;0.11126406;0.0;0.0;0.04774339;0.07794869
PARAIBUNA;121.0;Reservatório com Usina;PARAIBA DO SUL;SUDESTE;SE;SUDESTE;;;2026-01-20;1492.729;;4561.222;;32.7265;1492.729;4561.222;0.54289603;0.60374377;0.01678286;0.02229169;0.0;0.0;0.01099363;0.01561698
PASSO FUNDO;93.0;Reservatório com Usina;URUGUAI;SUL;S;SUL;;;2026-01-20;1439.885;;1706.162;;84.3932;1439.885;1706.162;0.29144703;0.25350607;0.10701385;0.08339322;0.0;0.0;0.01060444;0.00584166
PASSO REAL;111.0;Reservatório com Usina;JACUI;SUL;S;SUL;;;2026-01-20;2144.496;;2828.801;;75.8094;2144.496;2828.801;0.91201321;0.93379678;0.15938133;0.13826519;0.0;0.0;0.01579375;0.00968541
PEDRA DO CAVALO;189.0;Reservatório com Usina;PARAGUACU;NORDESTE;NE;NORDESTE;;;2026-01-20;231.512;;335.383;;69.0291;231.512;335.383;1.0;1.0;0.00931836;0.0064882;0.0;0.0;0.00170504;0.0011483
PEIXE ANGICAL;257.0;Reservatório com Usina;TOCANTINS;SUDESTE;SE;SUDESTE;N;NORTE;2026-01-20;35.888;42.256;114.392;147.034;31.3728;78.144;261.426;0.00289283;0.00524104;0.00040349;0.00055906;0.00494927;0.00960856;0.00057551;0.00089509
PONTE NOVA;105.0;Reservatório sem usina;TIETE;PARANA;SE;SUDESTE;;;2026-01-20;;;;;;0.0;0.0;0.0;0.0;0.0;0.0;0.0;0.0;0.0;0.0
PORTO ESTRELA;135.0;Reservatório com Usina;DOCE;SUDESTE;SE;SUDESTE;;;2026-01-20;5.565;;12.899;;43.1429;5.565;12.899;1.0;1.0;6.257e-05;6.304e-05;0.0;0.0;4.099e-05;4.416e-05
PROMISSÃO;40.0;Reservatório com Usina;TIETE;PARANA;SE;SUDESTE;;;2026-01-20;1260.579;;1829.65;;68.8973;1260.579;1829.65;0.17625375;0.18813406;0.01417278;0.0089419;0.0;0.0;0.00928389;0.00626446
QUEBRA QUEIXO;95.0;Reservatório com Usina;URUGUAI;SUL;S;SUL;;;2026-01-20;5.245;;10.163;;51.6088;5.245;10.163;0.00106164;0.00151005;0.00038981;0.00049674;0.0;0.0;3.863e-05;3.48e-05
QUEIMADO;162.0;Reservatório com Usina;SAO FRANCISCO;SUDESTE;SE;SUDESTE;NE;NORDESTE;2026-01-20;101.181;175.902;283.402;484.803;35.7023;277.083;768.205;0.01099573;0.01456942;0.00113759;0.00138505;0.00708006;0.00937883;0.00204066;0.00263022
RETIRO BAIXO;155.0;Reservatório com Usina;SAO FRANCISCO;SUDESTE;SE;SUDESTE;NE;NORDESTE;2026-01-20;7.055;27.73;11.43;42.91;61.7235;34.785;54.34;0.0013804;0.00103059;7.932e-05;5.586e-05;0.00111613;0.00083012;0.00025618;0.00018605
RONDON II;276.0;Reservatório com Usina;AMAZONAS;MADEIRA;SE;SUDESTE;;;2026-01-20;32.69;;56.442;;57.9179;32.69;56.442;0.05319893;0.02782819;0.00036754;0.00027584;0.0;0.0;0.00024075;0.00019325
S.DO FACÃO;21.0;Reservatório com Usina;PARANAIBA;PARANA;SE;SUDESTE;;;2026-01-20;2940.293;;6581.918;;44.6723;2940.293;6581.918;0.1026762;0.08384508;0.03305792;0.03216728;0.0;0.0;0.02165462;0.02253555
SALTO RS;;Reservatório sem usina;JACUI;SUL;S;SUL;;;2026-01-20;;;;;;0.0;0.0;0.0;0.0;0.0;0.0;0.0;0.0;0.0;0.0
SALTO SANTIAGO;77.0;Reservatório com Usina;IGUACU;IGUACU;S;SUL;;;2026-01-20;2401.245;;3340.803;;71.8763;2401.245;3340.803;0.41348762;0.33199092;0.1784632;0.16329065;0.0;0.0;0.01768465;0.01143843
SAMUEL;279.0;Reservatório com Usina;AMAZONAS;MADEIRA;SE;SUDESTE;;;2026-01-20;96.88;;257.288;;37.6543;96.88;257.288;0.15766022;0.1268534;0.00108923;0.00125742;0.0;0.0;0.0007135;0.00088092
SANTA BRANCA;122.0;Reservatório com Usina;PARAIBA DO SUL;SUDESTE;SE;SUDESTE;;;2026-01-20;158.45;;454.095;;34.8936;158.45;454.095;0.05762726;0.06010605;0.00178146;0.00221926;0.0;0.0;0.00116695;0.00155476
SANTA CLARA-PR;71.0;Reservatório com Usina;IGUACU;IGUACU;S;SUL;;;2026-01-20;221.795;;373.966;;59.3089;221.795;373.966;0.03819247;0.03716272;0.01648405;0.01827859;0.0;0.0;0.00163347;0.00128041
SANTANA;181.0;Reservatório sem usina;PARAIBA DO SUL;SUDESTE;SE;SUDESTE;;;2026-01-20;;;;;;0.0;0.0;0.0;0.0;0.0;0.0;0.0;0.0;0.0;0.0
SANTONIO CM;193.0;Reservatório sem usina;DOCE;SUDESTE;SE;SUDESTE;;;2026-01-20;;;;;;0.0;0.0;0.0;0.0;0.0;0.0;0.0;0.0;0.0;0.0
SAO ROQUE;88.0;Reservatório com Usina;URUGUAI;SUL;S;SUL;;;2026-01-20;593.874;;801.912;;74.0573;593.874;801.912;0.120206;0.11915021;0.04413738;0.03919559;0.0;0.0;0.00437375;0.00274563
SÃO SIMÃO;33.0;Reservatório com Usina;PARANAIBA;PARANA;SE;SUDESTE;;;2026-01-20;1543.316;;5014.801;;30.7752;1543.316;5014.801;0.05389321;0.06388205;0.01735161;0.02450843;0.0;0.0;0.01136619;0.01716997
SEGREDO;76.0;Reservatório com Usina;IGUACU;IGUACU;S;SUL;;;2026-01-20;190.998;;447.497;;42.6814;190.998;447.497;0.03288932;0.04446983;0.01419518;0.02187261;0.0;0.0;0.00140666;0.00153217
SERRA DA MESA;251.0;Reservatório com Usina;TOCANTINS;SUDESTE;SE;SUDESTE;N;NORTE;2026-01-20;18806.289;5998.183;35277.664;6620.419;53.3093;24804.472;41898.083;0.91824234;0.8399674;0.21144044;0.17240968;0.70254293;0.43263937;0.18267955;0.14345308
SINOP;227.0;Reservatório com Usina;AMAZONAS;TELES PIRES;SE;SUDESTE;;;2026-01-20;117.913;;900.655;;13.0919;117.913;900.655;0.19188883;0.44405938;0.0013257;0.0044017;0.0;0.0;0.0008684;0.00308371
SOBRADINHO;169.0;Reservatório com Usina;SAO FRANCISCO;NORDESTE;NE;NORDESTE;;;2026-01-20;13086.659;;30100.282;;43.4769;13086.659;30100.282;0.51932949;0.5708681;0.52673827;0.58230931;0.0;0.0;0.0963804;0.10305909
TOCOS;180.0;Reservatório sem usina;PARAIBA DO SUL;SUDESTE;SE;SUDESTE;;;2026-01-20;;;;;;0.0;0.0;0.0;0.0;0.0;0.0;0.0;0.0;0.0;0.0
TRÊS IRMÃOS;43.0;Reservatório com Usina;TIETE;PARANA;SE;SUDESTE;;;2026-01-20;1806.96;;2328.579;;77.5993;1806.96;2328.579;0.25264857;0.23943651;0.02031578;0.01138028;0.0;0.0;0.01330787;0.00797272
TRÊS MARIAS;156.0;Reservatório com Usina;SAO FRANCISCO;SUDESTE;SE;SUDESTE;NE;NORDESTE;2026-01-20;1212.014;9071.591;2345.606;16040.745;51.6717;10283.605;18386.351;0.40809341;0.34870707;0.01362676;0.01146349;0.36513171;0.31031852;0.07573652;0.06295225
TUCURUI;275.0;Reservatório com Usina;TOCANTINS;NORTE;N;NORTE;;;2026-01-20;2130.375;;7721.097;;27.5916;2130.375;7721.097;0.07886483;0.15479156;0.24952221;0.50456785;0.0;0.0;0.01568975;0.02643594
A. VERMELHA;18.0;Reservatório com Usina;GRANDE;PARANA;SE;SUDESTE;;;2026-01-21;1349.197;;4340.282;;31.0855;1349.197;4340.282;0.07331168;0.0842259;0.0150924;0.02121191;0.0;0.0;0.00988774;0.01486051
ANTA;128.0;Reservatório sem usina;PARAIBA DO SUL;SUDESTE;SE;SUDESTE;;;2026-01-21;;;;;;0.0;0.0;0.0;0.0;0.0;0.0;0.0;0.0;0.0;0.0
B. BONITA;37.0;Reservatório com Usina;TIETE;PARANA;SE;SUDESTE;;;2026-01-21;2073.49;;2713.786;;76.4058;2073.49;2713.786;0.2891485;0.27904549;0.0231945;0.01326287;0.0;0.0;0.0151958;0.00929162
BALBINA;277.0;Reservatório com Usina;AMAZONAS;MANAUS-AMAPA;N;NORTE;;;2026-01-21;362.31;;785.737;;46.1108;362.31;785.737;0.58834132;0.38740015;0.04234865;0.05134732;0.0;0.0;0.00265523;0.00269025
BARRA GRANDE;86.0;Reservatório com Usina;URUGUAI;SUL;S;SUL;;;2026-01-21;2068.708;;2991.427;;69.1546;2068.708;2991.427;0.42168178;0.44447414;0.15501533;0.14621397;0.0;0.0;0.01516075;0.01024222
BATALHA;20.0;Reservatório com Usina;PARANAIBA;PARANA;SE;SUDESTE;;;2026-01-21;1109.42;;2751.514;;40.3203;1109.42;2751.514;0.03841881;0.03505071;0.01241021;0.01344725;0.0;0.0;0.00813051;0.00942079
BILLINGS;118.0;Reservatório sem usina;TIETE;SUDESTE;SE;SUDESTE;;;2026-01-21;1764.725;;2444.556;;72.19;1764.725;2444.556;0.24609118;0.25136187;0.01974058;0.01194708;0.0;0.0;0.01293298;0.00836981
BLANG;;Reservatório sem usina;JACUI;SUL;S;SUL;;;2026-01-21;;;;;;0.0;0.0;0.0;0.0;0.0;0.0;0.0;0.0;0.0;0.0
BOA ESPERANÇA;190.0;Reservatório com Usina;PARNAIBA;NORDESTE;NE;NORDESTE;;;2026-01-21;106.933;;264.178;;40.4776;106.933;264.178;1.0;1.0;0.00425094;0.00511069;0.0;0.0;0.00078367;0.00090451
C.BRANCO-1;27.0;Reservatório com Usina;PARANAIBA;PARANA;SE;SUDESTE;;;2026-01-21;3.407;;20.753;;16.4169;3.407;20.753;0.00011798;0.00026437;3.811e-05;0.00010142;0.0;0.0;2.497e-05;7.106e-05
CACONDE;14.0;Reservatório com Usina;GRANDE;PARANA;SE;SUDESTE;;;2026-01-21;396.226;;853.4;;46.4291;396.226;853.4;0.02152984;0.01656076;0.00443227;0.00417075;0.0;0.0;0.00290379;0.00292192
CACU;311.0;Reservatório com Usina;PARANAIBA;PARANA;SE;SUDESTE;;;2026-01-21;22.322;;30.877;;72.2933;22.322;30.877;0.000773;0.00039333;0.0002497;0.0001509;0.0;0.0;0.00016359;0.00010572
CAMARGOS;1.0;Reservatório com Usina;GRANDE;PARANA;SE;SUDESTE;;;2026-01-21;913.374;;1568.489;;58.2327;913.374;1568.489;0.04963025;0.03043752;0.01021719;0.00766555;0.0;0.0;0.00669376;0.00537028
CAMPOS NOVOS;90.0;Reservatório com Usina;URUGUAI;SUL;S;SUL;;;2026-01-21;153.773;;227.826;;67.4958;153.773;227.826;0.03134482;0.03385099;0.01152273;0.0111356;0.0;0.0;0.00112694;0.00078004
CAPIVARA;61.0;Reservatório com Usina;PARANAPANEMA;PARANAPANEMA;SE;SUDESTE;;;2026-01-21;3307.797;;3889.672;;85.0405;3307.797;3889.672;0.4308665;0.32160692;0.03700171;0.01900968;0.0;0.0;0.02424155;0.01331768
CHAVANTES;49.0;Reservatório com Usina;PARANAPANEMA;PARANAPANEMA;SE;SUDESTE;;;2026-01-21;1679.22;;3370.499;;49.8211;1679.22;3370.499;0.21873157;0.27868052;0.01878411;0.01647237;0.0;0.0;0.01230635;0.01154011
CORUMBA;30.0;Reservatório com Usina;PARANAIBA;PARANA;SE;SUDESTE;;;2026-01-21;745.409;;1531.054;;48.686;745.409;1531.054;0.02581324;0.01950364;0.0083383;0.0074826;0.0;0.0;0.00546281;0.00524211
CORUMBA-3;203.0;Reservatório com Usina;PARANAIBA;PARANA;SE;SUDESTE;;;2026-01-21;150.399;;425.126;;35.3775;150.399;425.126;0.00520826;0.00541555;0.00168239;0.00207768;0.0;0.0;0.00110222;0.00145557
CORUMBA-4;29.0;Reservatório com Usina;PARANAIBA;PARANA;SE;SUDESTE;;;2026-01-21;484.776;;1415.959;;34.2366;484.776;1415.959;0.01678762;0.01803748;0.00542281;0.0069201;0.0;0.0;0.00355273;0.00484804
CURUA-UNA;272.0;Reservatório com Usina;AMAZONAS;BELO MONTE;N;NORTE;;;2026-01-21;4.584;;28.109;;16.3079;4.584;28.109;0.00744378;0.01385888;0.0005358;0.0018369;0.0;0.0;3.359e-05;9.624e-05
DIVISA;;Reservatório sem usina;JACUI;SUL;S;SUL;;;2026-01-21;;;;;;0.0;0.0;0.0;0.0;0.0;0.0;0.0;0.0;0.0;0.0
EDGARD SOUZA;107.0;Reservatório sem usina;TIETE;PARANA;SE;SUDESTE;;;2026-01-21;;;;;;0.0;0.0;0.0;0.0;0.0;0.0;0.0;0.0;0.0;0.0
EMBORCAÇÃO;24.0;Reservatório com Usina;PARANAIBA;PARANA;SE;SUDESTE;;;2026-01-21;9727.42;;21873.496;;44.4713;9727.42;21873.496;0.33685701;0.2786399;0.10881297;0.10690057;0.0;0.0;0.07128846;0.07489174
ERNESTINA;110.0;Reservatório sem usina;JACUI;SUL;S;SUL;;;2026-01-21;206.885;;200.552;;103.1578;206.885;200.552;0.0880497;0.06620289;0.0155026;0.00980251;0.0;0.0;0.00151618;0.00068666
ESPORA;290.0;Reservatório com Usina;PARANAIBA;PARANA;SE;SUDESTE;;;2026-01-21;29.534;;112.927;;26.1532;29.534;112.927;0.00102275;0.00143854;0.00033037;0.0005519;0.0;0.0;0.00021644;0.00038665
FUNIL;123.0;Reservatório com Usina;PARAIBA DO SUL;SUDESTE;SE;SUDESTE;;;2026-01-21;258.547;;813.622;;31.7773;258.547;813.622;0.09359462;0.10769465;0.00289216;0.00397635;0.0;0.0;0.00189479;0.00278573
FURNAS;6.0;Reservatório com Usina;GRANDE;PARANA;SE;SUDESTE;;;2026-01-21;11265.117;;35035.949;;32.153;11265.117;35035.949;0.61211569;0.67989462;0.12601397;0.17122837;0.0;0.0;0.08255764;0.11995811
G. B. MUNHOZ;74.0;Reservatório com Usina;IGUACU;IGUACU;S;SUL;;;2026-01-21;2960.106;;5880.363;;50.3388;2960.106;5880.363;0.51606653;0.58435864;0.22181082;0.28741842;0.0;0.0;0.02169346;0.02013353
G. P. SOUZA;115.0;Reservatório com Usina;CAPIVARI;SUL;S;SUL;;;2026-01-21;226.651;;374.956;;60.4474;226.651;374.956;1.0;1.0;0.01698373;0.01832697;0.0;0.0;0.00166104;0.0012838
GARIBALDI;89.0;Reservatório com Usina;URUGUAI;SUL;S;SUL;;;2026-01-21;42.644;;101.775;;41.9003;42.644;101.775;0.00869248;0.015122;0.00319546;0.00497452;0.0;0.0;0.00031252;0.00034846
GOV JAYME CANET JR;57.0;Reservatório com Usina;PARANAPANEMA;IGUACU;S;SUL;SE;SUDESTE;2026-01-21;127.142;222.635;261.737;451.213;48.5762;349.777;712.95;0.0455612;0.05894833;0.00952718;0.01279309;0.00249044;0.00220518;0.00256338;0.00244104
GUARAPIRANGA;117.0;Reservatório sem usina;TIETE;SUDESTE;SE;SUDESTE;;;2026-01-21;274.058;;408.675;;67.0601;274.058;408.675;0.03821743;0.04202207;0.00306567;0.00199728;0.0;0.0;0.00200846;0.00139925
I. SOLTEIRA;34.0;Reservatório com Usina;PARANA;PARANA;SE;SUDESTE;;;2026-01-21;2670.38;;3691.575;;72.3371;2670.38;3691.575;1.0;1.0;0.02987143;0.01804154;0.0;0.0;0.01957017;0.01263943
IRAPE;148.0;Reservatório com Usina;JEQUITINHONHA;SUDESTE;SE;SUDESTE;NE;NORDESTE;2026-01-21;1181.14;631.575;1962.895;1004.893;60.1734;1812.715;2967.788;1.0;1.0;0.01321248;0.0095931;0.02510716;0.0194403;0.01328468;0.01016128
ITUMBIARA;31.0;Reservatório com Usina;PARANAIBA;PARANA;SE;SUDESTE;;;2026-01-21;5410.371;;15706.409;;34.4469;5410.371;15706.409;0.18735918;0.20007923;0.06052155;0.07676067;0.0;0.0;0.03965049;0.05377651
JAGUARI;120.0;Reservatório com Usina;PARAIBA DO SUL;SUDESTE;SE;SUDESTE;;;2026-01-21;410.224;;1213.775;;33.7974;410.224;1213.775;0.14850205;0.16066069;0.00458885;0.00593198;0.0;0.0;0.00300637;0.00415579
JORDÃO;73.0;Reservatório sem usina;IGUACU;IGUACU;S;SUL;;;2026-01-21;11.529;;20.306;;56.7763;11.529;20.306;0.00200997;0.0020179;0.00086391;0.00099251;0.0;0.0;8.449e-05;6.952e-05
JURUMIRIM;47.0;Reservatório com Usina;PARANAPANEMA;PARANAPANEMA;SE;SUDESTE;;;2026-01-21;2340.287;;4121.37;;56.7842;2340.287;4121.37;0.30484073;0.34076424;0.02617894;0.02014204;0.0;0.0;0.01715105;0.01411099
LAJES;124.0;Reservatório sem usina;PARAIBA DO SUL;SUDESTE;SE;SUDESTE;;;2026-01-21;445.241;;512.183;;86.9301;445.241;512.183;0.16117829;0.06779484;0.00498056;0.00250315;0.0;0.0;0.003263;0.00175364
LUIZ GONZAGA;172.0;Reservatório com Usina;SAO FRANCISCO;NORDESTE;NE;NORDESTE;;;2026-01-21;1530.676;;3418.033;;44.7824;1530.676;3418.033;0.05992983;0.06482484;0.06084936;0.06612405;0.0;0.0;0.01121773;0.01170286
M. MORAES;7.0;Reservatório com Usina;GRANDE;PARANA;SE;SUDESTE;;;2026-01-21;3042.167;;4339.622;;70.1021;3042.167;4339.622;0.16530305;0.08421309;0.03403032;0.02120868;0.0;0.0;0.02229485;0.01485825
MACHADINHO;91.0;Reservatório com Usina;URUGUAI;SUL;S;SUL;;;2026-01-21;604.27;;890.994;;67.8198;604.27;890.994;0.12317333;0.13238625;0.04528001;0.04354971;0.0;0.0;0.00442846;0.00305064
MANSO;278.0;Reservatório com Usina;PARAGUAI;SUDESTE;SE;SUDESTE;;;2026-01-21;314.285;;555.798;;56.5466;314.285;555.798;1.0;1.0;0.00351566;0.00271631;0.0;0.0;0.00230327;0.00190297
MARIMBONDO;17.0;Reservatório com Usina;GRANDE;PARANA;SE;SUDESTE;;;2026-01-21;1437.493;;5393.697;;26.6513;1437.493;5393.697;0.07810944;0.10466808;0.0160801;0.02636018;0.0;0.0;0.01053482;0.01846725
MIRANDA;26.0;Reservatório com Usina;PARANAIBA;PARANA;SE;SUDESTE;;;2026-01-21;205.291;;269.778;;76.0963;205.291;269.778;0.00710915;0.00343662;0.00229643;0.00131846;0.0;0.0;0.0015045;0.00092368
NOVA PONTE;25.0;Reservatório com Usina;PARANAIBA;PARANA;SE;SUDESTE;;;2026-01-21;6513.851;;22766.333;;28.6118;6513.851;22766.333;0.22557229;0.29001349;0.07286531;0.11126406;0.0;0.0;0.04773747;0.07794869
PARAIBUNA;121.0;Reservatório com Usina;PARAIBA DO SUL;SUDESTE;SE;SUDESTE;;;2026-01-21;1489.144;;4561.222;;32.6479;1489.144;4561.222;0.53907363;0.60374377;0.01665788;0.02229169;0.0;0.0;0.01091335;0.01561698
PASSO FUNDO;93.0;Reservatório com Usina;URUGUAI;SUL;S;SUL;;;2026-01-21;1434.705;;1706.162;;84.0896;1434.705;1706.162;0.29244773;0.25350607;0.10750733;0.08339322;0.0;0.0;0.01051439;0.00584166
PASSO REAL;111.0;Reservatório com Usina;JACUI;SUL;S;SUL;;;2026-01-21;2142.754;;2828.801;;75.7478;2142.754;2828.801;0.9119503;0.93379678;0.16056385;0.13826519;0.0;0.0;0.01570341;0.00968541
PEDRA DO CAVALO;189.0;Reservatório com Usina;PARAGUACU;NORDESTE;NE;NORDESTE;;;2026-01-21;233.216;;335.383;;69.5372;233.216;335.383;1.0;1.0;0.0092711;0.0064882;0.0;0.0;0.00170915;0.0011483
PEIXE ANGICAL;257.0;Reservatório com Usina;TOCANTINS;SUDESTE;SE;SUDESTE;N;NORTE;2026-01-21;41.454;48.783;114.392;147.034;36.2385;90.237;261.426;0.00333712;0.00524104;0.00046371;0.00055906;0.00570201;0.00960856;0.00066131;0.00089509
PONTE NOVA;105.0;Reservatório sem usina;TIETE;PARANA;SE;SUDESTE;;;2026-01-21;;;;;;0.0;0.0;0.0;0.0;0.0;0.0;0.0;0.0;0.0;0.0
PORTO ESTRELA;135.0;Reservatório com Usina;DOCE;SUDESTE;SE;SUDESTE;;;2026-01-21;7.543;;12.899;;58.4774;7.543;12.899;1.0;1.0;8.438e-05;6.304e-05;0.0;0.0;5.528e-05;4.416e-05
PROMISSÃO;40.0;Reservatório com Usina;TIETE;PARANA;SE;SUDESTE;;;2026-01-21;1251.788;;1829.65;;68.4168;1251.788;1829.65;0.17456203;0.18813406;0.01400276;0.0089419;0.0;0.0;0.00917386;0.00626446
QUEBRA QUEIXO;95.0;Reservatório com Usina;URUGUAI;SUL;S;SUL;;;2026-01-21;5.125;;10.163;;50.428;5.125;10.163;0.00104467;0.00151005;0.00038403;0.00049674;0.0;0.0;3.756e-05;3.48e-05
QUEIMADO;162.0;Reservatório com Usina;SAO FRANCISCO;SUDESTE;SE;SUDESTE;NE;NORDESTE;2026-01-21;102.871;178.782;283.402;484.803;36.2986;281.653;768.205;0.01102743;0.01456942;0.00115074;0.00138505;0.00710717;0.00937883;0.00206412;0.00263022
RETIRO BAIXO;155.0;Reservatório com Usina;SAO FRANCISCO;SUDESTE;SE;SUDESTE;NE;NORDESTE;2026-01-21;5.586;21.948;11.43;42.91;48.8714;27.534;54.34;0.00107803;0.00103059;6.249e-05;5.586e-05;0.0008725;0.00083012;0.00020179;0.00018605
RONDON II;276.0;Reservatório com Usina;AMAZONAS;MADEIRA;SE;SUDESTE;;;2026-01-21;33.065;;56.442;;58.5823;33.065;56.442;0.05369299;0.02782819;0.00036987;0.00027584;0.0;0.0;0.00024232;0.00019325
S.DO FACÃO;21.0;Reservatório com Usina;PARANAIBA;PARANA;SE;SUDESTE;;;2026-01-21;2935.425;;6581.918;;44.5983;2935.425;6581.918;0.1016527;0.08384508;0.03283628;0.03216728;0.0;0.0;0.02151258;0.02253555
SALTO RS;;Reservatório sem usina;JACUI;SUL;S;SUL;;;2026-01-21;;;;;;0.0;0.0;0.0;0.0;0.0;0.0;0.0;0.0;0.0;0.0
SALTO SANTIAGO;77.0;Reservatório com Usina;IGUACU;IGUACU;S;SUL;;;2026-01-21;2354.391;;3340.803;;70.4738;2354.391;3340.803;0.41046584;0.33199092;0.17642253;0.16329065;0.0;0.0;0.01725441;0.01143843
SAMUEL;279.0;Reservatório com Usina;AMAZONAS;MADEIRA;SE;SUDESTE;;;2026-01-21;101.53;;257.288;;39.4616;101.53;257.288;0.16487068;0.1268534;0.00113574;0.00125742;0.0;0.0;0.00074407;0.00088092
SANTA BRANCA;122.0;Reservatório com Usina;PARAIBA DO SUL;SUDESTE;SE;SUDESTE;;;2026-01-21;159.258;;454.095;;35.0715;159.258;454.095;0.05765177;0.06010605;0.00178149;0.00221926;0.0;0.0;0.00116714;0.00155476
SANTA CLARA-PR;71.0;Reservatório com Usina;IGUACU;IGUACU;S;SUL;;;2026-01-21;214.547;;373.966;;57.3707;214.547;373.966;0.03740424;0.03716272;0.01607674;0.01827859;0.0;0.0;0.00157233;0.00128041
SANTANA;181.0;Reservatório sem usina;PARAIBA DO SUL;SUDESTE;SE;SUDESTE;;;2026-01-21;;;;;;0.0;0.0;0.0;0.0;0.0;0.0;0.0;0.0;0.0;0.0
SANTONIO CM;193.0;Reservatório sem usina;DOCE;SUDESTE;SE;SUDESTE;;;2026-01-21;;;;;;0.0;0.0;0.0;0.0;0.0;0.0;0.0;0.0;0.0;0.0
SAO ROQUE;88.0;Reservatório com Usina;URUGUAI;SUL;S;SUL;;;2026-01-21;596.627;;801.912;;74.4006;596.627;801.912;0.12161539;0.11915021;0.04470729;0.03919559;0.0;0.0;0.00437245;0.00274563
SÃO SIMÃO;33.0;Reservatório com Usina;PARANAIBA;PARANA;SE;SUDESTE;;;2026-01-21;1539.373;;5014.801;;30.6966;1539.373;5014.801;0.05330793;0.06388205;0.01721975;0.02450843;0.0;0.0;0.01128146;0.01716997
SEGREDO;76.0;Reservatório com Usina;IGUACU;IGUACU;S;SUL;;;2026-01-21;195.327;;447.497;;43.6488;195.327;447.497;0.03405342;0.04446983;0.01463652;0.02187261;0.0;0.0;0.00143148;0.00153217
SERRA DA MESA;251.0;Reservatório com Usina;TOCANTINS;SUDESTE;SE;SUDESTE;N;NORTE;2026-01-21;18810.419;5999.799;35277.664;6620.419;53.321;24810.218;41898.083;0.91752452;0.8399674;0.2104173;0.17240968;0.7012873;0.43263937;0.18182439;0.14345308
SINOP;227.0;Reservatório com Usina;AMAZONAS;TELES PIRES;SE;SUDESTE;;;2026-01-21;114.327;;900.655;;12.6938;114.327;900.655;0.18565123;0.44405938;0.00127889;0.0044017;0.0;0.0;0.00083786;0.00308371
SOBRADINHO;169.0;Reservatório com Usina;SAO FRANCISCO;NORDESTE;NE;NORDESTE;;;2026-01-21;13141.053;;30100.282;;43.6576;13141.053;30100.282;0.51450538;0.5708681;0.52239969;0.58230931;0.0;0.0;0.09630564;0.10305909
TOCOS;180.0;Reservatório sem usina;PARAIBA DO SUL;SUDESTE;SE;SUDESTE;;;2026-01-21;;;;;;0.0;0.0;0.0;0.0;0.0;0.0;0.0;0.0;0.0;0.0
TRÊS IRMÃOS;43.0;Reservatório com Usina;TIETE;PARANA;SE;SUDESTE;;;2026-01-21;1806.96;;2328.579;;77.5993;1806.96;2328.579;0.25198085;0.23943651;0.02021303;0.01138028;0.0;0.0;0.0132425;0.00797272
TRÊS MARIAS;156.0;Reservatório com Usina;SAO FRANCISCO;SUDESTE;SE;SUDESTE;NE;NORDESTE;2026-01-21;1249.235;9310.987;2345.606;16040.745;53.2585;10560.222;18386.351;0.41345934;0.34870707;0.01397421;0.01146349;0.37014208;0.31031852;0.07739174;0.06295225
TUCURUI;275.0;Reservatório com Usina;TOCANTINS;NORTE;N;NORTE;;;2026-01-21;2139.932;;7721.097;;27.7154;2139.932;7721.097;0.07913836;0.15479156;0.25012624;0.50456785;0.0;0.0;0.01568272;0.02643594
A. VERMELHA;18.0;Reservatório com Usina;GRANDE;PARANA;SE;SUDESTE;;;2026-01-22;1357.367;;4340.282;;31.2737;1357.367;4340.282;0.07302115;0.0842259;0.01507364;0.02121191;0.0;0.0;0.00986739;0.01486051
ANTA;128.0;Reservatório sem usina;PARAIBA DO SUL;SUDESTE;SE;SUDESTE;;;2026-01-22;;;;;;0.0;0.0;0.0;0.0;0.0;0.0;0.0;0.0;0.0;0.0
B. BONITA;37.0;Reservatório com Usina;TIETE;PARANA;SE;SUDESTE;;;2026-01-22;2079.086;;2713.786;;76.612;2079.086;2713.786;0.28940567;0.27904549;0.02308836;0.01326287;0.0;0.0;0.01511393;0.00929162
BALBINA;277.0;Reservatório com Usina;AMAZONAS;MANAUS-AMAPA;N;NORTE;;;2026-01-22;362.31;;785.737;;46.1108;362.31;785.737;0.58593125;0.38740015;0.04199969;0.05134732;0.0;0.0;0.00263382;0.00269025
BARRA GRANDE;86.0;Reservatório com Usina;URUGUAI;SUL;S;SUL;;;2026-01-22;2068.177;;2991.427;;69.1368;2068.177;2991.427;0.42279569;0.44447414;0.1556009;0.14621397;0.0;0.0;0.01503463;0.01024222
BATALHA;20.0;Reservatório com Usina;PARANAIBA;PARANA;SE;SUDESTE;;;2026-01-22;1140.429;;2751.514;;41.4473;1140.429;2751.514;0.03900527;0.03505071;0.01266453;0.01344725;0.0;0.0;0.00829036;0.00942079
BILLINGS;118.0;Reservatório sem usina;TIETE;SUDESTE;SE;SUDESTE;;;2026-01-22;1784.77;;2444.556;;73.01;1784.77;2444.556;0.24843732;0.25136187;0.01981997;0.01194708;0.0;0.0;0.0129744;0.00836981
BLANG;;Reservatório sem usina;JACUI;SUL;S;SUL;;;2026-01-22;;;;;;0.0;0.0;0.0;0.0;0.0;0.0;0.0;0.0;0.0;0.0
BOA ESPERANÇA;190.0;Reservatório com Usina;PARNAIBA;NORDESTE;NE;NORDESTE;;;2026-01-22;108.163;;264.178;;40.9432;108.163;264.178;1.0;1.0;0.00422614;0.00511069;0.0;0.0;0.00078629;0.00090451
C.BRANCO-1;27.0;Reservatório com Usina;PARANAIBA;PARANA;SE;SUDESTE;;;2026-01-22;5.121;;20.753;;24.676;5.121;20.753;0.00017515;0.00026437;5.687e-05;0.00010142;0.0;0.0;3.723e-05;7.106e-05
CACONDE;14.0;Reservatório com Usina;GRANDE;PARANA;SE;SUDESTE;;;2026-01-22;399.865;;853.4;;46.8555;399.865;853.4;0.02151121;0.01656076;0.00444052;0.00417075;0.0;0.0;0.00290682;0.00292192
CACU;311.0;Reservatório com Usina;PARANAIBA;PARANA;SE;SUDESTE;;;2026-01-22;26.616;;30.877;;86.2001;26.616;30.877;0.00091033;0.00039333;0.00029557;0.0001509;0.0;0.0;0.00019349;0.00010572
CAMARGOS;1.0;Reservatório com Usina;GRANDE;PARANA;SE;SUDESTE;;;2026-01-22;927.313;;1568.489;;59.1214;927.313;1568.489;0.04988589;0.03043752;0.01029786;0.00766555;0.0;0.0;0.00674111;0.00537028
CAMPOS NOVOS;90.0;Reservatório com Usina;URUGUAI;SUL;S;SUL;;;2026-01-22;153.736;;227.826;;67.4796;153.736;227.826;0.03142812;0.03385099;0.01156645;0.0111356;0.0;0.0;0.00111759;0.00078004
CAPIVARA;61.0;Reservatório com Usina;PARANAPANEMA;PARANAPANEMA;SE;SUDESTE;;;2026-01-22;3296.678;;3889.672;;84.7547;3296.678;3889.672;0.43089921;0.32160692;0.03660979;0.01900968;0.0;0.0;0.02396523;0.01331768
CHAVANTES;49.0;Reservatório com Usina;PARANAPANEMA;PARANAPANEMA;SE;SUDESTE;;;2026-01-22;1671.399;;3370.499;;49.5891;1671.399;3370.499;0.21846371;0.27868052;0.01856098;0.01647237;0.0;0.0;0.01215025;0.01154011
CORUMBA;30.0;Reservatório com Usina;PARANAIBA;PARANA;SE;SUDESTE;;;2026-01-22;785.803;;1531.054;;51.3243;785.803;1531.054;0.02687626;0.01950364;0.00872639;0.0074826;0.0;0.0;0.0057124;0.00524211
CORUMBA-3;203.0;Reservatório com Usina;PARANAIBA;PARANA;SE;SUDESTE;;;2026-01-22;155.523;;425.126;;36.5828;155.523;425.126;0.00531924;0.00541555;0.00172709;0.00207768;0.0;0.0;0.00113058;0.00145557
CORUMBA-4;29.0;Reservatório com Usina;PARANAIBA;PARANA;SE;SUDESTE;;;2026-01-22;506.605;;1415.959;;35.7782;506.605;1415.959;0.01732705;0.01803748;0.00562588;0.0069201;0.0;0.0;0.00368277;0.00484804
CURUA-UNA;272.0;Reservatório com Usina;AMAZONAS;BELO MONTE;N;NORTE;;;2026-01-22;4.557;;28.109;;16.2119;4.557;28.109;0.00736962;0.01385888;0.00052826;0.0018369;0.0;0.0;3.313e-05;9.624e-05
DIVISA;;Reservatório sem usina;JACUI;SUL;S;SUL;;;2026-01-22;;;;;;0.0;0.0;0.0;0.0;0.0;0.0;0.0;0.0;0.0;0.0
EDGARD SOUZA;107.0;Reservatório sem usina;TIETE;PARANA;SE;SUDESTE;;;2026-01-22;;;;;;0.0;0.0;0.0;0.0;0.0;0.0;0.0;0.0;0.0;0.0
EMBORCAÇÃO;24.0;Reservatório com Usina;PARANAIBA;PARANA;SE;SUDESTE;;;2026-01-22;9848.017;;21873.496;;45.0226;9848.017;21873.496;0.33682466;0.2786399;0.10936277;0.10690057;0.0;0.0;0.07159023;0.07489174
ERNESTINA;110.0;Reservatório sem usina;JACUI;SUL;S;SUL;;;2026-01-22;205.647;;200.552;;102.5405;205.647;200.552;0.08743926;0.06620289;0.01547201;0.00980251;0.0;0.0;0.00149495;0.00068666
ESPORA;290.0;Reservatório com Usina;PARANAIBA;PARANA;SE;SUDESTE;;;2026-01-22;28.918;;112.927;;25.6077;28.918;112.927;0.00098906;0.00143854;0.00032114;0.0005519;0.0;0.0;0.00021022;0.00038665
FUNIL;123.0;Reservatório com Usina;PARAIBA DO SUL;SUDESTE;SE;SUDESTE;;;2026-01-22;272.28;;813.622;;33.4652;272.28;813.622;0.09787587;0.10769465;0.00302368;0.00397635;0.0;0.0;0.00197934;0.00278573
FURNAS;6.0;Reservatório com Usina;GRANDE;PARANA;SE;SUDESTE;;;2026-01-22;11361.41;;35035.949;;32.4279;11361.41;35035.949;0.61120034;0.67989462;0.12616908;0.17122837;0.0;0.0;0.08259186;0.11995811
G. B. MUNHOZ;74.0;Reservatório com Usina;IGUACU;IGUACU;S;SUL;;;2026-01-22;2964.781;;5880.363;;50.4183;2964.781;5880.363;0.52068739;0.58435864;0.2230576;0.28741842;0.0;0.0;0.0215525;0.02013353
G. P. SOUZA;115.0;Reservatório com Usina;CAPIVARI;SUL;S;SUL;;;2026-01-22;227.743;;374.956;;60.7386;227.743;374.956;1.0;1.0;0.01713442;0.01832697;0.0;0.0;0.00165558;0.0012838
GARIBALDI;89.0;Reservatório com Usina;URUGUAI;SUL;S;SUL;;;2026-01-22;38.645;;101.775;;37.971;38.645;101.775;0.00790017;0.015122;0.00290749;0.00497452;0.0;0.0;0.00028093;0.00034846
GOV JAYME CANET JR;57.0;Reservatório com Usina;PARANAPANEMA;IGUACU;S;SUL;SE;SUDESTE;2026-01-22;126.278;221.134;261.737;451.213;48.2461;347.412;712.95;0.04540921;0.05894833;0.00950062;0.01279309;0.00245571;0.00220518;0.00252551;0.00244104
GUARAPIRANGA;117.0;Reservatório sem usina;TIETE;SUDESTE;SE;SUDESTE;;;2026-01-22;278.962;;408.675;;68.2601;278.962;408.675;0.03883109;0.04202207;0.00309789;0.00199728;0.0;0.0;0.00202792;0.00139925
I. SOLTEIRA;34.0;Reservatório com Usina;PARANA;PARANA;SE;SUDESTE;;;2026-01-22;2670.38;;3691.575;;72.3371;2670.38;3691.575;1.0;1.0;0.02965472;0.01804154;0.0;0.0;0.01941235;0.01263943
IRAPE;148.0;Reservatório com Usina;JEQUITINHONHA;SUDESTE;SE;SUDESTE;NE;NORDESTE;2026-01-22;1189.685;635.796;1962.895;1004.893;60.6087;1825.481;2967.788;1.0;1.0;0.01321152;0.0095931;0.02484182;0.0194403;0.01327035;0.01016128
ITUMBIARA;31.0;Reservatório com Usina;PARANAIBA;PARANA;SE;SUDESTE;;;2026-01-22;5476.432;;15706.409;;34.8675;5476.432;15706.409;0.18730647;0.20007923;0.06081608;0.07676067;0.0;0.0;0.03981096;0.05377651
JAGUARI;120.0;Reservatório com Usina;PARAIBA DO SUL;SUDESTE;SE;SUDESTE;;;2026-01-22;408.773;;1213.775;;33.6778;408.773;1213.775;0.1469407;0.16066069;0.00453945;0.00593198;0.0;0.0;0.00297158;0.00415579
JORDÃO;73.0;Reservatório sem usina;IGUACU;IGUACU;S;SUL;;;2026-01-22;10.643;;20.306;;52.4131;10.643;20.306;0.00186917;0.0020179;0.00080073;0.00099251;0.0;0.0;7.737e-05;6.952e-05
JURUMIRIM;47.0;Reservatório com Usina;PARANAPANEMA;PARANAPANEMA;SE;SUDESTE;;;2026-01-22;2335.205;;4121.37;;56.6609;2335.205;4121.37;0.30522787;0.34076424;0.02593258;0.02014204;0.0;0.0;0.01697579;0.01411099
LAJES;124.0;Reservatório sem usina;PARAIBA DO SUL;SUDESTE;SE;SUDESTE;;;2026-01-22;447.239;;512.183;;87.3202;447.239;512.183;0.16076798;0.06779484;0.00496661;0.00250315;0.0;0.0;0.00325121;0.00175364
LUIZ GONZAGA;172.0;Reservatório com Usina;SAO FRANCISCO;NORDESTE;NE;NORDESTE;;;2026-01-22;1545.024;;3418.033;;45.2021;1545.024;3418.033;0.05934946;0.06482484;0.06036717;0.06612405;0.0;0.0;0.01123156;0.01170286
M. MORAES;7.0;Reservatório com Usina;GRANDE;PARANA;SE;SUDESTE;;;2026-01-22;3012.602;;4339.622;;69.4208;3012.602;4339.622;0.16206645;0.08421309;0.03345511;0.02120868;0.0;0.0;0.02190013;0.01485825
MACHADINHO;91.0;Reservatório com Usina;URUGUAI;SUL;S;SUL;;;2026-01-22;592.376;;890.994;;66.4848;592.376;890.994;0.12109893;0.13238625;0.04456787;0.04354971;0.0;0.0;0.00430628;0.00305064
MANSO;278.0;Reservatório com Usina;PARAGUAI;SUDESTE;SE;SUDESTE;;;2026-01-22;316.205;;555.798;;56.8921;316.205;555.798;1.0;1.0;0.00351147;0.00271631;0.0;0.0;0.00229865;0.00190297
MARIMBONDO;17.0;Reservatório com Usina;GRANDE;PARANA;SE;SUDESTE;;;2026-01-22;1530.127;;5393.697;;28.3688;1530.127;5393.697;0.08231497;0.10466808;0.01699214;0.02636018;0.0;0.0;0.01112327;0.01846725
MIRANDA;26.0;Reservatório com Usina;PARANAIBA;PARANA;SE;SUDESTE;;;2026-01-22;208.042;;269.778;;77.116;208.042;269.778;0.00711551;0.00343662;0.00231032;0.00131846;0.0;0.0;0.00151236;0.00092368
NOVA PONTE;25.0;Reservatório com Usina;PARANAIBA;PARANA;SE;SUDESTE;;;2026-01-22;6578.972;;22766.333;;28.8978;6578.972;22766.333;0.22501586;0.29001349;0.07305985;0.11126406;0.0;0.0;0.04782589;0.07794869
PARAIBUNA;121.0;Reservatório com Usina;PARAIBA DO SUL;SUDESTE;SE;SUDESTE;;;2026-01-22;1494.256;;4561.222;;32.76;1494.256;4561.222;0.53713679;0.60374377;0.0165938;0.02229169;0.0;0.0;0.01086251;0.01561698
PASSO FUNDO;93.0;Reservatório com Usina;URUGUAI;SUL;S;SUL;;;2026-01-22;1429.699;;1706.162;;83.7962;1429.699;1706.162;0.29227217;0.25350607;0.10756451;0.08339322;0.0;0.0;0.01039321;0.00584166
PASSO REAL;111.0;Reservatório com Usina;JACUI;SUL;S;SUL;;;2026-01-22;2146.237;;2828.801;;75.8709;2146.237;2828.801;0.91256074;0.93379678;0.16147381;0.13826519;0.0;0.0;0.01560209;0.00968541
PEDRA DO CAVALO;189.0;Reservatório com Usina;PARAGUACU;NORDESTE;NE;NORDESTE;;;2026-01-22;234.513;;335.383;;69.9239;234.513;335.383;1.0;1.0;0.00916289;0.0064882;0.0;0.0;0.00170479;0.0011483
PEIXE ANGICAL;257.0;Reservatório com Usina;TOCANTINS;SUDESTE;SE;SUDESTE;N;NORTE;2026-01-22;44.816;52.799;114.392;147.034;39.1776;97.615;261.426;0.00359735;0.00524104;0.00049768;0.00055906;0.00612056;0.00960856;0.00070961;0.00089509
PONTE NOVA;105.0;Reservatório sem usina;TIETE;PARANA;SE;SUDESTE;;;2026-01-22;;;;;;0.0;0.0;0.0;0.0;0.0;0.0;0.0;0.0;0.0;0.0
PORTO ESTRELA;135.0;Reservatório com Usina;DOCE;SUDESTE;SE;SUDESTE;;;2026-01-22;11.549;;12.899;;89.5341;11.549;12.899;1.0;1.0;0.00012825;6.304e-05;0.0;0.0;8.396e-05;4.416e-05
PROMISSÃO;40.0;Reservatório com Usina;TIETE;PARANA;SE;SUDESTE;;;2026-01-22;1234.207;;1829.65;;67.4559;1234.207;1829.65;0.17179977;0.18813406;0.01370594;0.0089419;0.0;0.0;0.00897208;0.00626446
QUEBRA QUEIXO;95.0;Reservatório com Usina;URUGUAI;SUL;S;SUL;;;2026-01-22;4.734;;10.163;;46.5807;4.734;10.163;0.00096777;0.00151005;0.00035617;0.00049674;0.0;0.0;3.441e-05;3.48e-05
QUEIMADO;162.0;Reservatório com Usina;SAO FRANCISCO;SUDESTE;SE;SUDESTE;NE;NORDESTE;2026-01-22;105.662;183.527;283.402;484.803;37.2834;289.189;768.205;0.0111087;0.01456942;0.00117338;0.00138505;0.00717077;0.00937883;0.00210226;0.00263022
RETIRO BAIXO;155.0;Reservatório com Usina;SAO FRANCISCO;SUDESTE;SE;SUDESTE;NE;NORDESTE;2026-01-22;7.317;28.597;11.43;42.91;64.0157;35.914;54.34;0.00137958;0.00103059;8.126e-05;5.586e-05;0.00111734;0.00083012;0.00026108;0.00018605
RONDON II;276.0;Reservatório com Usina;AMAZONAS;MADEIRA;SE;SUDESTE;;;2026-01-22;33.701;;56.442;;59.7091;33.701;56.442;0.05450158;0.02782819;0.00037425;0.00027584;0.0;0.0;0.00024499;0.00019325
S.DO FACÃO;21.0;Reservatório com Usina;PARANAIBA;PARANA;SE;SUDESTE;;;2026-01-22;2950.379;;6581.918;;44.8255;2950.379;6581.918;0.1009097;0.08384508;0.03276412;0.03216728;0.0;0.0;0.0214478;0.02253555
SALTO RS;;Reservatório sem usina;JACUI;SUL;S;SUL;;;2026-01-22;;;;;;0.0;0.0;0.0;0.0;0.0;0.0;0.0;0.0;0.0;0.0
SALTO SANTIAGO;77.0;Reservatório com Usina;IGUACU;IGUACU;S;SUL;;;2026-01-22;2326.716;;3340.803;;69.6454;2326.716;3340.803;0.40862772;0.33199092;0.17505228;0.16329065;0.0;0.0;0.01691408;0.01143843
SAMUEL;279.0;Reservatório com Usina;AMAZONAS;MADEIRA;SE;SUDESTE;;;2026-01-22;105.815;;257.288;;41.1271;105.815;257.288;0.17112504;0.1268534;0.00117508;0.00125742;0.0;0.0;0.00076922;0.00088092
SANTA BRANCA;122.0;Reservatório com Usina;PARAIBA DO SUL;SUDESTE;SE;SUDESTE;;;2026-01-22;159.344;;454.095;;35.0905;159.344;454.095;0.05727902;0.06010605;0.00176952;0.00221926;0.0;0.0;0.00115835;0.00155476
SANTA CLARA-PR;71.0;Reservatório com Usina;IGUACU;IGUACU;S;SUL;;;2026-01-22;208.91;;373.966;;55.8634;208.91;373.966;0.03668966;0.03716272;0.01571751;0.01827859;0.0;0.0;0.00151867;0.00128041
SANTANA;181.0;Reservatório sem usina;PARAIBA DO SUL;SUDESTE;SE;SUDESTE;;;2026-01-22;;;;;;0.0;0.0;0.0;0.0;0.0;0.0;0.0;0.0;0.0;0.0
SANTONIO CM;193.0;Reservatório sem usina;DOCE;SUDESTE;SE;SUDESTE;;;2026-01-22;;;;;;0.0;0.0;0.0;0.0;0.0;0.0;0.0;0.0;0.0;0.0
SAO ROQUE;88.0;Reservatório com Usina;URUGUAI;SUL;S;SUL;;;2026-01-22;604.303;;801.912;;75.3578;604.303;801.912;0.12353716;0.11915021;0.04546521;0.03919559;0.0;0.0;0.00439299;0.00274563
SÃO SIMÃO;33.0;Reservatório com Usina;PARANAIBA;PARANA;SE;SUDESTE;;;2026-01-22;1526.957;;5014.801;;30.449;1526.957;5014.801;0.05222541;0.06388205;0.01695694;0.02450843;0.0;0.0;0.01110023;0.01716997
SEGREDO;76.0;Reservatório com Usina;IGUACU;IGUACU;S;SUL;;;2026-01-22;182.925;;447.497;;40.8774;182.925;447.497;0.03212606;0.04446983;0.0137625;0.02187261;0.0;0.0;0.00132977;0.00153217
SERRA DA MESA;251.0;Reservatório com Usina;TOCANTINS;SUDESTE;SE;SUDESTE;N;NORTE;2026-01-22;18830.824;6009.439;35277.664;6620.419;53.3789;24840.263;41898.083;0.9154236;0.8399674;0.20911734;0.17240968;0.69662596;0.43263937;0.18057648;0.14345308
SINOP;227.0;Reservatório com Usina;AMAZONAS;TELES PIRES;SE;SUDESTE;;;2026-01-22;111.966;;900.655;;12.4316;111.966;900.655;0.1810725;0.44405938;0.00124339;0.0044017;0.0;0.0;0.00081394;0.00308371
SOBRADINHO;169.0;Reservatório com Usina;SAO FRANCISCO;NORDESTE;NE;NORDESTE;;;2026-01-22;13195.477;;30100.282;;43.8384;13195.477;30100.282;0.50688172;0.5708681;0.51557365;0.58230931;0.0;0.0;0.09592462;0.10305909
TOCOS;180.0;Reservatório sem usina;PARAIBA DO SUL;SUDESTE;SE;SUDESTE;;;2026-01-22;;;;;;0.0;0.0;0.0;0.0;0.0;0.0;0.0;0.0;0.0;0.0
TRÊS IRMÃOS;43.0;Reservatório com Usina;TIETE;PARANA;SE;SUDESTE;;;2026-01-22;1806.96;;2328.579;;77.5993;1806.96;2328.579;0.25152614;0.23943651;0.02006639;0.01138028;0.0;0.0;0.01313571;0.00797272
TRÊS MARIAS;156.0;Reservatório com Usina;SAO FRANCISCO;SUDESTE;SE;SUDESTE;NE;NORDESTE;2026-01-22;1304.37;9662.681;2345.606;16040.745;55.6091;10967.051;18386.351;0.42128054;0.34870707;0.0144851;0.01146349;0.37754025;0.31031852;0.07972506;0.06295225
TUCURUI;275.0;Reservatório com Usina;TOCANTINS;NORTE;N;NORTE;;;2026-01-22;2197.39;;7721.097;;28.4596;2197.39;7721.097;0.08097912;0.15479156;0.25472576;0.50456785;0.0;0.0;0.01597394;0.02643594
A. VERMELHA;18.0;Reservatório com Usina;GRANDE;PARANA;SE;SUDESTE;;;2026-01-23;1373.249;;4340.282;;31.6396;1373.249;4340.282;0.07317877;0.0842259;0.01512404;0.02121191;0.0;0.0;0.00989415;0.01486051
ANTA;128.0;Reservatório sem usina;PARAIBA DO SUL;SUDESTE;SE;SUDESTE;;;2026-01-23;;;;;;0.0;0.0;0.0;0.0;0.0;0.0;0.0;0.0;0.0;0.0
B. BONITA;37.0;Reservatório com Usina;TIETE;PARANA;SE;SUDESTE;;;2026-01-23;2067.252;;2713.786;;76.1759;2067.252;2713.786;0.28846989;0.27904549;0.02276732;0.01326287;0.0;0.0;0.01489438;0.00929162
BALBINA;277.0;Reservatório com Usina;AMAZONAS;MANAUS-AMAPA;N;NORTE;;;2026-01-23;362.31;;785.737;;46.1108;362.31;785.737;0.5807404;0.38740015;0.04153311;0.05134732;0.0;0.0;0.00261041;0.00269025
BARRA GRANDE;86.0;Reservatório com Usina;URUGUAI;SUL;S;SUL;;;2026-01-23;2061.976;;2991.427;;68.9295;2061.976;2991.427;0.42197271;0.44447414;0.15562238;0.14621397;0.0;0.0;0.01485637;0.01024222
BATALHA;20.0;Reservatório com Usina;PARANAIBA;PARANA;SE;SUDESTE;;;2026-01-23;1231.483;;2751.514;;44.7566;1231.483;2751.514;0.04144406;0.03505071;0.01356273;0.01344725;0.0;0.0;0.00887273;0.00942079
BILLINGS;118.0;Reservatório sem usina;TIETE;SUDESTE;SE;SUDESTE;;;2026-01-23;1789.17;;2444.556;;73.19;1789.17;2444.556;0.24966559;0.25136187;0.01970471;0.01194708;0.0;0.0;0.01289082;0.00836981
BLANG;;Reservatório sem usina;JACUI;SUL;S;SUL;;;2026-01-23;;;;;;0.0;0.0;0.0;0.0;0.0;0.0;0.0;0.0;0.0;0.0
BOA ESPERANÇA;190.0;Reservatório com Usina;PARNAIBA;NORDESTE;NE;NORDESTE;;;2026-01-23;108.582;;264.178;;41.1018;108.582;264.178;1.0;1.0;0.00417274;0.00511069;0.0;0.0;0.00078232;0.00090451
C.BRANCO-1;27.0;Reservatório com Usina;PARANAIBA;PARANA;SE;SUDESTE;;;2026-01-23;7.118;;20.753;;34.2987;7.118;20.753;0.00023955;0.00026437;7.839e-05;0.00010142;0.0;0.0;5.128e-05;7.106e-05
CACONDE;14.0;Reservatório com Usina;GRANDE;PARANA;SE;SUDESTE;;;2026-01-23;404.13;;853.4;;47.3553;404.13;853.4;0.0215356;0.01656076;0.00445082;0.00417075;0.0;0.0;0.00291172;0.00292192
CACU;311.0;Reservatório com Usina;PARANAIBA;PARANA;SE;SUDESTE;;;2026-01-23;27.897;;30.877;;90.3488;27.897;30.877;0.00093884;0.00039333;0.00030724;0.0001509;0.0;0.0;0.000201;0.00010572
CAMARGOS;1.0;Reservatório com Usina;GRANDE;PARANA;SE;SUDESTE;;;2026-01-23;949.465;;1568.489;;60.5337;949.465;1568.489;0.05059584;0.03043752;0.01045677;0.00766555;0.0;0.0;0.00684082;0.00537028
CAMPOS NOVOS;90.0;Reservatório com Usina;URUGUAI;SUL;S;SUL;;;2026-01-23;151.497;;227.826;;66.4968;151.497;227.826;0.03100308;0.03385099;0.01143385;0.0111356;0.0;0.0;0.00109152;0.00078004
CAPIVARA;61.0;Reservatório com Usina;PARANAPANEMA;PARANAPANEMA;SE;SUDESTE;;;2026-01-23;3270.476;;3889.672;;84.081;3270.476;3889.672;0.43008896;0.32160692;0.03601882;0.01900968;0.0;0.0;0.02356351;0.01331768
CHAVANTES;49.0;Reservatório com Usina;PARANAPANEMA;PARANAPANEMA;SE;SUDESTE;;;2026-01-23;1663.464;;3370.499;;49.3536;1663.464;3370.499;0.21875638;0.27868052;0.01832027;0.01647237;0.0;0.0;0.01198512;0.01154011
CORUMBA;30.0;Reservatório com Usina;PARANAIBA;PARANA;SE;SUDESTE;;;2026-01-23;806.083;;1531.054;;52.6489;806.083;1531.054;0.02712774;0.01950364;0.00887766;0.0074826;0.0;0.0;0.00580776;0.00524211
CORUMBA-3;203.0;Reservatório com Usina;PARANAIBA;PARANA;SE;SUDESTE;;;2026-01-23;163.621;;425.126;;38.4876;163.621;425.126;0.00550647;0.00541555;0.00180201;0.00207768;0.0;0.0;0.00117888;0.00145557
CORUMBA-4;29.0;Reservatório com Usina;PARANAIBA;PARANA;SE;SUDESTE;;;2026-01-23;569.264;;1415.959;;40.2034;569.264;1415.959;0.01915789;0.01803748;0.00626949;0.0069201;0.0;0.0;0.0041015;0.00484804
CURUA-UNA;272.0;Reservatório com Usina;AMAZONAS;BELO MONTE;N;NORTE;;;2026-01-23;4.502;;28.109;;16.0162;4.502;28.109;0.00721618;0.01385888;0.00051608;0.0018369;0.0;0.0;3.244e-05;9.624e-05
DIVISA;;Reservatório sem usina;JACUI;SUL;S;SUL;;;2026-01-23;;;;;;0.0;0.0;0.0;0.0;0.0;0.0;0.0;0.0;0.0;0.0
EDGARD SOUZA;107.0;Reservatório sem usina;TIETE;PARANA;SE;SUDESTE;;;2026-01-23;;;;;;0.0;0.0;0.0;0.0;0.0;0.0;0.0;0.0;0.0;0.0
EMBORCAÇÃO;24.0;Reservatório com Usina;PARANAIBA;PARANA;SE;SUDESTE;;;2026-01-23;9955.983;;21873.496;;45.5162;9955.983;21873.496;0.3350565;0.2786399;0.1096485;0.10690057;0.0;0.0;0.07173204;0.07489174
ERNESTINA;110.0;Reservatório sem usina;JACUI;SUL;S;SUL;;;2026-01-23;204.47;;200.552;;101.9536;204.47;200.552;0.08704681;0.06620289;0.01543185;0.00980251;0.0;0.0;0.00147319;0.00068666
ESPORA;290.0;Reservatório com Usina;PARANAIBA;PARANA;SE;SUDESTE;;;2026-01-23;30.453;;112.927;;26.967;30.453;112.927;0.00102486;0.00143854;0.00033539;0.0005519;0.0;0.0;0.00021941;0.00038665
FUNIL;123.0;Reservatório com Usina;PARAIBA DO SUL;SUDESTE;SE;SUDESTE;;;2026-01-23;294.686;;813.622;;36.219;294.686;813.622;0.10443148;0.10769465;0.00324547;0.00397635;0.0;0.0;0.00212319;0.00278573
FURNAS;6.0;Reservatório com Usina;GRANDE;PARANA;SE;SUDESTE;;;2026-01-23;11440.016;;35035.949;;32.6522;11440.016;35035.949;0.60962454;0.67989462;0.12599264;0.17122837;0.0;0.0;0.08242438;0.11995811
G. B. MUNHOZ;74.0;Reservatório com Usina;IGUACU;IGUACU;S;SUL;;;2026-01-23;2976.494;;5880.363;;50.6175;2976.494;5880.363;0.52571022;0.58435864;0.22464329;0.28741842;0.0;0.0;0.0214454;0.02013353
G. P. SOUZA;115.0;Reservatório com Usina;CAPIVARI;SUL;S;SUL;;;2026-01-23;228.873;;374.956;;61.04;228.873;374.956;1.0;1.0;0.01727361;0.01832697;0.0;0.0;0.00164901;0.0012838
GARIBALDI;89.0;Reservatório com Usina;URUGUAI;SUL;S;SUL;;;2026-01-23;35.074;;101.775;;34.4623;35.074;101.775;0.00717771;0.015122;0.00264712;0.00497452;0.0;0.0;0.00025271;0.00034846
GOV JAYME CANET JR;57.0;Reservatório com Usina;PARANAPANEMA;IGUACU;S;SUL;SE;SUDESTE;2026-01-23;123.661;216.599;261.737;451.213;47.2463;340.26;712.95;0.04474641;0.05894833;0.009333;0.01279309;0.00238548;0.00220518;0.00245155;0.00244104
GUARAPIRANGA;117.0;Reservatório sem usina;TIETE;SUDESTE;SE;SUDESTE;;;2026-01-23;282.231;;408.675;;69.06;282.231;408.675;0.03938327;0.04202207;0.0031083;0.00199728;0.0;0.0;0.00203345;0.00139925
I. SOLTEIRA;34.0;Reservatório com Usina;PARANA;PARANA;SE;SUDESTE;;;2026-01-23;2662.585;;3691.575;;72.126;2662.585;3691.575;1.0;1.0;0.02932392;0.01804154;0.0;0.0;0.01918371;0.01263943
IRAPE;148.0;Reservatório com Usina;JEQUITINHONHA;SUDESTE;SE;SUDESTE;NE;NORDESTE;2026-01-23;1203.332;642.529;1962.895;1004.893;61.3039;1845.861;2967.788;1.00000054;1.0;0.01325269;0.0095931;0.02469201;0.0194403;0.01329928;0.01016128
ITUMBIARA;31.0;Reservatório com Usina;PARANAIBA;PARANA;SE;SUDESTE;;;2026-01-23;5513.733;;15706.409;;35.105;5513.733;15706.409;0.18555798;0.20007923;0.06072455;0.07676067;0.0;0.0;0.03972599;0.05377651
JAGUARI;120.0;Reservatório com Usina;PARAIBA DO SUL;SUDESTE;SE;SUDESTE;;;2026-01-23;409.113;;1213.775;;33.7058;409.113;1213.775;0.14498237;0.16066069;0.0045057;0.00593198;0.0;0.0;0.00294763;0.00415579
JORDÃO;73.0;Reservatório sem usina;IGUACU;IGUACU;S;SUL;;;2026-01-23;8.843;;20.306;;43.5487;8.843;20.306;0.00156186;0.0020179;0.0006674;0.00099251;0.0;0.0;6.371e-05;6.952e-05
JURUMIRIM;47.0;Reservatório com Usina;PARANAPANEMA;PARANAPANEMA;SE;SUDESTE;;;2026-01-23;2329.985;;4121.37;;56.5342;2329.985;4121.37;0.30640825;0.34076424;0.02566089;0.02014204;0.0;0.0;0.01678735;0.01411099
LAJES;124.0;Reservatório sem usina;PARAIBA DO SUL;SUDESTE;SE;SUDESTE;;;2026-01-23;451.541;;512.183;;88.1601;451.541;512.183;0.1600181;0.06779484;0.00497297;0.00250315;0.0;0.0;0.00325332;0.00175364
LUIZ GONZAGA;172.0;Reservatório com Usina;SAO FRANCISCO;NORDESTE;NE;NORDESTE;;;2026-01-23;1558.689;;3418.033;;45.6019;1558.689;3418.033;0.05879831;0.06482484;0.05989951;0.06612405;0.0;0.0;0.01123023;0.01170286
M. MORAES;7.0;Reservatório com Usina;GRANDE;PARANA;SE;SUDESTE;;;2026-01-23;2998.028;;4339.622;;69.085;2998.028;4339.622;0.15976127;0.08421309;0.03301826;0.02120868;0.0;0.0;0.02160055;0.01485825
MACHADINHO;91.0;Reservatório com Usina;URUGUAI;SUL;S;SUL;;;2026-01-23;602.377;;890.994;;67.6073;602.377;890.994;0.12327333;0.13238625;0.04546287;0.04354971;0.0;0.0;0.00434008;0.00305064
MANSO;278.0;Reservatório com Usina;PARAGUAI;SUDESTE;SE;SUDESTE;;;2026-01-23;317.561;;555.798;;57.136;317.561;555.798;1.0;1.0;0.0034974;0.00271631;0.0;0.0;0.002288;0.00190297
MARIMBONDO;17.0;Reservatório com Usina;GRANDE;PARANA;SE;SUDESTE;;;2026-01-23;1600.787;;5393.697;;29.6788;1600.787;5393.697;0.08530399;0.10466808;0.01762999;0.02636018;0.0;0.0;0.01153354;0.01846725
MIRANDA;26.0;Reservatório com Usina;PARANAIBA;PARANA;SE;SUDESTE;;;2026-01-23;207.156;;269.778;;76.7876;207.156;269.778;0.00697158;0.00343662;0.00228148;0.00131846;0.0;0.0;0.00149254;0.00092368
NOVA PONTE;25.0;Reservatório com Usina;PARANAIBA;PARANA;SE;SUDESTE;;;2026-01-23;6655.067;;22766.333;;29.2321;6655.067;22766.333;0.22396818;0.29001349;0.07329443;0.11126406;0.0;0.0;0.04794921;0.07794869
PARAIBUNA;121.0;Reservatório com Usina;PARAIBA DO SUL;SUDESTE;SE;SUDESTE;;;2026-01-23;1506.056;;4561.222;;33.0187;1506.056;4561.222;0.53371947;0.60374377;0.01658669;0.02229169;0.0;0.0;0.01085101;0.01561698
PASSO FUNDO;93.0;Reservatório com Usina;URUGUAI;SUL;S;SUL;;;2026-01-23;1422.794;;1706.162;;83.3915;1422.794;1706.162;0.29116743;0.25350607;0.10738175;0.08339322;0.0;0.0;0.01025111;0.00584166
PASSO REAL;111.0;Reservatório com Usina;JACUI;SUL;S;SUL;;;2026-01-23;2144.496;;2828.801;;75.8094;2144.496;2828.801;0.91295319;0.93379678;0.16185037;0.13826519;0.0;0.0;0.01545092;0.00968541
PEDRA DO CAVALO;189.0;Reservatório com Usina;PARAGUACU;NORDESTE;NE;NORDESTE;;;2026-01-23;235.809;;335.383;;70.3104;235.809;335.383;1.0;1.0;0.009062;0.0064882;0.0;0.0;0.00169898;0.0011483
PEIXE ANGICAL;257.0;Reservatório com Usina;TOCANTINS;SUDESTE;SE;SUDESTE;N;NORTE;2026-01-23;56.156;66.182;114.392;147.034;49.0908;122.338;261.426;0.00448443;0.00524104;0.00061846;0.00055906;0.00758672;0.00960856;0.00088144;0.00089509
PONTE NOVA;105.0;Reservatório sem usina;TIETE;PARANA;SE;SUDESTE;;;2026-01-23;;;;;;0.0;0.0;0.0;0.0;0.0;0.0;0.0;0.0;0.0;0.0
PORTO ESTRELA;135.0;Reservatório com Usina;DOCE;SUDESTE;SE;SUDESTE;;;2026-01-23;11.621;;12.899;;90.0923;11.621;12.899;1.0;1.0;0.00012799;6.304e-05;0.0;0.0;8.373e-05;4.416e-05
PROMISSÃO;40.0;Reservatório com Usina;TIETE;PARANA;SE;SUDESTE;;;2026-01-23;1225.576;;1829.65;;66.9842;1225.576;1829.65;0.17102017;0.18813406;0.01349767;0.0089419;0.0;0.0;0.00883017;0.00626446
QUEBRA QUEIXO;95.0;Reservatório com Usina;URUGUAI;SUL;S;SUL;;;2026-01-23;4.869;;10.163;;47.9091;4.869;10.163;0.00099642;0.00151005;0.00036748;0.00049674;0.0;0.0;3.508e-05;3.48e-05
QUEIMADO;162.0;Reservatório com Usina;SAO FRANCISCO;SUDESTE;SE;SUDESTE;NE;NORDESTE;2026-01-23;108.343;188.08;283.402;484.803;38.2294;296.423;768.205;0.01118194;0.01456942;0.00119322;0.00138505;0.0072278;0.00937883;0.0021357;0.00263022
RETIRO BAIXO;155.0;Reservatório com Usina;SAO FRANCISCO;SUDESTE;SE;SUDESTE;NE;NORDESTE;2026-01-23;5.678;22.167;11.43;42.91;49.6763;27.845;54.34;0.00105039;0.00103059;6.253e-05;5.586e-05;0.00085186;0.00083012;0.00020062;0.00018605
RONDON II;276.0;Reservatório com Usina;AMAZONAS;MADEIRA;SE;SUDESTE;;;2026-01-23;34.208;;56.442;;60.6073;34.208;56.442;0.05483141;0.02782819;0.00037674;0.00027584;0.0;0.0;0.00024647;0.00019325
S.DO FACÃO;21.0;Reservatório com Usina;PARANAIBA;PARANA;SE;SUDESTE;;;2026-01-23;2998.696;;6581.918;;45.5596;2998.696;6581.918;0.10091747;0.08384508;0.03302562;0.03216728;0.0;0.0;0.02160536;0.02253555
SALTO RS;;Reservatório sem usina;JACUI;SUL;S;SUL;;;2026-01-23;;;;;;0.0;0.0;0.0;0.0;0.0;0.0;0.0;0.0;0.0;0.0
SALTO SANTIAGO;77.0;Reservatório com Usina;IGUACU;IGUACU;S;SUL;;;2026-01-23;2301.792;;3340.803;;68.8994;2301.792;3340.803;0.40654394;0.33199092;0.17372188;0.16329065;0.0;0.0;0.01658422;0.01143843
SAMUEL;279.0;Reservatório com Usina;AMAZONAS;MADEIRA;SE;SUDESTE;;;2026-01-23;110.89;;257.288;;43.0996;110.89;257.288;0.17774365;0.1268534;0.00122127;0.00125742;0.0;0.0;0.00079895;0.00088092
SANTA BRANCA;122.0;Reservatório com Usina;PARAIBA DO SUL;SUDESTE;SE;SUDESTE;;;2026-01-23;160.416;;454.095;;35.3265;160.416;454.095;0.05684858;0.06010605;0.00176671;0.00221926;0.0;0.0;0.00115578;0.00155476
SANTA CLARA-PR;71.0;Reservatório com Usina;IGUACU;IGUACU;S;SUL;;;2026-01-23;205.068;;373.966;;54.836;205.068;373.966;0.03621924;0.03716272;0.01547698;0.01827859;0.0;0.0;0.0014775;0.00128041
SANTANA;181.0;Reservatório sem usina;PARAIBA DO SUL;SUDESTE;SE;SUDESTE;;;2026-01-23;;;;;;0.0;0.0;0.0;0.0;0.0;0.0;0.0;0.0;0.0;0.0
SANTONIO CM;193.0;Reservatório sem usina;DOCE;SUDESTE;SE;SUDESTE;;;2026-01-23;;;;;;0.0;0.0;0.0;0.0;0.0;0.0;0.0;0.0;0.0;0.0
SAO ROQUE;88.0;Reservatório com Usina;URUGUAI;SUL;S;SUL;;;2026-01-23;607.928;;801.912;;75.8098;607.928;801.912;0.12440932;0.11915021;0.04588182;0.03919559;0.0;0.0;0.00438007;0.00274563
SÃO SIMÃO;33.0;Reservatório com Usina;PARANAIBA;PARANA;SE;SUDESTE;;;2026-01-23;1547.786;;5014.801;;30.8644;1547.786;5014.801;0.05208886;0.06388205;0.01704627;0.02450843;0.0;0.0;0.01115167;0.01716997
SEGREDO;76.0;Reservatório com Usina;IGUACU;IGUACU;S;SUL;;;2026-01-23;169.656;;447.497;;37.9122;169.656;447.497;0.02996475;0.04446983;0.01280435;0.02187261;0.0;0.0;0.00122236;0.00153217
SERRA DA MESA;251.0;Reservatório com Usina;TOCANTINS;SUDESTE;SE;SUDESTE;N;NORTE;2026-01-23;18867.883;6021.294;35277.664;6620.419;53.4839;24889.177;41898.083;0.91233882;0.8399674;0.20779817;0.17240968;0.69024608;0.43263937;0.17932448;0.14345308
SINOP;227.0;Reservatório com Usina;AMAZONAS;TELES PIRES;SE;SUDESTE;;;2026-01-23;111.966;;900.655;;12.4316;111.966;900.655;0.17946836;0.44405938;0.00123312;0.0044017;0.0;0.0;0.00080671;0.00308371
SOBRADINHO;169.0;Reservatório com Usina;SAO FRANCISCO;NORDESTE;NE;NORDESTE;;;2026-01-23;13249.886;;30100.282;;44.0191;13249.886;30100.282;0.49982448;0.5708681;0.50918538;0.58230931;0.0;0.0;0.09546434;0.10305909
TOCOS;180.0;Reservatório sem usina;PARAIBA DO SUL;SUDESTE;SE;SUDESTE;;;2026-01-23;;;;;;0.0;0.0;0.0;0.0;0.0;0.0;0.0;0.0;0.0;0.0
TRÊS IRMÃOS;43.0;Reservatório com Usina;TIETE;PARANA;SE;SUDESTE;;;2026-01-23;1802.036;;2328.579;;77.3878;1802.036;2328.579;0.25146094;0.23943651;0.01984641;0.01138028;0.0;0.0;0.01298352;0.00797272
TRÊS MARIAS;156.0;Reservatório com Usina;SAO FRANCISCO;SUDESTE;SE;SUDESTE;NE;NORDESTE;2026-01-23;1360.243;10015.992;2345.606;16040.745;57.9911;11376.235;18386.351;0.42914488;0.34870707;0.0149808;0.01146349;0.38490872;0.31031852;0.08196484;0.06295225
TUCURUI;275.0;Reservatório com Usina;TOCANTINS;NORTE;N;NORTE;;;2026-01-23;2269.114;;7721.097;;29.3885;2269.114;7721.097;0.08317675;0.15479156;0.26011801;0.50456785;0.0;0.0;0.01634878;0.02643594
A. VERMELHA;18.0;Reservatório com Usina;GRANDE;PARANA;SE;SUDESTE;;;2026-01-24;1381.479;;4340.282;;31.8292;1381.479;4340.282;0.07265286;0.0842259;0.01506741;0.02121191;0.0;0.0;0.0098632;0.01486051
ANTA;128.0;Reservatório sem usina;PARAIBA DO SUL;SUDESTE;SE;SUDESTE;;;2026-01-24;;;;;;0.0;0.0;0.0;0.0;0.0;0.0;0.0;0.0;0.0;0.0
B. BONITA;37.0;Reservatório com Usina;TIETE;PARANA;SE;SUDESTE;;;2026-01-24;2058.488;;2713.786;;75.853;2058.488;2713.786;0.28764415;0.27904549;0.02245136;0.01326287;0.0;0.0;0.01469677;0.00929162
BALBINA;277.0;Reservatório com Usina;AMAZONAS;MANAUS-AMAPA;N;NORTE;;;2026-01-24;365.381;;785.737;;46.5017;365.381;785.737;0.56532872;0.38740015;0.04143704;0.05134732;0.0;0.0;0.00260867;0.00269025
BARRA GRANDE;86.0;Reservatório com Usina;URUGUAI;SUL;S;SUL;;;2026-01-24;2048.056;;2991.427;;68.4642;2048.056;2991.427;0.42080607;0.44447414;0.15515639;0.14621397;0.0;0.0;0.01462229;0.01024222
BATALHA;20.0;Reservatório com Usina;PARANAIBA;PARANA;SE;SUDESTE;;;2026-01-24;1293.669;;2751.514;;47.0166;1293.669;2751.514;0.04283063;0.03505071;0.01410969;0.01344725;0.0;0.0;0.00923627;0.00942079
BILLINGS;118.0;Reservatório sem usina;TIETE;SUDESTE;SE;SUDESTE;;;2026-01-24;1791.37;;2444.556;;73.28;1791.37;2444.556;0.25031825;0.25136187;0.01953798;0.01194708;0.0;0.0;0.01278966;0.00836981
BLANG;;Reservatório sem usina;JACUI;SUL;S;SUL;;;2026-01-24;;;;;;0.0;0.0;0.0;0.0;0.0;0.0;0.0;0.0;0.0;0.0
BOA ESPERANÇA;190.0;Reservatório com Usina;PARNAIBA;NORDESTE;NE;NORDESTE;;;2026-01-24;108.163;;264.178;;40.9432;108.163;264.178;1.0;1.0;0.00410334;0.00511069;0.0;0.0;0.00077224;0.00090451
C.BRANCO-1;27.0;Reservatório com Usina;PARANAIBA;PARANA;SE;SUDESTE;;;2026-01-24;0.566;;20.753;;2.7273;0.566;20.753;1.874e-05;0.00026437;6.17e-06;0.00010142;0.0;0.0;4.04e-06;7.106e-05
CACONDE;14.0;Reservatório com Usina;GRANDE;PARANA;SE;SUDESTE;;;2026-01-24;410.571;;853.4;;48.11;410.571;853.4;0.02159219;0.01656076;0.00447799;0.00417075;0.0;0.0;0.00293131;0.00292192
CACU;311.0;Reservatório com Usina;PARANAIBA;PARANA;SE;SUDESTE;;;2026-01-24;28.865;;30.877;;93.4838;28.865;30.877;0.00095566;0.00039333;0.00031482;0.0001509;0.0;0.0;0.00020608;0.00010572
CAMARGOS;1.0;Reservatório com Usina;GRANDE;PARANA;SE;SUDESTE;;;2026-01-24;975.839;;1568.489;;62.2152;975.839;1568.489;0.05132;0.03043752;0.01064321;0.00766555;0.0;0.0;0.0069671;0.00537028
CAMPOS NOVOS;90.0;Reservatório com Usina;URUGUAI;SUL;S;SUL;;;2026-01-24;152.899;;227.826;;67.1122;152.899;227.826;0.03141556;0.03385099;0.01158331;0.0111356;0.0;0.0;0.00109164;0.00078004
CAPIVARA;61.0;Reservatório com Usina;PARANAPANEMA;PARANAPANEMA;SE;SUDESTE;;;2026-01-24;3255.79;;3889.672;;83.7035;3255.79;3889.672;0.42954545;0.32160692;0.03551001;0.01900968;0.0;0.0;0.02324502;0.01331768
CHAVANTES;49.0;Reservatório com Usina;PARANAPANEMA;PARANAPANEMA;SE;SUDESTE;;;2026-01-24;1659.317;;3370.499;;49.2306;1659.317;3370.499;0.21891832;0.27868052;0.01809772;0.01647237;0.0;0.0;0.01184685;0.01154011
CORUMBA;30.0;Reservatório com Usina;PARANAIBA;PARANA;SE;SUDESTE;;;2026-01-24;843.97;;1531.054;;55.1235;843.97;1531.054;0.02794206;0.01950364;0.00920495;0.0074826;0.0;0.0;0.0060256;0.00524211
CORUMBA-3;203.0;Reservatório com Usina;PARANAIBA;PARANA;SE;SUDESTE;;;2026-01-24;186.011;;425.126;;43.7543;186.011;425.126;0.00615843;0.00541555;0.00202877;0.00207768;0.0;0.0;0.00132804;0.00145557
CORUMBA-4;29.0;Reservatório com Usina;PARANAIBA;PARANA;SE;SUDESTE;;;2026-01-24;632.745;;1415.959;;44.6867;632.745;1415.959;0.02094884;0.01803748;0.00690118;0.0069201;0.0;0.0;0.00451754;0.00484804
CURUA-UNA;272.0;Reservatório com Usina;AMAZONAS;BELO MONTE;N;NORTE;;;2026-01-24;4.557;;28.109;;16.2119;4.557;28.109;0.00705073;0.01385888;0.0005168;0.0018369;0.0;0.0;3.254e-05;9.624e-05
DIVISA;;Reservatório sem usina;JACUI;SUL;S;SUL;;;2026-01-24;;;;;;0.0;0.0;0.0;0.0;0.0;0.0;0.0;0.0;0.0;0.0
EDGARD SOUZA;107.0;Reservatório sem usina;TIETE;PARANA;SE;SUDESTE;;;2026-01-24;;;;;;0.0;0.0;0.0;0.0;0.0;0.0;0.0;0.0;0.0;0.0
EMBORCAÇÃO;24.0;Reservatório com Usina;PARANAIBA;PARANA;SE;SUDESTE;;;2026-01-24;10079.804;;21873.496;;46.0823;10079.804;21873.496;0.33372092;0.2786399;0.10993766;0.10690057;0.0;0.0;0.07196572;0.07489174
ERNESTINA;110.0;Reservatório sem usina;JACUI;SUL;S;SUL;;;2026-01-24;203.789;;200.552;;101.614;203.789;200.552;0.08684644;0.06620289;0.01543862;0.00980251;0.0;0.0;0.00145497;0.00068666
ESPORA;290.0;Reservatório com Usina;PARANAIBA;PARANA;SE;SUDESTE;;;2026-01-24;30.757;;112.927;;27.2362;30.757;112.927;0.0010183;0.00143854;0.00033546;0.0005519;0.0;0.0;0.00021959;0.00038665
FUNIL;123.0;Reservatório com Usina;PARAIBA DO SUL;SUDESTE;SE;SUDESTE;;;2026-01-24;321.262;;813.622;;39.4854;321.262;813.622;0.11219634;0.10769465;0.00350392;0.00397635;0.0;0.0;0.00229368;0.00278573
FURNAS;6.0;Reservatório com Usina;GRANDE;PARANA;SE;SUDESTE;;;2026-01-24;11570.548;;35035.949;;33.0248;11570.548;35035.949;0.60850251;0.67989462;0.1261968;0.17122837;0.0;0.0;0.08260903;0.11995811
G. B. MUNHOZ;74.0;Reservatório com Usina;IGUACU;IGUACU;S;SUL;;;2026-01-24;2976.983;;5880.363;;50.6258;2976.983;5880.363;0.5282755;0.58435864;0.22552994;0.28741842;0.0;0.0;0.02125445;0.02013353
G. P. SOUZA;115.0;Reservatório com Usina;CAPIVARI;SUL;S;SUL;;;2026-01-24;229.513;;374.956;;61.2106;229.513;374.956;1.0;1.0;0.01738742;0.01832697;0.0;0.0;0.00163863;0.0012838
GARIBALDI;89.0;Reservatório com Usina;URUGUAI;SUL;S;SUL;;;2026-01-24;39.458;;101.775;;38.7698;39.458;101.775;0.00810728;0.015122;0.00298925;0.00497452;0.0;0.0;0.00028171;0.00034846
GOV JAYME CANET JR;57.0;Reservatório com Usina;PARANAPANEMA;IGUACU;S;SUL;SE;SUDESTE;2026-01-24;121.622;213.071;261.737;451.213;46.4673;334.693;712.95;0.04415698;0.05894833;0.00921383;0.01279309;0.00232391;0.00220518;0.00238957;0.00244104
GUARAPIRANGA;117.0;Reservatório sem usina;TIETE;SUDESTE;SE;SUDESTE;;;2026-01-24;283.294;;408.675;;69.3201;283.294;408.675;0.03958627;0.04202207;0.00308981;0.00199728;0.0;0.0;0.0020226;0.00139925
I. SOLTEIRA;34.0;Reservatório com Usina;PARANA;PARANA;SE;SUDESTE;;;2026-01-24;2678.177;;3691.575;;72.5484;2678.177;3691.575;1.0;1.0;0.02921014;0.01804154;0.0;0.0;0.0191211;0.01263943
IRAPE;148.0;Reservatório com Usina;JEQUITINHONHA;SUDESTE;SE;SUDESTE;NE;NORDESTE;2026-01-24;1222.1;651.774;1962.895;1004.893;62.2601;1873.874;2967.788;1.00000053;1.0;0.01332911;0.0095931;0.02472611;0.0194403;0.0133787;0.01016128
ITUMBIARA;31.0;Reservatório com Usina;PARANAIBA;PARANA;SE;SUDESTE;;;2026-01-24;5550.116;;15706.409;;35.3366;5550.116;15706.409;0.18375256;0.20007923;0.06053359;0.07676067;0.0;0.0;0.03962558;0.05377651
JAGUARI;120.0;Reservatório com Usina;PARAIBA DO SUL;SUDESTE;SE;SUDESTE;;;2026-01-24;410.578;;1213.775;;33.8265;410.578;1213.775;0.14338873;0.16066069;0.00447806;0.00593198;0.0;0.0;0.00293136;0.00415579
JORDÃO;73.0;Reservatório sem usina;IGUACU;IGUACU;S;SUL;;;2026-01-24;8.818;;20.306;;43.4256;8.818;20.306;0.00156478;0.0020179;0.00066803;0.00099251;0.0;0.0;6.296e-05;6.952e-05
JURUMIRIM;47.0;Reservatório com Usina;PARANAPANEMA;PARANAPANEMA;SE;SUDESTE;;;2026-01-24;2329.816;;4121.37;;56.5301;2329.816;4121.37;0.30737912;0.34076424;0.02541066;0.02014204;0.0;0.0;0.01663394;0.01411099
LAJES;124.0;Reservatório sem usina;PARAIBA DO SUL;SUDESTE;SE;SUDESTE;;;2026-01-24;454.204;;512.183;;88.68;454.204;512.183;0.15862451;0.06779484;0.00495388;0.00250315;0.0;0.0;0.00324283;0.00175364
LUIZ GONZAGA;172.0;Reservatório com Usina;SAO FRANCISCO;NORDESTE;NE;NORDESTE;;;2026-01-24;1558.689;;3418.033;;45.6019;1558.689;3418.033;0.05797853;0.06482484;0.05913142;0.06612405;0.0;0.0;0.01112841;0.01170286
M. MORAES;7.0;Reservatório com Usina;GRANDE;PARANA;SE;SUDESTE;;;2026-01-24;3006.907;;4339.622;;69.2896;3006.907;4339.622;0.15813516;0.08421309;0.03279551;0.02120868;0.0;0.0;0.0214681;0.01485825
MACHADINHO;91.0;Reservatório com Usina;URUGUAI;SUL;S;SUL;;;2026-01-24;615.541;;890.994;;69.0848;615.541;890.994;0.12647281;0.13238625;0.04663208;0.04354971;0.0;0.0;0.00439471;0.00305064
MANSO;278.0;Reservatório com Usina;PARAGUAI;SUDESTE;SE;SUDESTE;;;2026-01-24;319.483;;555.798;;57.4819;319.483;555.798;1.0;1.0;0.00348451;0.00271631;0.0;0.0;0.00228098;0.00190297
MARIMBONDO;17.0;Reservatório com Usina;GRANDE;PARANA;SE;SUDESTE;;;2026-01-24;1669.447;;5393.697;;30.9518;1669.447;5393.697;0.08779728;0.10466808;0.0182082;0.02636018;0.0;0.0;0.01191918;0.01846725
MIRANDA;26.0;Reservatório com Usina;PARANAIBA;PARANA;SE;SUDESTE;;;2026-01-24;197.22;;269.778;;73.1046;197.22;269.778;0.00652954;0.00343662;0.00215102;0.00131846;0.0;0.0;0.00140807;0.00092368
NOVA PONTE;25.0;Reservatório com Usina;PARANAIBA;PARANA;SE;SUDESTE;;;2026-01-24;6742.542;;22766.333;;29.6163;6742.542;22766.333;0.22323125;0.29001349;0.07353906;0.11126406;0.0;0.0;0.04813902;0.07794869
PARAIBUNA;121.0;Reservatório com Usina;PARAIBA DO SUL;SUDESTE;SE;SUDESTE;;;2026-01-24;1515.835;;4561.222;;33.2331;1515.835;4561.222;0.52938457;0.60374377;0.0165328;0.02229169;0.0;0.0;0.01082245;0.01561698
PASSO FUNDO;93.0;Reservatório com Usina;URUGUAI;SUL;S;SUL;;;2026-01-24;1416.063;;1706.162;;82.997;1416.063;1706.162;0.29095294;0.25350607;0.10727794;0.08339322;0.0;0.0;0.01011012;0.00584166
PASSO REAL;111.0;Reservatório com Usina;JACUI;SUL;S;SUL;;;2026-01-24;2142.754;;2828.801;;75.7478;2142.754;2828.801;0.91315313;0.93379678;0.16233051;0.13826519;0.0;0.0;0.0152984;0.00968541
PEDRA DO CAVALO;189.0;Reservatório com Usina;PARAGUACU;NORDESTE;NE;NORDESTE;;;2026-01-24;236.219;;335.383;;70.4326;236.219;335.383;1.0;1.0;0.00896135;0.0064882;0.0;0.0;0.00168651;0.0011483
PEIXE ANGICAL;257.0;Reservatório com Usina;TOCANTINS;SUDESTE;SE;SUDESTE;N;NORTE;2026-01-24;65.399;77.117;114.392;147.034;57.171;142.516;261.426;0.00519953;0.00524104;0.00071329;0.00055906;0.00874567;0.00960856;0.00101751;0.00089509
PONTE NOVA;105.0;Reservatório sem usina;TIETE;PARANA;SE;SUDESTE;;;2026-01-24;;;;;;0.0;0.0;0.0;0.0;0.0;0.0;0.0;0.0;0.0;0.0
PORTO ESTRELA;135.0;Reservatório com Usina;DOCE;SUDESTE;SE;SUDESTE;;;2026-01-24;11.649;;12.899;;90.3093;11.649;12.899;1.0;1.0;0.00012705;6.304e-05;0.0;0.0;8.317e-05;4.416e-05
PROMISSÃO;40.0;Reservatório com Usina;TIETE;PARANA;SE;SUDESTE;;;2026-01-24;1221.182;;1829.65;;66.744;1221.182;1829.65;0.17064266;0.18813406;0.0133191;0.0089419;0.0;0.0;0.00871874;0.00626446
QUEBRA QUEIXO;95.0;Reservatório com Usina;URUGUAI;SUL;S;SUL;;;2026-01-24;4.695;;10.163;;46.197;4.695;10.163;0.00096466;0.00151005;0.00035568;0.00049674;0.0;0.0;3.352e-05;3.48e-05
QUEIMADO;162.0;Reservatório com Usina;SAO FRANCISCO;SUDESTE;SE;SUDESTE;NE;NORDESTE;2026-01-24;110.744;192.15;283.402;484.803;39.0766;302.894;768.205;0.01126674;0.01456942;0.00120785;0.00138505;0.00728953;0.00937883;0.00216254;0.00263022
RETIRO BAIXO;155.0;Reservatório com Usina;SAO FRANCISCO;SUDESTE;SE;SUDESTE;NE;NORDESTE;2026-01-24;6.91;26.875;11.43;42.91;60.4549;33.785;54.34;0.0012567;0.00103059;7.537e-05;5.586e-05;0.00101955;0.00083012;0.00024121;0.00018605
RONDON II;276.0;Reservatório com Usina;AMAZONAS;MADEIRA;SE;SUDESTE;;;2026-01-24;34.72;;56.442;;61.5145;34.72;56.442;0.05371985;0.02782819;0.00037868;0.00027584;0.0;0.0;0.00024789;0.00019325
S.DO FACÃO;21.0;Reservatório com Usina;PARANAIBA;PARANA;SE;SUDESTE;;;2026-01-24;3028.45;;6581.918;;46.0117;3028.45;6581.918;0.10026555;0.08384508;0.03303047;0.03216728;0.0;0.0;0.02162191;0.02253555
SALTO RS;;Reservatório sem usina;JACUI;SUL;S;SUL;;;2026-01-24;;;;;;0.0;0.0;0.0;0.0;0.0;0.0;0.0;0.0;0.0;0.0
SALTO SANTIAGO;77.0;Reservatório com Usina;IGUACU;IGUACU;S;SUL;;;2026-01-24;2291.213;;3340.803;;68.5827;2291.213;3340.803;0.40658334;0.33199092;0.17357745;0.16329065;0.0;0.0;0.01635833;0.01143843
SAMUEL;279.0;Reservatório com Usina;AMAZONAS;MADEIRA;SE;SUDESTE;;;2026-01-24;117.181;;257.288;;45.5447;117.181;257.288;0.18130605;0.1268534;0.00127806;0.00125742;0.0;0.0;0.00083662;0.00088092
SANTA BRANCA;122.0;Reservatório com Usina;PARAIBA DO SUL;SUDESTE;SE;SUDESTE;;;2026-01-24;161.512;;454.095;;35.5679;161.512;454.095;0.05640585;0.06010605;0.00176157;0.00221926;0.0;0.0;0.00115313;0.00155476
SANTA CLARA-PR;71.0;Reservatório com Usina;IGUACU;IGUACU;S;SUL;;;2026-01-24;199.062;;373.966;;53.23;199.062;373.966;0.03532421;0.03716272;0.01508052;0.01827859;0.0;0.0;0.00142122;0.00128041
SANTANA;181.0;Reservatório sem usina;PARAIBA DO SUL;SUDESTE;SE;SUDESTE;;;2026-01-24;;;;;;0.0;0.0;0.0;0.0;0.0;0.0;0.0;0.0;0.0;0.0
SANTONIO CM;193.0;Reservatório sem usina;DOCE;SUDESTE;SE;SUDESTE;;;2026-01-24;;;;;;0.0;0.0;0.0;0.0;0.0;0.0;0.0;0.0;0.0;0.0
SAO ROQUE;88.0;Reservatório com Usina;URUGUAI;SUL;S;SUL;;;2026-01-24;590.271;;801.912;;73.608;590.271;801.912;0.12128068;0.11915021;0.04471768;0.03919559;0.0;0.0;0.0042143;0.00274563
SÃO SIMÃO;33.0;Reservatório com Usina;PARANAIBA;PARANA;SE;SUDESTE;;;2026-01-24;1589.577;;5014.801;;31.6977;1589.577;5014.801;0.05262752;0.06388205;0.01733708;0.02450843;0.0;0.0;0.01134894;0.01716997
SEGREDO;76.0;Reservatório com Usina;IGUACU;IGUACU;S;SUL;;;2026-01-24;159.209;;447.497;;35.5777;159.209;447.497;0.02825216;0.04446983;0.01206134;0.02187261;0.0;0.0;0.00113669;0.00153217
SERRA DA MESA;251.0;Reservatório com Usina;TOCANTINS;SUDESTE;SE;SUDESTE;N;NORTE;2026-01-24;18896.205;6032.527;35277.664;6620.419;53.5642;24928.732;41898.083;0.90949552;0.8399674;0.20609573;0.17240968;0.68413535;0.43263937;0.17798105;0.14345308
SINOP;227.0;Reservatório com Usina;AMAZONAS;TELES PIRES;SE;SUDESTE;;;2026-01-24;124.477;;900.655;;13.8207;124.477;900.655;0.19259464;0.44405938;0.00135764;0.0044017;0.0;0.0;0.00088872;0.00308371
SOBRADINHO;169.0;Reservatório com Usina;SAO FRANCISCO;NORDESTE;NE;NORDESTE;;;2026-01-24;13303.838;;30100.282;;44.1984;13303.838;30100.282;0.49486263;0.5708681;0.50470289;0.58230931;0.0;0.0;0.09498401;0.10305909
TOCOS;180.0;Reservatório sem usina;PARAIBA DO SUL;SUDESTE;SE;SUDESTE;;;2026-01-24;;;;;;0.0;0.0;0.0;0.0;0.0;0.0;0.0;0.0;0.0;0.0
TRÊS IRMÃOS;43.0;Reservatório com Usina;TIETE;PARANA;SE;SUDESTE;;;2026-01-24;1802.036;;2328.579;;77.3878;1802.036;2328.579;0.25180867;0.23943651;0.01965431;0.01138028;0.0;0.0;0.01286581;0.00797272
TRÊS MARIAS;156.0;Reservatório com Usina;SAO FRANCISCO;SUDESTE;SE;SUDESTE;NE;NORDESTE;2026-01-24;1402.66;10282.035;2345.606;16040.745;59.7995;11684.695;18386.351;0.4346354;0.34870707;0.01529843;0.01146349;0.39006584;0.31031852;0.08342399;0.06295225
TUCURUI;275.0;Reservatório com Usina;TOCANTINS;NORTE;N;NORTE;;;2026-01-24;2338.158;;7721.097;;30.2827;2338.158;7721.097;0.08530495;0.15479156;0.26516525;0.50456785;0.0;0.0;0.0166935;0.02643594
A. VERMELHA;18.0;Reservatório com Usina;GRANDE;PARANA;SE;SUDESTE;;;2026-01-25;1389.681;;4340.282;;32.0182;1389.681;4340.282;0.07130974;0.0842259;0.01496752;0.02121191;0.0;0.0;0.0098213;0.01486051
ANTA;128.0;Reservatório sem usina;PARAIBA DO SUL;SUDESTE;SE;SUDESTE;;;2026-01-25;;;;;;0.0;0.0;0.0;0.0;0.0;0.0;0.0;0.0;0.0;0.0
B. BONITA;37.0;Reservatório com Usina;TIETE;PARANA;SE;SUDESTE;;;2026-01-25;2044.092;;2713.786;;75.3225;2044.092;2713.786;0.28576334;0.27904549;0.02201583;0.01326287;0.0;0.0;0.01444622;0.00929162
BALBINA;277.0;Reservatório com Usina;AMAZONAS;MANAUS-AMAPA;N;NORTE;;;2026-01-25;365.381;;785.737;;46.5017;365.381;785.737;0.54760549;0.38740015;0.04116419;0.05134732;0.0;0.0;0.00258226;0.00269025
BARRA GRANDE;86.0;Reservatório com Usina;URUGUAI;SUL;S;SUL;;;2026-01-25;2039.54;;2991.427;;68.1795;2039.54;2991.427;0.42008414;0.44447414;0.15484318;0.14621397;0.0;0.0;0.01441405;0.01024222
BATALHA;20.0;Reservatório com Usina;PARANAIBA;PARANA;SE;SUDESTE;;;2026-01-25;1343.831;;2751.514;;48.8397;1343.831;2751.514;0.04379453;0.03505071;0.01447369;0.01344725;0.0;0.0;0.00949727;0.00942079
BILLINGS;118.0;Reservatório sem usina;TIETE;SUDESTE;SE;SUDESTE;;;2026-01-25;1793.571;;2444.556;;73.37;1793.571;2444.556;0.25074059;0.25136187;0.0193176;0.01194708;0.0;0.0;0.01267572;0.00836981
BLANG;;Reservatório sem usina;JACUI;SUL;S;SUL;;;2026-01-25;;;;;;0.0;0.0;0.0;0.0;0.0;0.0;0.0;0.0;0.0;0.0
BOA ESPERANÇA;190.0;Reservatório com Usina;PARNAIBA;NORDESTE;NE;NORDESTE;;;2026-01-25;107.77;;264.178;;40.7945;107.77;264.178;1.0;1.0;0.00405115;0.00511069;0.0;0.0;0.00076164;0.00090451
C.BRANCO-1;27.0;Reservatório com Usina;PARANAIBA;PARANA;SE;SUDESTE;;;2026-01-25;1.132;;20.753;;5.4546;1.132;20.753;3.689e-05;0.00026437;1.219e-05;0.00010142;0.0;0.0;8e-06;7.106e-05
CACONDE;14.0;Reservatório com Usina;GRANDE;PARANA;SE;SUDESTE;;;2026-01-25;417.688;;853.4;;48.944;417.688;853.4;0.02143314;0.01656076;0.0044987;0.00417075;0.0;0.0;0.00295193;0.00292192
CACU;311.0;Reservatório com Usina;PARANAIBA;PARANA;SE;SUDESTE;;;2026-01-25;29.027;;30.877;;94.0085;29.027;30.877;0.00094597;0.00039333;0.00031263;0.0001509;0.0;0.0;0.00020514;0.00010572
CAMARGOS;1.0;Reservatório com Usina;GRANDE;PARANA;SE;SUDESTE;;;2026-01-25;1008.155;;1568.489;;64.2756;1008.155;1568.489;0.05173221;0.03043752;0.0108583;0.00766555;0.0;0.0;0.00712494;0.00537028
CAMPOS NOVOS;90.0;Reservatório com Usina;URUGUAI;SUL;S;SUL;;;2026-01-25;159.277;;227.826;;69.9117;159.277;227.826;0.03280629;0.03385099;0.01209241;0.0111356;0.0;0.0;0.00112566;0.00078004
CAPIVARA;61.0;Reservatório com Usina;PARANAPANEMA;PARANAPANEMA;SE;SUDESTE;;;2026-01-25;3240.711;;3889.672;;83.3158;3240.711;3889.672;0.42903856;0.32160692;0.03490398;0.01900968;0.0;0.0;0.0229031;0.01331768
CHAVANTES;49.0;Reservatório com Usina;PARANAPANEMA;PARANAPANEMA;SE;SUDESTE;;;2026-01-25;1655.504;;3370.499;;49.1175;1655.504;3370.499;0.2191726;0.27868052;0.01783055;0.01647237;0.0;0.0;0.01169995;0.01154011
CORUMBA;30.0;Reservatório com Usina;PARANAIBA;PARANA;SE;SUDESTE;;;2026-01-25;896.939;;1531.054;;58.5831;896.939;1531.054;0.02923063;0.01950364;0.00966045;0.0074826;0.0;0.0;0.00633894;0.00524211
CORUMBA-3;203.0;Reservatório com Usina;PARANAIBA;PARANA;SE;SUDESTE;;;2026-01-25;198.544;;425.126;;46.7024;198.544;425.126;0.00647041;0.00541555;0.00213841;0.00207768;0.0;0.0;0.00140317;0.00145557
CORUMBA-4;29.0;Reservatório com Usina;PARANAIBA;PARANA;SE;SUDESTE;;;2026-01-25;672.664;;1415.959;;47.5059;672.664;1415.959;0.02192166;0.01803748;0.00724491;0.0069201;0.0;0.0;0.00475392;0.00484804
CURUA-UNA;272.0;Reservatório com Usina;AMAZONAS;BELO MONTE;N;NORTE;;;2026-01-25;4.584;;28.109;;16.3079;4.584;28.109;0.00687015;0.01385888;0.00051644;0.0018369;0.0;0.0;3.24e-05;9.624e-05
DIVISA;;Reservatório sem usina;JACUI;SUL;S;SUL;;;2026-01-25;;;;;;0.0;0.0;0.0;0.0;0.0;0.0;0.0;0.0;0.0;0.0
EDGARD SOUZA;107.0;Reservatório sem usina;TIETE;PARANA;SE;SUDESTE;;;2026-01-25;;;;;;0.0;0.0;0.0;0.0;0.0;0.0;0.0;0.0;0.0;0.0
EMBORCAÇÃO;24.0;Reservatório com Usina;PARANAIBA;PARANA;SE;SUDESTE;;;2026-01-25;10188.97;;21873.496;;46.5814;10188.97;21873.496;0.33205154;0.2786399;0.10973999;0.10690057;0.0;0.0;0.07200857;0.07489174
ERNESTINA;110.0;Reservatório sem usina;JACUI;SUL;S;SUL;;;2026-01-25;203.237;;200.552;;101.3388;203.237;200.552;0.08637511;0.06620289;0.01542988;0.00980251;0.0;0.0;0.00143634;0.00068666
ESPORA;290.0;Reservatório com Usina;PARANAIBA;PARANA;SE;SUDESTE;;;2026-01-25;31.061;;112.927;;27.5054;31.061;112.927;0.00101226;0.00143854;0.00033454;0.0005519;0.0;0.0;0.00021952;0.00038665
FUNIL;123.0;Reservatório com Usina;PARAIBA DO SUL;SUDESTE;SE;SUDESTE;;;2026-01-25;364.307;;813.622;;44.776;364.307;813.622;0.12415106;0.10769465;0.00392376;0.00397635;0.0;0.0;0.00257467;0.00278573
FURNAS;6.0;Reservatório com Usina;GRANDE;PARANA;SE;SUDESTE;;;2026-01-25;11919.805;;35035.949;;34.0216;11919.805;35035.949;0.61164989;0.67989462;0.12838189;0.17122837;0.0;0.0;0.08424091;0.11995811
G. B. MUNHOZ;74.0;Reservatório com Usina;IGUACU;IGUACU;S;SUL;;;2026-01-25;2963.081;;5880.363;;50.3894;2963.081;5880.363;0.52769918;0.58435864;0.224959;0.28741842;0.0;0.0;0.020941;0.02013353
G. P. SOUZA;115.0;Reservatório com Usina;CAPIVARI;SUL;S;SUL;;;2026-01-25;229.513;;374.956;;61.2106;229.513;374.956;1.0;1.0;0.01742477;0.01832697;0.0;0.0;0.00162204;0.0012838
GARIBALDI;89.0;Reservatório com Usina;URUGUAI;SUL;S;SUL;;;2026-01-25;41.864;;101.775;;41.1339;41.864;101.775;0.00862273;0.015122;0.00317834;0.00497452;0.0;0.0;0.00029587;0.00034846
GOV JAYME CANET JR;57.0;Reservatório com Usina;PARANAPANEMA;IGUACU;S;SUL;SE;SUDESTE;2026-01-25;119.008;208.556;261.737;451.213;45.4685;327.564;712.95;0.04336628;0.05894833;0.00903516;0.01279309;0.00224625;0.00220518;0.002315;0.00244104
GUARAPIRANGA;117.0;Reservatório sem usina;TIETE;SUDESTE;SE;SUDESTE;;;2026-01-25;284.397;;408.675;;69.59;284.397;408.675;0.0397586;0.04202207;0.00306309;0.00199728;0.0;0.0;0.00200992;0.00139925
I. SOLTEIRA;34.0;Reservatório com Usina;PARANA;PARANA;SE;SUDESTE;;;2026-01-25;2685.973;;3691.575;;72.7595;2685.973;3691.575;1.0;1.0;0.02892919;0.01804154;0.0;0.0;0.01898259;0.01263943
IRAPE;148.0;Reservatório com Usina;JEQUITINHONHA;SUDESTE;SE;SUDESTE;NE;NORDESTE;2026-01-25;1241.925;661.521;1962.895;1004.893;63.2701;1903.446;2967.788;1.0;1.0;0.01337611;0.0095931;0.02486703;0.0194403;0.01345224;0.01016128
ITUMBIARA;31.0;Reservatório com Usina;PARANAIBA;PARANA;SE;SUDESTE;;;2026-01-25;5610.979;;15706.409;;35.7241;5610.979;15706.409;0.18285796;0.20007923;0.06043288;0.07676067;0.0;0.0;0.03965451;0.05377651
JAGUARI;120.0;Reservatório com Usina;PARAIBA DO SUL;SUDESTE;SE;SUDESTE;;;2026-01-25;412.864;;1213.775;;34.0149;412.864;1213.775;0.14069865;0.16066069;0.00444674;0.00593198;0.0;0.0;0.00291784;0.00415579
JORDÃO;73.0;Reservatório sem usina;IGUACU;IGUACU;S;SUL;;;2026-01-25;8.199;;20.306;;40.3772;8.199;20.306;0.00146017;0.0020179;0.00062247;0.00099251;0.0;0.0;5.794e-05;6.952e-05
JURUMIRIM;47.0;Reservatório com Usina;PARANAPANEMA;PARANAPANEMA;SE;SUDESTE;;;2026-01-25;2329.647;;4121.37;;56.526;2329.647;4121.37;0.30842256;0.34076424;0.02509139;0.02014204;0.0;0.0;0.01646433;0.01411099
LAJES;124.0;Reservatório sem usina;PARAIBA DO SUL;SUDESTE;SE;SUDESTE;;;2026-01-25;456.202;;512.183;;89.0701;456.202;512.183;0.15546767;0.06779484;0.00491351;0.00250315;0.0;0.0;0.00322412;0.00175364
LUIZ GONZAGA;172.0;Reservatório com Usina;SAO FRANCISCO;NORDESTE;NE;NORDESTE;;;2026-01-25;1523.845;;3418.033;;44.5825;1523.845;3418.033;0.05611874;0.06482484;0.05728239;0.06612405;0.0;0.0;0.01076948;0.01170286
M. MORAES;7.0;Reservatório com Usina;GRANDE;PARANA;SE;SUDESTE;;;2026-01-25;3012.36;;4339.622;;69.4153;3012.36;4339.622;0.15457549;0.08421309;0.03244453;0.02120868;0.0;0.0;0.02128927;0.01485825
MACHADINHO;91.0;Reservatório com Usina;URUGUAI;SUL;S;SUL;;;2026-01-25;621.135;;890.994;;69.7126;621.135;890.994;0.1279352;0.13238625;0.04715697;0.04354971;0.0;0.0;0.00438975;0.00305064
MANSO;278.0;Reservatório com Usina;PARAGUAI;SUDESTE;SE;SUDESTE;;;2026-01-25;333.927;;555.798;;60.0806;333.927;555.798;1.0;1.0;0.00359655;0.00271631;0.0;0.0;0.00235996;0.00190297
MARIMBONDO;17.0;Reservatório com Usina;GRANDE;PARANA;SE;SUDESTE;;;2026-01-25;1740.264;;5393.697;;32.2648;1740.264;5393.697;0.08929947;0.10466808;0.01874346;0.02636018;0.0;0.0;0.01229898;0.01846725
MIRANDA;26.0;Reservatório com Usina;PARANAIBA;PARANA;SE;SUDESTE;;;2026-01-25;199.955;;269.778;;74.1183;199.955;269.778;0.0065164;0.00343662;0.00215361;0.00131846;0.0;0.0;0.00141314;0.00092368
NOVA PONTE;25.0;Reservatório com Usina;PARANAIBA;PARANA;SE;SUDESTE;;;2026-01-25;6839.057;;22766.333;;30.0402;6839.057;22766.333;0.22288018;0.29001349;0.07365985;0.11126406;0.0;0.0;0.04833371;0.07794869
PARAIBUNA;121.0;Reservatório com Usina;PARAIBA DO SUL;SUDESTE;SE;SUDESTE;;;2026-01-25;1535.455;;4561.222;;33.6632;1535.455;4561.222;0.52326297;0.60374377;0.01653757;0.02229169;0.0;0.0;0.01085153;0.01561698
PASSO FUNDO;93.0;Reservatório com Usina;URUGUAI;SUL;S;SUL;;;2026-01-25;1414.509;;1706.162;;82.9059;1414.509;1706.162;0.29134648;0.25350607;0.10739043;0.08339322;0.0;0.0;0.00999677;0.00584166
PASSO REAL;111.0;Reservatório com Usina;JACUI;SUL;S;SUL;;;2026-01-25;2149.72;;2828.801;;75.994;2149.72;2828.801;0.91362447;0.93379678;0.16320811;0.13826519;0.0;0.0;0.01519273;0.00968541
PEDRA DO CAVALO;189.0;Reservatório com Usina;PARAGUACU;NORDESTE;NE;NORDESTE;;;2026-01-25;236.219;;335.383;;70.4326;236.219;335.383;1.0;1.0;0.00887964;0.0064882;0.0;0.0;0.00166943;0.0011483
PEIXE ANGICAL;257.0;Reservatório com Usina;TOCANTINS;SUDESTE;SE;SUDESTE;N;NORTE;2026-01-25;72.413;85.401;114.392;147.034;63.3025;157.814;261.426;0.00573239;0.00524104;0.00077992;0.00055906;0.00962136;0.00960856;0.00111532;0.00089509
PONTE NOVA;105.0;Reservatório sem usina;TIETE;PARANA;SE;SUDESTE;;;2026-01-25;;;;;;0.0;0.0;0.0;0.0;0.0;0.0;0.0;0.0;0.0;0.0
PORTO ESTRELA;135.0;Reservatório com Usina;DOCE;SUDESTE;SE;SUDESTE;;;2026-01-25;11.504;;12.899;;89.1852;11.504;12.899;1.0;1.0;0.0001239;6.304e-05;0.0;0.0;8.13e-05;4.416e-05
PROMISSÃO;40.0;Reservatório com Usina;TIETE;PARANA;SE;SUDESTE;;;2026-01-25;1234.156;;1829.65;;67.4531;1234.156;1829.65;0.17253457;0.18813406;0.01329244;0.0089419;0.0;0.0;0.00872216;0.00626446
QUEBRA QUEIXO;95.0;Reservatório com Usina;URUGUAI;SUL;S;SUL;;;2026-01-25;4.734;;10.163;;46.5807;4.734;10.163;0.00097506;0.00151005;0.00035941;0.00049674;0.0;0.0;3.346e-05;3.48e-05
QUEIMADO;162.0;Reservatório com Usina;SAO FRANCISCO;SUDESTE;SE;SUDESTE;NE;NORDESTE;2026-01-25;114.137;197.875;283.402;484.803;40.2739;312.012;768.205;0.01149049;0.01456942;0.00122931;0.00138505;0.00743826;0.00937883;0.00220508;0.00263022
RETIRO BAIXO;155.0;Reservatório com Usina;SAO FRANCISCO;SUDESTE;SE;SUDESTE;NE;NORDESTE;2026-01-25;7.315;28.384;11.43;42.91;63.9983;35.699;54.34;0.00131469;0.00103059;7.879e-05;5.586e-05;0.00106697;0.00083012;0.0002523;0.00018605
RONDON II;276.0;Reservatório com Usina;AMAZONAS;MADEIRA;SE;SUDESTE;;;2026-01-25;36.116;;56.442;;63.9878;36.116;56.442;0.05412794;0.02782819;0.00038899;0.00027584;0.0;0.0;0.00025524;0.00019325
S.DO FACÃO;21.0;Reservatório com Usina;PARANAIBA;PARANA;SE;SUDESTE;;;2026-01-25;3049.345;;6581.918;;46.3291;3049.345;6581.918;0.09937606;0.08384508;0.03284288;0.03216728;0.0;0.0;0.02155065;0.02253555
SALTO RS;;Reservatório sem usina;JACUI;SUL;S;SUL;;;2026-01-25;;;;;;0.0;0.0;0.0;0.0;0.0;0.0;0.0;0.0;0.0;0.0
SALTO SANTIAGO;77.0;Reservatório com Usina;IGUACU;IGUACU;S;SUL;;;2026-01-25;2282.002;;3340.803;;68.307;2282.002;3340.803;0.40640488;0.33199092;0.17325105;0.16329065;0.0;0.0;0.01612761;0.01143843
SAMUEL;279.0;Reservatório com Usina;AMAZONAS;MADEIRA;SE;SUDESTE;;;2026-01-25;125.461;;257.288;;48.7629;125.461;257.288;0.18803149;0.1268534;0.00135127;0.00125742;0.0;0.0;0.00088667;0.00088092
SANTA BRANCA;122.0;Reservatório com Usina;PARAIBA DO SUL;SUDESTE;SE;SUDESTE;;;2026-01-25;165.558;;454.095;;36.4589;165.558;454.095;0.05642;0.06010605;0.00178314;0.00221926;0.0;0.0;0.00117005;0.00155476
SANTA CLARA-PR;71.0;Reservatório com Usina;IGUACU;IGUACU;S;SUL;;;2026-01-25;193.917;;373.966;;51.8542;193.917;373.966;0.03453495;0.03716272;0.0147223;0.01827859;0.0;0.0;0.00137047;0.00128041
SANTANA;181.0;Reservatório sem usina;PARAIBA DO SUL;SUDESTE;SE;SUDESTE;;;2026-01-25;;;;;;0.0;0.0;0.0;0.0;0.0;0.0;0.0;0.0;0.0;0.0
SANTONIO CM;193.0;Reservatório sem usina;DOCE;SUDESTE;SE;SUDESTE;;;2026-01-25;;;;;;0.0;0.0;0.0;0.0;0.0;0.0;0.0;0.0;0.0;0.0
SAO ROQUE;88.0;Reservatório com Usina;URUGUAI;SUL;S;SUL;;;2026-01-25;574.016;;801.912;;71.5809;574.016;801.912;0.1182301;0.11915021;0.04357966;0.03919559;0.0;0.0;0.00405675;0.00274563
SÃO SIMÃO;33.0;Reservatório com Usina;PARANAIBA;PARANA;SE;SUDESTE;;;2026-01-25;1623.402;;5014.801;;32.3722;1623.402;5014.801;0.05290556;0.06388205;0.0174848;0.02450843;0.0;0.0;0.01147308;0.01716997
SEGREDO;76.0;Reservatório com Usina;IGUACU;IGUACU;S;SUL;;;2026-01-25;167.896;;447.497;;37.5189;167.896;447.497;0.02990083;0.04446983;0.01274677;0.02187261;0.0;0.0;0.00118657;0.00153217
SERRA DA MESA;251.0;Reservatório com Usina;TOCANTINS;SUDESTE;SE;SUDESTE;N;NORTE;2026-01-25;18951.576;6039.466;35277.664;6620.419;53.7212;24991.042;41898.083;0.90776794;0.8399674;0.20411736;0.17240968;0.68041229;0.43263937;0.17661934;0.14345308
SINOP;227.0;Reservatório com Usina;AMAZONAS;TELES PIRES;SE;SUDESTE;;;2026-01-25;135.691;;900.655;;15.0658;135.691;900.655;0.20336344;0.44405938;0.00146146;0.0044017;0.0;0.0;0.00095897;0.00308371
SOBRADINHO;169.0;Reservatório com Usina;SAO FRANCISCO;NORDESTE;NE;NORDESTE;;;2026-01-25;13359.608;;30100.282;;44.3837;13359.608;30100.282;0.49199516;0.5708681;0.50219693;0.58230931;0.0;0.0;0.09441644;0.10305909
TOCOS;180.0;Reservatório sem usina;PARAIBA DO SUL;SUDESTE;SE;SUDESTE;;;2026-01-25;;;;;;0.0;0.0;0.0;0.0;0.0;0.0;0.0;0.0;0.0;0.0
TRÊS IRMÃOS;43.0;Reservatório com Usina;TIETE;PARANA;SE;SUDESTE;;;2026-01-25;1796.878;;2328.579;;77.1663;1796.878;2328.579;0.25120291;0.23943651;0.01935322;0.01138028;0.0;0.0;0.01269909;0.00797272
TRÊS MARIAS;156.0;Reservatório com Usina;SAO FRANCISCO;SUDESTE;SE;SUDESTE;NE;NORDESTE;2026-01-25;1435.671;10487.107;2345.606;16040.745;61.2068;11922.778;18386.351;0.43908093;0.34870707;0.01546285;0.01146349;0.39421763;0.31031852;0.08426192;0.06295225
TUCURUI;275.0;Reservatório com Usina;TOCANTINS;NORTE;N;NORTE;;;2026-01-25;2381.353;;7721.097;;30.8422;2381.353;7721.097;0.08649963;0.15479156;0.26828561;0.50456785;0.0;0.0;0.01682975;0.02643594
A. VERMELHA;18.0;Reservatório com Usina;GRANDE;PARANA;SE;SUDESTE;;;2026-01-26;1397.395;;4340.282;;32.1959;1397.395;4340.282;0.07001209;0.0842259;0.0149166;0.02121191;0.0;0.0;0.00981198;0.01486051
ANTA;128.0;Reservatório sem usina;PARAIBA DO SUL;SUDESTE;SE;SUDESTE;;;2026-01-26;;;;;;0.0;0.0;0.0;0.0;0.0;0.0;0.0;0.0;0.0;0.0
B. BONITA;37.0;Reservatório com Usina;TIETE;PARANA;SE;SUDESTE;;;2026-01-26;2020.961;;2713.786;;74.4702;2020.961;2713.786;0.28325008;0.27904549;0.0215729;0.01326287;0.0;0.0;0.01419042;0.00929162
BALBINA;277.0;Reservatório com Usina;AMAZONAS;MANAUS-AMAPA;N;NORTE;;;2026-01-26;365.381;;785.737;;46.5017;365.381;785.737;0.53302785;0.38740015;0.04106325;0.05134732;0.0;0.0;0.00256557;0.00269025
BARRA GRANDE;86.0;Reservatório com Usina;URUGUAI;SUL;S;SUL;;;2026-01-26;2015.131;;2991.427;;67.3635;2015.131;2991.427;0.41996936;0.44447414;0.15468007;0.14621397;0.0;0.0;0.01414948;0.01024222
BATALHA;20.0;Reservatório com Usina;PARANAIBA;PARANA;SE;SUDESTE;;;2026-01-26;1374.823;;2751.514;;49.9661;1374.823;2751.514;0.04445676;0.03505071;0.01467565;0.01344725;0.0;0.0;0.00965348;0.00942079
BILLINGS;118.0;Reservatório sem usina;TIETE;SUDESTE;SE;SUDESTE;;;2026-01-26;1791.37;;2444.556;;73.28;1791.37;2444.556;0.25107149;0.25136187;0.01912212;0.01194708;0.0;0.0;0.01257832;0.00836981
BLANG;;Reservatório sem usina;JACUI;SUL;S;SUL;;;2026-01-26;;;;;;0.0;0.0;0.0;0.0;0.0;0.0;0.0;0.0;0.0;0.0
BOA ESPERANÇA;190.0;Reservatório com Usina;PARNAIBA;NORDESTE;NE;NORDESTE;;;2026-01-26;108.163;;264.178;;40.9432;108.163;264.178;1.0;1.0;0.00403427;0.00511069;0.0;0.0;0.00075948;0.00090451
C.BRANCO-1;27.0;Reservatório com Usina;PARANAIBA;PARANA;SE;SUDESTE;;;2026-01-26;7.419;;20.753;;35.749;7.419;20.753;0.0002399;0.00026437;7.919e-05;0.00010142;0.0;0.0;5.209e-05;7.106e-05
CACONDE;14.0;Reservatório com Usina;GRANDE;PARANA;SE;SUDESTE;;;2026-01-26;427.828;;853.4;;50.1322;427.828;853.4;0.02143498;0.01656076;0.00456688;0.00417075;0.0;0.0;0.00300405;0.00292192
CACU;311.0;Reservatório com Usina;PARANAIBA;PARANA;SE;SUDESTE;;;2026-01-26;27.416;;30.877;;88.791;27.416;30.877;0.00088653;0.00039333;0.00029265;0.0001509;0.0;0.0;0.0001925;0.00010572
CAMARGOS;1.0;Reservatório com Usina;GRANDE;PARANA;SE;SUDESTE;;;2026-01-26;1046.75;;1568.489;;66.7362;1046.75;1568.489;0.05244412;0.03043752;0.01117361;0.00766555;0.0;0.0;0.00734988;0.00537028
CAMPOS NOVOS;90.0;Reservatório com Usina;URUGUAI;SUL;S;SUL;;;2026-01-26;156.1;;227.826;;68.5172;156.1;227.826;0.03253248;0.03385099;0.01198213;0.0111356;0.0;0.0;0.00109607;0.00078004
CAPIVARA;61.0;Reservatório com Usina;PARANAPANEMA;PARANAPANEMA;SE;SUDESTE;;;2026-01-26;3207.387;;3889.672;;82.4591;3207.387;3889.672;0.42809448;0.32160692;0.0342375;0.01900968;0.0;0.0;0.02252105;0.01331768
CHAVANTES;49.0;Reservatório com Usina;PARANAPANEMA;PARANAPANEMA;SE;SUDESTE;;;2026-01-26;1647.518;;3370.499;;48.8805;1647.518;3370.499;0.21989656;0.27868052;0.01758656;0.01647237;0.0;0.0;0.01156824;0.01154011
CORUMBA;30.0;Reservatório com Usina;PARANAIBA;PARANA;SE;SUDESTE;;;2026-01-26;926.457;;1531.054;;60.5111;926.457;1531.054;0.02995824;0.01950364;0.00988954;0.0074826;0.0;0.0;0.00650523;0.00524211
CORUMBA-3;203.0;Reservatório com Usina;PARANAIBA;PARANA;SE;SUDESTE;;;2026-01-26;204.871;;425.126;;48.1907;204.871;425.126;0.00662478;0.00541555;0.00218691;0.00207768;0.0;0.0;0.00143853;0.00145557
CORUMBA-4;29.0;Reservatório com Usina;PARANAIBA;PARANA;SE;SUDESTE;;;2026-01-26;687.749;;1415.959;;48.5713;687.749;1415.959;0.02223929;0.01803748;0.00734143;0.0069201;0.0;0.0;0.00482911;0.00484804
CURUA-UNA;272.0;Reservatório com Usina;AMAZONAS;BELO MONTE;N;NORTE;;;2026-01-26;4.584;;28.109;;16.3079;4.584;28.109;0.00668727;0.01385888;0.00051517;0.0018369;0.0;0.0;3.219e-05;9.624e-05
DIVISA;;Reservatório sem usina;JACUI;SUL;S;SUL;;;2026-01-26;;;;;;0.0;0.0;0.0;0.0;0.0;0.0;0.0;0.0;0.0;0.0
EDGARD SOUZA;107.0;Reservatório sem usina;TIETE;PARANA;SE;SUDESTE;;;2026-01-26;;;;;;0.0;0.0;0.0;0.0;0.0;0.0;0.0;0.0;0.0;0.0
EMBORCAÇÃO;24.0;Reservatório com Usina;PARANAIBA;PARANA;SE;SUDESTE;;;2026-01-26;10249.873;;21873.496;;46.8598;10249.873;21873.496;0.3314435;0.2786399;0.10941306;0.10690057;0.0;0.0;0.0719707;0.07489174
ERNESTINA;110.0;Reservatório sem usina;JACUI;SUL;S;SUL;;;2026-01-26;202.65;;200.552;;101.0461;202.65;200.552;0.0862749;0.06620289;0.01555528;0.00980251;0.0;0.0;0.00142293;0.00068666
ESPORA;290.0;Reservatório com Usina;PARANAIBA;PARANA;SE;SUDESTE;;;2026-01-26;31.217;;112.927;;27.6435;31.217;112.927;0.00100944;0.00143854;0.00033323;0.0005519;0.0;0.0;0.00021919;0.00038665
FUNIL;123.0;Reservatório com Usina;PARAIBA DO SUL;SUDESTE;SE;SUDESTE;;;2026-01-26;401.68;;813.622;;49.3694;401.68;813.622;0.13387446;0.10769465;0.00428776;0.00397635;0.0;0.0;0.00282044;0.00278573
FURNAS;6.0;Reservatório com Usina;GRANDE;PARANA;SE;SUDESTE;;;2026-01-26;12219.882;;35035.949;;34.8781;12219.882;35035.949;0.61223881;0.67989462;0.13044207;0.17122837;0.0;0.0;0.08580336;0.11995811
G. B. MUNHOZ;74.0;Reservatório com Usina;IGUACU;IGUACU;S;SUL;;;2026-01-26;2905.691;;5880.363;;49.4135;2905.691;5880.363;0.52433717;0.58435864;0.22303885;0.28741842;0.0;0.0;0.02040266;0.02013353
G. P. SOUZA;115.0;Reservatório com Usina;CAPIVARI;SUL;S;SUL;;;2026-01-26;225.107;;374.956;;60.0356;225.107;374.956;1.0;1.0;0.01727906;0.01832697;0.0;0.0;0.00158062;0.0012838
GARIBALDI;89.0;Reservatório com Usina;URUGUAI;SUL;S;SUL;;;2026-01-26;46.28;;101.775;;45.4729;46.28;101.775;0.00964512;0.015122;0.00355242;0.00497452;0.0;0.0;0.00032496;0.00034846
GOV JAYME CANET JR;57.0;Reservatório com Usina;PARANAPANEMA;IGUACU;S;SUL;SE;SUDESTE;2026-01-26;113.814;199.57;261.737;451.213;43.4841;313.384;712.95;0.04182781;0.05894833;0.00873628;0.01279309;0.00213033;0.00220518;0.00220046;0.00244104
GUARAPIRANGA;117.0;Reservatório sem usina;TIETE;SUDESTE;SE;SUDESTE;;;2026-01-26;285.501;;408.675;;69.8602;285.501;408.675;0.04001472;0.04202207;0.0030476;0.00199728;0.0;0.0;0.00200468;0.00139925
I. SOLTEIRA;34.0;Reservatório com Usina;PARANA;PARANA;SE;SUDESTE;;;2026-01-26;2678.177;;3691.575;;72.5484;2678.177;3691.575;1.0;1.0;0.02858841;0.01804154;0.0;0.0;0.01880514;0.01263943
IRAPE;148.0;Reservatório com Usina;JEQUITINHONHA;SUDESTE;SE;SUDESTE;NE;NORDESTE;2026-01-26;1259.943;670.364;1962.895;1004.893;64.188;1930.307;2967.788;1.0;1.0;0.01344936;0.0095931;0.0250033;0.0194403;0.01355388;0.01016128
ITUMBIARA;31.0;Reservatório com Usina;PARANAIBA;PARANA;SE;SUDESTE;;;2026-01-26;5648.165;;15706.409;;35.9609;5648.165;15706.409;0.18264105;0.20007923;0.06029177;0.07676067;0.0;0.0;0.03965926;0.05377651
JAGUARI;120.0;Reservatório com Usina;PARAIBA DO SUL;SUDESTE;SE;SUDESTE;;;2026-01-26;414.576;;1213.775;;34.1559;414.576;1213.775;0.13817252;0.16066069;0.00442542;0.00593198;0.0;0.0;0.00291099;0.00415579
JORDÃO;73.0;Reservatório sem usina;IGUACU;IGUACU;S;SUL;;;2026-01-26;8.466;;20.306;;41.6921;8.466;20.306;0.0015277;0.0020179;0.00064984;0.00099251;0.0;0.0;5.945e-05;6.952e-05
JURUMIRIM;47.0;Reservatório com Usina;PARANAPANEMA;PARANAPANEMA;SE;SUDESTE;;;2026-01-26;2323.953;;4121.37;;56.3879;2323.953;4121.37;0.31018129;0.34076424;0.02480721;0.02014204;0.0;0.0;0.01631791;0.01411099
LAJES;124.0;Reservatório sem usina;PARAIBA DO SUL;SUDESTE;SE;SUDESTE;;;2026-01-26;459.889;;512.183;;89.79;459.889;512.183;0.15327472;0.06779484;0.00490912;0.00250315;0.0;0.0;0.00322917;0.00175364
LUIZ GONZAGA;172.0;Reservatório com Usina;SAO FRANCISCO;NORDESTE;NE;NORDESTE;;;2026-01-26;1530.676;;3418.033;;44.7824;1530.676;3418.033;0.05590991;0.06482484;0.05709129;0.06612405;0.0;0.0;0.01074782;0.01170286
M. MORAES;7.0;Reservatório com Usina;GRANDE;PARANA;SE;SUDESTE;;;2026-01-26;3014.093;;4339.622;;69.4552;3014.093;4339.622;0.15101166;0.08421309;0.03217417;0.02120868;0.0;0.0;0.02116381;0.01485825
MACHADINHO;91.0;Reservatório com Usina;URUGUAI;SUL;S;SUL;;;2026-01-26;622.398;;890.994;;69.8543;622.398;890.994;0.1297127;0.13238625;0.04777484;0.04354971;0.0;0.0;0.00437024;0.00305064
MANSO;278.0;Reservatório com Usina;PARAGUAI;SUDESTE;SE;SUDESTE;;;2026-01-26;348.311;;555.798;;62.6686;348.311;555.798;1.0;1.0;0.00371807;0.00271631;0.0;0.0;0.00244571;0.00190297
MARIMBONDO;17.0;Reservatório com Usina;GRANDE;PARANA;SE;SUDESTE;;;2026-01-26;1853.391;;5393.697;;34.3622;1853.391;5393.697;0.09285834;0.10466808;0.01978416;0.02636018;0.0;0.0;0.01301381;0.01846725
MIRANDA;26.0;Reservatório com Usina;PARANAIBA;PARANA;SE;SUDESTE;;;2026-01-26;205.457;;269.778;;76.1578;205.457;269.778;0.00664373;0.00343662;0.00219317;0.00131846;0.0;0.0;0.00144264;0.00092368
NOVA PONTE;25.0;Reservatório com Usina;PARANAIBA;PARANA;SE;SUDESTE;;;2026-01-26;6870.001;;22766.333;;30.1761;6870.001;22766.333;0.22215077;0.29001349;0.07333435;0.11126406;0.0;0.0;0.04823853;0.07794869
PARAIBUNA;121.0;Reservatório com Usina;PARAIBA DO SUL;SUDESTE;SE;SUDESTE;;;2026-01-26;1556.85;;4561.222;;34.1323;1556.85;4561.222;0.51887684;0.60374377;0.01661871;0.02229169;0.0;0.0;0.01093161;0.01561698
PASSO FUNDO;93.0;Reservatório com Usina;URUGUAI;SUL;S;SUL;;;2026-01-26;1409.332;;1706.162;;82.6025;1409.332;1706.162;0.29371602;0.25350607;0.10817936;0.08339322;0.0;0.0;0.00989579;0.00584166
PASSO REAL;111.0;Reservatório com Usina;JACUI;SUL;S;SUL;;;2026-01-26;2146.237;;2828.801;;75.8709;2146.237;2828.801;0.9137251;0.93379678;0.16474368;0.13826519;0.0;0.0;0.01507006;0.00968541
PEDRA DO CAVALO;189.0;Reservatório com Usina;PARAGUACU;NORDESTE;NE;NORDESTE;;;2026-01-26;235.809;;335.383;;70.3104;235.809;335.383;1.0;1.0;0.00879523;0.0064882;0.0;0.0;0.00165576;0.0011483
PEIXE ANGICAL;257.0;Reservatório com Usina;TOCANTINS;SUDESTE;SE;SUDESTE;N;NORTE;2026-01-26;80.719;95.112;114.392;147.034;70.5635;175.831;261.426;0.00636685;0.00524104;0.00086164;0.00055906;0.01068914;0.00960856;0.00123462;0.00089509
PONTE NOVA;105.0;Reservatório sem usina;TIETE;PARANA;SE;SUDESTE;;;2026-01-26;;;;;;0.0;0.0;0.0;0.0;0.0;0.0;0.0;0.0;0.0;0.0
PORTO ESTRELA;135.0;Reservatório com Usina;DOCE;SUDESTE;SE;SUDESTE;;;2026-01-26;11.075;;12.899;;85.8594;11.075;12.899;1.0;1.0;0.00011822;6.304e-05;0.0;0.0;7.776e-05;4.416e-05
PROMISSÃO;40.0;Reservatório com Usina;TIETE;PARANA;SE;SUDESTE;;;2026-01-26;1250.036;;1829.65;;68.321;1250.036;1829.65;0.17520021;0.18813406;0.01334361;0.0089419;0.0;0.0;0.00877728;0.00626446
QUEBRA QUEIXO;95.0;Reservatório com Usina;URUGUAI;SUL;S;SUL;;;2026-01-26;3.661;;10.163;;36.0228;3.661;10.163;0.00076298;0.00151005;0.00028102;0.00049674;0.0;0.0;2.571e-05;3.48e-05
QUEIMADO;162.0;Reservatório com Usina;SAO FRANCISCO;SUDESTE;SE;SUDESTE;NE;NORDESTE;2026-01-26;116.57;201.996;283.402;484.803;41.1324;318.566;768.205;0.01163603;0.01456942;0.00124434;0.00138505;0.00753407;0.00937883;0.00223685;0.00263022
RETIRO BAIXO;155.0;Reservatório com Usina;SAO FRANCISCO;SUDESTE;SE;SUDESTE;NE;NORDESTE;2026-01-26;6.428;24.938;11.43;42.91;56.238;31.366;54.34;0.00114568;0.00103059;6.862e-05;5.586e-05;0.00093014;0.00083012;0.00022024;0.00018605
RONDON II;276.0;Reservatório com Usina;AMAZONAS;MADEIRA;SE;SUDESTE;;;2026-01-26;36.373;;56.442;;64.4431;36.373;56.442;0.05306193;0.02782819;0.00038827;0.00027584;0.0;0.0;0.0002554;0.00019325
S.DO FACÃO;21.0;Reservatório com Usina;PARANAIBA;PARANA;SE;SUDESTE;;;2026-01-26;3055.703;;6581.918;;46.4257;3055.703;6581.918;0.09881029;0.08384508;0.03261834;0.03216728;0.0;0.0;0.02145598;0.02253555
SALTO RS;;Reservatório sem usina;JACUI;SUL;S;SUL;;;2026-01-26;;;;;;0.0;0.0;0.0;0.0;0.0;0.0;0.0;0.0;0.0;0.0
SALTO SANTIAGO;77.0;Reservatório com Usina;IGUACU;IGUACU;S;SUL;;;2026-01-26;2264.95;;3340.803;;67.7966;2264.95;3340.803;0.40871431;0.33199092;0.17385601;0.16329065;0.0;0.0;0.01590362;0.01143843
SAMUEL;279.0;Reservatório com Usina;AMAZONAS;MADEIRA;SE;SUDESTE;;;2026-01-26;134.505;;257.288;;52.278;134.505;257.288;0.19621959;0.1268534;0.00143578;0.00125742;0.0;0.0;0.00094444;0.00088092
SANTA BRANCA;122.0;Reservatório com Usina;PARAIBA DO SUL;SUDESTE;SE;SUDESTE;;;2026-01-26;167.428;;454.095;;36.8707;167.428;454.095;0.05580147;0.06010605;0.00178722;0.00221926;0.0;0.0;0.00117562;0.00155476
SANTA CLARA-PR;71.0;Reservatório com Usina;IGUACU;IGUACU;S;SUL;;;2026-01-26;188.578;;373.966;;50.4265;188.578;373.966;0.03402924;0.03716272;0.01447512;0.01827859;0.0;0.0;0.00132412;0.00128041
SANTANA;181.0;Reservatório sem usina;PARAIBA DO SUL;SUDESTE;SE;SUDESTE;;;2026-01-26;;;;;;0.0;0.0;0.0;0.0;0.0;0.0;0.0;0.0;0.0;0.0
SANTONIO CM;193.0;Reservatório sem usina;DOCE;SUDESTE;SE;SUDESTE;;;2026-01-26;;;;;;0.0;0.0;0.0;0.0;0.0;0.0;0.0;0.0;0.0;0.0
SAO ROQUE;88.0;Reservatório com Usina;URUGUAI;SUL;S;SUL;;;2026-01-26;545.378;;801.912;;68.0097;545.378;801.912;0.11366112;0.11915021;0.04186284;0.03919559;0.0;0.0;0.00382944;0.00274563
SÃO SIMÃO;33.0;Reservatório com Usina;PARANAIBA;PARANA;SE;SUDESTE;;;2026-01-26;1635.796;;5014.801;;32.6194;1635.796;5014.801;0.05289568;0.06388205;0.01746143;0.02450843;0.0;0.0;0.01148594;0.01716997
SEGREDO;76.0;Reservatório com Usina;IGUACU;IGUACU;S;SUL;;;2026-01-26;173.961;;447.497;;38.8742;173.961;447.497;0.03139158;0.04446983;0.01335313;0.02187261;0.0;0.0;0.00122149;0.00153217
SERRA DA MESA;251.0;Reservatório com Usina;TOCANTINS;SUDESTE;SE;SUDESTE;N;NORTE;2026-01-26;19007.899;6041.134;35277.664;6620.419;53.8808;25049.033;41898.083;0.90702622;0.8399674;0.20290128;0.17240968;0.67893121;0.43263937;0.17588477;0.14345308
SINOP;227.0;Reservatório com Usina;AMAZONAS;TELES PIRES;SE;SUDESTE;;;2026-01-26;144.639;;900.655;;16.0593;144.639;900.655;0.21100335;0.44405938;0.00154396;0.0044017;0.0;0.0;0.0010156;0.00308371
SOBRADINHO;169.0;Reservatório com Usina;SAO FRANCISCO;NORDESTE;NE;NORDESTE;;;2026-01-26;13413.796;;30100.282;;44.5637;13413.796;30100.282;0.48995618;0.5708681;0.50030898;0.58230931;0.0;0.0;0.09418657;0.10305909
TOCOS;180.0;Reservatório sem usina;PARAIBA DO SUL;SUDESTE;SE;SUDESTE;;;2026-01-26;;;;;;0.0;0.0;0.0;0.0;0.0;0.0;0.0;0.0;0.0;0.0
TRÊS IRMÃOS;43.0;Reservatório com Usina;TIETE;PARANA;SE;SUDESTE;;;2026-01-26;1787.032;;2328.579;;76.7435;1787.032;2328.579;0.2504635;0.23943651;0.01907581;0.01138028;0.0;0.0;0.01254786;0.00797272
TRÊS MARIAS;156.0;Reservatório com Usina;SAO FRANCISCO;SUDESTE;SE;SUDESTE;NE;NORDESTE;2026-01-26;1457.856;10625.281;2345.606;16040.745;62.1526;12083.137;18386.351;0.44135215;0.34870707;0.015562;0.01146349;0.39630269;0.31031852;0.08484319;0.06295225
TUCURUI;275.0;Reservatório com Usina;TOCANTINS;NORTE;N;NORTE;;;2026-01-26;2391.795;;7721.097;;30.9774;2391.795;7721.097;0.08660697;0.15479156;0.26880123;0.50456785;0.0;0.0;0.01679427;0.02643594
A. VERMELHA;18.0;Reservatório com Usina;GRANDE;PARANA;SE;SUDESTE;;;2026-01-27;1401.638;;4340.282;;32.2937;1401.638;4340.282;0.06905665;0.0842259;0.01484391;0.02121191;0.0;0.0;0.00978936;0.01486051
ANTA;128.0;Reservatório sem usina;PARAIBA DO SUL;SUDESTE;SE;SUDESTE;;;2026-01-27;;;;;;0.0;0.0;0.0;0.0;0.0;0.0;0.0;0.0;0.0;0.0
B. BONITA;37.0;Reservatório com Usina;TIETE;PARANA;SE;SUDESTE;;;2026-01-27;2000.835;;2713.786;;73.7285;2000.835;2713.786;0.28111529;0.27904549;0.02118965;0.01326287;0.0;0.0;0.0139743;0.00929162
BALBINA;277.0;Reservatório com Usina;AMAZONAS;MANAUS-AMAPA;N;NORTE;;;2026-01-27;365.381;;785.737;;46.5017;365.381;785.737;0.52183122;0.38740015;0.04080391;0.05134732;0.0;0.0;0.00255191;0.00269025
BARRA GRANDE;86.0;Reservatório com Usina;URUGUAI;SUL;S;SUL;;;2026-01-27;1975.329;;2991.427;;66.033;1975.329;2991.427;0.42149803;0.44447414;0.15446815;0.14621397;0.0;0.0;0.01379616;0.01024222
BATALHA;20.0;Reservatório com Usina;PARANAIBA;PARANA;SE;SUDESTE;;;2026-01-27;1402.957;;2751.514;;50.9885;1402.957;2751.514;0.0448943;0.03505071;0.01485788;0.01344725;0.0;0.0;0.00979858;0.00942079
BILLINGS;118.0;Reservatório sem usina;TIETE;SUDESTE;SE;SUDESTE;;;2026-01-27;1786.97;;2444.556;;73.1;1786.97;2444.556;0.25106748;0.25136187;0.01892473;0.01194708;0.0;0.0;0.01248061;0.00836981
BLANG;;Reservatório sem usina;JACUI;SUL;S;SUL;;;2026-01-27;;;;;;0.0;0.0;0.0;0.0;0.0;0.0;0.0;0.0;0.0;0.0
BOA ESPERANÇA;190.0;Reservatório com Usina;PARNAIBA;NORDESTE;NE;NORDESTE;;;2026-01-27;108.163;;264.178;;40.9432;108.163;264.178;1.0;1.0;0.00400425;0.00511069;0.0;0.0;0.00075544;0.00090451
C.BRANCO-1;27.0;Reservatório com Usina;PARANAIBA;PARANA;SE;SUDESTE;;;2026-01-27;7.703;;20.753;;37.1175;7.703;20.753;0.00024649;0.00026437;8.158e-05;0.00010142;0.0;0.0;5.38e-05;7.106e-05
CACONDE;14.0;Reservatório com Usina;GRANDE;PARANA;SE;SUDESTE;;;2026-01-27;435.862;;853.4;;51.0736;435.862;853.4;0.02147428;0.01656076;0.00461595;0.00417075;0.0;0.0;0.00304416;0.00292192
CACU;311.0;Reservatório com Usina;PARANAIBA;PARANA;SE;SUDESTE;;;2026-01-27;27.897;;30.877;;90.3488;27.897;30.877;0.0008927;0.00039333;0.00029544;0.0001509;0.0;0.0;0.00019484;0.00010572
CAMARGOS;1.0;Reservatório com Usina;GRANDE;PARANA;SE;SUDESTE;;;2026-01-27;1086.53;;1568.489;;69.2724;1086.53;1568.489;0.05353174;0.03043752;0.01150679;0.00766555;0.0;0.0;0.00758858;0.00537028
CAMPOS NOVOS;90.0;Reservatório com Usina;URUGUAI;SUL;S;SUL;;;2026-01-27;148.75;;227.826;;65.2911;148.75;227.826;0.03174045;0.03385099;0.01163206;0.0111356;0.0;0.0;0.0010389;0.00078004
CAPIVARA;61.0;Reservatório com Usina;PARANAPANEMA;PARANAPANEMA;SE;SUDESTE;;;2026-01-27;3185.179;;3889.672;;81.8881;3185.179;3889.672;0.42810257;0.32160692;0.03373233;0.01900968;0.0;0.0;0.02224603;0.01331768
CHAVANTES;49.0;Reservatório com Usina;PARANAPANEMA;PARANAPANEMA;SE;SUDESTE;;;2026-01-27;1635.587;;3370.499;;48.5266;1635.587;3370.499;0.21983034;0.27868052;0.01732153;0.01647237;0.0;0.0;0.01142332;0.01154011
CORUMBA;30.0;Reservatório com Usina;PARANAIBA;PARANA;SE;SUDESTE;;;2026-01-27;966.58;;1531.054;;63.1317;966.58;1531.054;0.03093033;0.01950364;0.01023647;0.0074826;0.0;0.0;0.00675082;0.00524211
CORUMBA-3;203.0;Reservatório com Usina;PARANAIBA;PARANA;SE;SUDESTE;;;2026-01-27;206.077;;425.126;;48.4743;206.077;425.126;0.00659442;0.00541555;0.00218244;0.00207768;0.0;0.0;0.00143929;0.00145557
CORUMBA-4;29.0;Reservatório com Usina;PARANAIBA;PARANA;SE;SUDESTE;;;2026-01-27;700.63;;1415.959;;49.481;700.63;1415.959;0.02242;0.01803748;0.00741995;0.0069201;0.0;0.0;0.00489336;0.00484804
CURUA-UNA;272.0;Reservatório com Usina;AMAZONAS;BELO MONTE;N;NORTE;;;2026-01-27;4.557;;28.109;;16.2119;4.557;28.109;0.00650823;0.01385888;0.0005089;0.0018369;0.0;0.0;3.183e-05;9.624e-05
DIVISA;;Reservatório sem usina;JACUI;SUL;S;SUL;;;2026-01-27;;;;;;0.0;0.0;0.0;0.0;0.0;0.0;0.0;0.0;0.0;0.0
EDGARD SOUZA;107.0;Reservatório sem usina;TIETE;PARANA;SE;SUDESTE;;;2026-01-27;;;;;;0.0;0.0;0.0;0.0;0.0;0.0;0.0;0.0;0.0;0.0
EMBORCAÇÃO;24.0;Reservatório com Usina;PARANAIBA;PARANA;SE;SUDESTE;;;2026-01-27;10394.747;;21873.496;;47.5221;10394.747;21873.496;0.33262947;0.2786399;0.11008456;0.10690057;0.0;0.0;0.07259932;0.07489174
ERNESTINA;110.0;Reservatório sem usina;JACUI;SUL;S;SUL;;;2026-01-27;202.049;;200.552;;100.7464;202.049;200.552;0.08610493;0.06620289;0.01579997;0.00980251;0.0;0.0;0.00141116;0.00068666
ESPORA;290.0;Reservatório com Usina;PARANAIBA;PARANA;SE;SUDESTE;;;2026-01-27;31.978;;112.927;;28.3174;31.978;112.927;0.00102329;0.00143854;0.00033866;0.0005519;0.0;0.0;0.00022334;0.00038665
FUNIL;123.0;Reservatório com Usina;PARAIBA DO SUL;SUDESTE;SE;SUDESTE;;;2026-01-27;427.704;;813.622;;52.5679;427.704;813.622;0.14010762;0.10769465;0.00452956;0.00397635;0.0;0.0;0.00298718;0.00278573
FURNAS;6.0;Reservatório com Usina;GRANDE;PARANA;SE;SUDESTE;;;2026-01-27;12442.186;;35035.949;;35.5126;12442.186;35035.949;0.61300824;0.67989462;0.13176776;0.17122837;0.0;0.0;0.08689911;0.11995811
G. B. MUNHOZ;74.0;Reservatório com Usina;IGUACU;IGUACU;S;SUL;;;2026-01-27;2803.704;;5880.363;;47.6791;2803.704;5880.363;0.516852;0.58435864;0.219246;0.28741842;0.0;0.0;0.01958172;0.02013353
G. P. SOUZA;115.0;Reservatório com Usina;CAPIVARI;SUL;S;SUL;;;2026-01-27;221.191;;374.956;;58.9912;221.191;374.956;1.0;1.0;0.01729685;0.01832697;0.0;0.0;0.00154485;0.0012838
GARIBALDI;89.0;Reservatório com Usina;URUGUAI;SUL;S;SUL;;;2026-01-27;59.67;;101.775;;58.6293;59.67;101.775;0.01273245;0.015122;0.00466612;0.00497452;0.0;0.0;0.00041675;0.00034846
GOV JAYME CANET JR;57.0;Reservatório com Usina;PARANAPANEMA;IGUACU;S;SUL;SE;SUDESTE;2026-01-27;109.174;191.546;261.737;451.213;41.7113;300.72;712.95;0.04041814;0.05894833;0.00853726;0.01279309;0.00202855;0.00220518;0.0021003;0.00244104
GUARAPIRANGA;117.0;Reservatório sem usina;TIETE;SUDESTE;SE;SUDESTE;;;2026-01-27;287.135;;408.675;;70.26;287.135;408.675;0.04034218;0.04202207;0.00304088;0.00199728;0.0;0.0;0.00200542;0.00139925
I. SOLTEIRA;34.0;Reservatório com Usina;PARANA;PARANA;SE;SUDESTE;;;2026-01-27;2662.585;;3691.575;;72.126;2662.585;3691.575;1.0;1.0;0.02819785;0.01804154;0.0;0.0;0.01859611;0.01263943
IRAPE;148.0;Reservatório com Usina;JEQUITINHONHA;SUDESTE;SE;SUDESTE;NE;NORDESTE;2026-01-27;1270.605;675.589;1962.895;1004.893;64.7312;1946.194;2967.788;1.0;1.0;0.01345622;0.0095931;0.02501065;0.0194403;0.01359267;0.01016128
ITUMBIARA;31.0;Reservatório com Usina;PARANAIBA;PARANA;SE;SUDESTE;;;2026-01-27;5690.239;;15706.409;;36.2288;5690.239;15706.409;0.18208631;0.20007923;0.06026192;0.07676067;0.0;0.0;0.03974195;0.05377651
JAGUARI;120.0;Reservatório com Usina;PARAIBA DO SUL;SUDESTE;SE;SUDESTE;;;2026-01-27;417.197;;1213.775;;34.3719;417.197;1213.775;0.13666573;0.16066069;0.00441828;0.00593198;0.0;0.0;0.0029138;0.00415579
JORDÃO;73.0;Reservatório sem usina;IGUACU;IGUACU;S;SUL;;;2026-01-27;8.986;;20.306;;44.2529;8.986;20.306;0.00165653;0.0020179;0.00070269;0.00099251;0.0;0.0;6.276e-05;6.952e-05
JURUMIRIM;47.0;Reservatório com Usina;PARANAPANEMA;PARANAPANEMA;SE;SUDESTE;;;2026-01-27;2318.738;;4121.37;;56.2613;2318.738;4121.37;0.31164895;0.34076424;0.02455637;0.02014204;0.0;0.0;0.0161946;0.01411099
LAJES;124.0;Reservatório sem usina;PARAIBA DO SUL;SUDESTE;SE;SUDESTE;;;2026-01-27;460.863;;512.183;;89.9801;460.863;512.183;0.15096987;0.06779484;0.00488072;0.00250315;0.0;0.0;0.00321877;0.00175364
LUIZ GONZAGA;172.0;Reservatório com Usina;SAO FRANCISCO;NORDESTE;NE;NORDESTE;;;2026-01-27;1537.508;;3418.033;;44.9822;1537.508;3418.033;0.05571563;0.06482484;0.05691933;0.06612405;0.0;0.0;0.01073831;0.01170286
M. MORAES;7.0;Reservatório com Usina;GRANDE;PARANA;SE;SUDESTE;;;2026-01-27;3006.98;;4339.622;;69.2913;3006.98;4339.622;0.14814949;0.08421309;0.03184513;0.02120868;0.0;0.0;0.02100145;0.01485825
MACHADINHO;91.0;Reservatório com Usina;URUGUAI;SUL;S;SUL;;;2026-01-27;594.898;;890.994;;66.7679;594.898;890.994;0.12694004;0.13238625;0.04652025;0.04354971;0.0;0.0;0.00415491;0.00305064
MANSO;278.0;Reservatório com Usina;PARAGUAI;SUDESTE;SE;SUDESTE;;;2026-01-27;355.55;;555.798;;63.9711;355.55;555.798;1.0;1.0;0.00376542;0.00271631;0.0;0.0;0.00248324;0.00190297
MARIMBONDO;17.0;Reservatório com Usina;GRANDE;PARANA;SE;SUDESTE;;;2026-01-27;1923.736;;5393.697;;35.6664;1923.736;5393.697;0.09477965;0.10466808;0.02037314;0.02636018;0.0;0.0;0.01343582;0.01846725
MIRANDA;26.0;Reservatório com Usina;PARANAIBA;PARANA;SE;SUDESTE;;;2026-01-27;219.961;;269.778;;81.5341;219.961;269.778;0.0070387;0.00343662;0.00232948;0.00131846;0.0;0.0;0.00153626;0.00092368
NOVA PONTE;25.0;Reservatório com Usina;PARANAIBA;PARANA;SE;SUDESTE;;;2026-01-27;6878.336;;22766.333;;30.2128;6878.336;22766.333;0.22010514;0.29001349;0.07284435;0.11126406;0.0;0.0;0.04803989;0.07794869
PARAIBUNA;121.0;Reservatório com Usina;PARAIBA DO SUL;SUDESTE;SE;SUDESTE;;;2026-01-27;1579.79;;4561.222;;34.6352;1579.79;4561.222;0.51750887;0.60374377;0.01673061;0.02229169;0.0;0.0;0.01103362;0.01561698
PASSO FUNDO;93.0;Reservatório com Usina;URUGUAI;SUL;S;SUL;;;2026-01-27;1399.323;;1706.162;;82.0158;1399.323;1706.162;0.29858919;0.25350607;0.10942523;0.08339322;0.0;0.0;0.0097732;0.00584166
PASSO REAL;111.0;Reservatório com Usina;JACUI;SUL;S;SUL;;;2026-01-27;2144.496;;2828.801;;75.8094;2144.496;2828.801;0.9138955;0.93379678;0.16769679;0.13826519;0.0;0.0;0.01497766;0.00968541
PEDRA DO CAVALO;189.0;Reservatório com Usina;PARAGUACU;NORDESTE;NE;NORDESTE;;;2026-01-27;236.662;;335.383;;70.5647;236.662;335.383;1.0;1.0;0.00876135;0.0064882;0.0;0.0;0.0016529;0.0011483
PEIXE ANGICAL;257.0;Reservatório com Usina;TOCANTINS;SUDESTE;SE;SUDESTE;N;NORTE;2026-01-27;95.801;112.747;114.392;147.034;83.748;208.548;261.426;0.00752121;0.00524104;0.00101457;0.00055906;0.01259102;0.00960856;0.00145655;0.00089509
PONTE NOVA;105.0;Reservatório sem usina;TIETE;PARANA;SE;SUDESTE;;;2026-01-27;;;;;;0.0;0.0;0.0;0.0;0.0;0.0;0.0;0.0;0.0;0.0
PORTO ESTRELA;135.0;Reservatório com Usina;DOCE;SUDESTE;SE;SUDESTE;;;2026-01-27;10.383;;12.899;;80.4946;10.383;12.899;1.0;1.0;0.00010996;6.304e-05;0.0;0.0;7.252e-05;4.416e-05
PROMISSÃO;40.0;Reservatório com Usina;TIETE;PARANA;SE;SUDESTE;;;2026-01-27;1275.206;;1829.65;;69.6967;1275.206;1829.65;0.17916515;0.18813406;0.01350495;0.0089419;0.0;0.0;0.00890633;0.00626446
QUEBRA QUEIXO;95.0;Reservatório com Usina;URUGUAI;SUL;S;SUL;;;2026-01-27;3.333;;10.163;;32.7954;3.333;10.163;0.0007112;0.00151005;0.00026064;0.00049674;0.0;0.0;2.328e-05;3.48e-05
QUEIMADO;162.0;Reservatório com Usina;SAO FRANCISCO;SUDESTE;SE;SUDESTE;NE;NORDESTE;2026-01-27;118.723;205.64;283.402;484.803;41.8921;324.363;768.205;0.01175414;0.01456942;0.00125732;0.00138505;0.0076129;0.00937883;0.00226543;0.00263022
RETIRO BAIXO;155.0;Reservatório com Usina;SAO FRANCISCO;SUDESTE;SE;SUDESTE;NE;NORDESTE;2026-01-27;6.435;24.94;11.43;42.91;56.2992;31.375;54.34;0.00113696;0.00103059;6.815e-05;5.586e-05;0.00092329;0.00083012;0.00021913;0.00018605
RONDON II;276.0;Reservatório com Usina;AMAZONAS;MADEIRA;SE;SUDESTE;;;2026-01-27;36.373;;56.442;;64.4431;36.373;56.442;0.05194733;0.02782819;0.0003852;0.00027584;0.0;0.0;0.00025404;0.00019325
S.DO FACÃO;21.0;Reservatório com Usina;PARANAIBA;PARANA;SE;SUDESTE;;;2026-01-27;3057.067;;6581.918;;46.4464;3057.067;6581.918;0.09782543;0.08384508;0.03237557;0.03216728;0.0;0.0;0.02135127;0.02253555
SALTO RS;;Reservatório sem usina;JACUI;SUL;S;SUL;;;2026-01-27;;;;;;0.0;0.0;0.0;0.0;0.0;0.0;0.0;0.0;0.0;0.0
SALTO SANTIAGO;77.0;Reservatório com Usina;IGUACU;IGUACU;S;SUL;;;2026-01-27;2239.045;;3340.803;;67.0212;2239.045;3340.803;0.4127593;0.33199092;0.1750904;0.16329065;0.0;0.0;0.01563801;0.01143843
SAMUEL;279.0;Reservatório com Usina;AMAZONAS;MADEIRA;SE;SUDESTE;;;2026-01-27;142.656;;257.288;;55.446;142.656;257.288;0.20373899;0.1268534;0.00151078;0.00125742;0.0;0.0;0.00099634;0.00088092
SANTA BRANCA;122.0;Reservatório com Usina;PARAIBA DO SUL;SUDESTE;SE;SUDESTE;;;2026-01-27;167.127;;454.095;;36.8044;167.127;454.095;0.0547476;0.06010605;0.00176994;0.00221926;0.0;0.0;0.00116725;0.00155476
SANTA CLARA-PR;71.0;Reservatório com Usina;IGUACU;IGUACU;S;SUL;;;2026-01-27;181.299;;373.966;;48.4801;181.299;373.966;0.03342177;0.03716272;0.01417735;0.01827859;0.0;0.0;0.00126623;0.00128041
SANTANA;181.0;Reservatório sem usina;PARAIBA DO SUL;SUDESTE;SE;SUDESTE;;;2026-01-27;;;;;;0.0;0.0;0.0;0.0;0.0;0.0;0.0;0.0;0.0;0.0
SANTONIO CM;193.0;Reservatório sem usina;DOCE;SUDESTE;SE;SUDESTE;;;2026-01-27;;;;;;0.0;0.0;0.0;0.0;0.0;0.0;0.0;0.0;0.0;0.0
SAO ROQUE;88.0;Reservatório com Usina;URUGUAI;SUL;S;SUL;;;2026-01-27;505.145;;801.912;;62.9926;505.145;801.912;0.10778843;0.11915021;0.03950168;0.03919559;0.0;0.0;0.00352805;0.00274563
SÃO SIMÃO;33.0;Reservatório com Usina;PARANAIBA;PARANA;SE;SUDESTE;;;2026-01-27;1666.057;;5014.801;;33.2228;1666.057;5014.801;0.05331343;0.06388205;0.01764421;0.02450843;0.0;0.0;0.01163613;0.01716997
SEGREDO;76.0;Reservatório com Usina;IGUACU;IGUACU;S;SUL;;;2026-01-27;191.542;;447.497;;42.803;191.542;447.497;0.03531003;0.04446983;0.01497833;0.02187261;0.0;0.0;0.00133777;0.00153217
SERRA DA MESA;251.0;Reservatório com Usina;TOCANTINS;SUDESTE;SE;SUDESTE;N;NORTE;2026-01-27;19047.566;6046.475;35277.664;6620.419;53.9933;25094.041;41898.083;0.90500764;0.8399674;0.2017214;0.17240968;0.67523984;0.43263937;0.1752626;0.14345308
SINOP;227.0;Reservatório com Usina;AMAZONAS;TELES PIRES;SE;SUDESTE;;;2026-01-27;151.223;;900.655;;16.7903;151.223;900.655;0.21597424;0.44405938;0.00160151;0.0044017;0.0;0.0;0.00105618;0.00308371
SOBRADINHO;169.0;Reservatório com Usina;SAO FRANCISCO;NORDESTE;NE;NORDESTE;;;2026-01-27;13467.989;;30100.282;;44.7437;13467.989;30100.282;0.48804785;0.5708681;0.4985918;0.58230931;0.0;0.0;0.09406356;0.10305909
TOCOS;180.0;Reservatório sem usina;PARAIBA DO SUL;SUDESTE;SE;SUDESTE;;;2026-01-27;;;;;;0.0;0.0;0.0;0.0;0.0;0.0;0.0;0.0;0.0;0.0
TRÊS IRMÃOS;43.0;Reservatório com Usina;TIETE;PARANA;SE;SUDESTE;;;2026-01-27;1767.343;;2328.579;;75.8979;1767.343;2328.579;0.2483099;0.23943651;0.01871687;0.01138028;0.0;0.0;0.01234353;0.00797272
TRÊS MARIAS;156.0;Reservatório com Usina;SAO FRANCISCO;SUDESTE;SE;SUDESTE;NE;NORDESTE;2026-01-27;1478.833;10755.563;2345.606;16040.745;63.0469;12234.396;18386.351;0.44334538;0.34870707;0.01566144;0.01146349;0.39817641;0.31031852;0.08544786;0.06295225
TUCURUI;275.0;Reservatório com Usina;TOCANTINS;NORTE;N;NORTE;;;2026-01-27;2425.399;;7721.097;;31.4126;2425.399;7721.097;0.08747115;0.15479156;0.27085633;0.50456785;0.0;0.0;0.01693955;0.02643594
A. VERMELHA;18.0;Reservatório com Usina;GRANDE;PARANA;SE;SUDESTE;;;2026-01-28;1385.524;;4340.282;;31.9224;1385.524;4340.282;0.06776227;0.0842259;0.01459625;0.02121191;0.0;0.0;0.00964316;0.01486051
ANTA;128.0;Reservatório sem usina;PARAIBA DO SUL;SUDESTE;SE;SUDESTE;;;2026-01-28;;;;;;0.0;0.0;0.0;0.0;0.0;0.0;0.0;0.0;0.0;0.0
B. BONITA;37.0;Reservatório com Usina;TIETE;PARANA;SE;SUDESTE;;;2026-01-28;2003.255;;2713.786;;73.8177;2003.255;2713.786;0.282889;0.27904549;0.02110394;0.01326287;0.0;0.0;0.01394253;0.00929162
BALBINA;277.0;Reservatório com Usina;AMAZONAS;MANAUS-AMAPA;N;NORTE;;;2026-01-28;365.381;;785.737;;46.5017;365.381;785.737;0.51339332;0.38740015;0.04062301;0.05134732;0.0;0.0;0.00254303;0.00269025
BARRA GRANDE;86.0;Reservatório com Usina;URUGUAI;SUL;S;SUL;;;2026-01-28;1935.889;;2991.427;;64.7146;1935.889;2991.427;0.42218578;0.44447414;0.15406951;0.14621397;0.0;0.0;0.01347367;0.01024222
BATALHA;20.0;Reservatório com Usina;PARANAIBA;PARANA;SE;SUDESTE;;;2026-01-28;1424.14;;2751.514;;51.7584;1424.14;2751.514;0.04517604;0.03505071;0.01500306;0.01344725;0.0;0.0;0.00991193;0.00942079
BILLINGS;118.0;Reservatório sem usina;TIETE;SUDESTE;SE;SUDESTE;;;2026-01-28;1789.17;;2444.556;;73.19;1789.17;2444.556;0.25265706;0.25136187;0.01884859;0.01194708;0.0;0.0;0.01245251;0.00836981
BLANG;;Reservatório sem usina;JACUI;SUL;S;SUL;;;2026-01-28;;;;;;0.0;0.0;0.0;0.0;0.0;0.0;0.0;0.0;0.0;0.0
BOA ESPERANÇA;190.0;Reservatório com Usina;PARNAIBA;NORDESTE;NE;NORDESTE;;;2026-01-28;107.77;;264.178;;40.7945;107.77;264.178;1.0;1.0;0.00396262;0.00511069;0.0;0.0;0.00075007;0.00090451
C.BRANCO-1;27.0;Reservatório com Usina;PARANAIBA;PARANA;SE;SUDESTE;;;2026-01-28;8.272;;20.753;;39.8593;8.272;20.753;0.0002624;0.00026437;8.714e-05;0.00010142;0.0;0.0;5.757e-05;7.106e-05
CACONDE;14.0;Reservatório com Usina;GRANDE;PARANA;SE;SUDESTE;;;2026-01-28;440.993;;853.4;;51.6748;440.993;853.4;0.02156779;0.01656076;0.00464578;0.00417075;0.0;0.0;0.00306928;0.00292192
CACU;311.0;Reservatório com Usina;PARANAIBA;PARANA;SE;SUDESTE;;;2026-01-28;27.58;;30.877;;89.3221;27.58;30.877;0.00087488;0.00039333;0.00029055;0.0001509;0.0;0.0;0.00019196;0.00010572
CAMARGOS;1.0;Reservatório com Usina;GRANDE;PARANA;SE;SUDESTE;;;2026-01-28;1124.684;;1568.489;;71.7049;1124.684;1568.489;0.05500529;0.03043752;0.01184835;0.00766555;0.0;0.0;0.00782773;0.00537028
CAMPOS NOVOS;90.0;Reservatório com Usina;URUGUAI;SUL;S;SUL;;;2026-01-28;137.802;;227.826;;60.4856;137.802;227.826;0.03005237;0.03385099;0.0109671;0.0111356;0.0;0.0;0.00095909;0.00078004
CAPIVARA;61.0;Reservatório com Usina;PARANAPANEMA;PARANAPANEMA;SE;SUDESTE;;;2026-01-28;3166.942;;3889.672;;81.4193;3166.942;3889.672;0.42835778;0.32160692;0.03336318;0.01900968;0.0;0.0;0.02204172;0.01331768
CHAVANTES;49.0;Reservatório com Usina;PARANAPANEMA;PARANAPANEMA;SE;SUDESTE;;;2026-01-28;1616.298;;3370.499;;47.9543;1616.298;3370.499;0.21861904;0.27868052;0.01702741;0.01647237;0.0;0.0;0.01124934;0.01154011
CORUMBA;30.0;Reservatório com Usina;PARANAIBA;PARANA;SE;SUDESTE;;;2026-01-28;977.712;;1531.054;;63.8588;977.712;1531.054;0.03101461;0.01950364;0.01030002;0.0074826;0.0;0.0;0.00680482;0.00524211
CORUMBA-3;203.0;Reservatório com Usina;PARANAIBA;PARANA;SE;SUDESTE;;;2026-01-28;209.26;;425.126;;49.2231;209.26;425.126;0.00663807;0.00541555;0.00220452;0.00207768;0.0;0.0;0.00145644;0.00145557
CORUMBA-4;29.0;Reservatório com Usina;PARANAIBA;PARANA;SE;SUDESTE;;;2026-01-28;705.886;;1415.959;;49.8521;705.886;1415.959;0.02239185;0.01803748;0.00743638;0.0069201;0.0;0.0;0.00491292;0.00484804
CURUA-UNA;272.0;Reservatório com Usina;AMAZONAS;BELO MONTE;N;NORTE;;;2026-01-28;4.502;;28.109;;16.0162;4.502;28.109;0.00632572;0.01385888;0.00050053;0.0018369;0.0;0.0;3.133e-05;9.624e-05
DIVISA;;Reservatório sem usina;JACUI;SUL;S;SUL;;;2026-01-28;;;;;;0.0;0.0;0.0;0.0;0.0;0.0;0.0;0.0;0.0;0.0
EDGARD SOUZA;107.0;Reservatório sem usina;TIETE;PARANA;SE;SUDESTE;;;2026-01-28;;;;;;0.0;0.0;0.0;0.0;0.0;0.0;0.0;0.0;0.0;0.0
EMBORCAÇÃO;24.0;Reservatório com Usina;PARANAIBA;PARANA;SE;SUDESTE;;;2026-01-28;10511.181;;21873.496;;48.0544;10511.181;21873.496;0.33343176;0.2786399;0.11073344;0.10690057;0.0;0.0;0.07315718;0.07489174
ERNESTINA;110.0;Reservatório sem usina;JACUI;SUL;S;SUL;;;2026-01-28;201.457;;200.552;;100.4513;201.457;200.552;0.08605526;0.06620289;0.01603314;0.00980251;0.0;0.0;0.00140213;0.00068666
ESPORA;290.0;Reservatório com Usina;PARANAIBA;PARANA;SE;SUDESTE;;;2026-01-28;32.904;;112.927;;29.1374;32.904;112.927;0.00104377;0.00143854;0.00034664;0.0005519;0.0;0.0;0.00022901;0.00038665
FUNIL;123.0;Reservatório com Usina;PARAIBA DO SUL;SUDESTE;SE;SUDESTE;;;2026-01-28;422.806;;813.622;;51.9659;422.806;813.622;0.13720518;0.10769465;0.00445419;0.00397635;0.0;0.0;0.0029427;0.00278573
FURNAS;6.0;Reservatório com Usina;GRANDE;PARANA;SE;SUDESTE;;;2026-01-28;12516.708;;35035.949;;35.7253;12516.708;35035.949;0.6121587;0.67989462;0.13186131;0.17122837;0.0;0.0;0.08711552;0.11995811
G. B. MUNHOZ;74.0;Reservatório com Usina;IGUACU;IGUACU;S;SUL;;;2026-01-28;2693.623;;5880.363;;45.8071;2693.623;5880.363;0.5064531;0.58435864;0.21437448;0.28741842;0.0;0.0;0.01874745;0.02013353
G. P. SOUZA;115.0;Reservatório com Usina;CAPIVARI;SUL;S;SUL;;;2026-01-28;215.998;;374.956;;57.6062;215.998;374.956;1.0;1.0;0.0171904;0.01832697;0.0;0.0;0.00150333;0.0012838
GARIBALDI;89.0;Reservatório com Usina;URUGUAI;SUL;S;SUL;;;2026-01-28;59.632;;101.775;;58.592;59.632;101.775;0.01300477;0.015122;0.00474587;0.00497452;0.0;0.0;0.00041504;0.00034846
GOV JAYME CANET JR;57.0;Reservatório com Usina;PARANAPANEMA;IGUACU;S;SUL;SE;SUDESTE;2026-01-28;104.021;182.632;261.737;451.213;39.7426;286.653;712.95;0.03877243;0.05894833;0.00827861;0.01279309;0.001924;0.00220518;0.00199509;0.00244104
GUARAPIRANGA;117.0;Reservatório sem usina;TIETE;SUDESTE;SE;SUDESTE;;;2026-01-28;288.198;;408.675;;70.5201;288.198;408.675;0.04069779;0.04202207;0.00303612;0.00199728;0.0;0.0;0.00200584;0.00139925
I. SOLTEIRA;34.0;Reservatório com Usina;PARANA;PARANA;SE;SUDESTE;;;2026-01-28;2724.59;;3691.575;;73.8056;2724.59;3691.575;1.0;1.0;0.02870308;0.01804154;0.0;0.0;0.01896298;0.01263943
IRAPE;148.0;Reservatório com Usina;JEQUITINHONHA;SUDESTE;SE;SUDESTE;NE;NORDESTE;2026-01-28;1274.093;677.298;1962.895;1004.893;64.9089;1951.391;2967.788;1.0;1.0;0.01342235;0.0095931;0.0249037;0.0194403;0.01358156;0.01016128
ITUMBIARA;31.0;Reservatório com Usina;PARANAIBA;PARANA;SE;SUDESTE;;;2026-01-28;5739.436;;15706.409;;36.542;5739.436;15706.409;0.18206424;0.20007923;0.06046395;0.07676067;0.0;0.0;0.03994612;0.05377651
JAGUARI;120.0;Reservatório com Usina;PARAIBA DO SUL;SUDESTE;SE;SUDESTE;;;2026-01-28;421.074;;1213.775;;34.6913;421.074;1213.775;0.13664313;0.16066069;0.00443594;0.00593198;0.0;0.0;0.00293065;0.00415579
JORDÃO;73.0;Reservatório sem usina;IGUACU;IGUACU;S;SUL;;;2026-01-28;7.723;;20.306;;38.0331;7.723;20.306;0.00145207;0.0020179;0.00061464;0.00099251;0.0;0.0;5.375e-05;6.952e-05
JURUMIRIM;47.0;Reservatório com Usina;PARANAPANEMA;PARANAPANEMA;SE;SUDESTE;;;2026-01-28;2323.324;;4121.37;;56.3726;2323.324;4121.37;0.31425075;0.34076424;0.02447581;0.02014204;0.0;0.0;0.01617019;0.01411099
LAJES;124.0;Reservatório sem usina;PARAIBA DO SUL;SUDESTE;SE;SUDESTE;;;2026-01-28;461.528;;512.183;;90.11;461.528;512.183;0.1497709;0.06779484;0.00486212;0.00250315;0.0;0.0;0.00321221;0.00175364
LUIZ GONZAGA;172.0;Reservatório com Usina;SAO FRANCISCO;NORDESTE;NE;NORDESTE;;;2026-01-28;1545.024;;3418.033;;45.2021;1545.024;3418.033;0.05557944;0.06482484;0.05680929;0.06612405;0.0;0.0;0.01075327;0.01170286
M. MORAES;7.0;Reservatório com Usina;GRANDE;PARANA;SE;SUDESTE;;;2026-01-28;3019.586;;4339.622;;69.5818;3019.586;4339.622;0.14767987;0.08421309;0.03181081;0.02120868;0.0;0.0;0.02101613;0.01485825
MACHADINHO;91.0;Reservatório com Usina;URUGUAI;SUL;S;SUL;;;2026-01-28;574.283;;890.994;;64.4542;574.283;890.994;0.12524175;0.13238625;0.04570484;0.04354971;0.0;0.0;0.00399697;0.00305064
MANSO;278.0;Reservatório com Usina;PARAGUAI;SUDESTE;SE;SUDESTE;;;2026-01-28;364.232;;555.798;;65.5332;364.232;555.798;1.0;1.0;0.00383712;0.00271631;0.0;0.0;0.00253503;0.00190297
MARIMBONDO;17.0;Reservatório com Usina;GRANDE;PARANA;SE;SUDESTE;;;2026-01-28;1959.341;;5393.697;;36.3265;1959.341;5393.697;0.09582613;0.10466808;0.02064131;0.02636018;0.0;0.0;0.01363689;0.01846725
MIRANDA;26.0;Reservatório com Usina;PARANAIBA;PARANA;SE;SUDESTE;;;2026-01-28;218.222;;269.778;;80.8895;218.222;269.778;0.00692236;0.00343662;0.00229893;0.00131846;0.0;0.0;0.00151881;0.00092368
NOVA PONTE;25.0;Reservatório com Usina;PARANAIBA;PARANA;SE;SUDESTE;;;2026-01-28;6899.717;;22766.333;;30.3067;6899.717;22766.333;0.21887024;0.29001349;0.0726873;0.11126406;0.0;0.0;0.04802161;0.07794869
PARAIBUNA;121.0;Reservatório com Usina;PARAIBA DO SUL;SUDESTE;SE;SUDESTE;;;2026-01-28;1608.112;;4561.222;;35.2562;1608.112;4561.222;0.52184997;0.60374377;0.01694118;0.02229169;0.0;0.0;0.01119236;0.01561698
PASSO FUNDO;93.0;Reservatório com Usina;URUGUAI;SUL;S;SUL;;;2026-01-28;1392.594;;1706.162;;81.6214;1392.594;1706.162;0.30370201;0.25350607;0.11083088;0.08339322;0.0;0.0;0.00969237;0.00584166
PASSO REAL;111.0;Reservatório com Usina;JACUI;SUL;S;SUL;;;2026-01-28;2139.562;;2828.801;;75.6349;2139.562;2828.801;0.91394474;0.93379678;0.17027902;0.13826519;0.0;0.0;0.01489122;0.00968541
PEDRA DO CAVALO;189.0;Reservatório com Usina;PARAGUACU;NORDESTE;NE;NORDESTE;;;2026-01-28;237.516;;335.383;;70.8193;237.516;335.383;1.0;1.0;0.00873327;0.0064882;0.0;0.0;0.0016531;0.0011483
PEIXE ANGICAL;257.0;Reservatório com Usina;TOCANTINS;SUDESTE;SE;SUDESTE;N;NORTE;2026-01-28;106.268;124.965;114.392;147.034;92.8981;231.233;261.426;0.00832196;0.00524104;0.00111951;0.00055906;0.01389359;0.00960856;0.00160937;0.00089509
PONTE NOVA;105.0;Reservatório sem usina;TIETE;PARANA;SE;SUDESTE;;;2026-01-28;;;;;;0.0;0.0;0.0;0.0;0.0;0.0;0.0;0.0;0.0;0.0
PORTO ESTRELA;135.0;Reservatório com Usina;DOCE;SUDESTE;SE;SUDESTE;;;2026-01-28;9.591;;12.899;;74.3546;9.591;12.899;1.0;1.0;0.00010104;6.304e-05;0.0;0.0;6.675e-05;4.416e-05
PROMISSÃO;40.0;Reservatório com Usina;TIETE;PARANA;SE;SUDESTE;;;2026-01-28;1238.372;;1829.65;;67.6835;1238.372;1829.65;0.1748763;0.18813406;0.01304603;0.0089419;0.0;0.0;0.00861899;0.00626446
QUEBRA QUEIXO;95.0;Reservatório com Usina;URUGUAI;SUL;S;SUL;;;2026-01-28;3.587;;10.163;;35.2947;3.587;10.163;0.00078227;0.00151005;0.00028547;0.00049674;0.0;0.0;2.497e-05;3.48e-05
QUEIMADO;162.0;Reservatório com Usina;SAO FRANCISCO;SUDESTE;SE;SUDESTE;NE;NORDESTE;2026-01-28;120.395;208.473;283.402;484.803;42.4821;328.868;768.205;0.01183043;0.01456942;0.00126834;0.00138505;0.00766539;0.00937883;0.0022889;0.00263022
RETIRO BAIXO;155.0;Reservatório com Usina;SAO FRANCISCO;SUDESTE;SE;SUDESTE;NE;NORDESTE;2026-01-28;6.946;26.879;11.43;42.91;60.7699;33.825;54.34;0.00121679;0.00103059;7.317e-05;5.586e-05;0.00098832;0.00083012;0.00023542;0.00018605
RONDON II;276.0;Reservatório com Usina;AMAZONAS;MADEIRA;SE;SUDESTE;;;2026-01-28;35.734;;56.442;;63.311;35.734;56.442;0.0502095;0.02782819;0.00037645;0.00027584;0.0;0.0;0.00024871;0.00019325
S.DO FACÃO;21.0;Reservatório com Usina;PARANAIBA;PARANA;SE;SUDESTE;;;2026-01-28;3066.807;;6581.918;;46.5944;3066.807;6581.918;0.09728411;0.08384508;0.03230827;0.03216728;0.0;0.0;0.02134479;0.02253555
SALTO RS;;Reservatório sem usina;JACUI;SUL;S;SUL;;;2026-01-28;;;;;;0.0;0.0;0.0;0.0;0.0;0.0;0.0;0.0;0.0;0.0
SALTO SANTIAGO;77.0;Reservatório com Usina;IGUACU;IGUACU;S;SUL;;;2026-01-28;2217.586;;3340.803;;66.3788;2217.586;3340.803;0.41694896;0.33199092;0.17648863;0.16329065;0.0;0.0;0.01543426;0.01143843
SAMUEL;279.0;Reservatório com Usina;AMAZONAS;MADEIRA;SE;SUDESTE;;;2026-01-28;150.641;;257.288;;58.5496;150.641;257.288;0.21166422;0.1268534;0.00158698;0.00125742;0.0;0.0;0.00104845;0.00088092
SANTA BRANCA;122.0;Reservatório com Usina;PARAIBA DO SUL;SUDESTE;SE;SUDESTE;;;2026-01-28;168.04;;454.095;;37.0055;168.04;454.095;0.05453082;0.06010605;0.00177027;0.00221926;0.0;0.0;0.00116955;0.00155476
SANTA CLARA-PR;71.0;Reservatório com Usina;IGUACU;IGUACU;S;SUL;;;2026-01-28;179.967;;373.966;;48.1239;179.967;373.966;0.03383727;0.03716272;0.01432284;0.01827859;0.0;0.0;0.00125256;0.00128041
SANTANA;181.0;Reservatório sem usina;PARAIBA DO SUL;SUDESTE;SE;SUDESTE;;;2026-01-28;;;;;;0.0;0.0;0.0;0.0;0.0;0.0;0.0;0.0;0.0;0.0
SANTONIO CM;193.0;Reservatório sem usina;DOCE;SUDESTE;SE;SUDESTE;;;2026-01-28;;;;;;0.0;0.0;0.0;0.0;0.0;0.0;0.0;0.0;0.0;0.0
SAO ROQUE;88.0;Reservatório com Usina;URUGUAI;SUL;S;SUL;;;2026-01-28;481.609;;801.912;;60.0576;481.609;801.912;0.10503106;0.11915021;0.0383293;0.03919559;0.0;0.0;0.00335197;0.00274563
SÃO SIMÃO;33.0;Reservatório com Usina;PARANAIBA;PARANA;SE;SUDESTE;;;2026-01-28;1703.118;;5014.801;;33.9618;1703.118;5014.801;0.05402567;0.06388205;0.01794205;0.02450843;0.0;0.0;0.0118536;0.01716997
SEGREDO;76.0;Reservatório com Usina;IGUACU;IGUACU;S;SUL;;;2026-01-28;219.704;;447.497;;49.0962;219.704;447.497;0.04130859;0.04446983;0.01748535;0.02187261;0.0;0.0;0.00152913;0.00153217
SERRA DA MESA;251.0;Reservatório com Usina;TOCANTINS;SUDESTE;SE;SUDESTE;N;NORTE;2026-01-28;19055.056;6050.255;35277.664;6620.419;54.0145;25105.311;41898.083;0.90352779;0.8399674;0.20074166;0.17240968;0.67266649;0.43263937;0.17473143;0.14345308
SINOP;227.0;Reservatório com Usina;AMAZONAS;TELES PIRES;SE;SUDESTE;;;2026-01-28;155.44;;900.655;;17.2586;155.44;900.655;0.21840725;0.44405938;0.00163753;0.0044017;0.0;0.0;0.00108185;0.00308371
SOBRADINHO;169.0;Reservatório com Usina;SAO FRANCISCO;NORDESTE;NE;NORDESTE;;;2026-01-28;13525.209;;30100.282;;44.9338;13525.209;30100.282;0.48654486;0.5708681;0.49731109;0.58230931;0.0;0.0;0.09413463;0.10305909
TOCOS;180.0;Reservatório sem usina;PARAIBA DO SUL;SUDESTE;SE;SUDESTE;;;2026-01-28;;;;;;0.0;0.0;0.0;0.0;0.0;0.0;0.0;0.0;0.0;0.0
TRÊS IRMÃOS;43.0;Reservatório com Usina;TIETE;PARANA;SE;SUDESTE;;;2026-01-28;1762.421;;2328.579;;75.6865;1762.421;2328.579;0.24887971;0.23943651;0.01856679;0.01138028;0.0;0.0;0.01226634;0.00797272
TRÊS MARIAS;156.0;Reservatório com Usina;SAO FRANCISCO;SUDESTE;SE;SUDESTE;NE;NORDESTE;2026-01-28;1497.049;10868.509;2345.606;16040.745;63.8235;12365.558;18386.351;0.44482852;0.34870707;0.01577115;0.01146349;0.39962636;0.31031852;0.08606353;0.06295225
TUCURUI;275.0;Reservatório com Usina;TOCANTINS;NORTE;N;NORTE;;;2026-01-28;2449.332;;7721.097;;31.7226;2449.332;7721.097;0.08815025;0.15479156;0.27231638;0.50456785;0.0;0.0;0.0170472;0.02643594
A. VERMELHA;18.0;Reservatório com Usina;GRANDE;PARANA;SE;SUDESTE;;;2026-01-29;1373.651;;4340.282;;31.6489;1373.651;4340.282;0.06648488;0.0842259;0.01438905;0.02121191;0.0;0.0;0.00952865;0.01486051
ANTA;128.0;Reservatório sem usina;PARAIBA DO SUL;SUDESTE;SE;SUDESTE;;;2026-01-29;;;;;;0.0;0.0;0.0;0.0;0.0;0.0;0.0;0.0;0.0;0.0
B. BONITA;37.0;Reservatório com Usina;TIETE;PARANA;SE;SUDESTE;;;2026-01-29;1997.795;;2713.786;;73.6165;1997.795;2713.786;0.28059254;0.27904549;0.02092699;0.01326287;0.0;0.0;0.01385817;0.00929162
BALBINA;277.0;Reservatório com Usina;AMAZONAS;MANAUS-AMAPA;N;NORTE;;;2026-01-29;365.381;;785.737;;46.5017;365.381;785.737;0.50080319;0.38740015;0.04051035;0.05134732;0.0;0.0;0.00253455;0.00269025
BARRA GRANDE;86.0;Reservatório com Usina;URUGUAI;SUL;S;SUL;;;2026-01-29;1900.409;;2991.427;;63.5285;1900.409;2991.427;0.42263751;0.44447414;0.15397518;0.14621397;0.0;0.0;0.01318263;0.01024222
BATALHA;20.0;Reservatório com Usina;PARANAIBA;PARANA;SE;SUDESTE;;;2026-01-29;1448.842;;2751.514;;52.6562;1448.842;2751.514;0.04565917;0.03505071;0.01517668;0.01344725;0.0;0.0;0.01005023;0.00942079
BILLINGS;118.0;Reservatório sem usina;TIETE;SUDESTE;SE;SUDESTE;;;2026-01-29;1793.571;;2444.556;;73.37;1793.571;2444.556;0.25190905;0.25136187;0.01878773;0.01194708;0.0;0.0;0.01244152;0.00836981
BLANG;;Reservatório sem usina;JACUI;SUL;S;SUL;;;2026-01-29;;;;;;0.0;0.0;0.0;0.0;0.0;0.0;0.0;0.0;0.0;0.0
BOA ESPERANÇA;190.0;Reservatório com Usina;PARNAIBA;NORDESTE;NE;NORDESTE;;;2026-01-29;106.933;;264.178;;40.4776;106.933;264.178;1.0;1.0;0.00391218;0.00511069;0.0;0.0;0.00074177;0.00090451
C.BRANCO-1;27.0;Reservatório com Usina;PARANAIBA;PARANA;SE;SUDESTE;;;2026-01-29;5.694;;20.753;;27.437;5.694;20.753;0.00017944;0.00026437;5.964e-05;0.00010142;0.0;0.0;3.95e-05;7.106e-05
CACONDE;14.0;Reservatório com Usina;GRANDE;PARANA;SE;SUDESTE;;;2026-01-29;448.38;;853.4;;52.5404;448.38;853.4;0.02170165;0.01656076;0.0046968;0.00417075;0.0;0.0;0.00311029;0.00292192
CACU;311.0;Reservatório com Usina;PARANAIBA;PARANA;SE;SUDESTE;;;2026-01-29;25.343;;30.877;;82.0773;25.343;30.877;0.00079867;0.00039333;0.00026547;0.0001509;0.0;0.0;0.0001758;0.00010572
CAMARGOS;1.0;Reservatório com Usina;GRANDE;PARANA;SE;SUDESTE;;;2026-01-29;1160.198;;1568.489;;73.9692;1160.198;1568.489;0.05615373;0.03043752;0.01215312;0.00766555;0.0;0.0;0.00804798;0.00537028
CAMPOS NOVOS;90.0;Reservatório com Usina;URUGUAI;SUL;S;SUL;;;2026-01-29;125.528;;227.826;;55.0982;125.528;227.826;0.02791654;0.03385099;0.01017055;0.0111356;0.0;0.0;0.00087075;0.00078004
CAPIVARA;61.0;Reservatório com Usina;PARANAPANEMA;PARANAPANEMA;SE;SUDESTE;;;2026-01-29;3148.708;;3889.672;;80.9505;3148.708;3889.672;0.4275779;0.32160692;0.03298285;0.01900968;0.0;0.0;0.02184174;0.01331768
CHAVANTES;49.0;Reservatório com Usina;PARANAPANEMA;PARANAPANEMA;SE;SUDESTE;;;2026-01-29;1608.435;;3370.499;;47.721;1608.435;3370.499;0.21841697;0.27868052;0.01684843;0.01647237;0.0;0.0;0.01115728;0.01154011
CORUMBA;30.0;Reservatório com Usina;PARANAIBA;PARANA;SE;SUDESTE;;;2026-01-29;983.098;;1531.054;;64.2105;983.098;1531.054;0.0309816;0.01950364;0.01029799;0.0074826;0.0;0.0;0.00681949;0.00524211
CORUMBA-3;203.0;Reservatório com Usina;PARANAIBA;PARANA;SE;SUDESTE;;;2026-01-29;209.331;;425.126;;49.2398;209.331;425.126;0.00659691;0.00541555;0.00219275;0.00207768;0.0;0.0;0.00145207;0.00145557
CORUMBA-4;29.0;Reservatório com Usina;PARANAIBA;PARANA;SE;SUDESTE;;;2026-01-29;708.57;;1415.959;;50.0417;708.57;1415.959;0.02233005;0.01803748;0.0074223;0.0069201;0.0;0.0;0.00491516;0.00484804
CURUA-UNA;272.0;Reservatório com Usina;AMAZONAS;BELO MONTE;N;NORTE;;;2026-01-29;4.529;;28.109;;16.1123;4.529;28.109;0.0062076;0.01385888;0.00050214;0.0018369;0.0;0.0;3.142e-05;9.624e-05
DIVISA;;Reservatório sem usina;JACUI;SUL;S;SUL;;;2026-01-29;;;;;;0.0;0.0;0.0;0.0;0.0;0.0;0.0;0.0;0.0;0.0
EDGARD SOUZA;107.0;Reservatório sem usina;TIETE;PARANA;SE;SUDESTE;;;2026-01-29;;;;;;0.0;0.0;0.0;0.0;0.0;0.0;0.0;0.0;0.0;0.0
EMBORCAÇÃO;24.0;Reservatório com Usina;PARANAIBA;PARANA;SE;SUDESTE;;;2026-01-29;10593.082;;21873.496;;48.4288;10593.082;21873.496;0.33383307;0.2786399;0.11096299;0.10690057;0.0;0.0;0.07348137;0.07489174
ERNESTINA;110.0;Reservatório sem usina;JACUI;SUL;S;SUL;;;2026-01-29;202.038;;200.552;;100.741;202.038;200.552;0.08621793;0.06620289;0.01636955;0.00980251;0.0;0.0;0.00140148;0.00068666
ESPORA;290.0;Reservatório com Usina;PARANAIBA;PARANA;SE;SUDESTE;;;2026-01-29;32.762;;112.927;;29.0117;32.762;112.927;0.00103247;0.00143854;0.00034318;0.0005519;0.0;0.0;0.00022726;0.00038665
FUNIL;123.0;Reservatório com Usina;PARAIBA DO SUL;SUDESTE;SE;SUDESTE;;;2026-01-29;420.766;;813.622;;51.7152;420.766;813.622;0.13557217;0.10769465;0.00440754;0.00397635;0.0;0.0;0.00291874;0.00278573
FURNAS;6.0;Reservatório com Usina;GRANDE;PARANA;SE;SUDESTE;;;2026-01-29;12612.866;;35035.949;;35.9998;12612.866;35035.949;0.61046431;0.67989462;0.13212031;0.17122837;0.0;0.0;0.08749207;0.11995811
G. B. MUNHOZ;74.0;Reservatório com Usina;IGUACU;IGUACU;S;SUL;;;2026-01-29;2591.819;;5880.363;;44.0758;2591.819;5880.363;0.49930705;0.58435864;0.2099947;0.28741842;0.0;0.0;0.01797875;0.02013353
G. P. SOUZA;115.0;Reservatório com Usina;CAPIVARI;SUL;S;SUL;;;2026-01-29;212.348;;374.956;;56.6328;212.348;374.956;1.0;1.0;0.01720489;0.01832697;0.0;0.0;0.001473;0.0012838
GARIBALDI;89.0;Reservatório com Usina;URUGUAI;SUL;S;SUL;;;2026-01-29;56.741;;101.775;;55.7514;56.741;101.775;0.0126188;0.015122;0.00459728;0.00497452;0.0;0.0;0.0003936;0.00034846
GOV JAYME CANET JR;57.0;Reservatório com Usina;PARANAPANEMA;IGUACU;S;SUL;SE;SUDESTE;2026-01-29;99.24;174.35;261.737;451.213;37.9159;273.59;712.95;0.03715208;0.05894833;0.00804064;0.01279309;0.00182632;0.00220518;0.00189782;0.00244104
GUARAPIRANGA;117.0;Reservatório sem usina;TIETE;SUDESTE;SE;SUDESTE;;;2026-01-29;289.832;;408.675;;70.9199;289.832;408.675;0.04070723;0.04202207;0.003036;0.00199728;0.0;0.0;0.00201049;0.00139925
I. SOLTEIRA;34.0;Reservatório com Usina;PARANA;PARANA;SE;SUDESTE;;;2026-01-29;2771.018;;3691.575;;75.0633;2771.018;3691.575;1.0;1.0;0.02902653;0.01804154;0.0;0.0;0.01922181;0.01263943
IRAPE;148.0;Reservatório com Usina;JEQUITINHONHA;SUDESTE;SE;SUDESTE;NE;NORDESTE;2026-01-29;1278.198;679.308;1962.895;1004.893;65.118;1957.506;2967.788;1.00000051;1.0;0.01338918;0.0095931;0.02485273;0.0194403;0.01357869;0.01016128
ITUMBIARA;31.0;Reservatório com Usina;PARANAIBA;PARANA;SE;SUDESTE;;;2026-01-29;5783.863;;15706.409;;36.8249;5783.863;15706.409;0.18227412;0.20007923;0.06058621;0.07676067;0.0;0.0;0.04012111;0.05377651
JAGUARI;120.0;Reservatório com Usina;PARAIBA DO SUL;SUDESTE;SE;SUDESTE;;;2026-01-29;423.316;;1213.775;;34.876;423.316;1213.775;0.13639379;0.16066069;0.00443425;0.00593198;0.0;0.0;0.00293643;0.00415579
JORDÃO;73.0;Reservatório sem usina;IGUACU;IGUACU;S;SUL;;;2026-01-29;7.594;;20.306;;37.3978;7.594;20.306;0.00146296;0.0020179;0.00061528;0.00099251;0.0;0.0;5.268e-05;6.952e-05
JURUMIRIM;47.0;Reservatório com Usina;PARANAPANEMA;PARANAPANEMA;SE;SUDESTE;;;2026-01-29;2333.324;;4121.37;;56.6153;2333.324;4121.37;0.31685306;0.34076424;0.02444167;0.02014204;0.0;0.0;0.01618564;0.01411099
LAJES;124.0;Reservatório sem usina;PARAIBA DO SUL;SUDESTE;SE;SUDESTE;;;2026-01-29;462.86;;512.183;;90.37;462.86;512.183;0.149135;0.06779484;0.00484848;0.00250315;0.0;0.0;0.00321074;0.00175364
LUIZ GONZAGA;172.0;Reservatório com Usina;SAO FRANCISCO;NORDESTE;NE;NORDESTE;;;2026-01-29;1551.856;;3418.033;;45.402;1551.856;3418.033;0.05553066;0.06482484;0.05677521;0.06612405;0.0;0.0;0.01076481;0.01170286
M. MORAES;7.0;Reservatório com Usina;GRANDE;PARANA;SE;SUDESTE;;;2026-01-29;3075.31;;4339.622;;70.8658;3075.31;4339.622;0.14884539;0.08421309;0.032214;0.02120868;0.0;0.0;0.0213326;0.01485825
MACHADINHO;91.0;Reservatório com Usina;URUGUAI;SUL;S;SUL;;;2026-01-29;560.614;;890.994;;62.9201;560.614;890.994;0.12467659;0.13238625;0.04542214;0.04354971;0.0;0.0;0.00388883;0.00305064
MANSO;278.0;Reservatório com Usina;PARAGUAI;SUDESTE;SE;SUDESTE;;;2026-01-29;367.092;;555.798;;66.0477;367.092;555.798;1.0;1.0;0.0038453;0.00271631;0.0;0.0;0.00254642;0.00190297
MARIMBONDO;17.0;Reservatório com Usina;GRANDE;PARANA;SE;SUDESTE;;;2026-01-29;1990.697;;5393.697;;36.9078;1990.697;5393.697;0.09634999;0.10466808;0.02085264;0.02636018;0.0;0.0;0.01380893;0.01846725
MIRANDA;26.0;Reservatório com Usina;PARANAIBA;PARANA;SE;SUDESTE;;;2026-01-29;219.148;;269.778;;81.2327;219.148;269.778;0.00690629;0.00343662;0.00229558;0.00131846;0.0;0.0;0.00152017;0.00092368
NOVA PONTE;25.0;Reservatório com Usina;PARANAIBA;PARANA;SE;SUDESTE;;;2026-01-29;6913.795;;22766.333;;30.3685;6913.795;22766.333;0.21788308;0.29001349;0.0724223;0.11126406;0.0;0.0;0.04795914;0.07794869
PARAIBUNA;121.0;Reservatório com Usina;PARAIBA DO SUL;SUDESTE;SE;SUDESTE;;;2026-01-29;1626.02;;4561.222;;35.6488;1626.02;4561.222;0.52390893;0.60374377;0.01703263;0.02229169;0.0;0.0;0.01127927;0.01561698
PASSO FUNDO;93.0;Reservatório com Usina;URUGUAI;SUL;S;SUL;;;2026-01-29;1384.314;;1706.162;;81.1361;1384.314;1706.162;0.30786163;0.25350607;0.11216007;0.08339322;0.0;0.0;0.00960262;0.00584166
PASSO REAL;111.0;Reservatório com Usina;JACUI;SUL;S;SUL;;;2026-01-29;2141.303;;2828.801;;75.6965;2141.303;2828.801;0.91378207;0.93379678;0.17349293;0.13826519;0.0;0.0;0.01485365;0.00968541
PEDRA DO CAVALO;189.0;Reservatório com Usina;PARAGUACU;NORDESTE;NE;NORDESTE;;;2026-01-29;238.779;;335.383;;71.1959;238.779;335.383;1.0;1.0;0.00873581;0.0064882;0.0;0.0;0.00165635;0.0011483
PEIXE ANGICAL;257.0;Reservatório com Usina;TOCANTINS;SUDESTE;SE;SUDESTE;N;NORTE;2026-01-29;100.093;117.888;114.392;147.034;87.5;217.981;261.426;0.00783792;0.00524104;0.00104848;0.00055906;0.01307042;0.00960856;0.00151208;0.00089509
PONTE NOVA;105.0;Reservatório sem usina;TIETE;PARANA;SE;SUDESTE;;;2026-01-29;;;;;;0.0;0.0;0.0;0.0;0.0;0.0;0.0;0.0;0.0;0.0
PORTO ESTRELA;135.0;Reservatório com Usina;DOCE;SUDESTE;SE;SUDESTE;;;2026-01-29;8.748;;12.899;;67.8192;8.748;12.899;1.0;1.0;9.164e-05;6.304e-05;0.0;0.0;6.068e-05;4.416e-05
PROMISSÃO;40.0;Reservatório com Usina;TIETE;PARANA;SE;SUDESTE;;;2026-01-29;1251.684;;1829.65;;68.4111;1251.684;1829.65;0.17580041;0.18813406;0.01311144;0.0089419;0.0;0.0;0.0086826;0.00626446
QUEBRA QUEIXO;95.0;Reservatório com Usina;URUGUAI;SUL;S;SUL;;;2026-01-29;3.08;;10.163;;30.306;3.08;10.163;0.00068497;0.00151005;0.00024955;0.00049674;0.0;0.0;2.137e-05;3.48e-05
QUEIMADO;162.0;Reservatório com Usina;SAO FRANCISCO;SUDESTE;SE;SUDESTE;NE;NORDESTE;2026-01-29;122.408;211.879;283.402;484.803;43.1924;334.287;768.205;0.01196192;0.01456942;0.00128223;0.00138505;0.00775167;0.00937883;0.00231886;0.00263022
RETIRO BAIXO;155.0;Reservatório com Usina;SAO FRANCISCO;SUDESTE;SE;SUDESTE;NE;NORDESTE;2026-01-29;6.838;26.449;11.43;42.91;59.825;33.287;54.34;0.00119112;0.00103059;7.163e-05;5.586e-05;0.00096765;0.00083012;0.0002309;0.00018605
RONDON II;276.0;Reservatório com Usina;AMAZONAS;MADEIRA;SE;SUDESTE;;;2026-01-29;35.352;;56.442;;62.6342;35.352;56.442;0.04845461;0.02782819;0.00037031;0.00027584;0.0;0.0;0.00024523;0.00019325
S.DO FACÃO;21.0;Reservatório com Usina;PARANAIBA;PARANA;SE;SUDESTE;;;2026-01-29;3068.012;;6581.918;;46.6127;3068.012;6581.918;0.09668611;0.08384508;0.03213756;0.03216728;0.0;0.0;0.02128198;0.02253555
SALTO RS;;Reservatório sem usina;JACUI;SUL;S;SUL;;;2026-01-29;;;;;;0.0;0.0;0.0;0.0;0.0;0.0;0.0;0.0;0.0;0.0
SALTO SANTIAGO;77.0;Reservatório com Usina;IGUACU;IGUACU;S;SUL;;;2026-01-29;2202.606;;3340.803;;65.9304;2202.606;3340.803;0.4243262;0.33199092;0.17845983;0.16329065;0.0;0.0;0.01527889;0.01143843
SAMUEL;279.0;Reservatório com Usina;AMAZONAS;MADEIRA;SE;SUDESTE;;;2026-01-29;159.392;;257.288;;61.9508;159.392;257.288;0.21846791;0.1268534;0.00166964;0.00125742;0.0;0.0;0.00110566;0.00088092
SANTA BRANCA;122.0;Reservatório com Usina;PARAIBA DO SUL;SUDESTE;SE;SUDESTE;;;2026-01-29;170.668;;454.095;;37.5842;170.668;454.095;0.05498978;0.06010605;0.00178775;0.00221926;0.0;0.0;0.00118388;0.00155476
SANTA CLARA-PR;71.0;Reservatório com Usina;IGUACU;IGUACU;S;SUL;;;2026-01-29;178.83;;373.966;;47.8199;178.83;373.966;0.03445112;0.03716272;0.01448919;0.01827859;0.0;0.0;0.0012405;0.00128041
SANTANA;181.0;Reservatório sem usina;PARAIBA DO SUL;SUDESTE;SE;SUDESTE;;;2026-01-29;;;;;;0.0;0.0;0.0;0.0;0.0;0.0;0.0;0.0;0.0;0.0
SANTONIO CM;193.0;Reservatório sem usina;DOCE;SUDESTE;SE;SUDESTE;;;2026-01-29;;;;;;0.0;0.0;0.0;0.0;0.0;0.0;0.0;0.0;0.0;0.0
SAO ROQUE;88.0;Reservatório com Usina;URUGUAI;SUL;S;SUL;;;2026-01-29;465.86;;801.912;;58.0937;465.86;801.912;0.10360397;0.11915021;0.03774497;0.03919559;0.0;0.0;0.00323155;0.00274563
SÃO SIMÃO;33.0;Reservatório com Usina;PARANAIBA;PARANA;SE;SUDESTE;;;2026-01-29;1740.134;;5014.801;;34.7;1740.134;5014.801;0.05483902;0.06388205;0.01822798;0.02450843;0.0;0.0;0.01207084;0.01716997
SEGREDO;76.0;Reservatório com Usina;IGUACU;IGUACU;S;SUL;;;2026-01-29;209.983;;447.497;;46.9239;209.983;447.497;0.04045267;0.04446983;0.01701327;0.02187261;0.0;0.0;0.0014566;0.00153217
SERRA DA MESA;251.0;Reservatório com Usina;TOCANTINS;SUDESTE;SE;SUDESTE;N;NORTE;2026-01-29;19061.428;6054.607;35277.664;6620.419;54.0326;25116.035;41898.083;0.90309521;0.8399674;0.19966927;0.17240968;0.67128347;0.43263937;0.17422321;0.14345308
SINOP;227.0;Reservatório com Usina;AMAZONAS;TELES PIRES;SE;SUDESTE;;;2026-01-29;164.936;;900.655;;18.3129;164.936;900.655;0.2260667;0.44405938;0.00172771;0.0044017;0.0;0.0;0.00114412;0.00308371
SOBRADINHO;169.0;Reservatório com Usina;SAO FRANCISCO;NORDESTE;NE;NORDESTE;;;2026-01-29;13579.413;;30100.282;;45.1139;13579.413;30100.282;0.48591739;0.5708681;0.49680767;0.58230931;0.0;0.0;0.09419675;0.10305909
TOCOS;180.0;Reservatório sem usina;PARAIBA DO SUL;SUDESTE;SE;SUDESTE;;;2026-01-29;;;;;;0.0;0.0;0.0;0.0;0.0;0.0;0.0;0.0;0.0;0.0
TRÊS IRMÃOS;43.0;Reservatório com Usina;TIETE;PARANA;SE;SUDESTE;;;2026-01-29;1787.032;;2328.579;;76.7435;1787.032;2328.579;0.25099064;0.23943651;0.01871924;0.01138028;0.0;0.0;0.01239616;0.00797272
TRÊS MARIAS;156.0;Reservatório com Usina;SAO FRANCISCO;SUDESTE;SE;SUDESTE;NE;NORDESTE;2026-01-29;1508.362;10938.725;2345.606;16040.745;64.3059;12447.087;18386.351;0.44539893;0.34870707;0.01580016;0.01146349;0.40019716;0.31031852;0.08634211;0.06295225
TUCURUI;275.0;Reservatório com Usina;TOCANTINS;NORTE;N;NORTE;;;2026-01-29;2477.044;;7721.097;;32.0815;2477.044;7721.097;0.08906687;0.15479156;0.27463363;0.50456785;0.0;0.0;0.01718259;0.02643594
A. VERMELHA;18.0;Reservatório com Usina;GRANDE;PARANA;SE;SUDESTE;;;2026-01-30;1369.923;;4340.282;;31.563;1369.923;4340.282;0.06530267;0.0842259;0.0142525;0.02121191;0.0;0.0;0.0094653;0.01486051
ANTA;128.0;Reservatório sem usina;PARAIBA DO SUL;SUDESTE;SE;SUDESTE;;;2026-01-30;;;;;;0.0;0.0;0.0;0.0;0.0;0.0;0.0;0.0;0.0;0.0
B. BONITA;37.0;Reservatório com Usina;TIETE;PARANA;SE;SUDESTE;;;2026-01-30;2035.664;;2713.786;;75.012;2035.664;2713.786;0.28257801;0.27904549;0.02117879;0.01326287;0.0;0.0;0.01406514;0.00929162
BALBINA;277.0;Reservatório com Usina;AMAZONAS;MANAUS-AMAPA;N;NORTE;;;2026-01-30;365.381;;785.737;;46.5017;365.381;785.737;0.48958079;0.38740015;0.04065723;0.05134732;0.0;0.0;0.00252455;0.00269025
BARRA GRANDE;86.0;Reservatório com Usina;URUGUAI;SUL;S;SUL;;;2026-01-30;1868.942;;2991.427;;62.4766;1868.942;2991.427;0.42372517;0.44447414;0.15389088;0.14621397;0.0;0.0;0.0129132;0.01024222
BATALHA;20.0;Reservatório com Usina;PARANAIBA;PARANA;SE;SUDESTE;;;2026-01-30;1472.972;;2751.514;;53.5331;1472.972;2751.514;0.04613754;0.03505071;0.01532461;0.01344725;0.0;0.0;0.0101773;0.00942079
BILLINGS;118.0;Reservatório sem usina;TIETE;SUDESTE;SE;SUDESTE;;;2026-01-30;1804.816;;2444.556;;73.83;1804.816;2444.556;0.25053315;0.25136187;0.01877708;0.01194708;0.0;0.0;0.01247013;0.00836981
BLANG;;Reservatório sem usina;JACUI;SUL;S;SUL;;;2026-01-30;;;;;;0.0;0.0;0.0;0.0;0.0;0.0;0.0;0.0;0.0;0.0
BOA ESPERANÇA;190.0;Reservatório com Usina;PARNAIBA;NORDESTE;NE;NORDESTE;;;2026-01-30;106.122;;264.178;;40.1706;106.122;264.178;1.0;1.0;0.00386156;0.00511069;0.0;0.0;0.00073324;0.00090451
C.BRANCO-1;27.0;Reservatório com Usina;PARANAIBA;PARANA;SE;SUDESTE;;;2026-01-30;5.412;;20.753;;26.0782;5.412;20.753;0.00016952;0.00026437;5.631e-05;0.00010142;0.0;0.0;3.739e-05;7.106e-05
CACONDE;14.0;Reservatório com Usina;GRANDE;PARANA;SE;SUDESTE;;;2026-01-30;464.4;;853.4;;54.4176;464.4;853.4;0.02213742;0.01656076;0.00483156;0.00417075;0.0;0.0;0.00320871;0.00292192
CACU;311.0;Reservatório com Usina;PARANAIBA;PARANA;SE;SUDESTE;;;2026-01-30;22.647;;30.877;;73.3459;22.647;30.877;0.00070937;0.00039333;0.00023562;0.0001509;0.0;0.0;0.00015648;0.00010572
CAMARGOS;1.0;Reservatório com Usina;GRANDE;PARANA;SE;SUDESTE;;;2026-01-30;1188.534;;1568.489;;75.7757;1188.534;1568.489;0.05665607;0.03043752;0.01236536;0.00766555;0.0;0.0;0.00821201;0.00537028
CAMPOS NOVOS;90.0;Reservatório com Usina;URUGUAI;SUL;S;SUL;;;2026-01-30;123.648;;227.826;;54.273;123.648;227.826;0.02803338;0.03385099;0.01018132;0.0111356;0.0;0.0;0.00085433;0.00078004
CAPIVARA;61.0;Reservatório com Usina;PARANAPANEMA;PARANAPANEMA;SE;SUDESTE;;;2026-01-30;3137.612;;3889.672;;80.6652;3137.612;3889.672;0.42783677;0.32160692;0.03264331;0.01900968;0.0;0.0;0.0216789;0.01331768
CHAVANTES;49.0;Reservatório com Usina;PARANAPANEMA;PARANAPANEMA;SE;SUDESTE;;;2026-01-30;1596.932;;3370.499;;47.3797;1596.932;3370.499;0.21775358;0.27868052;0.01661428;0.01647237;0.0;0.0;0.01103378;0.01154011
CORUMBA;30.0;Reservatório com Usina;PARANAIBA;PARANA;SE;SUDESTE;;;2026-01-30;998.69;;1531.054;;65.2289;998.69;1531.054;0.03128172;0.01950364;0.01039024;0.0074826;0.0;0.0;0.00690031;0.00524211
CORUMBA-3;203.0;Reservatório com Usina;PARANAIBA;PARANA;SE;SUDESTE;;;2026-01-30;209.434;;425.126;;49.264;209.434;425.126;0.00656005;0.00541555;0.00217892;0.00207768;0.0;0.0;0.00144706;0.00145557
CORUMBA-4;29.0;Reservatório com Usina;PARANAIBA;PARANA;SE;SUDESTE;;;2026-01-30;708.874;;1415.959;;50.0632;708.874;1415.959;0.02220389;0.01803748;0.00737503;0.0069201;0.0;0.0;0.00489787;0.00484804
CURUA-UNA;272.0;Reservatório com Usina;AMAZONAS;BELO MONTE;N;NORTE;;;2026-01-30;4.584;;28.109;;16.3079;4.584;28.109;0.00614219;0.01385888;0.00051008;0.0018369;0.0;0.0;3.167e-05;9.624e-05
DIVISA;;Reservatório sem usina;JACUI;SUL;S;SUL;;;2026-01-30;;;;;;0.0;0.0;0.0;0.0;0.0;0.0;0.0;0.0;0.0;0.0
EDGARD SOUZA;107.0;Reservatório sem usina;TIETE;PARANA;SE;SUDESTE;;;2026-01-30;;;;;;0.0;0.0;0.0;0.0;0.0;0.0;0.0;0.0;0.0;0.0
EMBORCAÇÃO;24.0;Reservatório com Usina;PARANAIBA;PARANA;SE;SUDESTE;;;2026-01-30;10657.499;;21873.496;;48.7233;10657.499;21873.496;0.33382224;0.2786399;0.11087926;0.10690057;0.0;0.0;0.07363653;0.07489174
ERNESTINA;110.0;Reservatório sem usina;JACUI;SUL;S;SUL;;;2026-01-30;201.445;;200.552;;100.4453;201.445;200.552;0.08617876;0.06620289;0.01658722;0.00980251;0.0;0.0;0.00139186;0.00068666
ESPORA;290.0;Reservatório com Usina;PARANAIBA;PARANA;SE;SUDESTE;;;2026-01-30;32.766;;112.927;;29.0152;32.766;112.927;0.00102632;0.00143854;0.00034089;0.0005519;0.0;0.0;0.00022639;0.00038665
FUNIL;123.0;Reservatório com Usina;PARAIBA DO SUL;SUDESTE;SE;SUDESTE;;;2026-01-30;420.766;;813.622;;51.7152;420.766;813.622;0.13396403;0.10769465;0.0043776;0.00397635;0.0;0.0;0.00290723;0.00278573
FURNAS;6.0;Reservatório com Usina;GRANDE;PARANA;SE;SUDESTE;;;2026-01-30;12765.589;;35035.949;;36.4357;12765.589;35035.949;0.60852112;0.67989462;0.13281156;0.17122837;0.0;0.0;0.08820209;0.11995811
G. B. MUNHOZ;74.0;Reservatório com Usina;IGUACU;IGUACU;S;SUL;;;2026-01-30;2514.013;;5880.363;;42.7527;2514.013;5880.363;0.49383932;0.58435864;0.20700679;0.28741842;0.0;0.0;0.01737023;0.02013353
G. P. SOUZA;115.0;Reservatório com Usina;CAPIVARI;SUL;S;SUL;;;2026-01-30;209.113;;374.956;;55.77;209.113;374.956;1.0;1.0;0.01721861;0.01832697;0.0;0.0;0.00144484;0.0012838
GARIBALDI;89.0;Reservatório com Usina;URUGUAI;SUL;S;SUL;;;2026-01-30;50.606;;101.775;;49.7234;50.606;101.775;0.01147336;0.015122;0.00416696;0.00497452;0.0;0.0;0.00034966;0.00034846
GOV JAYME CANET JR;57.0;Reservatório com Usina;PARANAPANEMA;IGUACU;S;SUL;SE;SUDESTE;2026-01-30;96.463;169.533;261.737;451.213;36.8549;265.996;712.95;0.03627054;0.05894833;0.00794288;0.01279309;0.0017638;0.00220518;0.00183786;0.00244104
GUARAPIRANGA;117.0;Reservatório sem usina;TIETE;SUDESTE;SE;SUDESTE;;;2026-01-30;292.039;;408.675;;71.46;292.039;408.675;0.04053901;0.04202207;0.00303834;0.00199728;0.0;0.0;0.0020178;0.00139925
I. SOLTEIRA;34.0;Reservatório com Usina;PARANA;PARANA;SE;SUDESTE;;;2026-01-30;2810.028;;3691.575;;76.12;2810.028;3691.575;1.0;1.0;0.02923517;0.01804154;0.0;0.0;0.0194155;0.01263943
IRAPE;148.0;Reservatório com Usina;JEQUITINHONHA;SUDESTE;SE;SUDESTE;NE;NORDESTE;2026-01-30;1281.483;680.915;1962.895;1004.893;65.2854;1962.398;2967.788;1.0;1.0;0.01333239;0.0095931;0.02477711;0.0194403;0.01355892;0.01016128
ITUMBIARA;31.0;Reservatório com Usina;PARANAIBA;PARANA;SE;SUDESTE;;;2026-01-30;5826.521;;15706.409;;37.0965;5826.521;15706.409;0.1825027;0.20007923;0.06061838;0.07676067;0.0;0.0;0.04025755;0.05377651
JAGUARI;120.0;Reservatório com Usina;PARAIBA DO SUL;SUDESTE;SE;SUDESTE;;;2026-01-30;429.649;;1213.775;;35.3977;429.649;1213.775;0.13679221;0.16066069;0.00447001;0.00593198;0.0;0.0;0.0029686;0.00415579
JORDÃO;73.0;Reservatório sem usina;IGUACU;IGUACU;S;SUL;;;2026-01-30;7.568;;20.306;;37.2698;7.568;20.306;0.00148662;0.0020179;0.00062316;0.00099251;0.0;0.0;5.229e-05;6.952e-05
JURUMIRIM;47.0;Reservatório com Usina;PARANAPANEMA;PARANAPANEMA;SE;SUDESTE;;;2026-01-30;2333.126;;4121.37;;56.6104;2333.126;4121.37;0.31813911;0.34076424;0.02427355;0.02014204;0.0;0.0;0.01612042;0.01411099
LAJES;124.0;Reservatório sem usina;PARAIBA DO SUL;SUDESTE;SE;SUDESTE;;;2026-01-30;463.526;;512.183;;90.5001;463.526;512.183;0.14757801;0.06779484;0.00482247;0.00250315;0.0;0.0;0.00320267;0.00175364
LUIZ GONZAGA;172.0;Reservatório com Usina;SAO FRANCISCO;NORDESTE;NE;NORDESTE;;;2026-01-30;1545.024;;3418.033;;45.2021;1545.024;3418.033;0.05496317;0.06482484;0.05622027;0.06612405;0.0;0.0;0.01067513;0.01170286
M. MORAES;7.0;Reservatório com Usina;GRANDE;PARANA;SE;SUDESTE;;;2026-01-30;3146.822;;4339.622;;72.5137;3146.822;4339.622;0.15000543;0.08421309;0.03273913;0.02120868;0.0;0.0;0.02174254;0.01485825
MACHADINHO;91.0;Reservatório com Usina;URUGUAI;SUL;S;SUL;;;2026-01-30;533.762;;890.994;;59.9064;533.762;890.994;0.12101413;0.13238625;0.04395059;0.04354971;0.0;0.0;0.00368796;0.00305064
MANSO;278.0;Reservatório com Usina;PARAGUAI;SUDESTE;SE;SUDESTE;;;2026-01-30;369.725;;555.798;;66.5215;369.725;555.798;1.0;1.0;0.00384657;0.00271631;0.0;0.0;0.00255456;0.00190297
MARIMBONDO;17.0;Reservatório com Usina;GRANDE;PARANA;SE;SUDESTE;;;2026-01-30;2042.786;;5393.697;;37.8736;2042.786;5393.697;0.09737729;0.10466808;0.02125288;0.02636018;0.0;0.0;0.01411435;0.01846725
MIRANDA;26.0;Reservatório com Usina;PARANAIBA;PARANA;SE;SUDESTE;;;2026-01-30;221.909;;269.778;;82.2562;221.909;269.778;0.0069508;0.00343662;0.00230871;0.00131846;0.0;0.0;0.00153325;0.00092368
NOVA PONTE;25.0;Reservatório com Usina;PARANAIBA;PARANA;SE;SUDESTE;;;2026-01-30;6926.076;;22766.333;;30.4224;6926.076;22766.333;0.21694379;0.29001349;0.07205801;0.11126406;0.0;0.0;0.04785478;0.07794869
PARAIBUNA;121.0;Reservatório com Usina;PARAIBA DO SUL;SUDESTE;SE;SUDESTE;;;2026-01-30;1648.443;;4561.222;;36.1404;1648.443;4561.222;0.52483342;0.60374377;0.01715019;0.02229169;0.0;0.0;0.01138969;0.01561698
PASSO FUNDO;93.0;Reservatório com Usina;URUGUAI;SUL;S;SUL;;;2026-01-30;1375.862;;1706.162;;80.6408;1375.862;1706.162;0.31193443;0.25350607;0.1132901;0.08339322;0.0;0.0;0.00950633;0.00584166
PASSO REAL;111.0;Reservatório com Usina;JACUI;SUL;S;SUL;;;2026-01-30;2136.08;;2828.801;;75.5119;2136.08;2828.801;0.91382124;0.93379678;0.17588734;0.13826519;0.0;0.0;0.01475895;0.00968541
PEDRA DO CAVALO;189.0;Reservatório com Usina;PARAGUACU;NORDESTE;NE;NORDESTE;;;2026-01-30;239.223;;335.383;;71.3283;239.223;335.383;1.0;1.0;0.00870484;0.0064882;0.0;0.0;0.00165288;0.0011483
PEIXE ANGICAL;257.0;Reservatório com Usina;TOCANTINS;SUDESTE;SE;SUDESTE;N;NORTE;2026-01-30;82.504;97.382;114.392;147.034;72.1239;179.886;261.426;0.00648282;0.00524104;0.00085836;0.00055906;0.01083604;0.00960856;0.0012429;0.00089509
PONTE NOVA;105.0;Reservatório sem usina;TIETE;PARANA;SE;SUDESTE;;;2026-01-30;;;;;;0.0;0.0;0.0;0.0;0.0;0.0;0.0;0.0;0.0;0.0
PORTO ESTRELA;135.0;Reservatório com Usina;DOCE;SUDESTE;SE;SUDESTE;;;2026-01-30;8.748;;12.899;;67.8192;8.748;12.899;1.0;1.0;9.101e-05;6.304e-05;0.0;0.0;6.044e-05;4.416e-05
PROMISSÃO;40.0;Reservatório com Usina;TIETE;PARANA;SE;SUDESTE;;;2026-01-30;1269.345;;1829.65;;69.3764;1269.345;1829.65;0.17620245;0.18813406;0.0132061;0.0089419;0.0;0.0;0.00877037;0.00626446
QUEBRA QUEIXO;95.0;Reservatório com Usina;URUGUAI;SUL;S;SUL;;;2026-01-30;3.915;;10.163;;38.5221;3.915;10.163;0.00088761;0.00151005;0.00032237;0.00049674;0.0;0.0;2.705e-05;3.48e-05
QUEIMADO;162.0;Reservatório com Usina;SAO FRANCISCO;SUDESTE;SE;SUDESTE;NE;NORDESTE;2026-01-30;124.592;215.564;283.402;484.803;43.963;340.156;768.205;0.01210082;0.01456942;0.00129624;0.00138505;0.00784393;0.00937883;0.00235026;0.00263022
RETIRO BAIXO;155.0;Reservatório com Usina;SAO FRANCISCO;SUDESTE;SE;SUDESTE;NE;NORDESTE;2026-01-30;6.396;24.732;11.43;42.91;55.958;31.128;54.34;0.00110736;0.00103059;6.654e-05;5.586e-05;0.00089995;0.00083012;0.00021507;0.00018605
RONDON II;276.0;Reservatório com Usina;AMAZONAS;MADEIRA;SE;SUDESTE;;;2026-01-30;35.102;;56.442;;62.1913;35.102;56.442;0.04703382;0.02782819;0.0003652;0.00027584;0.0;0.0;0.00024253;0.00019325
S.DO FACÃO;21.0;Reservatório com Usina;PARANAIBA;PARANA;SE;SUDESTE;;;2026-01-30;3074.694;;6581.918;;46.7143;3074.694;6581.918;0.09630789;0.08384508;0.03198872;0.03216728;0.0;0.0;0.02124418;0.02253555
SALTO RS;;Reservatório sem usina;JACUI;SUL;S;SUL;;;2026-01-30;;;;;;0.0;0.0;0.0;0.0;0.0;0.0;0.0;0.0;0.0;0.0
SALTO SANTIAGO;77.0;Reservatório com Usina;IGUACU;IGUACU;S;SUL;;;2026-01-30;2187.292;;3340.803;;65.472;2187.292;3340.803;0.42965999;0.33199092;0.1801042;0.16329065;0.0;0.0;0.0151128;0.01143843
SAMUEL;279.0;Reservatório com Usina;AMAZONAS;MADEIRA;SE;SUDESTE;;;2026-01-30;167.95;;257.288;;65.277;167.95;257.288;0.22503933;0.1268534;0.00174733;0.00125742;0.0;0.0;0.00116043;0.00088092
SANTA BRANCA;122.0;Reservatório com Usina;PARAIBA DO SUL;SUDESTE;SE;SUDESTE;;;2026-01-30;178.503;;454.095;;39.3096;178.503;454.095;0.05683202;0.06010605;0.00185712;0.00221926;0.0;0.0;0.00123334;0.00155476
SANTA CLARA-PR;71.0;Reservatório com Usina;IGUACU;IGUACU;S;SUL;;;2026-01-30;180.77;;373.966;;48.3386;180.77;373.966;0.0355095;0.03716272;0.01488481;0.01827859;0.0;0.0;0.00124901;0.00128041
SANTANA;181.0;Reservatório sem usina;PARAIBA DO SUL;SUDESTE;SE;SUDESTE;;;2026-01-30;;;;;;0.0;0.0;0.0;0.0;0.0;0.0;0.0;0.0;0.0;0.0
SANTONIO CM;193.0;Reservatório sem usina;DOCE;SUDESTE;SE;SUDESTE;;;2026-01-30;;;;;;0.0;0.0;0.0;0.0;0.0;0.0;0.0;0.0;0.0;0.0
SAO ROQUE;88.0;Reservatório com Usina;URUGUAI;SUL;S;SUL;;;2026-01-30;454.006;;801.912;;56.6154;454.006;801.912;0.10293191;0.11915021;0.03738339;0.03919559;0.0;0.0;0.00313689;0.00274563
SÃO SIMÃO;33.0;Reservatório com Usina;PARANAIBA;PARANA;SE;SUDESTE;;;2026-01-30;1768.176;;5014.801;;35.2591;1768.176;5014.801;0.05538415;0.06388205;0.01839588;0.02450843;0.0;0.0;0.01221697;0.01716997
SEGREDO;76.0;Reservatório com Usina;IGUACU;IGUACU;S;SUL;;;2026-01-30;201.108;;447.497;;44.9406;201.108;447.497;0.03950458;0.04446983;0.01655947;0.02187261;0.0;0.0;0.00138953;0.00153217
SERRA DA MESA;251.0;Reservatório com Usina;TOCANTINS;SUDESTE;SE;SUDESTE;N;NORTE;2026-01-30;19048.696;6052.963;35277.664;6620.419;53.9965;25101.659;41898.083;0.90462629;0.8399674;0.1981802;0.17240968;0.67353458;0.43263937;0.17343649;0.14345308
SINOP;227.0;Reservatório com Usina;AMAZONAS;TELES PIRES;SE;SUDESTE;;;2026-01-30;173.297;;900.655;;19.2412;173.297;900.655;0.23220387;0.44405938;0.00180296;0.0044017;0.0;0.0;0.00119737;0.00308371
SOBRADINHO;169.0;Reservatório com Usina;SAO FRANCISCO;NORDESTE;NE;NORDESTE;;;2026-01-30;13636.146;;30100.282;;45.3024;13636.146;30100.282;0.48509657;0.5708681;0.49619149;0.58230931;0.0;0.0;0.09421709;0.10305909
TOCOS;180.0;Reservatório sem usina;PARAIBA DO SUL;SUDESTE;SE;SUDESTE;;;2026-01-30;;;;;;0.0;0.0;0.0;0.0;0.0;0.0;0.0;0.0;0.0;0.0
TRÊS IRMÃOS;43.0;Reservatório com Usina;TIETE;PARANA;SE;SUDESTE;;;2026-01-30;1802.036;;2328.579;;77.3878;1802.036;2328.579;0.25014725;0.23943651;0.01874815;0.01138028;0.0;0.0;0.01245092;0.00797272
TRÊS MARIAS;156.0;Reservatório com Usina;SAO FRANCISCO;SUDESTE;SE;SUDESTE;NE;NORDESTE;2026-01-30;1523.82;11033.894;2345.606;16040.745;64.9649;12557.714;18386.351;0.44673209;0.34870707;0.01585363;0.01146349;0.40150086;0.31031852;0.08676581;0.06295225
TUCURUI;275.0;Reservatório com Usina;TOCANTINS;NORTE;N;NORTE;;;2026-01-30;2466.553;;7721.097;;31.9456;2466.553;7721.097;0.08889089;0.15479156;0.27446207;0.50456785;0.0;0.0;0.01704231;0.02643594
A. VERMELHA;18.0;Reservatório com Usina;GRANDE;PARANA;SE;SUDESTE;;;2026-01-31;1406.186;;4340.282;;32.3985;1406.186;4340.282;0.06606318;0.0842259;0.01450597;0.02121191;0.0;0.0;0.00965763;0.01486051
ANTA;128.0;Reservatório sem usina;PARAIBA DO SUL;SUDESTE;SE;SUDESTE;;;2026-01-31;;;;;;0.0;0.0;0.0;0.0;0.0;0.0;0.0;0.0;0.0;0.0
B. BONITA;37.0;Reservatório com Usina;TIETE;PARANA;SE;SUDESTE;;;2026-01-31;2082.529;;2713.786;;76.7389;2082.529;2713.786;0.28608702;0.27904549;0.021483;0.01326287;0.0;0.0;0.01430272;0.00929162
BALBINA;277.0;Reservatório com Usina;AMAZONAS;MANAUS-AMAPA;N;NORTE;;;2026-01-31;366.957;;785.737;;46.7023;366.957;785.737;0.47664181;0.38740015;0.04088285;0.05134732;0.0;0.0;0.00252025;0.00269025
BARRA GRANDE;86.0;Reservatório com Usina;URUGUAI;SUL;S;SUL;;;2026-01-31;1829.188;;2991.427;;61.1477;1829.188;2991.427;0.41909483;0.44447414;0.15209103;0.14621397;0.0;0.0;0.01256279;0.01024222
BATALHA;20.0;Reservatório com Usina;PARANAIBA;PARANA;SE;SUDESTE;;;2026-01-31;1499.415;;2751.514;;54.4942;1499.415;2751.514;0.04644669;0.03505071;0.0154677;0.01344725;0.0;0.0;0.01029792;0.00942079
BILLINGS;118.0;Reservatório sem usina;TIETE;SUDESTE;SE;SUDESTE;;;2026-01-31;1804.816;;2444.556;;73.83;1804.816;2444.556;0.24793625;0.25136187;0.01861816;0.01194708;0.0;0.0;0.0123954;0.00836981
BLANG;;Reservatório sem usina;JACUI;SUL;S;SUL;;;2026-01-31;;;;;;0.0;0.0;0.0;0.0;0.0;0.0;0.0;0.0;0.0;0.0
BOA ESPERANÇA;190.0;Reservatório com Usina;PARNAIBA;NORDESTE;NE;NORDESTE;;;2026-01-31;105.154;;264.178;;39.8042;105.154;264.178;1.0;1.0;0.00380133;0.00511069;0.0;0.0;0.00072219;0.00090451
C.BRANCO-1;27.0;Reservatório com Usina;PARANAIBA;PARANA;SE;SUDESTE;;;2026-01-31;6.28;;20.753;;30.2607;6.28;20.753;0.00019453;0.00026437;6.478e-05;0.00010142;0.0;0.0;4.313e-05;7.106e-05
CACONDE;14.0;Reservatório com Usina;GRANDE;PARANA;SE;SUDESTE;;;2026-01-31;476.247;;853.4;;55.8058;476.247;853.4;0.02237427;0.01656076;0.00491288;0.00417075;0.0;0.0;0.00327084;0.00292192
CACU;311.0;Reservatório com Usina;PARANAIBA;PARANA;SE;SUDESTE;;;2026-01-31;22.964;;30.877;;74.3725;22.964;30.877;0.00071135;0.00039333;0.00023689;0.0001509;0.0;0.0;0.00015772;0.00010572
CAMARGOS;1.0;Reservatório com Usina;GRANDE;PARANA;SE;SUDESTE;;;2026-01-31;1205.254;;1568.489;;76.8417;1205.254;1568.489;0.05662332;0.03043752;0.01243319;0.00766555;0.0;0.0;0.00827763;0.00537028
CAMPOS NOVOS;90.0;Reservatório com Usina;URUGUAI;SUL;S;SUL;;;2026-01-31;127.735;;227.826;;56.0669;127.735;227.826;0.02926603;0.03385099;0.01062075;0.0111356;0.0;0.0;0.00087728;0.00078004
CAPIVARA;61.0;Reservatório com Usina;PARANAPANEMA;PARANAPANEMA;SE;SUDESTE;;;2026-01-31;3137.612;;3889.672;;80.6652;3137.612;3889.672;0.42924162;0.32160692;0.03236705;0.01900968;0.0;0.0;0.02154899;0.01331768
CHAVANTES;49.0;Reservatório com Usina;PARANAPANEMA;PARANAPANEMA;SE;SUDESTE;;;2026-01-31;1581.485;;3370.499;;46.9214;1581.485;3370.499;0.21635536;0.27868052;0.01631432;0.01647237;0.0;0.0;0.01086157;0.01154011
CORUMBA;30.0;Reservatório com Usina;PARANAIBA;PARANA;SE;SUDESTE;;;2026-01-31;1018.689;;1531.054;;66.5351;1018.689;1531.054;0.03155546;0.01950364;0.01050862;0.0074826;0.0;0.0;0.00699631;0.00524211
CORUMBA-3;203.0;Reservatório com Usina;PARANAIBA;PARANA;SE;SUDESTE;;;2026-01-31;209.584;;425.126;;49.2993;209.584;425.126;0.00649219;0.00541555;0.00216203;0.00207768;0.0;0.0;0.00143941;0.00145557
CORUMBA-4;29.0;Reservatório com Usina;PARANAIBA;PARANA;SE;SUDESTE;;;2026-01-31;706.847;;1415.959;;49.92;706.847;1415.959;0.02189567;0.01803748;0.00729171;0.0069201;0.0;0.0;0.0048546;0.00484804
CURUA-UNA;272.0;Reservatório com Usina;AMAZONAS;BELO MONTE;N;NORTE;;;2026-01-31;4.639;;28.109;;16.5036;4.639;28.109;0.00602561;0.01385888;0.00051683;0.0018369;0.0;0.0;3.186e-05;9.624e-05
DIVISA;;Reservatório sem usina;JACUI;SUL;S;SUL;;;2026-01-31;;;;;;0.0;0.0;0.0;0.0;0.0;0.0;0.0;0.0;0.0;0.0
EDGARD SOUZA;107.0;Reservatório sem usina;TIETE;PARANA;SE;SUDESTE;;;2026-01-31;;;;;;0.0;0.0;0.0;0.0;0.0;0.0;0.0;0.0;0.0;0.0
EMBORCAÇÃO;24.0;Reservatório com Usina;PARANAIBA;PARANA;SE;SUDESTE;;;2026-01-31;10723.578;;21873.496;;49.0254;10723.578;21873.496;0.33217933;0.2786399;0.11062253;0.10690057;0.0;0.0;0.07364909;0.07489174
ERNESTINA;110.0;Reservatório sem usina;JACUI;SUL;S;SUL;;;2026-01-31;200.76;;200.552;;100.1037;200.76;200.552;0.0860284;0.06620289;0.01669254;0.00980251;0.0;0.0;0.00137881;0.00068666
ESPORA;290.0;Reservatório com Usina;PARANAIBA;PARANA;SE;SUDESTE;;;2026-01-31;33.993;;112.927;;30.1017;33.993;112.927;0.00105299;0.00143854;0.00035067;0.0005519;0.0;0.0;0.00023346;0.00038665
FUNIL;123.0;Reservatório com Usina;PARAIBA DO SUL;SUDESTE;SE;SUDESTE;;;2026-01-31;424.031;;813.622;;52.1165;424.031;813.622;0.13374853;0.10769465;0.00437423;0.00397635;0.0;0.0;0.00291223;0.00278573
FURNAS;6.0;Reservatório com Usina;GRANDE;PARANA;SE;SUDESTE;;;2026-01-31;12881.558;;35035.949;;36.7667;12881.558;35035.949;0.60518075;0.67989462;0.13288387;0.17122837;0.0;0.0;0.08847001;0.11995811
G. B. MUNHOZ;74.0;Reservatório com Usina;IGUACU;IGUACU;S;SUL;;;2026-01-31;2463.472;;5880.363;;41.8932;2463.472;5880.363;0.48997085;0.58435864;0.20482968;0.28741842;0.0;0.0;0.01691902;0.02013353
G. P. SOUZA;115.0;Reservatório com Usina;CAPIVARI;SUL;S;SUL;;;2026-01-31;207.495;;374.956;;55.3385;207.495;374.956;1.0;1.0;0.01725253;0.01832697;0.0;0.0;0.00142507;0.0012838
GARIBALDI;89.0;Reservatório com Usina;URUGUAI;SUL;S;SUL;;;2026-01-31;50.615;;101.775;;49.7323;50.615;101.775;0.01159667;0.015122;0.00420847;0.00497452;0.0;0.0;0.00034762;0.00034846
GOV JAYME CANET JR;57.0;Reservatório com Usina;PARANAPANEMA;IGUACU;S;SUL;SE;SUDESTE;2026-01-31;93.377;164.193;261.737;451.213;35.6759;257.57;712.95;0.03523691;0.05894833;0.00776399;0.01279309;0.00169379;0.00220518;0.00176898;0.00244104
GUARAPIRANGA;117.0;Reservatório sem usina;TIETE;SUDESTE;SE;SUDESTE;;;2026-01-31;293.143;;408.675;;71.7301;293.143;408.675;0.04027046;0.04202207;0.00302401;0.00199728;0.0;0.0;0.00201329;0.00139925
I. SOLTEIRA;34.0;Reservatório com Usina;PARANA;PARANA;SE;SUDESTE;;;2026-01-31;2841.243;;3691.575;;76.9656;2841.243;3691.575;1.0;1.0;0.02930976;0.01804154;0.0;0.0;0.01951354;0.01263943
IRAPE;148.0;Reservatório com Usina;JEQUITINHONHA;SUDESTE;SE;SUDESTE;NE;NORDESTE;2026-01-31;1285.59;682.925;1962.895;1004.893;65.4946;1968.515;2967.788;0.99999949;1.0;0.01326192;0.0095931;0.02468779;0.0194403;0.01351968;0.01016128
ITUMBIARA;31.0;Reservatório com Usina;PARANAIBA;PARANA;SE;SUDESTE;;;2026-01-31;5877.974;;15706.409;;37.424;5877.974;15706.409;0.18207929;0.20007923;0.06063614;0.07676067;0.0;0.0;0.04036968;0.05377651
JAGUARI;120.0;Reservatório com Usina;PARAIBA DO SUL;SUDESTE;SE;SUDESTE;;;2026-01-31;432.563;;1213.775;;35.6378;432.563;1213.775;0.13643971;0.16066069;0.00446224;0.00593198;0.0;0.0;0.00297082;0.00415579
JORDÃO;73.0;Reservatório sem usina;IGUACU;IGUACU;S;SUL;;;2026-01-31;8.779;;20.306;;43.2335;8.779;20.306;0.00174609;0.0020179;0.00072995;0.00099251;0.0;0.0;6.029e-05;6.952e-05
JURUMIRIM;47.0;Reservatório com Usina;PARANAPANEMA;PARANAPANEMA;SE;SUDESTE;;;2026-01-31;2332.997;;4121.37;;56.6073;2332.997;4121.37;0.31916611;0.34076424;0.02406678;0.02014204;0.0;0.0;0.01602293;0.01411099
LAJES;124.0;Reservatório sem usina;PARAIBA DO SUL;SUDESTE;SE;SUDESTE;;;2026-01-31;464.192;;512.183;;90.6301;464.192;512.183;0.14641618;0.06779484;0.00478852;0.00250315;0.0;0.0;0.00318805;0.00175364
LUIZ GONZAGA;172.0;Reservatório com Usina;SAO FRANCISCO;NORDESTE;NE;NORDESTE;;;2026-01-31;1545.024;;3418.033;;45.2021;1545.024;3418.033;0.05457165;0.06482484;0.05585274;0.06612405;0.0;0.0;0.01061116;0.01170286
M. MORAES;7.0;Reservatório com Usina;GRANDE;PARANA;SE;SUDESTE;;;2026-01-31;3234.768;;4339.622;;74.5403;3234.768;4339.622;0.1519707;0.08421309;0.03336929;0.02120868;0.0;0.0;0.02221625;0.01485825
MACHADINHO;91.0;Reservatório com Usina;URUGUAI;SUL;S;SUL;;;2026-01-31;538.159;;890.994;;60.3998;538.159;890.994;0.12330042;0.13238625;0.04474617;0.04354971;0.0;0.0;0.00369605;0.00305064
MANSO;278.0;Reservatório com Usina;PARAGUAI;SUDESTE;SE;SUDESTE;;;2026-01-31;373.677;;555.798;;67.2325;373.677;555.798;1.0;1.0;0.00385479;0.00271631;0.0;0.0;0.0025664;0.00190297
MARIMBONDO;17.0;Reservatório com Usina;GRANDE;PARANA;SE;SUDESTE;;;2026-01-31;2081.459;;5393.697;;38.5906;2081.459;5393.697;0.09778778;0.10466808;0.02147196;0.02636018;0.0;0.0;0.01429537;0.01846725
MIRANDA;26.0;Reservatório com Usina;PARANAIBA;PARANA;SE;SUDESTE;;;2026-01-31;221.987;;269.778;;82.2851;221.987;269.778;0.00687639;0.00343662;0.00228998;0.00131846;0.0;0.0;0.0015246;0.00092368
NOVA PONTE;25.0;Reservatório com Usina;PARANAIBA;PARANA;SE;SUDESTE;;;2026-01-31;7023.434;;22766.333;;30.8501;7023.434;22766.333;0.21756168;0.29001349;0.0724525;0.11126406;0.0;0.0;0.04823666;0.07794869
PARAIBUNA;121.0;Reservatório com Usina;PARAIBA DO SUL;SUDESTE;SE;SUDESTE;;;2026-01-31;1666.751;;4561.222;;36.5418;1666.751;4561.222;0.52572925;0.60374377;0.01719391;0.02229169;0.0;0.0;0.01144718;0.01561698
PASSO FUNDO;93.0;Reservatório com Usina;URUGUAI;SUL;S;SUL;;;2026-01-31;1367.583;;1706.162;;80.1555;1367.583;1706.162;0.31333409;0.25350607;0.11371008;0.08339322;0.0;0.0;0.0093925;0.00584166
PASSO REAL;111.0;Reservatório com Usina;JACUI;SUL;S;SUL;;;2026-01-31;2132.888;;2828.801;;75.399;2132.888;2828.801;0.9139716;0.93379678;0.17734269;0.13826519;0.0;0.0;0.01464859;0.00968541
PEDRA DO CAVALO;189.0;Reservatório com Usina;PARAGUACU;NORDESTE;NE;NORDESTE;;;2026-01-31;239.223;;335.383;;71.3283;239.223;335.383;1.0;1.0;0.00864793;0.0064882;0.0;0.0;0.00164297;0.0011483
PEIXE ANGICAL;257.0;Reservatório com Usina;TOCANTINS;SUDESTE;SE;SUDESTE;N;NORTE;2026-01-31;75.368;89.039;114.392;147.034;65.8857;164.407;261.426;0.00593033;0.00524104;0.00077748;0.00055906;0.00991988;0.00960856;0.00112914;0.00089509
PONTE NOVA;105.0;Reservatório sem usina;TIETE;PARANA;SE;SUDESTE;;;2026-01-31;;;;;;0.0;0.0;0.0;0.0;0.0;0.0;0.0;0.0;0.0;0.0
PORTO ESTRELA;135.0;Reservatório com Usina;DOCE;SUDESTE;SE;SUDESTE;;;2026-01-31;10.176;;12.899;;78.8898;10.176;12.899;1.0;1.0;0.00010497;6.304e-05;0.0;0.0;6.989e-05;4.416e-05
PROMISSÃO;40.0;Reservatório com Usina;TIETE;PARANA;SE;SUDESTE;;;2026-01-31;1286.984;;1829.65;;70.3404;1286.984;1829.65;0.17679918;0.18813406;0.0132763;0.0089419;0.0;0.0;0.00883895;0.00626446
QUEBRA QUEIXO;95.0;Reservatório com Usina;URUGUAI;SUL;S;SUL;;;2026-01-31;4.345;;10.163;;42.7531;4.345;10.163;0.00099551;0.00151005;0.00036127;0.00049674;0.0;0.0;2.984e-05;3.48e-05
QUEIMADO;162.0;Reservatório com Usina;SAO FRANCISCO;SUDESTE;SE;SUDESTE;NE;NORDESTE;2026-01-31;126.466;218.728;283.402;484.803;44.6242;345.194;768.205;0.01219257;0.01456942;0.0013046;0.00138505;0.00790703;0.00937883;0.00237078;0.00263022
RETIRO BAIXO;155.0;Reservatório com Usina;SAO FRANCISCO;SUDESTE;SE;SUDESTE;NE;NORDESTE;2026-01-31;6.514;25.16;11.43;42.91;56.9904;31.674;54.34;0.00111875;0.00103059;6.72e-05;5.586e-05;0.00090954;0.00083012;0.00021754;0.00018605
RONDON II;276.0;Reservatório com Usina;AMAZONAS;MADEIRA;SE;SUDESTE;;;2026-01-31;35.227;;56.442;;62.4127;35.227;56.442;0.04575648;0.02782819;0.0003634;0.00027584;0.0;0.0;0.00024194;0.00019325
S.DO FACÃO;21.0;Reservatório com Usina;PARANAIBA;PARANA;SE;SUDESTE;;;2026-01-31;3081.79;;6581.918;;46.8221;3081.79;6581.918;0.09546319;0.08384508;0.0317912;0.03216728;0.0;0.0;0.02116561;0.02253555
SALTO RS;;Reservatório sem usina;JACUI;SUL;S;SUL;;;2026-01-31;;;;;;0.0;0.0;0.0;0.0;0.0;0.0;0.0;0.0;0.0;0.0
SALTO SANTIAGO;77.0;Reservatório com Usina;IGUACU;IGUACU;S;SUL;;;2026-01-31;2169.264;;3340.803;;64.9324;2169.264;3340.803;0.43145452;0.33199092;0.18036724;0.16329065;0.0;0.0;0.01489842;0.01143843
SAMUEL;279.0;Reservatório com Usina;AMAZONAS;MADEIRA;SE;SUDESTE;;;2026-01-31;174.691;;257.288;;67.8971;174.691;257.288;0.22690679;0.1268534;0.00180208;0.00125742;0.0;0.0;0.00119977;0.00088092
SANTA BRANCA;122.0;Reservatório com Usina;PARAIBA DO SUL;SUDESTE;SE;SUDESTE;;;2026-01-31;182.824;;454.095;;40.2612;182.824;454.095;0.05766664;0.06010605;0.00188598;0.00221926;0.0;0.0;0.00125563;0.00155476
SANTA CLARA-PR;71.0;Reservatório com Usina;IGUACU;IGUACU;S;SUL;;;2026-01-31;177.257;;373.966;;47.3992;177.257;373.966;0.03525543;0.03716272;0.01473834;0.01827859;0.0;0.0;0.00121739;0.00128041
SANTANA;181.0;Reservatório sem usina;PARAIBA DO SUL;SUDESTE;SE;SUDESTE;;;2026-01-31;;;;;;0.0;0.0;0.0;0.0;0.0;0.0;0.0;0.0;0.0;0.0
SANTONIO CM;193.0;Reservatório sem usina;DOCE;SUDESTE;SE;SUDESTE;;;2026-01-31;;;;;;0.0;0.0;0.0;0.0;0.0;0.0;0.0;0.0;0.0;0.0
SAO ROQUE;88.0;Reservatório com Usina;URUGUAI;SUL;S;SUL;;;2026-01-31;446.991;;801.912;;55.7407;446.991;801.912;0.10241245;0.11915021;0.03716585;0.03919559;0.0;0.0;0.00306992;0.00274563
SÃO SIMÃO;33.0;Reservatório com Usina;PARANAIBA;PARANA;SE;SUDESTE;;;2026-01-31;1855.963;;5014.801;;37.0097;1855.963;5014.801;0.05749131;0.06388205;0.01914579;0.02450843;0.0;0.0;0.01274668;0.01716997
SEGREDO;76.0;Reservatório com Usina;IGUACU;IGUACU;S;SUL;;;2026-01-31;209.021;;447.497;;46.7089;209.021;447.497;0.04157311;0.04446983;0.01737942;0.02187261;0.0;0.0;0.00143555;0.00153217
SERRA DA MESA;251.0;Reservatório com Usina;TOCANTINS;SUDESTE;SE;SUDESTE;N;NORTE;2026-01-31;19043.468;6052.375;35277.664;6620.419;53.9817;25095.843;41898.083;0.90523361;0.8399674;0.19644904;0.17240968;0.67429787;0.43263937;0.17235722;0.14345308
SINOP;227.0;Reservatório com Usina;AMAZONAS;TELES PIRES;SE;SUDESTE;;;2026-01-31;188.366;;900.655;;20.9143;188.366;900.655;0.2446693;0.44405938;0.00194315;0.0044017;0.0;0.0;0.00129369;0.00308371
SOBRADINHO;169.0;Reservatório com Usina;SAO FRANCISCO;NORDESTE;NE;NORDESTE;;;2026-01-31;13690.12;;30100.282;;45.4817;13690.12;30100.282;0.48354749;0.5708681;0.49489893;0.58230931;0.0;0.0;0.09402318;0.10305909
TOCOS;180.0;Reservatório sem usina;PARAIBA DO SUL;SUDESTE;SE;SUDESTE;;;2026-01-31;;;;;;0.0;0.0;0.0;0.0;0.0;0.0;0.0;0.0;0.0;0.0
TRÊS IRMÃOS;43.0;Reservatório com Usina;TIETE;PARANA;SE;SUDESTE;;;2026-01-31;1811.884;;2328.579;;77.8107;1811.884;2328.579;0.24890722;0.23943651;0.01869107;0.01138028;0.0;0.0;0.01244394;0.00797272
TRÊS MARIAS;156.0;Reservatório com Usina;SAO FRANCISCO;SUDESTE;SE;SUDESTE;NE;NORDESTE;2026-01-31;1543.708;11156.121;2345.606;16040.745;65.8128;12699.829;18386.351;0.44856951;0.34870707;0.01592462;0.01146349;0.40329467;0.31031852;0.0872219;0.06295225
TUCURUI;275.0;Reservatório com Usina;TOCANTINS;NORTE;N;NORTE;;;2026-01-31;2462.808;;7721.097;;31.8971;2462.808;7721.097;0.08883609;0.15479156;0.27438257;0.50456785;0.0;0.0;0.01691446;0.02643594
A. VERMELHA;18.0;Reservatório com Usina;GRANDE;PARANA;SE;SUDESTE;;;2026-02-01;1418.357;;4340.282;;32.6789;1418.357;4340.282;0.06541586;0.0842259;0.01448316;0.02121191;0.0;0.0;0.00966537;0.01486051
ANTA;128.0;Reservatório sem usina;PARAIBA DO SUL;SUDESTE;SE;SUDESTE;;;2026-02-01;;;;;;0.0;0.0;0.0;0.0;0.0;0.0;0.0;0.0;0.0;0.0
B. BONITA;37.0;Reservatório com Usina;TIETE;PARANA;SE;SUDESTE;;;2026-02-01;2135.888;;2713.786;;78.7051;2135.888;2713.786;0.2884849;0.27904549;0.02181003;0.01326287;0.0;0.0;0.01455498;0.00929162
BALBINA;277.0;Reservatório com Usina;AMAZONAS;MANAUS-AMAPA;N;NORTE;;;2026-02-01;368.534;;785.737;;46.903;368.534;785.737;0.4624398;0.38740015;0.04113877;0.05134732;0.0;0.0;0.00251137;0.00269025
BARRA GRANDE;86.0;Reservatório com Usina;URUGUAI;SUL;S;SUL;;;2026-02-01;1809.352;;2991.427;;60.4846;1809.352;2991.427;0.41654214;0.44447414;0.15136334;0.14621397;0.0;0.0;0.0123298;0.01024222
BATALHA;20.0;Reservatório com Usina;PARANAIBA;PARANA;SE;SUDESTE;;;2026-02-01;1525.86;;2751.514;;55.4553;1525.86;2751.514;0.04674178;0.03505071;0.01558089;0.01344725;0.0;0.0;0.01039795;0.00942079
BILLINGS;118.0;Reservatório sem usina;TIETE;SUDESTE;SE;SUDESTE;;;2026-02-01;1818.505;;2444.556;;74.39;1818.505;2444.556;0.24561739;0.25136187;0.01856916;0.01194708;0.0;0.0;0.01239218;0.00836981
BLANG;;Reservatório sem usina;JACUI;SUL;S;SUL;;;2026-02-01;;;;;;0.0;0.0;0.0;0.0;0.0;0.0;0.0;0.0;0.0;0.0
BOA ESPERANÇA;190.0;Reservatório com Usina;PARNAIBA;NORDESTE;NE;NORDESTE;;;2026-02-01;104.736;;264.178;;39.646;104.736;264.178;1.0;1.0;0.00375361;0.00511069;0.0;0.0;0.00071372;0.00090451
C.BRANCO-1;27.0;Reservatório com Usina;PARANAIBA;PARANA;SE;SUDESTE;;;2026-02-01;4.849;;20.753;;23.3653;4.849;20.753;0.00014854;0.00026437;4.951e-05;0.00010142;0.0;0.0;3.304e-05;7.106e-05
CACONDE;14.0;Reservatório com Usina;GRANDE;PARANA;SE;SUDESTE;;;2026-02-01;485.634;;853.4;;56.9058;485.634;853.4;0.02239786;0.01656076;0.00495892;0.00417075;0.0;0.0;0.00330935;0.00292192
CACU;311.0;Reservatório com Usina;PARANAIBA;PARANA;SE;SUDESTE;;;2026-02-01;26.946;;30.877;;87.2688;26.946;30.877;0.00082544;0.00039333;0.00027515;0.0001509;0.0;0.0;0.00018362;0.00010572
CAMARGOS;1.0;Reservatório com Usina;GRANDE;PARANA;SE;SUDESTE;;;2026-02-01;1214.81;;1568.489;;77.451;1214.81;1568.489;0.05602809;0.03043752;0.01240469;0.00766555;0.0;0.0;0.00827831;0.00537028
CAMPOS NOVOS;90.0;Reservatório com Usina;URUGUAI;SUL;S;SUL;;;2026-02-01;131.849;;227.826;;57.8727;131.849;227.826;0.03035378;0.03385099;0.01102997;0.0111356;0.0;0.0;0.00089848;0.00078004
CAPIVARA;61.0;Reservatório com Usina;PARANAPANEMA;PARANAPANEMA;SE;SUDESTE;;;2026-02-01;3134.046;;3889.672;;80.5735;3134.046;3889.672;0.42980481;0.32160692;0.03200244;0.01900968;0.0;0.0;0.02135691;0.01331768
CHAVANTES;49.0;Reservatório com Usina;PARANAPANEMA;PARANAPANEMA;SE;SUDESTE;;;2026-02-01;1570.042;;3370.499;;46.5819;1570.042;3370.499;0.21531643;0.27868052;0.01603205;0.01647237;0.0;0.0;0.01069903;0.01154011
CORUMBA;30.0;Reservatório com Usina;PARANAIBA;PARANA;SE;SUDESTE;;;2026-02-01;1043.219;;1531.054;;68.1373;1043.219;1531.054;0.031957;0.01950364;0.01065254;0.0074826;0.0;0.0;0.007109;0.00524211
CORUMBA-3;203.0;Reservatório com Usina;PARANAIBA;PARANA;SE;SUDESTE;;;2026-02-01;209.773;;425.126;;49.3437;209.773;425.126;0.00642599;0.00541555;0.00214204;0.00207768;0.0;0.0;0.0014295;0.00145557
CORUMBA-4;29.0;Reservatório com Usina;PARANAIBA;PARANA;SE;SUDESTE;;;2026-02-01;707.407;;1415.959;;49.9596;707.407;1415.959;0.02167005;0.01803748;0.00722349;0.0069201;0.0;0.0;0.00482061;0.00484804
CURUA-UNA;272.0;Reservatório com Usina;AMAZONAS;BELO MONTE;N;NORTE;;;2026-02-01;4.639;;28.109;;16.5036;4.639;28.109;0.00582106;0.01385888;0.00051784;0.0018369;0.0;0.0;3.161e-05;9.624e-05
DIVISA;;Reservatório sem usina;JACUI;SUL;S;SUL;;;2026-02-01;;;;;;0.0;0.0;0.0;0.0;0.0;0.0;0.0;0.0;0.0;0.0
EDGARD SOUZA;107.0;Reservatório sem usina;TIETE;PARANA;SE;SUDESTE;;;2026-02-01;;;;;;0.0;0.0;0.0;0.0;0.0;0.0;0.0;0.0;0.0;0.0
EMBORCAÇÃO;24.0;Reservatório com Usina;PARANAIBA;PARANA;SE;SUDESTE;;;2026-02-01;10743.63;;21873.496;;49.1171;10743.63;21873.496;0.3291104;0.2786399;0.10970559;0.10690057;0.0;0.0;0.07321231;0.07489174
ERNESTINA;110.0;Reservatório sem usina;JACUI;SUL;S;SUL;;;2026-02-01;200.175;;200.552;;99.812;200.175;200.552;0.085682;0.06620289;0.01674586;0.00980251;0.0;0.0;0.00136409;0.00068666
ESPORA;290.0;Reservatório com Usina;PARANAIBA;PARANA;SE;SUDESTE;;;2026-02-01;35.681;;112.927;;31.5965;35.681;112.927;0.00109302;0.00143854;0.00036435;0.0005519;0.0;0.0;0.00024315;0.00038665
FUNIL;123.0;Reservatório com Usina;PARAIBA DO SUL;SUDESTE;SE;SUDESTE;;;2026-02-01;426.071;;813.622;;52.3672;426.071;813.622;0.13346789;0.10769465;0.00435071;0.00397635;0.0;0.0;0.00290345;0.00278573
FURNAS;6.0;Reservatório com Usina;GRANDE;PARANA;SE;SUDESTE;;;2026-02-01;13078.562;;35035.949;;37.329;13078.562;35035.949;0.60319464;0.67989462;0.13354809;0.17122837;0.0;0.0;0.08912367;0.11995811
G. B. MUNHOZ;74.0;Reservatório com Usina;IGUACU;IGUACU;S;SUL;;;2026-02-01;2430.756;;5880.363;;41.3368;2430.756;5880.363;0.48835534;0.58435864;0.20334758;0.28741842;0.0;0.0;0.01656435;0.02013353
G. P. SOUZA;115.0;Reservatório com Usina;CAPIVARI;SUL;S;SUL;;;2026-02-01;205.69;;374.956;;54.8571;205.69;374.956;1.0;1.0;0.01720722;0.01832697;0.0;0.0;0.00140167;0.0012838
GARIBALDI;89.0;Reservatório com Usina;URUGUAI;SUL;S;SUL;;;2026-02-01;50.634;;101.775;;49.7509;50.634;101.775;0.01165677;0.015122;0.00423584;0.00497452;0.0;0.0;0.00034504;0.00034846
GOV JAYME CANET JR;57.0;Reservatório com Usina;PARANAPANEMA;IGUACU;S;SUL;SE;SUDESTE;2026-02-01;90.579;159.343;261.737;451.213;34.6069;249.922;712.95;0.03427444;0.05894833;0.00757749;0.01279309;0.00162709;0.00220518;0.00170309;0.00244104
GUARAPIRANGA;117.0;Reservatório sem usina;TIETE;SUDESTE;SE;SUDESTE;;;2026-02-01;298.619;;408.675;;73.07;298.619;408.675;0.04033314;0.04202207;0.00304926;0.00199728;0.0;0.0;0.00203493;0.00139925
I. SOLTEIRA;34.0;Reservatório com Usina;PARANA;PARANA;SE;SUDESTE;;;2026-02-01;2872.464;;3691.575;;77.8113;2872.464;3691.575;1.0;1.0;0.02933137;0.01804154;0.0;0.0;0.01957436;0.01263943
IRAPE;148.0;Reservatório com Usina;JEQUITINHONHA;SUDESTE;SE;SUDESTE;NE;NORDESTE;2026-02-01;1291.55;685.839;1962.895;1004.893;65.7982;1977.389;2967.788;1.0;1.0;0.0131883;0.0095931;0.02457963;0.0194403;0.01347489;0.01016128
ITUMBIARA;31.0;Reservatório com Usina;PARANAIBA;PARANA;SE;SUDESTE;;;2026-02-01;6000.365;;15706.409;;38.2033;6000.365;15706.409;0.18380962;0.20007923;0.06127106;0.07676067;0.0;0.0;0.0408894;0.05377651
JAGUARI;120.0;Reservatório com Usina;PARAIBA DO SUL;SUDESTE;SE;SUDESTE;;;2026-02-01;434.863;;1213.775;;35.8273;434.863;1213.775;0.136222;0.16066069;0.00444048;0.00593198;0.0;0.0;0.00296337;0.00415579
JORDÃO;73.0;Reservatório sem usina;IGUACU;IGUACU;S;SUL;;;2026-02-01;9.196;;20.306;;45.2871;9.196;20.306;0.00184754;0.0020179;0.0007693;0.00099251;0.0;0.0;6.267e-05;6.952e-05
JURUMIRIM;47.0;Reservatório com Usina;PARANAPANEMA;PARANAPANEMA;SE;SUDESTE;;;2026-02-01;2337.78;;4121.37;;56.7234;2337.78;4121.37;0.32060445;0.34076424;0.02387159;0.02014204;0.0;0.0;0.01593077;0.01411099
LAJES;124.0;Reservatório sem usina;PARAIBA DO SUL;SUDESTE;SE;SUDESTE;;;2026-02-01;464.55;;512.183;;90.7;464.55;512.183;0.14552154;0.06779484;0.00474362;0.00250315;0.0;0.0;0.00316567;0.00175364
LUIZ GONZAGA;172.0;Reservatório com Usina;SAO FRANCISCO;NORDESTE;NE;NORDESTE;;;2026-02-01;1551.856;;3418.033;;45.402;1551.856;3418.033;0.05431764;0.06482484;0.05561663;0.06612405;0.0;0.0;0.0105751;0.01170286
M. MORAES;7.0;Reservatório com Usina;GRANDE;PARANA;SE;SUDESTE;;;2026-02-01;3291.552;;4339.622;;75.8488;3291.552;4339.622;0.15180924;0.08421309;0.03361077;0.02120868;0.0;0.0;0.02243023;0.01485825
MACHADINHO;91.0;Reservatório com Usina;URUGUAI;SUL;S;SUL;;;2026-02-01;552.437;;890.994;;62.0023;552.437;890.994;0.12717995;0.13238625;0.04621473;0.04354971;0.0;0.0;0.00376457;0.00305064
MANSO;278.0;Reservatório com Usina;PARAGUAI;SUDESTE;SE;SUDESTE;;;2026-02-01;380.904;;555.798;;68.5328;380.904;555.798;1.0;1.0;0.0038895;0.00271631;0.0;0.0;0.00259566;0.00190297
MARIMBONDO;17.0;Reservatório com Usina;GRANDE;PARANA;SE;SUDESTE;;;2026-02-01;2193.244;;5393.697;;40.6631;2193.244;5393.697;0.10115432;0.10466808;0.0223957;0.02636018;0.0;0.0;0.01494583;0.01846725
MIRANDA;26.0;Reservatório com Usina;PARANAIBA;PARANA;SE;SUDESTE;;;2026-02-01;217.517;;269.778;;80.6281;217.517;269.778;0.00666321;0.00343662;0.00222111;0.00131846;0.0;0.0;0.00148227;0.00092368
NOVA PONTE;25.0;Reservatório com Usina;PARANAIBA;PARANA;SE;SUDESTE;;;2026-02-01;7114.01;;22766.333;;31.2479;7114.01;22766.333;0.21792399;0.29001349;0.07264273;0.11126406;0.0;0.0;0.04847832;0.07794869
PARAIBUNA;121.0;Reservatório com Usina;PARAIBA DO SUL;SUDESTE;SE;SUDESTE;;;2026-02-01;1682.556;;4561.222;;36.8883;1682.556;4561.222;0.52706519;0.60374377;0.01718095;0.02229169;0.0;0.0;0.01146575;0.01561698
PASSO FUNDO;93.0;Reservatório com Usina;URUGUAI;SUL;S;SUL;;;2026-02-01;1366.031;;1706.162;;80.0646;1366.031;1706.162;0.31448246;0.25350607;0.11427683;0.08339322;0.0;0.0;0.0093088;0.00584166
PASSO REAL;111.0;Reservatório com Usina;JACUI;SUL;S;SUL;;;2026-02-01;2136.08;;2828.801;;75.5119;2136.08;2828.801;0.914318;0.93379678;0.17869614;0.13826519;0.0;0.0;0.01455629;0.00968541
PEDRA DO CAVALO;189.0;Reservatório com Usina;PARAGUACU;NORDESTE;NE;NORDESTE;;;2026-02-01;239.667;;335.383;;71.4607;239.667;335.383;1.0;1.0;0.00858937;0.0064882;0.0;0.0;0.00163321;0.0011483
PEIXE ANGICAL;257.0;Reservatório com Usina;TOCANTINS;SUDESTE;SE;SUDESTE;N;NORTE;2026-02-01;72.413;85.554;114.392;147.034;63.3025;157.967;261.426;0.00569932;0.00524104;0.00073943;0.00055906;0.00955023;0.00960856;0.00107646;0.00089509
PONTE NOVA;105.0;Reservatório sem usina;TIETE;PARANA;SE;SUDESTE;;;2026-02-01;;;;;;0.0;0.0;0.0;0.0;0.0;0.0;0.0;0.0;0.0;0.0
PORTO ESTRELA;135.0;Reservatório com Usina;DOCE;SUDESTE;SE;SUDESTE;;;2026-02-01;9.666;;12.899;;74.936;9.666;12.899;1.0;1.0;9.87e-05;6.304e-05;0.0;0.0;6.587e-05;4.416e-05
PROMISSÃO;40.0;Reservatório com Usina;TIETE;PARANA;SE;SUDESTE;;;2026-02-01;1309.132;;1829.65;;71.551;1309.132;1829.65;0.17681864;0.18813406;0.01336784;0.0089419;0.0;0.0;0.00892106;0.00626446
QUEBRA QUEIXO;95.0;Reservatório com Usina;URUGUAI;SUL;S;SUL;;;2026-02-01;4.384;;10.163;;43.1369;4.384;10.163;0.00100927;0.00151005;0.00036675;0.00049674;0.0;0.0;2.987e-05;3.48e-05
QUEIMADO;162.0;Reservatório com Usina;SAO FRANCISCO;SUDESTE;SE;SUDESTE;NE;NORDESTE;2026-02-01;128.369;221.953;283.402;484.803;45.2957;350.322;768.205;0.01226187;0.01456942;0.0013108;0.00138505;0.00795453;0.00937883;0.00238726;0.00263022
RETIRO BAIXO;155.0;Reservatório com Usina;SAO FRANCISCO;SUDESTE;SE;SUDESTE;NE;NORDESTE;2026-02-01;6.802;26.237;11.43;42.91;59.5101;33.039;54.34;0.00115642;0.00103059;6.946e-05;5.586e-05;0.0009403;0.00083012;0.00022514;0.00018605
RONDON II;276.0;Reservatório com Usina;AMAZONAS;MADEIRA;SE;SUDESTE;;;2026-02-01;35.609;;56.442;;63.0895;35.609;56.442;0.0446825;0.02782819;0.00036361;0.00027584;0.0;0.0;0.00024266;0.00019325
S.DO FACÃO;21.0;Reservatório com Usina;PARANAIBA;PARANA;SE;SUDESTE;;;2026-02-01;3086.329;;6581.918;;46.891;3086.329;6581.918;0.09454374;0.08384508;0.03151519;0.03216728;0.0;0.0;0.02103174;0.02253555
SALTO RS;;Reservatório sem usina;JACUI;SUL;S;SUL;;;2026-02-01;;;;;;0.0;0.0;0.0;0.0;0.0;0.0;0.0;0.0;0.0;0.0
SALTO SANTIAGO;77.0;Reservatório com Usina;IGUACU;IGUACU;S;SUL;;;2026-02-01;2155.663;;3340.803;;64.5253;2155.663;3340.803;0.4330873;0.33199092;0.18033437;0.16329065;0.0;0.0;0.01468973;0.01143843
SAMUEL;279.0;Reservatório com Usina;AMAZONAS;MADEIRA;SE;SUDESTE;;;2026-02-01;179.832;;257.288;;69.8952;179.832;257.288;0.22565482;0.1268534;0.0018363;0.00125742;0.0;0.0;0.00122546;0.00088092
SANTA BRANCA;122.0;Reservatório com Usina;PARAIBA DO SUL;SUDESTE;SE;SUDESTE;;;2026-02-01;184.27;;454.095;;40.5796;184.27;454.095;0.05772307;0.06010605;0.00188162;0.00221926;0.0;0.0;0.00125571;0.00155476
SANTA CLARA-PR;71.0;Reservatório com Usina;IGUACU;IGUACU;S;SUL;;;2026-02-01;172.829;;373.966;;46.2152;172.829;373.966;0.03472252;0.03716272;0.0144582;0.01827859;0.0;0.0;0.00117774;0.00128041
SANTANA;181.0;Reservatório sem usina;PARAIBA DO SUL;SUDESTE;SE;SUDESTE;;;2026-02-01;;;;;;0.0;0.0;0.0;0.0;0.0;0.0;0.0;0.0;0.0;0.0
SANTONIO CM;193.0;Reservatório sem usina;DOCE;SUDESTE;SE;SUDESTE;;;2026-02-01;;;;;;0.0;0.0;0.0;0.0;0.0;0.0;0.0;0.0;0.0;0.0
SAO ROQUE;88.0;Reservatório com Usina;URUGUAI;SUL;S;SUL;;;2026-02-01;429.055;;801.912;;53.504;429.055;801.912;0.09877541;0.11915021;0.03589307;0.03919559;0.0;0.0;0.00292379;0.00274563
SÃO SIMÃO;33.0;Reservatório com Usina;PARANAIBA;PARANA;SE;SUDESTE;;;2026-02-01;1928.87;;5014.801;;38.4635;1928.87;5014.801;0.05908722;0.06388205;0.01969612;0.02450843;0.0;0.0;0.01314426;0.01716997
SEGREDO;76.0;Reservatório com Usina;IGUACU;IGUACU;S;SUL;;;2026-02-01;208.989;;447.497;;46.7018;208.989;447.497;0.04198731;0.04446983;0.01748321;0.02187261;0.0;0.0;0.00142415;0.00153217
SERRA DA MESA;251.0;Reservatório com Usina;TOCANTINS;SUDESTE;SE;SUDESTE;N;NORTE;2026-02-01;19059.243;6050.255;35277.664;6620.419;54.0264;25109.498;41898.083;0.90593073;0.8399674;0.19461815;0.17240968;0.67537876;0.43263937;0.17110831;0.14345308
SINOP;227.0;Reservatório com Usina;AMAZONAS;TELES PIRES;SE;SUDESTE;;;2026-02-01;208.32;;900.655;;23.1298;208.32;900.655;0.26140182;0.44405938;0.0021272;0.0044017;0.0;0.0;0.00141959;0.00308371
SOBRADINHO;169.0;Reservatório com Usina;SAO FRANCISCO;NORDESTE;NE;NORDESTE;;;2026-02-01;13801.318;;30100.282;;45.8511;13801.318;30100.282;0.48306996;0.5708681;0.49462243;0.58230931;0.0;0.0;0.09404888;0.10305909
TOCOS;180.0;Reservatório sem usina;PARAIBA DO SUL;SUDESTE;SE;SUDESTE;;;2026-02-01;;;;;;0.0;0.0;0.0;0.0;0.0;0.0;0.0;0.0;0.0;0.0
TRÊS IRMÃOS;43.0;Reservatório com Usina;TIETE;PARANA;SE;SUDESTE;;;2026-02-01;1841.667;;2328.579;;79.0897;1841.667;2328.579;0.24874578;0.23943651;0.01880567;0.01138028;0.0;0.0;0.01255001;0.00797272
TRÊS MARIAS;156.0;Reservatório com Usina;SAO FRANCISCO;SUDESTE;SE;SUDESTE;NE;NORDESTE;2026-02-01;1562.356;11271.128;2345.606;16040.745;66.6078;12833.484;18386.351;0.4491941;0.34870707;0.01595356;0.01146349;0.4039435;0.31031852;0.08745359;0.06295225
TUCURUI;275.0;Reservatório com Usina;TOCANTINS;NORTE;N;NORTE;;;2026-02-01;2449.332;;7721.097;;31.7226;2449.332;7721.097;0.08836995;0.15479156;0.27341439;0.50456785;0.0;0.0;0.01669094;0.02643594
A. VERMELHA;18.0;Reservatório com Usina;GRANDE;PARANA;SE;SUDESTE;;;2026-02-02;1426.566;;4340.282;;32.868;1426.566;4340.282;0.06517587;0.0842259;0.0144588;0.02121191;0.0;0.0;0.00967098;0.01486051
ANTA;128.0;Reservatório sem usina;PARAIBA DO SUL;SUDESTE;SE;SUDESTE;;;2026-02-02;;;;;;0.0;0.0;0.0;0.0;0.0;0.0;0.0;0.0;0.0;0.0
B. BONITA;37.0;Reservatório com Usina;TIETE;PARANA;SE;SUDESTE;;;2026-02-02;2154.002;;2713.786;;79.3726;2154.002;2713.786;0.28811995;0.27904549;0.02183165;0.01326287;0.0;0.0;0.01460241;0.00929162
BALBINA;277.0;Reservatório com Usina;AMAZONAS;MANAUS-AMAPA;N;NORTE;;;2026-02-02;366.957;;785.737;;46.7023;366.957;785.737;0.44937289;0.38740015;0.04107834;0.05134732;0.0;0.0;0.00248767;0.00269025
BARRA GRANDE;86.0;Reservatório com Usina;URUGUAI;SUL;S;SUL;;;2026-02-02;1767.51;;2991.427;;59.0858;1767.51;2991.427;0.41280046;0.44447414;0.15022785;0.14621397;0.0;0.0;0.0119823;0.01024222
BATALHA;20.0;Reservatório com Usina;PARANAIBA;PARANA;SE;SUDESTE;;;2026-02-02;1559.483;;2751.514;;56.6773;1559.483;2751.514;0.04726674;0.03505071;0.01580596;0.01344725;0.0;0.0;0.01057205;0.00942079
BILLINGS;118.0;Reservatório sem usina;TIETE;SUDESTE;SE;SUDESTE;;;2026-02-02;1822.905;;2444.556;;74.57;1822.905;2444.556;0.24383231;0.25136187;0.01847585;0.01194708;0.0;0.0;0.01235784;0.00836981
BLANG;;Reservatório sem usina;JACUI;SUL;S;SUL;;;2026-02-02;;;;;;0.0;0.0;0.0;0.0;0.0;0.0;0.0;0.0;0.0;0.0
BOA ESPERANÇA;190.0;Reservatório com Usina;PARNAIBA;NORDESTE;NE;NORDESTE;;;2026-02-02;104.736;;264.178;;39.646;104.736;264.178;1.0;1.0;0.00372101;0.00511069;0.0;0.0;0.00071003;0.00090451
C.BRANCO-1;27.0;Reservatório com Usina;PARANAIBA;PARANA;SE;SUDESTE;;;2026-02-02;8.287;;20.753;;39.9316;8.287;20.753;0.00025117;0.00026437;8.399e-05;0.00010142;0.0;0.0;5.618e-05;7.106e-05
CACONDE;14.0;Reservatório com Usina;GRANDE;PARANA;SE;SUDESTE;;;2026-02-02;492.477;;853.4;;57.7076;492.477;853.4;0.02249992;0.01656076;0.00499145;0.00417075;0.0;0.0;0.0033386;0.00292192
CACU;311.0;Reservatório com Usina;PARANAIBA;PARANA;SE;SUDESTE;;;2026-02-02;29.364;;30.877;;95.0999;29.364;30.877;0.00089;0.00039333;0.00029762;0.0001509;0.0;0.0;0.00019906;0.00010572
CAMARGOS;1.0;Reservatório com Usina;GRANDE;PARANA;SE;SUDESTE;;;2026-02-02;1224.082;;1568.489;;78.0421;1224.082;1568.489;0.05592493;0.03043752;0.01240655;0.00766555;0.0;0.0;0.0082983;0.00537028
CAMPOS NOVOS;90.0;Reservatório com Usina;URUGUAI;SUL;S;SUL;;;2026-02-02;125.063;;227.826;;54.8941;125.063;227.826;0.02920836;0.03385099;0.01062961;0.0111356;0.0;0.0;0.00084783;0.00078004
CAPIVARA;61.0;Reservatório com Usina;PARANAPANEMA;PARANAPANEMA;SE;SUDESTE;;;2026-02-02;3130.083;;3889.672;;80.4716;3130.083;3889.672;0.43039696;0.32160692;0.0317246;0.01900968;0.0;0.0;0.02121946;0.01331768
CHAVANTES;49.0;Reservatório com Usina;PARANAPANEMA;PARANAPANEMA;SE;SUDESTE;;;2026-02-02;1550.876;;3370.499;;46.0132;1550.876;3370.499;0.21325068;0.27868052;0.01571873;0.01647237;0.0;0.0;0.0105137;0.01154011
CORUMBA;30.0;Reservatório com Usina;PARANAIBA;PARANA;SE;SUDESTE;;;2026-02-02;1055.852;;1531.054;;68.9624;1055.852;1531.054;0.03200207;0.01950364;0.01070147;0.0074826;0.0;0.0;0.00715783;0.00524211
CORUMBA-3;203.0;Reservatório com Usina;PARANAIBA;PARANA;SE;SUDESTE;;;2026-02-02;210.99;;425.126;;49.63;210.99;425.126;0.00639495;0.00541555;0.00213847;0.00207768;0.0;0.0;0.00143034;0.00145557
CORUMBA-4;29.0;Reservatório com Usina;PARANAIBA;PARANA;SE;SUDESTE;;;2026-02-02;705.366;;1415.959;;49.8154;705.366;1415.959;0.0213791;0.01803748;0.00714916;0.0069201;0.0;0.0;0.00478182;0.00484804
CURUA-UNA;272.0;Reservatório com Usina;AMAZONAS;BELO MONTE;N;NORTE;;;2026-02-02;4.639;;28.109;;16.5036;4.639;28.109;0.00568089;0.01385888;0.0005193;0.0018369;0.0;0.0;3.145e-05;9.624e-05
DIVISA;;Reservatório sem usina;JACUI;SUL;S;SUL;;;2026-02-02;;;;;;0.0;0.0;0.0;0.0;0.0;0.0;0.0;0.0;0.0;0.0
EDGARD SOUZA;107.0;Reservatório sem usina;TIETE;PARANA;SE;SUDESTE;;;2026-02-02;;;;;;0.0;0.0;0.0;0.0;0.0;0.0;0.0;0.0;0.0;0.0
EMBORCAÇÃO;24.0;Reservatório com Usina;PARANAIBA;PARANA;SE;SUDESTE;;;2026-02-02;10770.165;;21873.496;;49.2384;10770.165;21873.496;0.32643546;0.2786399;0.1091598;0.10690057;0.0;0.0;0.0730131;0.07489174
ERNESTINA;110.0;Reservatório sem usina;JACUI;SUL;S;SUL;;;2026-02-02;199.589;;200.552;;99.5198;199.589;200.552;0.08556955;0.06620289;0.01696388;0.00980251;0.0;0.0;0.00135305;0.00068666
ESPORA;290.0;Reservatório com Usina;PARANAIBA;PARANA;SE;SUDESTE;;;2026-02-02;36.299;;112.927;;32.1438;36.299;112.927;0.00110019;0.00143854;0.0003679;0.0005519;0.0;0.0;0.00024608;0.00038665
FUNIL;123.0;Reservatório com Usina;PARAIBA DO SUL;SUDESTE;SE;SUDESTE;;;2026-02-02;430.154;;813.622;;52.869;430.154;813.622;0.13360824;0.10769465;0.00435978;0.00397635;0.0;0.0;0.0029161;0.00278573
FURNAS;6.0;Reservatório com Usina;GRANDE;PARANA;SE;SUDESTE;;;2026-02-02;13159.662;;35035.949;;37.5605;13159.662;35035.949;0.6012287;0.67989462;0.13337828;0.17122837;0.0;0.0;0.08921198;0.11995811
G. B. MUNHOZ;74.0;Reservatório com Usina;IGUACU;IGUACU;S;SUL;;;2026-02-02;2333.814;;5880.363;;39.6883;2333.814;5880.363;0.48000341;0.58435864;0.19836033;0.28741842;0.0;0.0;0.01582139;0.02013353
G. P. SOUZA;115.0;Reservatório com Usina;CAPIVARI;SUL;S;SUL;;;2026-02-02;202.833;;374.956;;54.0951;202.833;374.956;1.0;1.0;0.0172396;0.01832697;0.0;0.0;0.00137505;0.0012838
GARIBALDI;89.0;Reservatório com Usina;URUGUAI;SUL;S;SUL;;;2026-02-02;52.658;;101.775;;51.7396;52.658;101.775;0.01229823;0.015122;0.00447562;0.00497452;0.0;0.0;0.00035698;0.00034846
GOV JAYME CANET JR;57.0;Reservatório com Usina;PARANAPANEMA;IGUACU;S;SUL;SE;SUDESTE;2026-02-02;86.386;152.069;261.737;451.213;33.0049;238.455;712.95;0.03278837;0.05894833;0.0073423;0.01279309;0.00154128;0.00220518;0.00161653;0.00244104
GUARAPIRANGA;117.0;Reservatório sem usina;TIETE;SUDESTE;SE;SUDESTE;;;2026-02-02;301.357;;408.675;;73.74;301.357;408.675;0.0403096;0.04202207;0.00305437;0.00199728;0.0;0.0;0.00204296;0.00139925
I. SOLTEIRA;34.0;Reservatório com Usina;PARANA;PARANA;SE;SUDESTE;;;2026-02-02;2880.27;;3691.575;;78.0228;2880.27;3691.575;1.0;1.0;0.02919265;0.01804154;0.0;0.0;0.01952593;0.01263943
IRAPE;148.0;Reservatório com Usina;JEQUITINHONHA;SUDESTE;SE;SUDESTE;NE;NORDESTE;2026-02-02;1299.774;689.859;1962.895;1004.893;66.2172;1989.633;2967.788;1.0;1.0;0.01317371;0.0095931;0.02450898;0.0194403;0.01348812;0.01016128
ITUMBIARA;31.0;Reservatório com Usina;PARANAIBA;PARANA;SE;SUDESTE;;;2026-02-02;6113.775;;15706.409;;38.9254;6113.775;15706.409;0.18530384;0.20007923;0.06196548;0.07676067;0.0;0.0;0.0414465;0.05377651
JAGUARI;120.0;Reservatório com Usina;PARAIBA DO SUL;SUDESTE;SE;SUDESTE;;;2026-02-02;438.388;;1213.775;;36.1177;438.388;1213.775;0.13616577;0.16066069;0.00444323;0.00593198;0.0;0.0;0.00297192;0.00415579
JORDÃO;73.0;Reservatório sem usina;IGUACU;IGUACU;S;SUL;;;2026-02-02;7.316;;20.306;;36.0288;7.316;20.306;0.00150471;0.0020179;0.00062182;0.00099251;0.0;0.0;4.96e-05;6.952e-05
JURUMIRIM;47.0;Reservatório com Usina;PARANAPANEMA;PARANAPANEMA;SE;SUDESTE;;;2026-02-02;2353.134;;4121.37;;57.0959;2353.134;4121.37;0.32356386;0.34076424;0.02384993;0.02014204;0.0;0.0;0.01595237;0.01411099
LAJES;124.0;Reservatório sem usina;PARAIBA DO SUL;SUDESTE;SE;SUDESTE;;;2026-02-02;464.55;;512.183;;90.7;464.55;512.183;0.14429183;0.06779484;0.00470839;0.00250315;0.0;0.0;0.00314928;0.00175364
LUIZ GONZAGA;172.0;Reservatório com Usina;SAO FRANCISCO;NORDESTE;NE;NORDESTE;;;2026-02-02;1530.676;;3418.033;;44.7824;1530.676;3418.033;0.05308081;0.06482484;0.05438112;0.06612405;0.0;0.0;0.01037676;0.01170286
M. MORAES;7.0;Reservatório com Usina;GRANDE;PARANA;SE;SUDESTE;;;2026-02-02;3281.711;;4339.622;;75.622;3281.711;4339.622;0.14993233;0.08421309;0.03326141;0.02120868;0.0;0.0;0.02224737;0.01485825
MACHADINHO;91.0;Reservatório com Usina;URUGUAI;SUL;S;SUL;;;2026-02-02;556.21;;890.994;;62.4258;556.21;890.994;0.12990237;0.13238625;0.04727455;0.04354971;0.0;0.0;0.00377066;0.00305064
MANSO;278.0;Reservatório com Usina;PARAGUAI;SUDESTE;SE;SUDESTE;;;2026-02-02;388.949;;555.798;;69.9803;388.949;555.798;1.0;1.0;0.00394215;0.00271631;0.0;0.0;0.00263676;0.00190297
MARIMBONDO;17.0;Reservatório com Usina;GRANDE;PARANA;SE;SUDESTE;;;2026-02-02;2303.449;;5393.697;;42.7063;2303.449;5393.697;0.10523824;0.10466808;0.02334635;0.02636018;0.0;0.0;0.01561554;0.01846725
MIRANDA;26.0;Reservatório com Usina;PARANAIBA;PARANA;SE;SUDESTE;;;2026-02-02;227.666;;269.778;;84.3901;227.666;269.778;0.00690038;0.00343662;0.00230748;0.00131846;0.0;0.0;0.00154339;0.00092368
NOVA PONTE;25.0;Reservatório com Usina;PARANAIBA;PARANA;SE;SUDESTE;;;2026-02-02;7157.879;;22766.333;;31.4406;7157.879;22766.333;0.21694983;0.29001349;0.07254788;0.11126406;0.0;0.0;0.04852469;0.07794869
PARAIBUNA;121.0;Reservatório com Usina;PARAIBA DO SUL;SUDESTE;SE;SUDESTE;;;2026-02-02;1700.695;;4561.222;;37.286;1700.695;4561.222;0.52824539;0.60374377;0.0172372;0.02229169;0.0;0.0;0.01152935;0.01561698
PASSO FUNDO;93.0;Reservatório com Usina;URUGUAI;SUL;S;SUL;;;2026-02-02;1357.754;;1706.162;;79.5794;1357.754;1706.162;0.31710229;0.25350607;0.11540103;0.08339322;0.0;0.0;0.00920449;0.00584166
PASSO REAL;111.0;Reservatório com Usina;JACUI;SUL;S;SUL;;;2026-02-02;2132.888;;2828.801;;75.399;2132.888;2828.801;0.91443045;0.93379678;0.18128281;0.13826519;0.0;0.0;0.01445927;0.00968541
PEDRA DO CAVALO;189.0;Reservatório com Usina;PARAGUACU;NORDESTE;NE;NORDESTE;;;2026-02-02;239.667;;335.383;;71.4607;239.667;335.383;1.0;1.0;0.00851477;0.0064882;0.0;0.0;0.00162475;0.0011483
PEIXE ANGICAL;257.0;Reservatório com Usina;TOCANTINS;SUDESTE;SE;SUDESTE;N;NORTE;2026-02-02;78.923;93.094;114.392;147.034;68.9935;172.017;261.426;0.00620659;0.00524104;0.00079992;0.00055906;0.01042124;0.00960856;0.00116614;0.00089509
PONTE NOVA;105.0;Reservatório sem usina;TIETE;PARANA;SE;SUDESTE;;;2026-02-02;;;;;;0.0;0.0;0.0;0.0;0.0;0.0;0.0;0.0;0.0;0.0
PORTO ESTRELA;135.0;Reservatório com Usina;DOCE;SUDESTE;SE;SUDESTE;;;2026-02-02;9.782;;12.899;;75.8353;9.782;12.899;1.0;1.0;9.914e-05;6.304e-05;0.0;0.0;6.631e-05;4.416e-05
PROMISSÃO;40.0;Reservatório com Usina;TIETE;PARANA;SE;SUDESTE;;;2026-02-02;1331.263;;1829.65;;72.7605;1331.263;1829.65;0.17807013;0.18813406;0.01349287;0.0089419;0.0;0.0;0.0090249;0.00626446
QUEBRA QUEIXO;95.0;Reservatório com Usina;URUGUAI;SUL;S;SUL;;;2026-02-02;5.145;;10.163;;50.6248;5.145;10.163;0.00120161;0.00151005;0.00043729;0.00049674;0.0;0.0;3.488e-05;3.48e-05
QUEIMADO;162.0;Reservatório com Usina;SAO FRANCISCO;SUDESTE;SE;SUDESTE;NE;NORDESTE;2026-02-02;130.274;225.163;283.402;484.803;45.9679;355.437;768.205;0.01232585;0.01456942;0.00132038;0.00138505;0.00799948;0.00937883;0.00240958;0.00263022
RETIRO BAIXO;155.0;Reservatório com Usina;SAO FRANCISCO;SUDESTE;SE;SUDESTE;NE;NORDESTE;2026-02-02;8.288;31.879;11.43;42.91;72.5109;40.167;54.34;0.00139291;0.00103059;8.4e-05;5.586e-05;0.00113258;0.00083012;0.0002723;0.00018605
RONDON II;276.0;Reservatório com Usina;AMAZONAS;MADEIRA;SE;SUDESTE;;;2026-02-02;35.734;;56.442;;63.311;35.734;56.442;0.0437596;0.02782819;0.00036218;0.00027584;0.0;0.0;0.00024225;0.00019325
S.DO FACÃO;21.0;Reservatório com Usina;PARANAIBA;PARANA;SE;SUDESTE;;;2026-02-02;3093.455;;6581.918;;46.9993;3093.455;6581.918;0.09376025;0.08384508;0.03135337;0.03216728;0.0;0.0;0.02097115;0.02253555
SALTO RS;;Reservatório sem usina;JACUI;SUL;S;SUL;;;2026-02-02;;;;;;0.0;0.0;0.0;0.0;0.0;0.0;0.0;0.0;0.0;0.0
SALTO SANTIAGO;77.0;Reservatório com Usina;IGUACU;IGUACU;S;SUL;;;2026-02-02;2137.651;;3340.803;;63.9861;2137.651;3340.803;0.4396579;0.33199092;0.18168764;0.16329065;0.0;0.0;0.01449156;0.01143843
SAMUEL;279.0;Reservatório com Usina;AMAZONAS;MADEIRA;SE;SUDESTE;;;2026-02-02;184.581;;257.288;;71.741;184.581;257.288;0.22603656;0.1268534;0.0018708;0.00125742;0.0;0.0;0.00125131;0.00088092
SANTA BRANCA;122.0;Reservatório com Usina;PARAIBA DO SUL;SUDESTE;SE;SUDESTE;;;2026-02-02;185.73;;454.095;;40.9011;185.73;454.095;0.05768878;0.06010605;0.00188245;0.00221926;0.0;0.0;0.0012591;0.00155476
SANTA CLARA-PR;71.0;Reservatório com Usina;IGUACU;IGUACU;S;SUL;;;2026-02-02;173.467;;373.966;;46.3858;173.467;373.966;0.03567754;0.03716272;0.01474366;0.01827859;0.0;0.0;0.00117597;0.00128041
SANTANA;181.0;Reservatório sem usina;PARAIBA DO SUL;SUDESTE;SE;SUDESTE;;;2026-02-02;;;;;;0.0;0.0;0.0;0.0;0.0;0.0;0.0;0.0;0.0;0.0
SANTONIO CM;193.0;Reservatório sem usina;DOCE;SUDESTE;SE;SUDESTE;;;2026-02-02;;;;;;0.0;0.0;0.0;0.0;0.0;0.0;0.0;0.0;0.0;0.0
SAO ROQUE;88.0;Reservatório com Usina;URUGUAI;SUL;S;SUL;;;2026-02-02;417.414;;801.912;;52.0523;417.414;801.912;0.09748668;0.11915021;0.03547771;0.03919559;0.0;0.0;0.00282973;0.00274563
SÃO SIMÃO;33.0;Reservatório com Usina;PARANAIBA;PARANA;SE;SUDESTE;;;2026-02-02;2024.663;;5014.801;;40.3737;2024.663;5014.801;0.06136599;0.06388205;0.02052074;0.02450843;0.0;0.0;0.0137256;0.01716997
SEGREDO;76.0;Reservatório com Usina;IGUACU;IGUACU;S;SUL;;;2026-02-02;209.831;;447.497;;46.8899;209.831;447.497;0.04315665;0.04446983;0.01783439;0.02187261;0.0;0.0;0.00142249;0.00153217
SERRA DA MESA;251.0;Reservatório com Usina;TOCANTINS;SUDESTE;SE;SUDESTE;N;NORTE;2026-02-02;19074.8;6046.001;35277.664;6620.419;54.0705;25120.801;41898.083;0.90638987;0.8399674;0.19333049;0.17240968;0.67680876;0.43263937;0.17029893;0.14345308
SINOP;227.0;Reservatório com Usina;AMAZONAS;TELES PIRES;SE;SUDESTE;;;2026-02-02;224.686;;900.655;;24.947;224.686;900.655;0.27514885;0.44405938;0.00227728;0.0044017;0.0;0.0;0.00152319;0.00308371
SOBRADINHO;169.0;Reservatório com Usina;SAO FRANCISCO;NORDESTE;NE;NORDESTE;;;2026-02-02;13914.54;;30100.282;;46.2273;13914.54;30100.282;0.48252868;0.5708681;0.49434906;0.58230931;0.0;0.0;0.09432945;0.10305909
TOCOS;180.0;Reservatório sem usina;PARAIBA DO SUL;SUDESTE;SE;SUDESTE;;;2026-02-02;;;;;;0.0;0.0;0.0;0.0;0.0;0.0;0.0;0.0;0.0;0.0
TRÊS IRMÃOS;43.0;Reservatório com Usina;TIETE;PARANA;SE;SUDESTE;;;2026-02-02;1866.532;;2328.579;;80.1576;1866.532;2328.579;0.24966787;0.23943651;0.01891803;0.01138028;0.0;0.0;0.01265359;0.00797272
TRÊS MARIAS;156.0;Reservatório com Usina;SAO FRANCISCO;SUDESTE;SE;SUDESTE;NE;NORDESTE;2026-02-02;1585.216;11410.676;2345.606;16040.745;67.5824;12995.892;18386.351;0.45067178;0.34870707;0.01606678;0.01146349;0.40539299;0.31031852;0.08810175;0.06295225
TUCURUI;275.0;Reservatório com Usina;TOCANTINS;NORTE;N;NORTE;;;2026-02-02;2422.409;;7721.097;;31.3739;2422.409;7721.097;0.08740354;0.15479156;0.27117224;0.50456785;0.0;0.0;0.01642199;0.02643594
A. VERMELHA;18.0;Reservatório com Usina;GRANDE;PARANA;SE;SUDESTE;;;2026-02-03;1487.877;;4340.282;;34.2807;1487.877;4340.282;0.06731835;0.0842259;0.01497422;0.02121191;0.0;0.0;0.01004086;0.01486051
ANTA;128.0;Reservatório sem usina;PARAIBA DO SUL;SUDESTE;SE;SUDESTE;;;2026-02-03;;;;;;0.0;0.0;0.0;0.0;0.0;0.0;0.0;0.0;0.0;0.0
B. BONITA;37.0;Reservatório com Usina;TIETE;PARANA;SE;SUDESTE;;;2026-02-03;2157.29;;2713.786;;79.4937;2157.29;2713.786;0.28701141;0.27904549;0.0217113;0.01326287;0.0;0.0;0.01455836;0.00929162
BALBINA;277.0;Reservatório com Usina;AMAZONAS;MANAUS-AMAPA;N;NORTE;;;2026-02-03;363.885;;785.737;;46.3113;363.885;785.737;0.43965199;0.38740015;0.04091785;0.05134732;0.0;0.0;0.00245566;0.00269025
BARRA GRANDE;86.0;Reservatório com Usina;URUGUAI;SUL;S;SUL;;;2026-02-03;1721.614;;2991.427;;57.5516;1721.614;2991.427;0.41092386;0.44447414;0.14900519;0.14621397;0.0;0.0;0.01161822;0.01024222
BATALHA;20.0;Reservatório com Usina;PARANAIBA;PARANA;SE;SUDESTE;;;2026-02-03;1591.237;;2751.514;;57.8313;1591.237;2751.514;0.04772164;0.03505071;0.01601445;0.01344725;0.0;0.0;0.01073838;0.00942079
BILLINGS;118.0;Reservatório sem usina;TIETE;SUDESTE;SE;SUDESTE;;;2026-02-03;1822.905;;2444.556;;74.57;1822.905;2444.556;0.24252397;0.25136187;0.018346;0.01194708;0.0;0.0;0.01230178;0.00836981
BLANG;;Reservatório sem usina;JACUI;SUL;S;SUL;;;2026-02-03;;;;;;0.0;0.0;0.0;0.0;0.0;0.0;0.0;0.0;0.0;0.0
BOA ESPERANÇA;190.0;Reservatório com Usina;PARNAIBA;NORDESTE;NE;NORDESTE;;;2026-02-03;102.7;;264.178;;38.8753;102.7;264.178;1.0;1.0;0.00361969;0.00511069;0.0;0.0;0.00069307;0.00090451
C.BRANCO-1;27.0;Reservatório com Usina;PARANAIBA;PARANA;SE;SUDESTE;;;2026-02-03;6.291;;20.753;;30.3137;6.291;20.753;0.00018867;0.00026437;6.331e-05;0.00010142;0.0;0.0;4.245e-05;7.106e-05
CACONDE;14.0;Reservatório com Usina;GRANDE;PARANA;SE;SUDESTE;;;2026-02-03;499.66;;853.4;;58.5493;499.66;853.4;0.0226069;0.01656076;0.00502865;0.00417075;0.0;0.0;0.00337193;0.00292192
CACU;311.0;Reservatório com Usina;PARANAIBA;PARANA;SE;SUDESTE;;;2026-02-03;29.688;;30.877;;96.1492;29.688;30.877;0.00089035;0.00039333;0.00029878;0.0001509;0.0;0.0;0.00020035;0.00010572
CAMARGOS;1.0;Reservatório com Usina;GRANDE;PARANA;SE;SUDESTE;;;2026-02-03;1232.095;;1568.489;;78.553;1232.095;1568.489;0.0557456;0.03043752;0.01239999;0.00766555;0.0;0.0;0.00831473;0.00537028
CAMPOS NOVOS;90.0;Reservatório com Usina;URUGUAI;SUL;S;SUL;;;2026-02-03;114.603;;227.826;;50.3029;114.603;227.826;0.02735405;0.03385099;0.00991886;0.0111356;0.0;0.0;0.00077339;0.00078004
CAPIVARA;61.0;Reservatório com Usina;PARANAPANEMA;PARANAPANEMA;SE;SUDESTE;;;2026-02-03;3115.82;;3889.672;;80.105;3115.82;3889.672;0.43042395;0.32160692;0.03135809;0.01900968;0.0;0.0;0.02102695;0.01331768
CHAVANTES;49.0;Reservatório com Usina;PARANAPANEMA;PARANAPANEMA;SE;SUDESTE;;;2026-02-03;1535.332;;3370.499;;45.5521;1535.332;3370.499;0.21209301;0.27868052;0.01545182;0.01647237;0.0;0.0;0.01036111;0.01154011
CORUMBA;30.0;Reservatório com Usina;PARANAIBA;PARANA;SE;SUDESTE;;;2026-02-03;1074.791;;1531.054;;70.1994;1074.791;1531.054;0.03223328;0.01950364;0.01081686;0.0074826;0.0;0.0;0.00725317;0.00524211
CORUMBA-3;203.0;Reservatório com Usina;PARANAIBA;PARANA;SE;SUDESTE;;;2026-02-03;211.2;;425.126;;49.6794;211.2;425.126;0.00633395;0.00541555;0.00212555;0.00207768;0.0;0.0;0.00142527;0.00145557
CORUMBA-4;29.0;Reservatório com Usina;PARANAIBA;PARANA;SE;SUDESTE;;;2026-02-03;701.026;;1415.959;;49.5089;701.026;1415.959;0.02102396;0.01803748;0.00705523;0.0069201;0.0;0.0;0.00473084;0.00484804
CURUA-UNA;272.0;Reservatório com Usina;AMAZONAS;BELO MONTE;N;NORTE;;;2026-02-03;4.611;;28.109;;16.404;4.611;28.109;0.00557109;0.01385888;0.00051849;0.0018369;0.0;0.0;3.112e-05;9.624e-05
DIVISA;;Reservatório sem usina;JACUI;SUL;S;SUL;;;2026-02-03;;;;;;0.0;0.0;0.0;0.0;0.0;0.0;0.0;0.0;0.0;0.0
EDGARD SOUZA;107.0;Reservatório sem usina;TIETE;PARANA;SE;SUDESTE;;;2026-02-03;;;;;;0.0;0.0;0.0;0.0;0.0;0.0;0.0;0.0;0.0;0.0
EMBORCAÇÃO;24.0;Reservatório com Usina;PARANAIBA;PARANA;SE;SUDESTE;;;2026-02-03;10770.916;;21873.496;;49.2419;10770.916;21873.496;0.32302277;0.2786399;0.10840015;0.10690057;0.0;0.0;0.07268696;0.07489174
ERNESTINA;110.0;Reservatório sem usina;JACUI;SUL;S;SUL;;;2026-02-03;198.402;;200.552;;98.928;198.402;200.552;0.08528438;0.06620289;0.01717164;0.00980251;0.0;0.0;0.00133891;0.00068666
ESPORA;290.0;Reservatório com Usina;PARANAIBA;PARANA;SE;SUDESTE;;;2026-02-03;37.068;;112.927;;32.8247;37.068;112.927;0.00111168;0.00143854;0.00037306;0.0005519;0.0;0.0;0.00025015;0.00038665
FUNIL;123.0;Reservatório com Usina;PARAIBA DO SUL;SUDESTE;SE;SUDESTE;;;2026-02-03;426.071;;813.622;;52.3672;426.071;813.622;0.1316797;0.10769465;0.00428804;0.00397635;0.0;0.0;0.00287532;0.00278573
FURNAS;6.0;Reservatório com Usina;GRANDE;PARANA;SE;SUDESTE;;;2026-02-03;13223.352;;35035.949;;37.7422;13223.352;35035.949;0.59828481;0.67989462;0.13308184;0.17122837;0.0;0.0;0.0892371;0.11995811
G. B. MUNHOZ;74.0;Reservatório com Usina;IGUACU;IGUACU;S;SUL;;;2026-02-03;2244.989;;5880.363;;38.1777;2244.989;5880.363;0.47209316;0.58435864;0.19430314;0.28741842;0.0;0.0;0.01515019;0.02013353
G. P. SOUZA;115.0;Reservatório com Usina;CAPIVARI;SUL;S;SUL;;;2026-02-03;199.374;;374.956;;53.1726;199.374;374.956;1.0;1.0;0.01725576;0.01832697;0.0;0.0;0.00134547;0.0012838
GARIBALDI;89.0;Reservatório com Usina;URUGUAI;SUL;S;SUL;;;2026-02-03;50.607;;101.775;;49.7244;50.607;101.775;0.01207914;0.015122;0.00438002;0.00497452;0.0;0.0;0.00034152;0.00034846
GOV JAYME CANET JR;57.0;Reservatório com Usina;PARANAPANEMA;IGUACU;S;SUL;SE;SUDESTE;2026-02-03;83.31;146.713;261.737;451.213;31.8297;230.023;712.95;0.03177571;0.05894833;0.00721046;0.01279309;0.00147654;0.00220518;0.0015523;0.00244104
GUARAPIRANGA;117.0;Reservatório sem usina;TIETE;SUDESTE;SE;SUDESTE;;;2026-02-03;302.461;;408.675;;74.0102;302.461;408.675;0.04024019;0.04202207;0.00304401;0.00199728;0.0;0.0;0.00204114;0.00139925
I. SOLTEIRA;34.0;Reservatório com Usina;PARANA;PARANA;SE;SUDESTE;;;2026-02-03;2919.306;;3691.575;;79.0802;2919.306;3691.575;1.0;1.0;0.02938034;0.01804154;0.0;0.0;0.01970078;0.01263943
IRAPE;148.0;Reservatório com Usina;JEQUITINHONHA;SUDESTE;SE;SUDESTE;NE;NORDESTE;2026-02-03;1310.476;695.084;1962.895;1004.893;66.7624;2005.56;2967.788;1.0;1.0;0.01318883;0.0095931;0.02449846;0.0194403;0.01353442;0.01016128
ITUMBIARA;31.0;Reservatório com Usina;PARANAIBA;PARANA;SE;SUDESTE;;;2026-02-03;6193.859;;15706.409;;39.4352;6193.859;15706.409;0.18575555;0.20007923;0.06233595;0.07676067;0.0;0.0;0.04179893;0.05377651
JAGUARI;120.0;Reservatório com Usina;PARAIBA DO SUL;SUDESTE;SE;SUDESTE;;;2026-02-03;441.798;;1213.775;;36.3987;441.798;1213.775;0.13654022;0.16066069;0.00444632;0.00593198;0.0;0.0;0.00298145;0.00415579
JORDÃO;73.0;Reservatório sem usina;IGUACU;IGUACU;S;SUL;;;2026-02-03;7.339;;20.306;;36.142;7.339;20.306;0.0015433;0.0020179;0.00063519;0.00099251;0.0;0.0;4.953e-05;6.952e-05
JURUMIRIM;47.0;Reservatório com Usina;PARANAPANEMA;PARANAPANEMA;SE;SUDESTE;;;2026-02-03;2357.781;;4121.37;;57.2087;2357.781;4121.37;0.32570733;0.34076424;0.02372907;0.02014204;0.0;0.0;0.01591136;0.01411099
LAJES;124.0;Reservatório sem usina;PARAIBA DO SUL;SUDESTE;SE;SUDESTE;;;2026-02-03;465.216;;512.183;;90.83;465.216;512.183;0.14377769;0.06779484;0.00468201;0.00250315;0.0;0.0;0.00313949;0.00175364
LUIZ GONZAGA;172.0;Reservatório com Usina;SAO FRANCISCO;NORDESTE;NE;NORDESTE;;;2026-02-03;1510.524;;3418.033;;44.1928;1510.524;3418.033;0.05194622;0.06482484;0.05323891;0.06612405;0.0;0.0;0.01019369;0.01170286
M. MORAES;7.0;Reservatório com Usina;GRANDE;PARANA;SE;SUDESTE;;;2026-02-03;3322.361;;4339.622;;76.5588;3322.361;4339.622;0.15031878;0.08421309;0.03343675;0.02120868;0.0;0.0;0.02242078;0.01485825
MACHADINHO;91.0;Reservatório com Usina;URUGUAI;SUL;S;SUL;;;2026-02-03;546.868;;890.994;;61.3773;546.868;890.994;0.13052932;0.13238625;0.04733127;0.04354971;0.0;0.0;0.00369051;0.00305064
MANSO;278.0;Reservatório com Usina;PARAGUAI;SUDESTE;SE;SUDESTE;;;2026-02-03;393.322;;555.798;;70.7671;393.322;555.798;1.0;1.0;0.00395845;0.00271631;0.0;0.0;0.00265431;0.00190297
MARIMBONDO;17.0;Reservatório com Usina;GRANDE;PARANA;SE;SUDESTE;;;2026-02-03;2336.756;;5393.697;;43.3238;2336.756;5393.697;0.10572551;0.10466808;0.02351747;0.02636018;0.0;0.0;0.01576948;0.01846725
MIRANDA;26.0;Reservatório com Usina;PARANAIBA;PARANA;SE;SUDESTE;;;2026-02-03;232.34;;269.778;;86.1227;232.34;269.778;0.00696794;0.00343662;0.00233831;0.00131846;0.0;0.0;0.00156793;0.00092368
NOVA PONTE;25.0;Reservatório com Usina;PARANAIBA;PARANA;SE;SUDESTE;;;2026-02-03;7172.466;;22766.333;;31.5047;7172.466;22766.333;0.21510425;0.29001349;0.0721848;0.11126406;0.0;0.0;0.04840301;0.07794869
PARAIBUNA;121.0;Reservatório com Usina;PARAIBA DO SUL;SUDESTE;SE;SUDESTE;;;2026-02-03;1716.154;;4561.222;;37.6249;1716.154;4561.222;0.53038729;0.60374377;0.01727164;0.02229169;0.0;0.0;0.01158138;0.01561698
PASSO FUNDO;93.0;Reservatório com Usina;URUGUAI;SUL;S;SUL;;;2026-02-03;1349.478;;1706.162;;79.0944;1349.478;1706.162;0.32210049;0.25350607;0.11679693;0.08339322;0.0;0.0;0.00910688;0.00584166
PASSO REAL;111.0;Reservatório com Usina;JACUI;SUL;S;SUL;;;2026-02-03;2127.956;;2828.801;;75.2247;2127.956;2828.801;0.91471562;0.93379678;0.18417397;0.13826519;0.0;0.0;0.0143604;0.00968541
PEDRA DO CAVALO;189.0;Reservatório com Usina;PARAGUACU;NORDESTE;NE;NORDESTE;;;2026-02-03;239.667;;335.383;;71.4607;239.667;335.383;1.0;1.0;0.00844714;0.0064882;0.0;0.0;0.00161738;0.0011483
PEIXE ANGICAL;257.0;Reservatório com Usina;TOCANTINS;SUDESTE;SE;SUDESTE;N;NORTE;2026-02-03;77.737;91.637;114.392;147.034;67.9567;169.374;261.426;0.00611508;0.00524104;0.00078236;0.00055906;0.01030432;0.00960856;0.00114301;0.00089509
PONTE NOVA;105.0;Reservatório sem usina;TIETE;PARANA;SE;SUDESTE;;;2026-02-03;;;;;;0.0;0.0;0.0;0.0;0.0;0.0;0.0;0.0;0.0;0.0
PORTO ESTRELA;135.0;Reservatório com Usina;DOCE;SUDESTE;SE;SUDESTE;;;2026-02-03;9.623;;12.899;;74.6027;9.623;12.899;1.0;1.0;9.685e-05;6.304e-05;0.0;0.0;6.494e-05;4.416e-05
PROMISSÃO;40.0;Reservatório com Usina;TIETE;PARANA;SE;SUDESTE;;;2026-02-03;1362.276;;1829.65;;74.4556;1362.276;1829.65;0.1812407;0.18813406;0.01371015;0.0089419;0.0;0.0;0.00919325;0.00626446
QUEBRA QUEIXO;95.0;Reservatório com Usina;URUGUAI;SUL;S;SUL;;;2026-02-03;5.049;;10.163;;49.6802;5.049;10.163;0.00120512;0.00151005;0.00043699;0.00049674;0.0;0.0;3.407e-05;3.48e-05
QUEIMADO;162.0;Reservatório com Usina;SAO FRANCISCO;SUDESTE;SE;SUDESTE;NE;NORDESTE;2026-02-03;134.484;232.25;283.402;484.803;47.4534;366.734;768.205;0.01261181;0.01456942;0.00135347;0.00138505;0.00818573;0.00937883;0.00247489;0.00263022
RETIRO BAIXO;155.0;Reservatório com Usina;SAO FRANCISCO;SUDESTE;SE;SUDESTE;NE;NORDESTE;2026-02-03;6.872;26.455;11.43;42.91;60.1225;33.327;54.34;0.0011461;0.00103059;6.916e-05;5.586e-05;0.00093242;0.00083012;0.00022491;0.00018605
RONDON II;276.0;Reservatório com Usina;AMAZONAS;MADEIRA;SE;SUDESTE;;;2026-02-03;35.734;;56.442;;63.311;35.734;56.442;0.04317442;0.02782819;0.00035963;0.00027584;0.0;0.0;0.00024115;0.00019325
S.DO FACÃO;21.0;Reservatório com Usina;PARANAIBA;PARANA;SE;SUDESTE;;;2026-02-03;3106.643;;6581.918;;47.1997;3106.643;6581.918;0.09316909;0.08384508;0.03126573;0.03216728;0.0;0.0;0.02096502;0.02253555
SALTO RS;;Reservatório sem usina;JACUI;SUL;S;SUL;;;2026-02-03;;;;;;0.0;0.0;0.0;0.0;0.0;0.0;0.0;0.0;0.0;0.0
SALTO SANTIAGO;77.0;Reservatório com Usina;IGUACU;IGUACU;S;SUL;;;2026-02-03;2130.176;;3340.803;;63.7624;2130.176;3340.803;0.44794942;0.33199092;0.18436611;0.16329065;0.0;0.0;0.01437538;0.01143843
SAMUEL;279.0;Reservatório com Usina;AMAZONAS;MADEIRA;SE;SUDESTE;;;2026-02-03;187.764;;257.288;;72.9781;187.764;257.288;0.22685963;0.1268534;0.00188969;0.00125742;0.0;0.0;0.00126712;0.00088092
SANTA BRANCA;122.0;Reservatório com Usina;PARAIBA DO SUL;SUDESTE;SE;SUDESTE;;;2026-02-03;186.422;;454.095;;41.0535;186.422;454.095;0.05761479;0.06010605;0.00187618;0.00221926;0.0;0.0;0.00125806;0.00155476
SANTA CLARA-PR;71.0;Reservatório com Usina;IGUACU;IGUACU;S;SUL;;;2026-02-03;173.677;;373.966;;46.4419;173.677;373.966;0.03652211;0.03716272;0.01503169;0.01827859;0.0;0.0;0.00117205;0.00128041
SANTANA;181.0;Reservatório sem usina;PARAIBA DO SUL;SUDESTE;SE;SUDESTE;;;2026-02-03;;;;;;0.0;0.0;0.0;0.0;0.0;0.0;0.0;0.0;0.0;0.0
SANTONIO CM;193.0;Reservatório sem usina;DOCE;SUDESTE;SE;SUDESTE;;;2026-02-03;;;;;;0.0;0.0;0.0;0.0;0.0;0.0;0.0;0.0;0.0;0.0
SAO ROQUE;88.0;Reservatório com Usina;URUGUAI;SUL;S;SUL;;;2026-02-03;401.398;;801.912;;50.0551;401.398;801.912;0.09580778;0.11915021;0.03474088;0.03919559;0.0;0.0;0.00270881;0.00274563
SÃO SIMÃO;33.0;Reservatório com Usina;PARANAIBA;PARANA;SE;SUDESTE;;;2026-02-03;2216.614;;5014.801;;44.2014;2216.614;5014.801;0.06647687;0.06388205;0.02230834;0.02450843;0.0;0.0;0.0149587;0.01716997
SEGREDO;76.0;Reservatório com Usina;IGUACU;IGUACU;S;SUL;;;2026-02-03;199.213;;447.497;;44.5172;199.213;447.497;0.04189201;0.04446983;0.01724183;0.02187261;0.0;0.0;0.00134438;0.00153217
SERRA DA MESA;251.0;Reservatório com Usina;TOCANTINS;SUDESTE;SE;SUDESTE;N;NORTE;2026-02-03;19095.474;6041.134;35277.664;6620.419;54.1291;25136.608;41898.083;0.9075316;0.8399674;0.19217978;0.17240968;0.67930866;0.43263937;0.16963308;0.14345308
SINOP;227.0;Reservatório com Usina;AMAZONAS;TELES PIRES;SE;SUDESTE;;;2026-02-03;235.672;;900.655;;26.1667;235.672;900.655;0.28474288;0.44405938;0.00237184;0.0044017;0.0;0.0;0.00159042;0.00308371
SOBRADINHO;169.0;Reservatório com Usina;SAO FRANCISCO;NORDESTE;NE;NORDESTE;;;2026-02-03;14051.798;;30100.282;;46.6833;14051.798;30100.282;0.48323479;0.5708681;0.49526016;0.58230931;0.0;0.0;0.09482782;0.10305909
TOCOS;180.0;Reservatório sem usina;PARAIBA DO SUL;SUDESTE;SE;SUDESTE;;;2026-02-03;;;;;;0.0;0.0;0.0;0.0;0.0;0.0;0.0;0.0;0.0;0.0
TRÊS IRMÃOS;43.0;Reservatório com Usina;TIETE;PARANA;SE;SUDESTE;;;2026-02-03;1871.459;;2328.579;;80.3691;1871.459;2328.579;0.24898372;0.23943651;0.01883465;0.01138028;0.0;0.0;0.01262944;0.00797272
TRÊS MARIAS;156.0;Reservatório com Usina;SAO FRANCISCO;SUDESTE;SE;SUDESTE;NE;NORDESTE;2026-02-03;1602.149;11514.082;2345.606;16040.745;68.3043;13116.231;18386.351;0.45106108;0.34870707;0.01612427;0.01146349;0.40581754;0.31031852;0.0885142;0.06295225
TUCURUI;275.0;Reservatório com Usina;TOCANTINS;NORTE;N;NORTE;;;2026-02-03;2391.795;;7721.097;;30.9774;2391.795;7721.097;0.08635332;0.15479156;0.26895067;0.50456785;0.0;0.0;0.0161409;0.02643594
A. VERMELHA;18.0;Reservatório com Usina;GRANDE;PARANA;SE;SUDESTE;;;2026-02-04;1566.42;;4340.282;;36.0903;1566.42;4340.282;0.07012368;0.0842259;0.01562997;0.02121191;0.0;0.0;0.01050945;0.01486051
ANTA;128.0;Reservatório sem usina;PARAIBA DO SUL;SUDESTE;SE;SUDESTE;;;2026-02-04;;;;;;0.0;0.0;0.0;0.0;0.0;0.0;0.0;0.0;0.0;0.0
B. BONITA;37.0;Reservatório com Usina;TIETE;PARANA;SE;SUDESTE;;;2026-02-04;2163.624;;2713.786;;79.7271;2163.624;2713.786;0.28551747;0.27904549;0.02158897;0.01326287;0.0;0.0;0.01451622;0.00929162
BALBINA;277.0;Reservatório com Usina;AMAZONAS;MANAUS-AMAPA;N;NORTE;;;2026-02-04;360.736;;785.737;;45.9105;360.736;785.737;0.43307774;0.38740015;0.04069936;0.05134732;0.0;0.0;0.00242026;0.00269025
BARRA GRANDE;86.0;Reservatório com Usina;URUGUAI;SUL;S;SUL;;;2026-02-04;1680.729;;2991.427;;56.1849;1680.729;2991.427;0.40986902;0.44447414;0.14810236;0.14621397;0.0;0.0;0.01127637;0.01024222
BATALHA;20.0;Reservatório com Usina;PARANAIBA;PARANA;SE;SUDESTE;;;2026-02-04;1615.877;;2751.514;;58.7268;1615.877;2751.514;0.04777592;0.03505071;0.01612346;0.01344725;0.0;0.0;0.01084127;0.00942079
BILLINGS;118.0;Reservatório sem usina;TIETE;SUDESTE;SE;SUDESTE;;;2026-02-04;1829.75;;2444.556;;74.85;1829.75;2444.556;0.24145859;0.25136187;0.01825752;0.01194708;0.0;0.0;0.01227619;0.00836981
BLANG;;Reservatório sem usina;JACUI;SUL;S;SUL;;;2026-02-04;;;;;;0.0;0.0;0.0;0.0;0.0;0.0;0.0;0.0;0.0;0.0
BOA ESPERANÇA;190.0;Reservatório com Usina;PARNAIBA;NORDESTE;NE;NORDESTE;;;2026-02-04;101.343;;264.178;;38.3616;101.343;264.178;1.0;1.0;0.00354125;0.00511069;0.0;0.0;0.00067993;0.00090451
C.BRANCO-1;27.0;Reservatório com Usina;PARANAIBA;PARANA;SE;SUDESTE;;;2026-02-04;4.859;;20.753;;23.4135;4.859;20.753;0.00014366;0.00026437;4.848e-05;0.00010142;0.0;0.0;3.26e-05;7.106e-05
CACONDE;14.0;Reservatório com Usina;GRANDE;PARANA;SE;SUDESTE;;;2026-02-04;506.833;;853.4;;59.3899;506.833;853.4;0.02268931;0.01656076;0.00505726;0.00417075;0.0;0.0;0.00340045;0.00292192
CACU;311.0;Reservatório com Usina;PARANAIBA;PARANA;SE;SUDESTE;;;2026-02-04;28.397;;30.877;;91.9681;28.397;30.877;0.0008396;0.00039333;0.00028335;0.0001509;0.0;0.0;0.00019052;0.00010572
CAMARGOS;1.0;Reservatório com Usina;GRANDE;PARANA;SE;SUDESTE;;;2026-02-04;1244.623;;1568.489;;79.3517;1244.623;1568.489;0.05571784;0.03043752;0.01241904;0.00766555;0.0;0.0;0.00835044;0.00537028
CAMPOS NOVOS;90.0;Reservatório com Usina;URUGUAI;SUL;S;SUL;;;2026-02-04;113.671;;227.826;;49.8938;113.671;227.826;0.02772025;0.03385099;0.01001645;0.0111356;0.0;0.0;0.00076264;0.00078004
CAPIVARA;61.0;Reservatório com Usina;PARANAPANEMA;PARANAPANEMA;SE;SUDESTE;;;2026-02-04;3097.599;;3889.672;;79.6365;3097.599;3889.672;0.42949528;0.32160692;0.03090831;0.01900968;0.0;0.0;0.02078246;0.01331768
CHAVANTES;49.0;Reservatório com Usina;PARANAPANEMA;PARANAPANEMA;SE;SUDESTE;;;2026-02-04;1527.482;;3370.499;;45.3192;1527.482;3370.499;0.21179188;0.27868052;0.01524144;0.01647237;0.0;0.0;0.01024821;0.01154011
CORUMBA;30.0;Reservatório com Usina;PARANAIBA;PARANA;SE;SUDESTE;;;2026-02-04;1107.113;;1531.054;;72.3105;1107.113;1531.054;0.03273352;0.01950364;0.01104694;0.0074826;0.0;0.0;0.00742786;0.00524211
CORUMBA-3;203.0;Reservatório com Usina;PARANAIBA;PARANA;SE;SUDESTE;;;2026-02-04;217.729;;425.126;;51.2152;217.729;425.126;0.0064375;0.00541555;0.00217253;0.00207768;0.0;0.0;0.00146079;0.00145557
CORUMBA-4;29.0;Reservatório com Usina;PARANAIBA;PARANA;SE;SUDESTE;;;2026-02-04;704.384;;1415.959;;49.7461;704.384;1415.959;0.02082621;0.01803748;0.00702845;0.0069201;0.0;0.0;0.00472586;0.00484804
CURUA-UNA;272.0;Reservatório com Usina;AMAZONAS;BELO MONTE;N;NORTE;;;2026-02-04;4.475;;28.109;;15.9202;4.475;28.109;0.00537241;0.01385888;0.00050488;0.0018369;0.0;0.0;3.002e-05;9.624e-05
DIVISA;;Reservatório sem usina;JACUI;SUL;S;SUL;;;2026-02-04;;;;;;0.0;0.0;0.0;0.0;0.0;0.0;0.0;0.0;0.0;0.0
EDGARD SOUZA;107.0;Reservatório sem usina;TIETE;PARANA;SE;SUDESTE;;;2026-02-04;;;;;;0.0;0.0;0.0;0.0;0.0;0.0;0.0;0.0;0.0;0.0
EMBORCAÇÃO;24.0;Reservatório com Usina;PARANAIBA;PARANA;SE;SUDESTE;;;2026-02-04;10790.314;;21873.496;;49.3305;10790.314;21873.496;0.31903243;0.2786399;0.10766737;0.10690057;0.0;0.0;0.07239454;0.07489174
ERNESTINA;110.0;Reservatório sem usina;JACUI;SUL;S;SUL;;;2026-02-04;197.815;;200.552;;98.6353;197.815;200.552;0.08518104;0.06620289;0.01743105;0.00980251;0.0;0.0;0.00132718;0.00068666
ESPORA;290.0;Reservatório com Usina;PARANAIBA;PARANA;SE;SUDESTE;;;2026-02-04;37.227;;112.927;;32.9655;37.227;112.927;0.00110067;0.00143854;0.00037146;0.0005519;0.0;0.0;0.00024976;0.00038665
FUNIL;123.0;Reservatório com Usina;PARAIBA DO SUL;SUDESTE;SE;SUDESTE;;;2026-02-04;415.952;;813.622;;51.1235;415.952;813.622;0.12802805;0.10769465;0.00415043;0.00397635;0.0;0.0;0.00279071;0.00278573
FURNAS;6.0;Reservatório com Usina;GRANDE;PARANA;SE;SUDESTE;;;2026-02-04;13343.664;;35035.949;;38.0856;13343.664;35035.949;0.59735369;0.67989462;0.13314508;0.17122837;0.0;0.0;0.08952551;0.11995811
G. B. MUNHOZ;74.0;Reservatório com Usina;IGUACU;IGUACU;S;SUL;;;2026-02-04;2182.195;;5880.363;;37.1099;2182.195;5880.363;0.46945876;0.58435864;0.19229051;0.28741842;0.0;0.0;0.01464082;0.02013353
G. P. SOUZA;115.0;Reservatório com Usina;CAPIVARI;SUL;S;SUL;;;2026-02-04;197.758;;374.956;;52.7417;197.758;374.956;1.0;1.0;0.01742603;0.01832697;0.0;0.0;0.0013268;0.0012838
GARIBALDI;89.0;Reservatório com Usina;URUGUAI;SUL;S;SUL;;;2026-02-04;48.569;;101.775;;47.7219;48.569;101.775;0.01184422;0.015122;0.0042798;0.00497452;0.0;0.0;0.00032586;0.00034846
GOV JAYME CANET JR;57.0;Reservatório com Usina;PARANAPANEMA;IGUACU;S;SUL;SE;SUDESTE;2026-02-04;79.411;139.919;261.737;451.213;30.34;219.33;712.95;0.03041104;0.05894833;0.00699753;0.01279309;0.00139613;0.00220518;0.00147153;0.00244104
GUARAPIRANGA;117.0;Reservatório sem usina;TIETE;SUDESTE;SE;SUDESTE;;;2026-02-04;309.653;;408.675;;75.77;309.653;408.675;0.04086262;0.04202207;0.00308976;0.00199728;0.0;0.0;0.00207753;0.00139925
I. SOLTEIRA;34.0;Reservatório com Usina;PARANA;PARANA;SE;SUDESTE;;;2026-02-04;2942.733;;3691.575;;79.7148;2942.733;3691.575;1.0;1.0;0.02936303;0.01804154;0.0;0.0;0.01974343;0.01263943
IRAPE;148.0;Reservatório com Usina;JEQUITINHONHA;SUDESTE;SE;SUDESTE;NE;NORDESTE;2026-02-04;1323.456;701.415;1962.895;1004.893;67.4237;2024.871;2967.788;1.0;1.0;0.01320564;0.0095931;0.02450967;0.0194403;0.0135853;0.01016128
ITUMBIARA;31.0;Reservatório com Usina;PARANAIBA;PARANA;SE;SUDESTE;;;2026-02-04;6330.139;;15706.409;;40.3029;6330.139;15706.409;0.18716042;0.20007923;0.06316308;0.07676067;0.0;0.0;0.04247026;0.05377651
JAGUARI;120.0;Reservatório com Usina;PARAIBA DO SUL;SUDESTE;SE;SUDESTE;;;2026-02-04;445.121;;1213.775;;36.6724;445.121;1213.775;0.13700613;0.16066069;0.00444148;0.00593198;0.0;0.0;0.00298641;0.00415579
JORDÃO;73.0;Reservatório sem usina;IGUACU;IGUACU;S;SUL;;;2026-02-04;7.044;;20.306;;34.6893;7.044;20.306;0.00151539;0.0020179;0.0006207;0.00099251;0.0;0.0;4.726e-05;6.952e-05
JURUMIRIM;47.0;Reservatório com Usina;PARANAPANEMA;PARANAPANEMA;SE;SUDESTE;;;2026-02-04;2367.773;;4121.37;;57.4511;2367.773;4121.37;0.3283018;0.34076424;0.02362599;0.02014204;0.0;0.0;0.0158859;0.01411099
LAJES;124.0;Reservatório sem usina;PARAIBA DO SUL;SUDESTE;SE;SUDESTE;;;2026-02-04;466.548;;512.183;;91.0901;466.548;512.183;0.14360126;0.06779484;0.00465529;0.00250315;0.0;0.0;0.00313017;0.00175364
LUIZ GONZAGA;172.0;Reservatório com Usina;SAO FRANCISCO;NORDESTE;NE;NORDESTE;;;2026-02-04;1476.713;;3418.033;;43.2036;1476.713;3418.033;0.05032206;0.06482484;0.05160104;0.06612405;0.0;0.0;0.00990759;0.01170286
M. MORAES;7.0;Reservatório com Usina;GRANDE;PARANA;SE;SUDESTE;;;2026-02-04;3319.554;;4339.622;;76.4941;3319.554;4339.622;0.14860595;0.08421309;0.03312301;0.02120868;0.0;0.0;0.0222716;0.01485825
MACHADINHO;91.0;Reservatório com Usina;URUGUAI;SUL;S;SUL;;;2026-02-04;525.689;;890.994;;59.0003;525.689;890.994;0.12819654;0.13238625;0.04632263;0.04354971;0.0;0.0;0.00352696;0.00305064
MANSO;278.0;Reservatório com Usina;PARAGUAI;SUDESTE;SE;SUDESTE;;;2026-02-04;395.511;;555.798;;71.1609;395.511;555.798;1.0;1.0;0.00394647;0.00271631;0.0;0.0;0.00265357;0.00190297
MARIMBONDO;17.0;Reservatório com Usina;GRANDE;PARANA;SE;SUDESTE;;;2026-02-04;2356.869;;5393.697;;43.6967;2356.869;5393.697;0.10550958;0.10466808;0.02351719;0.02636018;0.0;0.0;0.01581274;0.01846725
MIRANDA;26.0;Reservatório com Usina;PARANAIBA;PARANA;SE;SUDESTE;;;2026-02-04;231.592;;269.778;;85.8454;231.592;269.778;0.00684738;0.00343662;0.00231086;0.00131846;0.0;0.0;0.0015538;0.00092368
NOVA PONTE;25.0;Reservatório com Usina;PARANAIBA;PARANA;SE;SUDESTE;;;2026-02-04;7205.337;;22766.333;;31.6491;7205.337;22766.333;0.21303701;0.29001349;0.07189593;0.11126406;0.0;0.0;0.04834216;0.07794869
PARAIBUNA;121.0;Reservatório com Usina;PARAIBA DO SUL;SUDESTE;SE;SUDESTE;;;2026-02-04;1729.465;;4561.222;;37.9167;1729.465;4561.222;0.53232112;0.60374377;0.01725686;0.02229169;0.0;0.0;0.01160335;0.01561698
PASSO FUNDO;93.0;Reservatório com Usina;URUGUAI;SUL;S;SUL;;;2026-02-04;1339.479;;1706.162;;78.5083;1339.479;1706.162;0.32665049;0.25350607;0.11803212;0.08339322;0.0;0.0;0.00898685;0.00584166
PASSO REAL;111.0;Reservatório com Usina;JACUI;SUL;S;SUL;;;2026-02-04;2124.474;;2828.801;;75.1016;2124.474;2828.801;0.91481896;0.93379678;0.18720425;0.13826519;0.0;0.0;0.01425355;0.00968541
PEDRA DO CAVALO;189.0;Reservatório com Usina;PARAGUACU;NORDESTE;NE;NORDESTE;;;2026-02-04;239.667;;335.383;;71.4607;239.667;335.383;1.0;1.0;0.00837473;0.0064882;0.0;0.0;0.00160798;0.0011483
PEIXE ANGICAL;257.0;Reservatório com Usina;TOCANTINS;SUDESTE;SE;SUDESTE;N;NORTE;2026-02-04;81.905;96.425;114.392;147.034;71.6003;178.33;261.426;0.00644036;0.00524104;0.00081726;0.00055906;0.01087897;0.00960856;0.00119645;0.00089509
PONTE NOVA;105.0;Reservatório sem usina;TIETE;PARANA;SE;SUDESTE;;;2026-02-04;;;;;;0.0;0.0;0.0;0.0;0.0;0.0;0.0;0.0;0.0;0.0
PORTO ESTRELA;135.0;Reservatório com Usina;DOCE;SUDESTE;SE;SUDESTE;;;2026-02-04;8.992;;12.899;;69.7108;8.992;12.899;1.0;1.0;8.972e-05;6.304e-05;0.0;0.0;6.033e-05;4.416e-05
PROMISSÃO;40.0;Reservatório com Usina;TIETE;PARANA;SE;SUDESTE;;;2026-02-04;1393.329;;1829.65;;76.1528;1393.329;1829.65;0.18386733;0.18813406;0.01390285;0.0089419;0.0;0.0;0.00934814;0.00626446
QUEBRA QUEIXO;95.0;Reservatório com Usina;URUGUAI;SUL;S;SUL;;;2026-02-04;4.639;;10.163;;45.646;4.639;10.163;0.00113128;0.00151005;0.00040878;0.00049674;0.0;0.0;3.112e-05;3.48e-05
QUEIMADO;162.0;Reservatório com Usina;SAO FRANCISCO;SUDESTE;SE;SUDESTE;NE;NORDESTE;2026-02-04;139.668;240.955;283.402;484.803;49.2826;380.623;768.205;0.01297052;0.01456942;0.00139363;0.00138505;0.00841973;0.00937883;0.00255368;0.00263022
RETIRO BAIXO;155.0;Reservatório com Usina;SAO FRANCISCO;SUDESTE;SE;SUDESTE;NE;NORDESTE;2026-02-04;7.846;30.137;11.43;42.91;68.6439;37.983;54.34;0.00129435;0.00103059;7.829e-05;5.586e-05;0.00105308;0.00083012;0.00025484;0.00018605
RONDON II;276.0;Reservatório com Usina;AMAZONAS;MADEIRA;SE;SUDESTE;;;2026-02-04;35.865;;56.442;;63.5431;35.865;56.442;0.04305734;0.02782819;0.00035787;0.00027584;0.0;0.0;0.00024063;0.00019325
S.DO FACÃO;21.0;Reservatório com Usina;PARANAIBA;PARANA;SE;SUDESTE;;;2026-02-04;3119.697;;6581.918;;47.398;3119.697;6581.918;0.0922387;0.08384508;0.03112881;0.03216728;0.0;0.0;0.02093072;0.02253555
SALTO RS;;Reservatório sem usina;JACUI;SUL;S;SUL;;;2026-02-04;;;;;;0.0;0.0;0.0;0.0;0.0;0.0;0.0;0.0;0.0;0.0
SALTO SANTIAGO;77.0;Reservatório com Usina;IGUACU;IGUACU;S;SUL;;;2026-02-04;2113.535;;3340.803;;63.2643;2113.535;3340.803;0.45468783;0.33199092;0.18624033;0.16329065;0.0;0.0;0.01418016;0.01143843
SAMUEL;279.0;Reservatório com Usina;AMAZONAS;MADEIRA;SE;SUDESTE;;;2026-02-04;189.917;;257.288;;73.8149;189.917;257.288;0.22800282;0.1268534;0.00189502;0.00125742;0.0;0.0;0.00127419;0.00088092
SANTA BRANCA;122.0;Reservatório com Usina;PARAIBA DO SUL;SUDESTE;SE;SUDESTE;;;2026-02-04;191.828;;454.095;;42.244;191.828;454.095;0.05904375;0.06010605;0.00191409;0.00221926;0.0;0.0;0.00128702;0.00155476
SANTA CLARA-PR;71.0;Reservatório com Usina;IGUACU;IGUACU;S;SUL;;;2026-02-04;172.762;;373.966;;46.1972;172.762;373.966;0.03716654;0.03716272;0.01522343;0.01827859;0.0;0.0;0.0011591;0.00128041
SANTANA;181.0;Reservatório sem usina;PARAIBA DO SUL;SUDESTE;SE;SUDESTE;;;2026-02-04;;;;;;0.0;0.0;0.0;0.0;0.0;0.0;0.0;0.0;0.0;0.0
SANTONIO CM;193.0;Reservatório sem usina;DOCE;SUDESTE;SE;SUDESTE;;;2026-02-04;;;;;;0.0;0.0;0.0;0.0;0.0;0.0;0.0;0.0;0.0;0.0
SAO ROQUE;88.0;Reservatório com Usina;URUGUAI;SUL;S;SUL;;;2026-02-04;387.872;;801.912;;48.3684;387.872;801.912;0.09458795;0.11915021;0.03417848;0.03919559;0.0;0.0;0.00260232;0.00274563
SÃO SIMÃO;33.0;Reservatório com Usina;PARANAIBA;PARANA;SE;SUDESTE;;;2026-02-04;2429.329;;5014.801;;48.4432;2429.329;5014.801;0.07182689;0.06388205;0.02424021;0.02450843;0.0;0.0;0.01629889;0.01716997
SEGREDO;76.0;Reservatório com Usina;IGUACU;IGUACU;S;SUL;;;2026-02-04;172.785;;447.497;;38.6114;172.785;447.497;0.03717149;0.04446983;0.01522546;0.02187261;0.0;0.0;0.00115925;0.00153217
SERRA DA MESA;251.0;Reservatório com Usina;TOCANTINS;SUDESTE;SE;SUDESTE;N;NORTE;2026-02-04;19109.307;6036.84;35277.664;6620.419;54.1683;25146.147;41898.083;0.90814955;0.8399674;0.19067553;0.17240968;0.68109509;0.43263937;0.16871091;0.14345308
SINOP;227.0;Reservatório com Usina;AMAZONAS;TELES PIRES;SE;SUDESTE;;;2026-02-04;241.967;;900.655;;26.8657;241.967;900.655;0.29049089;0.44405938;0.00241438;0.0044017;0.0;0.0;0.00162341;0.00308371
SOBRADINHO;169.0;Reservatório com Usina;SAO FRANCISCO;NORDESTE;NE;NORDESTE;;;2026-02-04;14191.566;;30100.282;;47.1476;14191.566;30100.282;0.48360705;0.5708681;0.49589837;0.58230931;0.0;0.0;0.09521427;0.10305909
TOCOS;180.0;Reservatório sem usina;PARAIBA DO SUL;SUDESTE;SE;SUDESTE;;;2026-02-04;;;;;;0.0;0.0;0.0;0.0;0.0;0.0;0.0;0.0;0.0;0.0
TRÊS IRMÃOS;43.0;Reservatório com Usina;TIETE;PARANA;SE;SUDESTE;;;2026-02-04;1881.548;;2328.579;;80.8024;1881.548;2328.579;0.24829399;0.23943651;0.01877437;0.01138028;0.0;0.0;0.01262371;0.00797272
TRÊS MARIAS;156.0;Reservatório com Usina;SAO FRANCISCO;SUDESTE;SE;SUDESTE;NE;NORDESTE;2026-02-04;1622.261;11636.095;2345.606;16040.745;69.1617;13258.356;18386.351;0.45180599;0.34870707;0.01618716;0.01146349;0.4066021;0.31031852;0.08895316;0.06295225
TUCURUI;275.0;Reservatório com Usina;TOCANTINS;NORTE;N;NORTE;;;2026-02-04;2364.957;;7721.097;;30.6298;2364.957;7721.097;0.08541009;0.15479156;0.26682181;0.50456785;0.0;0.0;0.01586701;0.02643594
A. VERMELHA;18.0;Reservatório com Usina;GRANDE;PARANA;SE;SUDESTE;;;2026-02-05;1633.416;;4340.282;;37.6339;1633.416;4340.282;0.07221057;0.0842259;0.01617777;0.02121191;0.0;0.0;0.01090515;0.01486051
ANTA;128.0;Reservatório sem usina;PARAIBA DO SUL;SUDESTE;SE;SUDESTE;;;2026-02-05;;;;;;0.0;0.0;0.0;0.0;0.0;0.0;0.0;0.0;0.0;0.0
B. BONITA;37.0;Reservatório com Usina;TIETE;PARANA;SE;SUDESTE;;;2026-02-05;2178.783;;2713.786;;80.2857;2178.783;2713.786;0.28492377;0.27904549;0.02157923;0.01326287;0.0;0.0;0.01454618;0.00929162
BALBINA;277.0;Reservatório com Usina;AMAZONAS;MANAUS-AMAPA;N;NORTE;;;2026-02-05;357.668;;785.737;;45.5201;357.668;785.737;0.43486423;0.38740015;0.04051066;0.05134732;0.0;0.0;0.00238789;0.00269025
BARRA GRANDE;86.0;Reservatório com Usina;URUGUAI;SUL;S;SUL;;;2026-02-05;1635.047;;2991.427;;54.6578;1635.047;2991.427;0.4098836;0.44447414;0.14729666;0.14621397;0.0;0.0;0.01091604;0.01024222
BATALHA;20.0;Reservatório com Usina;PARANAIBA;PARANA;SE;SUDESTE;;;2026-02-05;1642.683;;2751.514;;59.7011;1642.683;2751.514;0.04808025;0.03505071;0.01626956;0.01344725;0.0;0.0;0.01096702;0.00942079
BILLINGS;118.0;Reservatório sem usina;TIETE;SUDESTE;SE;SUDESTE;;;2026-02-05;1827.55;;2444.556;;74.76;1827.55;2444.556;0.23899233;0.25136187;0.01810053;0.01194708;0.0;0.0;0.01220125;0.00836981
BLANG;;Reservatório sem usina;JACUI;SUL;S;SUL;;;2026-02-05;;;;;;0.0;0.0;0.0;0.0;0.0;0.0;0.0;0.0;0.0;0.0
BOA ESPERANÇA;190.0;Reservatório com Usina;PARNAIBA;NORDESTE;NE;NORDESTE;;;2026-02-05;98.894;;264.178;;37.4346;98.894;264.178;1.0;1.0;0.00342338;0.00511069;0.0;0.0;0.00066024;0.00090451
C.BRANCO-1;27.0;Reservatório com Usina;PARANAIBA;PARANA;SE;SUDESTE;;;2026-02-05;7.451;;20.753;;35.9032;7.451;20.753;0.00021809;0.00026437;7.38e-05;0.00010142;0.0;0.0;4.975e-05;7.106e-05
CACONDE;14.0;Reservatório com Usina;GRANDE;PARANA;SE;SUDESTE;;;2026-02-05;516.875;;853.4;;60.5666;516.875;853.4;0.02285017;0.01656076;0.00511926;0.00417075;0.0;0.0;0.00345081;0.00292192
CACU;311.0;Reservatório com Usina;PARANAIBA;PARANA;SE;SUDESTE;;;2026-02-05;25.513;;30.877;;82.6278;25.513;30.877;0.00074675;0.00039333;0.00025269;0.0001509;0.0;0.0;0.00017033;0.00010572
CAMARGOS;1.0;Reservatório com Usina;GRANDE;PARANA;SE;SUDESTE;;;2026-02-05;1254.131;;1568.489;;79.9579;1254.131;1568.489;0.05544302;0.03043752;0.01242124;0.00766555;0.0;0.0;0.00837294;0.00537028
CAMPOS NOVOS;90.0;Reservatório com Usina;URUGUAI;SUL;S;SUL;;;2026-02-05;120.873;;227.826;;53.055;120.873;227.826;0.03030118;0.03385099;0.0108891;0.0111356;0.0;0.0;0.00080698;0.00078004
CAPIVARA;61.0;Reservatório com Usina;PARANAPANEMA;PARANAPANEMA;SE;SUDESTE;;;2026-02-05;3086.51;;3889.672;;79.3514;3086.51;3889.672;0.43121184;0.32160692;0.03056959;0.01900968;0.0;0.0;0.02060643;0.01331768
CHAVANTES;49.0;Reservatório com Usina;PARANAPANEMA;PARANAPANEMA;SE;SUDESTE;;;2026-02-05;1504.585;;3370.499;;44.6398;1504.585;3370.499;0.21020339;0.27868052;0.0149018;0.01647237;0.0;0.0;0.01004504;0.01154011
CORUMBA;30.0;Reservatório com Usina;PARANAIBA;PARANA;SE;SUDESTE;;;2026-02-05;1116.333;;1531.054;;72.9127;1116.333;1531.054;0.03267433;0.01950364;0.01105645;0.0074826;0.0;0.0;0.00745296;0.00524211
CORUMBA-3;203.0;Reservatório com Usina;PARANAIBA;PARANA;SE;SUDESTE;;;2026-02-05;221.036;;425.126;;51.9931;221.036;425.126;0.00646958;0.00541555;0.0021892;0.00207768;0.0;0.0;0.0014757;0.00145557
CORUMBA-4;29.0;Reservatório com Usina;PARANAIBA;PARANA;SE;SUDESTE;;;2026-02-05;704.866;;1415.959;;49.7801;704.866;1415.959;0.02063096;0.01803748;0.00698117;0.0069201;0.0;0.0;0.00470589;0.00484804
CURUA-UNA;272.0;Reservatório com Usina;AMAZONAS;BELO MONTE;N;NORTE;;;2026-02-05;4.393;;28.109;;15.6284;4.393;28.109;0.00534115;0.01385888;0.00049757;0.0018369;0.0;0.0;2.933e-05;9.624e-05
DIVISA;;Reservatório sem usina;JACUI;SUL;S;SUL;;;2026-02-05;;;;;;0.0;0.0;0.0;0.0;0.0;0.0;0.0;0.0;0.0;0.0
EDGARD SOUZA;107.0;Reservatório sem usina;TIETE;PARANA;SE;SUDESTE;;;2026-02-05;;;;;;0.0;0.0;0.0;0.0;0.0;0.0;0.0;0.0;0.0;0.0
EMBORCAÇÃO;24.0;Reservatório com Usina;PARANAIBA;PARANA;SE;SUDESTE;;;2026-02-05;10807.43;;21873.496;;49.4088;10807.43;21873.496;0.31632634;0.2786399;0.10703958;0.10690057;0.0;0.0;0.07215351;0.07489174
ERNESTINA;110.0;Reservatório sem usina;JACUI;SUL;S;SUL;;;2026-02-05;197.793;;200.552;;98.6243;197.793;200.552;0.08541775;0.06620289;0.0178186;0.00980251;0.0;0.0;0.00132052;0.00068666
ESPORA;290.0;Reservatório com Usina;PARANAIBA;PARANA;SE;SUDESTE;;;2026-02-05;38.614;;112.927;;34.1938;38.614;112.927;0.00113021;0.00143854;0.00038244;0.0005519;0.0;0.0;0.0002578;0.00038665
FUNIL;123.0;Reservatório com Usina;PARAIBA DO SUL;SUDESTE;SE;SUDESTE;;;2026-02-05;419.052;;813.622;;51.5045;419.052;813.622;0.12817935;0.10769465;0.0041504;0.00397635;0.0;0.0;0.00279771;0.00278573
FURNAS;6.0;Reservatório com Usina;GRANDE;PARANA;SE;SUDESTE;;;2026-02-05;13502.294;;35035.949;;38.5384;13502.294;35035.949;0.59691369;0.67989462;0.1337302;0.17122837;0.0;0.0;0.09014519;0.11995811
G. B. MUNHOZ;74.0;Reservatório com Usina;IGUACU;IGUACU;S;SUL;;;2026-02-05;2084.733;;5880.363;;35.4525;2084.733;5880.363;0.46030219;0.58435864;0.18780757;0.28741842;0.0;0.0;0.01391828;0.02013353
G. P. SOUZA;115.0;Reservatório com Usina;CAPIVARI;SUL;S;SUL;;;2026-02-05;194.601;;374.956;;51.8997;194.601;374.956;1.0;1.0;0.01753104;0.01832697;0.0;0.0;0.00129921;0.0012838
GARIBALDI;89.0;Reservatório com Usina;URUGUAI;SUL;S;SUL;;;2026-02-05;33.014;;101.775;;32.4382;33.014;101.775;0.00827615;0.015122;0.00297414;0.00497452;0.0;0.0;0.00022041;0.00034846
GOV JAYME CANET JR;57.0;Reservatório com Usina;PARANAPANEMA;IGUACU;S;SUL;SE;SUDESTE;2026-02-05;72.066;127.123;261.737;451.213;27.5337;199.189;712.95;0.02782841;0.05894833;0.00649222;0.01279309;0.00125906;0.00220518;0.00132984;0.00244104
GUARAPIRANGA;117.0;Reservatório sem usina;TIETE;SUDESTE;SE;SUDESTE;;;2026-02-05;314.067;;408.675;;76.8501;314.067;408.675;0.04107116;0.04202207;0.0031106;0.00199728;0.0;0.0;0.0020968;0.00139925
I. SOLTEIRA;34.0;Reservatório com Usina;PARANA;PARANA;SE;SUDESTE;;;2026-02-05;2974.346;;3691.575;;80.5712;2974.346;3691.575;1.0;1.0;0.02945869;0.01804154;0.0;0.0;0.01985759;0.01263943
IRAPE;148.0;Reservatório com Usina;JEQUITINHONHA;SUDESTE;SE;SUDESTE;NE;NORDESTE;2026-02-05;1332.117;705.636;1962.895;1004.893;67.8649;2037.753;2967.788;1.0;1.0;0.01319363;0.0095931;0.02442676;0.0194403;0.01360462;0.01016128
ITUMBIARA;31.0;Reservatório com Usina;PARANAIBA;PARANA;SE;SUDESTE;;;2026-02-05;6422.108;;15706.409;;40.8885;6422.108;15706.409;0.18797086;0.20007923;0.06360621;0.07676067;0.0;0.0;0.04287584;0.05377651
JAGUARI;120.0;Reservatório com Usina;PARAIBA DO SUL;SUDESTE;SE;SUDESTE;;;2026-02-05;448.633;;1213.775;;36.9618;448.633;1213.775;0.13722756;0.16066069;0.00444338;0.00593198;0.0;0.0;0.0029952;0.00415579
JORDÃO;73.0;Reservatório sem usina;IGUACU;IGUACU;S;SUL;;;2026-02-05;8.768;;20.306;;43.1794;8.768;20.306;0.00193595;0.0020179;0.00078988;0.00099251;0.0;0.0;5.854e-05;6.952e-05
JURUMIRIM;47.0;Reservatório com Usina;PARANAPANEMA;PARANAPANEMA;SE;SUDESTE;;;2026-02-05;2367.474;;4121.37;;57.4439;2367.474;4121.37;0.33075636;0.34076424;0.02344807;0.02014204;0.0;0.0;0.01580594;0.01411099
LAJES;124.0;Reservatório sem usina;PARAIBA DO SUL;SUDESTE;SE;SUDESTE;;;2026-02-05;468.187;;512.183;;91.4101;468.187;512.183;0.14320873;0.06779484;0.00463704;0.00250315;0.0;0.0;0.00312575;0.00175364
LUIZ GONZAGA;172.0;Reservatório com Usina;SAO FRANCISCO;NORDESTE;NE;NORDESTE;;;2026-02-05;1442.909;;3418.033;;42.2146;1442.909;3418.033;0.04868297;0.06482484;0.04994869;0.06612405;0.0;0.0;0.00963327;0.01170286
M. MORAES;7.0;Reservatório com Usina;GRANDE;PARANA;SE;SUDESTE;;;2026-02-05;3336.01;;4339.622;;76.8733;3336.01;4339.622;0.14747939;0.08421309;0.0330407;0.02120868;0.0;0.0;0.02227216;0.01485825
MACHADINHO;91.0;Reservatório com Usina;URUGUAI;SUL;S;SUL;;;2026-02-05;510.182;;890.994;;57.2599;510.182;890.994;0.12789555;0.13238625;0.04596082;0.04354971;0.0;0.0;0.00340612;0.00305064
MANSO;278.0;Reservatório com Usina;PARAGUAI;SUDESTE;SE;SUDESTE;;;2026-02-05;397.7;;555.798;;71.5548;397.7;555.798;1.0;1.0;0.00393892;0.00271631;0.0;0.0;0.00265516;0.00190297
MARIMBONDO;17.0;Reservatório com Usina;GRANDE;PARANA;SE;SUDESTE;;;2026-02-05;2377.452;;5393.697;;44.0783;2377.452;5393.697;0.10510315;0.10466808;0.0235469;0.02636018;0.0;0.0;0.01587255;0.01846725
MIRANDA;26.0;Reservatório com Usina;PARANAIBA;PARANA;SE;SUDESTE;;;2026-02-05;233.564;;269.778;;86.5764;233.564;269.778;0.00683626;0.00343662;0.00231328;0.00131846;0.0;0.0;0.00155934;0.00092368
NOVA PONTE;25.0;Reservatório com Usina;PARANAIBA;PARANA;SE;SUDESTE;;;2026-02-05;7220.361;;22766.333;;31.7151;7220.361;22766.333;0.2113352;0.29001349;0.07151232;0.11126406;0.0;0.0;0.0482052;0.07794869
PARAIBUNA;121.0;Reservatório com Usina;PARAIBA DO SUL;SUDESTE;SE;SUDESTE;;;2026-02-05;1740.825;;4561.222;;38.1658;1740.825;4561.222;0.5324824;0.60374377;0.01724158;0.02229169;0.0;0.0;0.01162225;0.01561698
PASSO FUNDO;93.0;Reservatório com Usina;URUGUAI;SUL;S;SUL;;;2026-02-05;1329.655;;1706.162;;77.9325;1329.655;1706.162;0.33332606;0.25350607;0.11978478;0.08339322;0.0;0.0;0.00887716;0.00584166
PASSO REAL;111.0;Reservatório com Usina;JACUI;SUL;S;SUL;;;2026-02-05;2117.803;;2828.801;;74.8657;2117.803;2828.801;0.91458225;0.93379678;0.19078676;0.13826519;0.0;0.0;0.01413906;0.00968541
PEDRA DO CAVALO;189.0;Reservatório com Usina;PARAGUACU;NORDESTE;NE;NORDESTE;;;2026-02-05;239.667;;335.383;;71.4607;239.667;335.383;1.0;1.0;0.00829647;0.0064882;0.0;0.0;0.00160009;0.0011483
PEIXE ANGICAL;257.0;Reservatório com Usina;TOCANTINS;SUDESTE;SE;SUDESTE;N;NORTE;2026-02-05;88.512;104.015;114.392;147.034;77.376;192.527;261.426;0.00695627;0.00524104;0.00087665;0.00055906;0.01178108;0.00960856;0.00128537;0.00089509
PONTE NOVA;105.0;Reservatório sem usina;TIETE;PARANA;SE;SUDESTE;;;2026-02-05;;;;;;0.0;0.0;0.0;0.0;0.0;0.0;0.0;0.0;0.0;0.0
PORTO ESTRELA;135.0;Reservatório com Usina;DOCE;SUDESTE;SE;SUDESTE;;;2026-02-05;9.52;;12.899;;73.8042;9.52;12.899;1.0;1.0;9.429e-05;6.304e-05;0.0;0.0;6.356e-05;4.416e-05
PROMISSÃO;40.0;Reservatório com Usina;TIETE;PARANA;SE;SUDESTE;;;2026-02-05;1420.075;;1829.65;;77.6146;1420.075;1829.65;0.18570602;0.18813406;0.01406479;0.0089419;0.0;0.0;0.00948083;0.00626446
QUEBRA QUEIXO;95.0;Reservatório com Usina;URUGUAI;SUL;S;SUL;;;2026-02-05;3.08;;10.163;;30.306;3.08;10.163;0.00077211;0.00151005;0.00027747;0.00049674;0.0;0.0;2.056e-05;3.48e-05
QUEIMADO;162.0;Reservatório com Usina;SAO FRANCISCO;SUDESTE;SE;SUDESTE;NE;NORDESTE;2026-02-05;144.775;249.523;283.402;484.803;51.0847;394.298;768.205;0.0133034;0.01456942;0.00143389;0.00138505;0.00863765;0.00937883;0.00263245;0.00263022
RETIRO BAIXO;155.0;Reservatório com Usina;SAO FRANCISCO;SUDESTE;SE;SUDESTE;NE;NORDESTE;2026-02-05;7.796;29.919;11.43;42.91;68.2065;37.715;54.34;0.00127248;0.00103059;7.721e-05;5.586e-05;0.0010357;0.00083012;0.0002518;0.00018605
RONDON II;276.0;Reservatório com Usina;AMAZONAS;MADEIRA;SE;SUDESTE;;;2026-02-05;36.373;;56.442;;64.4431;36.373;56.442;0.04422346;0.02782819;0.00036025;0.00027584;0.0;0.0;0.00024284;0.00019325
S.DO FACÃO;21.0;Reservatório com Usina;PARANAIBA;PARANA;SE;SUDESTE;;;2026-02-05;3139.162;;6581.918;;47.6937;3139.162;6581.918;0.0918812;0.08384508;0.03109107;0.03216728;0.0;0.0;0.02095795;0.02253555
SALTO RS;;Reservatório sem usina;JACUI;SUL;S;SUL;;;2026-02-05;;;;;;0.0;0.0;0.0;0.0;0.0;0.0;0.0;0.0;0.0;0.0
SALTO SANTIAGO;77.0;Reservatório com Usina;IGUACU;IGUACU;S;SUL;;;2026-02-05;2088.417;;3340.803;;62.5124;2088.417;3340.803;0.4611156;0.33199092;0.18813946;0.16329065;0.0;0.0;0.01394287;0.01143843
SAMUEL;279.0;Reservatório com Usina;AMAZONAS;MADEIRA;SE;SUDESTE;;;2026-02-05;192.099;;257.288;;74.663;192.099;257.288;0.23356013;0.1268534;0.0019026;0.00125742;0.0;0.0;0.00128251;0.00088092
SANTA BRANCA;122.0;Reservatório com Usina;PARAIBA DO SUL;SUDESTE;SE;SUDESTE;;;2026-02-05;192.565;;454.095;;42.4063;192.565;454.095;0.05890165;0.06010605;0.00190721;0.00221926;0.0;0.0;0.00128562;0.00155476
SANTA CLARA-PR;71.0;Reservatório com Usina;IGUACU;IGUACU;S;SUL;;;2026-02-05;164.697;;373.966;;44.0406;164.697;373.966;0.03636456;0.03716272;0.01483708;0.01827859;0.0;0.0;0.00109956;0.00128041
SANTANA;181.0;Reservatório sem usina;PARAIBA DO SUL;SUDESTE;SE;SUDESTE;;;2026-02-05;;;;;;0.0;0.0;0.0;0.0;0.0;0.0;0.0;0.0;0.0;0.0
SANTONIO CM;193.0;Reservatório sem usina;DOCE;SUDESTE;SE;SUDESTE;;;2026-02-05;;;;;;0.0;0.0;0.0;0.0;0.0;0.0;0.0;0.0;0.0;0.0
SAO ROQUE;88.0;Reservatório com Usina;URUGUAI;SUL;S;SUL;;;2026-02-05;357.201;;801.912;;44.5437;357.201;801.912;0.08954534;0.11915021;0.03217921;0.03919559;0.0;0.0;0.00238478;0.00274563
SÃO SIMÃO;33.0;Reservatório com Usina;PARANAIBA;PARANA;SE;SUDESTE;;;2026-02-05;2586.324;;5014.801;;51.5738;2586.324;5014.801;0.07569999;0.06388205;0.02561562;0.02450843;0.0;0.0;0.01726704;0.01716997
SEGREDO;76.0;Reservatório com Usina;IGUACU;IGUACU;S;SUL;;;2026-02-05;182.439;;447.497;;40.7688;182.439;447.497;0.04028193;0.04446983;0.0164354;0.02187261;0.0;0.0;0.00121802;0.00153217
SERRA DA MESA;251.0;Reservatório com Usina;TOCANTINS;SUDESTE;SE;SUDESTE;N;NORTE;2026-02-05;19121.319;6031.445;35277.664;6620.419;54.2023;25152.764;41898.083;0.90880466;0.8399674;0.18938248;0.17240968;0.68314138;0.43263937;0.16792708;0.14345308
SINOP;227.0;Reservatório com Usina;AMAZONAS;TELES PIRES;SE;SUDESTE;;;2026-02-05;231.949;;900.655;;25.7534;231.949;900.655;0.28201103;0.44405938;0.00229728;0.0044017;0.0;0.0;0.00154856;0.00308371
SOBRADINHO;169.0;Reservatório com Usina;SAO FRANCISCO;NORDESTE;NE;NORDESTE;;;2026-02-05;14361.33;;30100.282;;47.7116;14361.33;30100.282;0.48454347;0.5708681;0.49714132;0.58230931;0.0;0.0;0.09588036;0.10305909
TOCOS;180.0;Reservatório sem usina;PARAIBA DO SUL;SUDESTE;SE;SUDESTE;;;2026-02-05;;;;;;0.0;0.0;0.0;0.0;0.0;0.0;0.0;0.0;0.0;0.0
TRÊS IRMÃOS;43.0;Reservatório com Usina;TIETE;PARANA;SE;SUDESTE;;;2026-02-05;1906.423;;2328.579;;81.8707;1906.423;2328.579;0.24930671;0.23943651;0.01888171;0.01138028;0.0;0.0;0.01272783;0.00797272
TRÊS MARIAS;156.0;Reservatório com Usina;SAO FRANCISCO;SUDESTE;SE;SUDESTE;NE;NORDESTE;2026-02-05;1642.692;11759.946;2345.606;16040.745;70.0327;13402.638;18386.351;0.45219772;0.34870707;0.01626965;0.01146349;0.40709009;0.31031852;0.08947986;0.06295225
TUCURUI;275.0;Reservatório com Usina;TOCANTINS;NORTE;N;NORTE;;;2026-02-05;2331.464;;7721.097;;30.196;2331.464;7721.097;0.08423907;0.15479156;0.26406931;0.50456785;0.0;0.0;0.01556552;0.02643594
A. VERMELHA;18.0;Reservatório com Usina;GRANDE;PARANA;SE;SUDESTE;;;2026-02-06;1756.151;;4340.282;;40.4617;1756.151;4340.282;0.07668481;0.0842259;0.0172632;0.02121191;0.0;0.0;0.011662;0.01486051
ANTA;128.0;Reservatório sem usina;PARAIBA DO SUL;SUDESTE;SE;SUDESTE;;;2026-02-06;;;;;;0.0;0.0;0.0;0.0;0.0;0.0;0.0;0.0;0.0;0.0
B. BONITA;37.0;Reservatório com Usina;TIETE;PARANA;SE;SUDESTE;;;2026-02-06;2206.079;;2713.786;;81.2916;2206.079;2713.786;0.28636244;0.27904549;0.02168606;0.01326287;0.0;0.0;0.01464982;0.00929162
BALBINA;277.0;Reservatório com Usina;AMAZONAS;MANAUS-AMAPA;N;NORTE;;;2026-02-06;356.096;;785.737;;45.32;356.096;785.737;0.43742514;0.38740015;0.04035275;0.05134732;0.0;0.0;0.00236471;0.00269025
BARRA GRANDE;86.0;Reservatório com Usina;URUGUAI;SUL;S;SUL;;;2026-02-06;1589.707;;2991.427;;53.1421;1589.707;2991.427;0.40882384;0.44447414;0.14592537;0.14621397;0.0;0.0;0.01055671;0.01024222
BATALHA;20.0;Reservatório com Usina;PARANAIBA;PARANA;SE;SUDESTE;;;2026-02-06;1667.403;;2751.514;;60.5995;1667.403;2751.514;0.04826994;0.03505071;0.0163908;0.01344725;0.0;0.0;0.01107266;0.00942079
BILLINGS;118.0;Reservatório sem usina;TIETE;SUDESTE;SE;SUDESTE;;;2026-02-06;1827.55;;2444.556;;74.76;1827.55;2444.556;0.23722708;0.25136187;0.01796506;0.01194708;0.0;0.0;0.01213614;0.00836981
BLANG;;Reservatório sem usina;JACUI;SUL;S;SUL;;;2026-02-06;;;;;;0.0;0.0;0.0;0.0;0.0;0.0;0.0;0.0;0.0;0.0
BOA ESPERANÇA;190.0;Reservatório com Usina;PARNAIBA;NORDESTE;NE;NORDESTE;;;2026-02-06;96.292;;264.178;;36.4497;96.292;264.178;1.0;1.0;0.00330436;0.00511069;0.0;0.0;0.00063944;0.00090451
C.BRANCO-1;27.0;Reservatório com Usina;PARANAIBA;PARANA;SE;SUDESTE;;;2026-02-06;10.631;;20.753;;51.2263;10.631;20.753;0.00030776;0.00026437;0.0001045;0.00010142;0.0;0.0;7.06e-05;7.106e-05
CACONDE;14.0;Reservatório com Usina;GRANDE;PARANA;SE;SUDESTE;;;2026-02-06;523.146;;853.4;;61.3014;523.146;853.4;0.02284391;0.01656076;0.0051426;0.00417075;0.0;0.0;0.00347404;0.00292192
CACU;311.0;Reservatório com Usina;PARANAIBA;PARANA;SE;SUDESTE;;;2026-02-06;25.835;;30.877;;83.6707;25.835;30.877;0.0007479;0.00039333;0.00025396;0.0001509;0.0;0.0;0.00017156;0.00010572
CAMARGOS;1.0;Reservatório com Usina;GRANDE;PARANA;SE;SUDESTE;;;2026-02-06;1260.725;;1568.489;;80.3783;1260.725;1568.489;0.05505134;0.03043752;0.0123931;0.00766555;0.0;0.0;0.00837205;0.00537028
CAMPOS NOVOS;90.0;Reservatório com Usina;URUGUAI;SUL;S;SUL;;;2026-02-06;115.405;;227.826;;50.6549;115.405;227.826;0.02967862;0.03385099;0.01059347;0.0111356;0.0;0.0;0.00076637;0.00078004
CAPIVARA;61.0;Reservatório com Usina;PARANAPANEMA;PARANAPANEMA;SE;SUDESTE;;;2026-02-06;3071.859;;3889.672;;78.9748;3071.859;3889.672;0.43071748;0.32160692;0.03019679;0.01900968;0.0;0.0;0.02039918;0.01331768
CHAVANTES;49.0;Reservatório com Usina;PARANAPANEMA;PARANAPANEMA;SE;SUDESTE;;;2026-02-06;1496.765;;3370.499;;44.4078;1496.765;3370.499;0.20986733;0.27868052;0.0147134;0.01647237;0.0;0.0;0.00993951;0.01154011
CORUMBA;30.0;Reservatório com Usina;PARANAIBA;PARANA;SE;SUDESTE;;;2026-02-06;1134.32;;1531.054;;74.0875;1134.32;1531.054;0.03283762;0.01950364;0.01115052;0.0074826;0.0;0.0;0.00753264;0.00524211
CORUMBA-3;203.0;Reservatório com Usina;PARANAIBA;PARANA;SE;SUDESTE;;;2026-02-06;225.448;;425.126;;53.0309;225.448;425.126;0.00652653;0.00541555;0.00221618;0.00207768;0.0;0.0;0.00149712;0.00145557
CORUMBA-4;29.0;Reservatório com Usina;PARANAIBA;PARANA;SE;SUDESTE;;;2026-02-06;710.391;;1415.959;;50.1703;710.391;1415.959;0.02056523;0.01803748;0.00698324;0.0069201;0.0;0.0;0.00471747;0.00484804
CURUA-UNA;272.0;Reservatório com Usina;AMAZONAS;BELO MONTE;N;NORTE;;;2026-02-06;4.311;;28.109;;15.3367;4.311;28.109;0.00529559;0.01385888;0.00048852;0.0018369;0.0;0.0;2.863e-05;9.624e-05
DIVISA;;Reservatório sem usina;JACUI;SUL;S;SUL;;;2026-02-06;;;;;;0.0;0.0;0.0;0.0;0.0;0.0;0.0;0.0;0.0;0.0
EDGARD SOUZA;107.0;Reservatório sem usina;TIETE;PARANA;SE;SUDESTE;;;2026-02-06;;;;;;0.0;0.0;0.0;0.0;0.0;0.0;0.0;0.0;0.0;0.0
EMBORCAÇÃO;24.0;Reservatório com Usina;PARANAIBA;PARANA;SE;SUDESTE;;;2026-02-06;10849.956;;21873.496;;49.6032;10849.956;21873.496;0.31409724;0.2786399;0.10665654;0.10690057;0.0;0.0;0.07205089;0.07489174
ERNESTINA;110.0;Reservatório sem usina;JACUI;SUL;S;SUL;;;2026-02-06;197.171;;200.552;;98.3142;197.171;200.552;0.08547182;0.06620289;0.01809909;0.00980251;0.0;0.0;0.00130935;0.00068666
ESPORA;290.0;Reservatório com Usina;PARANAIBA;PARANA;SE;SUDESTE;;;2026-02-06;39.843;;112.927;;35.2821;39.843;112.927;0.00115342;0.00143854;0.00039166;0.0005519;0.0;0.0;0.00026458;0.00038665
FUNIL;123.0;Reservatório com Usina;PARAIBA DO SUL;SUDESTE;SE;SUDESTE;;;2026-02-06;423.214;;813.622;;52.016;423.214;813.622;0.12852365;0.10769465;0.00416025;0.00397635;0.0;0.0;0.00281042;0.00278573
FURNAS;6.0;Reservatório com Usina;GRANDE;PARANA;SE;SUDESTE;;;2026-02-06;13584.543;;35035.949;;38.7732;13584.543;35035.949;0.59318825;0.67989462;0.1335379;0.17122837;0.0;0.0;0.09021035;0.11995811
G. B. MUNHOZ;74.0;Reservatório com Usina;IGUACU;IGUACU;S;SUL;;;2026-02-06;2024.522;;5880.363;;34.4285;2024.522;5880.363;0.45588276;0.58435864;0.18583872;0.28741842;0.0;0.0;0.01344417;0.02013353
G. P. SOUZA;115.0;Reservatório com Usina;CAPIVARI;SUL;S;SUL;;;2026-02-06;190.543;;374.956;;50.8174;190.543;374.956;1.0;1.0;0.01749068;0.01832697;0.0;0.0;0.00126533;0.0012838
GARIBALDI;89.0;Reservatório com Usina;URUGUAI;SUL;S;SUL;;;2026-02-06;26.727;;101.775;;26.2609;26.727;101.775;0.00687336;0.015122;0.00245337;0.00497452;0.0;0.0;0.00017749;0.00034846
GOV JAYME CANET JR;57.0;Reservatório com Usina;PARANAPANEMA;IGUACU;S;SUL;SE;SUDESTE;2026-02-06;67.204;118.632;261.737;451.213;25.6762;185.836;712.95;0.0260568;0.05894833;0.00616892;0.01279309;0.00116617;0.00220518;0.00123407;0.00244104
GUARAPIRANGA;117.0;Reservatório sem usina;TIETE;SUDESTE;SE;SUDESTE;;;2026-02-06;316.274;;408.675;;77.3901;316.274;408.675;0.04105428;0.04202207;0.00310902;0.00199728;0.0;0.0;0.00210027;0.00139925
I. SOLTEIRA;34.0;Reservatório com Usina;PARANA;PARANA;SE;SUDESTE;;;2026-02-06;2997.781;;3691.575;;81.206;2997.781;3691.575;1.0;1.0;0.02946859;0.01804154;0.0;0.0;0.01990725;0.01263943
IRAPE;148.0;Reservatório com Usina;JEQUITINHONHA;SUDESTE;SE;SUDESTE;NE;NORDESTE;2026-02-06;1338.309;708.65;1962.895;1004.893;68.1804;2046.959;2967.788;1.0;1.0;0.01315576;0.0095931;0.02431809;0.0194403;0.01359316;0.01016128
ITUMBIARA;31.0;Reservatório com Usina;PARANAIBA;PARANA;SE;SUDESTE;;;2026-02-06;6570.427;;15706.409;;41.8328;6570.427;15706.409;0.19020842;0.20007923;0.06458819;0.07676067;0.0;0.0;0.04363198;0.05377651
JAGUARI;120.0;Reservatório com Usina;PARAIBA DO SUL;SUDESTE;SE;SUDESTE;;;2026-02-06;453.358;;1213.775;;37.3511;453.358;1213.775;0.13767793;0.16066069;0.00445657;0.00593198;0.0;0.0;0.0030106;0.00415579
JORDÃO;73.0;Reservatório sem usina;IGUACU;IGUACU;S;SUL;;;2026-02-06;9.056;;20.306;;44.5977;9.056;20.306;0.00203923;0.0020179;0.00083129;0.00099251;0.0;0.0;6.014e-05;6.952e-05
JURUMIRIM;47.0;Reservatório com Usina;PARANAPANEMA;PARANAPANEMA;SE;SUDESTE;;;2026-02-06;2377.497;;4121.37;;57.6871;2377.497;4121.37;0.33335824;0.34076424;0.02337112;0.02014204;0.0;0.0;0.01578815;0.01411099
LAJES;124.0;Reservatório sem usina;PARAIBA DO SUL;SUDESTE;SE;SUDESTE;;;2026-02-06;469.211;;512.183;;91.61;469.211;512.183;0.14249224;0.06779484;0.00461241;0.00250315;0.0;0.0;0.00311587;0.00175364
LUIZ GONZAGA;172.0;Reservatório com Usina;SAO FRANCISCO;NORDESTE;NE;NORDESTE;;;2026-02-06;1409.452;;3418.033;;41.2358;1409.452;3418.033;0.04711755;0.06482484;0.04836687;0.06612405;0.0;0.0;0.00935969;0.01170286
M. MORAES;7.0;Reservatório com Usina;GRANDE;PARANA;SE;SUDESTE;;;2026-02-06;3361.74;;4339.622;;77.4662;3361.74;4339.622;0.14679512;0.08421309;0.03304636;0.02120868;0.0;0.0;0.02232418;0.01485825
MACHADINHO;91.0;Reservatório com Usina;URUGUAI;SUL;S;SUL;;;2026-02-06;493.707;;890.994;;55.4108;493.707;890.994;0.12696628;0.13238625;0.04531928;0.04354971;0.0;0.0;0.00327854;0.00305064
MANSO;278.0;Reservatório com Usina;PARAGUAI;SUDESTE;SE;SUDESTE;;;2026-02-06;402.083;;555.798;;72.3434;402.083;555.798;1.0;1.0;0.00395253;0.00271631;0.0;0.0;0.0026701;0.00190297
MARIMBONDO;17.0;Reservatório com Usina;GRANDE;PARANA;SE;SUDESTE;;;2026-02-06;2414.593;;5393.697;;44.7669;2414.593;5393.697;0.10543661;0.10466808;0.02373578;0.02636018;0.0;0.0;0.0160345;0.01846725
MIRANDA;26.0;Reservatório com Usina;PARANAIBA;PARANA;SE;SUDESTE;;;2026-02-06;244.718;;269.778;;90.7109;244.718;269.778;0.00708438;0.00343662;0.00240561;0.00131846;0.0;0.0;0.00162509;0.00092368
NOVA PONTE;25.0;Reservatório com Usina;PARANAIBA;PARANA;SE;SUDESTE;;;2026-02-06;7229.211;;22766.333;;31.754;7229.211;22766.333;0.20927967;0.29001349;0.07106413;0.11126406;0.0;0.0;0.04800674;0.07794869
PARAIBUNA;121.0;Reservatório com Usina;PARAIBA DO SUL;SUDESTE;SE;SUDESTE;;;2026-02-06;1752.358;;4561.222;;38.4186;1752.358;4561.222;0.53216447;0.60374377;0.01722592;0.02229169;0.0;0.0;0.01163682;0.01561698
PASSO FUNDO;93.0;Reservatório com Usina;URUGUAI;SUL;S;SUL;;;2026-02-06;1321.555;;1706.162;;77.4578;1321.555;1706.162;0.33986338;0.25350607;0.12131066;0.08339322;0.0;0.0;0.008776;0.00584166
PASSO REAL;111.0;Reservatório com Usina;JACUI;SUL;S;SUL;;;2026-02-06;2109.682;;2828.801;;74.5787;2109.682;2828.801;0.91452775;0.93379678;0.19365589;0.13826519;0.0;0.0;0.01400968;0.00968541
PEDRA DO CAVALO;189.0;Reservatório com Usina;PARAGUACU;NORDESTE;NE;NORDESTE;;;2026-02-06;239.667;;335.383;;71.4607;239.667;335.383;1.0;1.0;0.00822443;0.0064882;0.0;0.0;0.00159155;0.0011483
PEIXE ANGICAL;257.0;Reservatório com Usina;TOCANTINS;SUDESTE;SE;SUDESTE;N;NORTE;2026-02-06;89.124;104.716;114.392;147.034;77.911;193.84;261.426;0.00700596;0.00524104;0.0008761;0.00055906;0.0118664;0.00960856;0.00128723;0.00089509
PONTE NOVA;105.0;Reservatório sem usina;TIETE;PARANA;SE;SUDESTE;;;2026-02-06;;;;;;0.0;0.0;0.0;0.0;0.0;0.0;0.0;0.0;0.0;0.0
PORTO ESTRELA;135.0;Reservatório com Usina;DOCE;SUDESTE;SE;SUDESTE;;;2026-02-06;9.536;;12.899;;73.9282;9.536;12.899;1.0;1.0;9.374e-05;6.304e-05;0.0;0.0;6.333e-05;4.416e-05
PROMISSÃO;40.0;Reservatório com Usina;TIETE;PARANA;SE;SUDESTE;;;2026-02-06;1442.311;;1829.65;;78.8299;1442.311;1829.65;0.18722072;0.18813406;0.01417811;0.0089419;0.0;0.0;0.0095779;0.00626446
QUEBRA QUEIXO;95.0;Reservatório com Usina;URUGUAI;SUL;S;SUL;;;2026-02-06;1.748;;10.163;;17.1996;1.748;10.163;0.00044953;0.00151005;0.00016046;0.00049674;0.0;0.0;1.161e-05;3.48e-05
QUEIMADO;162.0;Reservatório com Usina;SAO FRANCISCO;SUDESTE;SE;SUDESTE;NE;NORDESTE;2026-02-06;149.402;257.278;283.402;484.803;52.7173;406.68;768.205;0.01359519;0.01456942;0.00146864;0.00138505;0.00882877;0.00937883;0.00270062;0.00263022
RETIRO BAIXO;155.0;Reservatório com Usina;SAO FRANCISCO;SUDESTE;SE;SUDESTE;NE;NORDESTE;2026-02-06;6.274;24.097;11.43;42.91;54.8906;30.371;54.34;0.00101529;0.00103059;6.167e-05;5.586e-05;0.00082691;0.00083012;0.00020168;0.00018605
RONDON II;276.0;Reservatório com Usina;AMAZONAS;MADEIRA;SE;SUDESTE;;;2026-02-06;37.013;;56.442;;65.5771;37.013;56.442;0.04546644;0.02782819;0.00036384;0.00027584;0.0;0.0;0.00024579;0.00019325
S.DO FACÃO;21.0;Reservatório com Usina;PARANAIBA;PARANA;SE;SUDESTE;;;2026-02-06;3152.357;;6581.918;;47.8942;3152.357;6581.918;0.09125812;0.08384508;0.0309881;0.03216728;0.0;0.0;0.02093374;0.02253555
SALTO RS;;Reservatório sem usina;JACUI;SUL;S;SUL;;;2026-02-06;;;;;;0.0;0.0;0.0;0.0;0.0;0.0;0.0;0.0;0.0;0.0
SALTO SANTIAGO;77.0;Reservatório com Usina;IGUACU;IGUACU;S;SUL;;;2026-02-06;2073.49;;3340.803;;62.0656;2073.49;3340.803;0.4669094;0.33199092;0.19033368;0.16329065;0.0;0.0;0.01376935;0.01143843
SAMUEL;279.0;Reservatório com Usina;AMAZONAS;MADEIRA;SE;SUDESTE;;;2026-02-06;193.738;;257.288;;75.3001;193.738;257.288;0.23798603;0.1268534;0.00190447;0.00125742;0.0;0.0;0.00128655;0.00088092
SANTA BRANCA;122.0;Reservatório com Usina;PARAIBA DO SUL;SUDESTE;SE;SUDESTE;;;2026-02-06;194.745;;454.095;;42.8864;194.745;454.095;0.05914109;0.06010605;0.00191437;0.00221926;0.0;0.0;0.00129324;0.00155476
SANTA CLARA-PR;71.0;Reservatório com Usina;IGUACU;IGUACU;S;SUL;;;2026-02-06;157.581;;373.966;;42.1378;157.581;373.966;0.03548416;0.03716272;0.01446497;0.01827859;0.0;0.0;0.00104644;0.00128041
SANTANA;181.0;Reservatório sem usina;PARAIBA DO SUL;SUDESTE;SE;SUDESTE;;;2026-02-06;;;;;;0.0;0.0;0.0;0.0;0.0;0.0;0.0;0.0;0.0;0.0
SANTONIO CM;193.0;Reservatório sem usina;DOCE;SUDESTE;SE;SUDESTE;;;2026-02-06;;;;;;0.0;0.0;0.0;0.0;0.0;0.0;0.0;0.0;0.0;0.0
SAO ROQUE;88.0;Reservatório com Usina;URUGUAI;SUL;S;SUL;;;2026-02-06;339.64;;801.912;;42.3538;339.64;801.912;0.08734498;0.11915021;0.03117687;0.03919559;0.0;0.0;0.00225543;0.00274563
SÃO SIMÃO;33.0;Reservatório com Usina;PARANAIBA;PARANA;SE;SUDESTE;;;2026-02-06;2682.762;;5014.801;;53.4969;2682.762;5014.801;0.07766374;0.06388205;0.02637191;0.02450843;0.0;0.0;0.01781531;0.01716997
SEGREDO;76.0;Reservatório com Usina;IGUACU;IGUACU;S;SUL;;;2026-02-06;176.234;;447.497;;39.3822;176.234;447.497;0.03968445;0.04446983;0.0161772;0.02187261;0.0;0.0;0.00117031;0.00153217
SERRA DA MESA;251.0;Reservatório com Usina;TOCANTINS;SUDESTE;SE;SUDESTE;N;NORTE;2026-02-06;19114.579;6030.964;35277.664;6620.419;54.1832;25145.543;41898.083;0.90883539;0.8399674;0.18789891;0.17240968;0.68342803;0.43263937;0.16698304;0.14345308
SINOP;227.0;Reservatório com Usina;AMAZONAS;TELES PIRES;SE;SUDESTE;;;2026-02-06;222.916;;900.655;;24.7504;222.916;900.655;0.27382802;0.44405938;0.00219129;0.0044017;0.0;0.0;0.00148031;0.00308371
SOBRADINHO;169.0;Reservatório com Usina;SAO FRANCISCO;NORDESTE;NE;NORDESTE;;;2026-02-06;14531.107;;30100.282;;48.2757;14531.107;30100.282;0.48577045;0.5708681;0.49865064;0.58230931;0.0;0.0;0.09649617;0.10305909
TOCOS;180.0;Reservatório sem usina;PARAIBA DO SUL;SUDESTE;SE;SUDESTE;;;2026-02-06;;;;;;0.0;0.0;0.0;0.0;0.0;0.0;0.0;0.0;0.0;0.0
TRÊS IRMÃOS;43.0;Reservatório com Usina;TIETE;PARANA;SE;SUDESTE;;;2026-02-06;1911.587;;2328.579;;82.0924;1911.587;2328.579;0.2481356;0.23943651;0.01879116;0.01138028;0.0;0.0;0.0126942;0.00797272
TRÊS MARIAS;156.0;Reservatório com Usina;SAO FRANCISCO;SUDESTE;SE;SUDESTE;NE;NORDESTE;2026-02-06;1661.603;11874.314;2345.606;16040.745;70.839;13535.917;18386.351;0.45250155;0.34870707;0.01633378;0.01146349;0.40747992;0.31031852;0.08988745;0.06295225
TUCURUI;275.0;Reservatório com Usina;TOCANTINS;NORTE;N;NORTE;;;2026-02-06;2328.49;;7721.097;;30.1575;2328.49;7721.097;0.08415862;0.15479156;0.26386418;0.50456785;0.0;0.0;0.01546271;0.02643594
A. VERMELHA;18.0;Reservatório com Usina;GRANDE;PARANA;SE;SUDESTE;;;2026-02-07;1824.4;;4340.282;;42.0341;1824.4;4340.282;0.07812335;0.0842259;0.01776297;0.02121191;0.0;0.0;0.01202466;0.01486051
ANTA;128.0;Reservatório sem usina;PARAIBA DO SUL;SUDESTE;SE;SUDESTE;;;2026-02-07;;;;;;0.0;0.0;0.0;0.0;0.0;0.0;0.0;0.0;0.0;0.0
B. BONITA;37.0;Reservatório com Usina;TIETE;PARANA;SE;SUDESTE;;;2026-02-07;2221.384;;2713.786;;81.8555;2221.384;2713.786;0.28647513;0.27904549;0.02162814;0.01326287;0.0;0.0;0.01464119;0.00929162
BALBINA;277.0;Reservatório com Usina;AMAZONAS;MANAUS-AMAPA;N;NORTE;;;2026-02-07;354.525;;785.737;;45.1201;354.525;785.737;0.43422319;0.38740015;0.03994708;0.05134732;0.0;0.0;0.00233668;0.00269025
BARRA GRANDE;86.0;Reservatório com Usina;URUGUAI;SUL;S;SUL;;;2026-02-07;1548.215;;2991.427;;51.7551;1548.215;2991.427;0.40570215;0.44447414;0.14441583;0.14621397;0.0;0.0;0.01020432;0.01024222
BATALHA;20.0;Reservatório com Usina;PARANAIBA;PARANA;SE;SUDESTE;;;2026-02-07;1696.638;;2751.514;;61.662;1696.638;2751.514;0.04855929;0.03505071;0.01651904;0.01344725;0.0;0.0;0.01118258;0.00942079
BILLINGS;118.0;Reservatório sem usina;TIETE;SUDESTE;SE;SUDESTE;;;2026-02-07;1827.55;;2444.556;;74.76;1827.55;2444.556;0.23568533;0.25136187;0.01779364;0.01194708;0.0;0.0;0.01204542;0.00836981
BLANG;;Reservatório sem usina;JACUI;SUL;S;SUL;;;2026-02-07;;;;;;0.0;0.0;0.0;0.0;0.0;0.0;0.0;0.0;0.0;0.0
BOA ESPERANÇA;190.0;Reservatório com Usina;PARNAIBA;NORDESTE;NE;NORDESTE;;;2026-02-07;96.708;;264.178;;36.6071;96.708;264.178;1.0;1.0;0.00328736;0.00511069;0.0;0.0;0.0006374;0.00090451
C.BRANCO-1;27.0;Reservatório com Usina;PARANAIBA;PARANA;SE;SUDESTE;;;2026-02-07;10.053;;20.753;;48.4412;10.053;20.753;0.00028773;0.00026437;9.788e-05;0.00010142;0.0;0.0;6.626e-05;7.106e-05
CACONDE;14.0;Reservatório com Usina;GRANDE;PARANA;SE;SUDESTE;;;2026-02-07;537.214;;853.4;;62.9498;537.214;853.4;0.02300425;0.01656076;0.0052305;0.00417075;0.0;0.0;0.00354079;0.00292192
CACU;311.0;Reservatório com Usina;PARANAIBA;PARANA;SE;SUDESTE;;;2026-02-07;23.923;;30.877;;77.4784;23.923;30.877;0.0006847;0.00039333;0.00023292;0.0001509;0.0;0.0;0.00015768;0.00010572
CAMARGOS;1.0;Reservatório com Usina;GRANDE;PARANA;SE;SUDESTE;;;2026-02-07;1269.168;;1568.489;;80.9166;1269.168;1568.489;0.05434754;0.03043752;0.01235705;0.00766555;0.0;0.0;0.00836511;0.00537028
CAMPOS NOVOS;90.0;Reservatório com Usina;URUGUAI;SUL;S;SUL;;;2026-02-07;117.639;;227.826;;51.6355;117.639;227.826;0.03082672;0.03385099;0.01097324;0.0111356;0.0;0.0;0.00077536;0.00078004
CAPIVARA;61.0;Reservatório com Usina;PARANAPANEMA;PARANAPANEMA;SE;SUDESTE;;;2026-02-07;3068.296;;3889.672;;78.8832;3068.296;3889.672;0.43215339;0.32160692;0.02987396;0.01900968;0.0;0.0;0.0202232;0.01331768
CHAVANTES;49.0;Reservatório com Usina;PARANAPANEMA;PARANAPANEMA;SE;SUDESTE;;;2026-02-07;1481.645;;3370.499;;43.9592;1481.645;3370.499;0.20868192;0.27868052;0.01442579;0.01647237;0.0;0.0;0.00976555;0.01154011
CORUMBA;30.0;Reservatório com Usina;PARANAIBA;PARANA;SE;SUDESTE;;;2026-02-07;1163.561;;1531.054;;75.9974;1163.561;1531.054;0.03330215;0.01950364;0.01132882;0.0074826;0.0;0.0;0.00766905;0.00524211
CORUMBA-3;203.0;Reservatório com Usina;PARANAIBA;PARANA;SE;SUDESTE;;;2026-02-07;228.826;;425.126;;53.8255;228.826;425.126;0.0065492;0.00541555;0.00222793;0.00207768;0.0;0.0;0.0015082;0.00145557
CORUMBA-4;29.0;Reservatório com Usina;PARANAIBA;PARANA;SE;SUDESTE;;;2026-02-07;713.53;;1415.959;;50.392;713.53;1415.959;0.02042186;0.01803748;0.00694717;0.0069201;0.0;0.0;0.00470289;0.00484804
CURUA-UNA;272.0;Reservatório com Usina;AMAZONAS;BELO MONTE;N;NORTE;;;2026-02-07;4.557;;28.109;;16.2119;4.557;28.109;0.00558143;0.01385888;0.00051347;0.0018369;0.0;0.0;3.004e-05;9.624e-05
DIVISA;;Reservatório sem usina;JACUI;SUL;S;SUL;;;2026-02-07;;;;;;0.0;0.0;0.0;0.0;0.0;0.0;0.0;0.0;0.0;0.0
EDGARD SOUZA;107.0;Reservatório sem usina;TIETE;PARANA;SE;SUDESTE;;;2026-02-07;;;;;;0.0;0.0;0.0;0.0;0.0;0.0;0.0;0.0;0.0;0.0
EMBORCAÇÃO;24.0;Reservatório com Usina;PARANAIBA;PARANA;SE;SUDESTE;;;2026-02-07;10903.059;;21873.496;;49.846;10903.059;21873.496;0.31205525;0.2786399;0.10615585;0.10690057;0.0;0.0;0.07186228;0.07489174
ERNESTINA;110.0;Reservatório sem usina;JACUI;SUL;S;SUL;;;2026-02-07;195.947;;200.552;;97.7038;195.947;200.552;0.08559991;0.06620289;0.01827773;0.00980251;0.0;0.0;0.00129149;0.00068666
ESPORA;290.0;Reservatório com Usina;PARANAIBA;PARANA;SE;SUDESTE;;;2026-02-07;40.303;;112.927;;35.6894;40.303;112.927;0.00115351;0.00143854;0.0003924;0.0005519;0.0;0.0;0.00026564;0.00038665
FUNIL;123.0;Reservatório com Usina;PARAIBA DO SUL;SUDESTE;SE;SUDESTE;;;2026-02-07;435.952;;813.622;;53.5816;435.952;813.622;0.1298893;0.10769465;0.00424458;0.00397635;0.0;0.0;0.00287337;0.00278573
FURNAS;6.0;Reservatório com Usina;GRANDE;PARANA;SE;SUDESTE;;;2026-02-07;13769.693;;35035.949;;39.3016;13769.693;35035.949;0.58963745;0.67989462;0.13406637;0.17122837;0.0;0.0;0.09075633;0.11995811
G. B. MUNHOZ;74.0;Reservatório com Usina;IGUACU;IGUACU;S;SUL;;;2026-02-07;1975.804;;5880.363;;33.6;1975.804;5880.363;0.45302921;0.58435864;0.18430088;0.28741842;0.0;0.0;0.01302256;0.02013353
G. P. SOUZA;115.0;Reservatório com Usina;CAPIVARI;SUL;S;SUL;;;2026-02-07;189.754;;374.956;;50.607;189.754;374.956;1.0;1.0;0.01770005;0.01832697;0.0;0.0;0.00125067;0.0012838
GARIBALDI;89.0;Reservatório com Usina;URUGUAI;SUL;S;SUL;;;2026-02-07;35.763;;101.775;;35.1393;35.763;101.775;0.00937152;0.015122;0.00333593;0.00497452;0.0;0.0;0.00023571;0.00034846
GOV JAYME CANET JR;57.0;Reservatório com Usina;PARANAPANEMA;IGUACU;S;SUL;SE;SUDESTE;2026-02-07;64.224;113.426;261.737;451.213;24.5376;177.65;712.95;0.02502107;0.05894833;0.00599075;0.01279309;0.00110435;0.00220518;0.00117089;0.00244104
GUARAPIRANGA;117.0;Reservatório sem usina;TIETE;SUDESTE;SE;SUDESTE;;;2026-02-07;319.053;;408.675;;78.0701;319.053;408.675;0.04114586;0.04202207;0.00310641;0.00199728;0.0;0.0;0.00210288;0.00139925
I. SOLTEIRA;34.0;Reservatório com Usina;PARANA;PARANA;SE;SUDESTE;;;2026-02-07;2989.969;;3691.575;;80.9944;2989.969;3691.575;1.0;1.0;0.02911134;0.01804154;0.0;0.0;0.01970695;0.01263943
IRAPE;148.0;Reservatório com Usina;JEQUITINHONHA;SUDESTE;SE;SUDESTE;NE;NORDESTE;2026-02-07;1340.993;709.957;1962.895;1004.893;68.3171;2050.95;2967.788;1.00000049;1.0;0.01305636;0.0095931;0.02413331;0.0194403;0.01351785;0.01016128
ITUMBIARA;31.0;Reservatório com Usina;PARANAIBA;PARANA;SE;SUDESTE;;;2026-02-07;6706.511;;15706.409;;42.6992;6706.511;15706.409;0.19194631;0.20007923;0.06529685;0.07676067;0.0;0.0;0.04420275;0.05377651
JAGUARI;120.0;Reservatório com Usina;PARAIBA DO SUL;SUDESTE;SE;SUDESTE;;;2026-02-07;469.345;;1213.775;;38.6682;469.345;1213.775;0.13983854;0.16066069;0.0045697;0.00593198;0.0;0.0;0.00309346;0.00415579
JORDÃO;73.0;Reservatório sem usina;IGUACU;IGUACU;S;SUL;;;2026-02-07;9.695;;20.306;;47.7445;9.695;20.306;0.00222295;0.0020179;0.00090434;0.00099251;0.0;0.0;6.39e-05;6.952e-05
JURUMIRIM;47.0;Reservatório com Usina;PARANAPANEMA;PARANAPANEMA;SE;SUDESTE;;;2026-02-07;2372.425;;4121.37;;57.564;2372.425;4121.37;0.33414361;0.34076424;0.02309873;0.02014204;0.0;0.0;0.0156367;0.01411099
LAJES;124.0;Reservatório sem usina;PARAIBA DO SUL;SUDESTE;SE;SUDESTE;;;2026-02-07;472.54;;512.183;;92.26;472.54;512.183;0.14079048;0.06779484;0.00460081;0.00250315;0.0;0.0;0.00311452;0.00175364
LUIZ GONZAGA;172.0;Reservatório com Usina;SAO FRANCISCO;NORDESTE;NE;NORDESTE;;;2026-02-07;1375.659;;3418.033;;40.2471;1375.659;3418.033;0.04553042;0.06482484;0.04676227;0.06612405;0.0;0.0;0.009067;0.01170286
M. MORAES;7.0;Reservatório com Usina;GRANDE;PARANA;SE;SUDESTE;;;2026-02-07;3423.292;;4339.622;;78.8846;3423.292;4339.622;0.14659013;0.08421309;0.03333032;0.02120868;0.0;0.0;0.02256299;0.01485825
MACHADINHO;91.0;Reservatório com Usina;URUGUAI;SUL;S;SUL;;;2026-02-07;482.883;;890.994;;54.196;482.883;890.994;0.12653712;0.13238625;0.04504281;0.04354971;0.0;0.0;0.00318269;0.00305064
MANSO;278.0;Reservatório com Usina;PARAGUAI;SUDESTE;SE;SUDESTE;;;2026-02-07;405.026;;555.798;;72.8729;405.026;555.798;1.0;1.0;0.00394347;0.00271631;0.0;0.0;0.00266953;0.00190297
MARIMBONDO;17.0;Reservatório com Usina;GRANDE;PARANA;SE;SUDESTE;;;2026-02-07;2529.046;;5393.697;;46.8889;2529.046;5393.697;0.10829727;0.10466808;0.02462364;0.02636018;0.0;0.0;0.01666899;0.01846725
MIRANDA;26.0;Reservatório com Usina;PARANAIBA;PARANA;SE;SUDESTE;;;2026-02-07;216.447;;269.778;;80.2315;216.447;269.778;0.00619491;0.00343662;0.0021074;0.00131846;0.0;0.0;0.00142661;0.00092368
NOVA PONTE;25.0;Reservatório com Usina;PARANAIBA;PARANA;SE;SUDESTE;;;2026-02-07;7274.609;;22766.333;;31.9534;7274.609;22766.333;0.20820578;0.29001349;0.07082804;0.11126406;0.0;0.0;0.0479471;0.07794869
PARAIBUNA;121.0;Reservatório com Usina;PARAIBA DO SUL;SUDESTE;SE;SUDESTE;;;2026-02-07;1778.418;;4561.222;;38.9899;1778.418;4561.222;0.52986904;0.60374377;0.01731528;0.02229169;0.0;0.0;0.01172159;0.01561698
PASSO FUNDO;93.0;Reservatório com Usina;URUGUAI;SUL;S;SUL;;;2026-02-07;1313.456;;1706.162;;76.9831;1313.456;1706.162;0.34418471;0.25350607;0.12251777;0.08339322;0.0;0.0;0.00865702;0.00584166
PASSO REAL;111.0;Reservatório com Usina;JACUI;SUL;S;SUL;;;2026-02-07;2093.156;;2828.801;;73.9945;2093.156;2828.801;0.91440009;0.93379678;0.19524735;0.13826519;0.0;0.0;0.01379603;0.00968541
PEDRA DO CAVALO;189.0;Reservatório com Usina;PARAGUACU;NORDESTE;NE;NORDESTE;;;2026-02-07;239.667;;335.383;;71.4607;239.667;335.383;1.0;1.0;0.00814691;0.0064882;0.0;0.0;0.00157965;0.0011483
PEIXE ANGICAL;257.0;Reservatório com Usina;TOCANTINS;SUDESTE;SE;SUDESTE;N;NORTE;2026-02-07;97.027;113.989;114.392;147.034;84.8197;211.016;261.426;0.00760684;0.00524104;0.00094469;0.00055906;0.01284402;0.00960856;0.00139081;0.00089509
PONTE NOVA;105.0;Reservatório sem usina;TIETE;PARANA;SE;SUDESTE;;;2026-02-07;;;;;;0.0;0.0;0.0;0.0;0.0;0.0;0.0;0.0;0.0;0.0
PORTO ESTRELA;135.0;Reservatório com Usina;DOCE;SUDESTE;SE;SUDESTE;;;2026-02-07;9.242;;12.899;;71.649;9.242;12.899;1.0;1.0;8.998e-05;6.304e-05;0.0;0.0;6.091e-05;4.416e-05
PROMISSÃO;40.0;Reservatório com Usina;TIETE;PARANA;SE;SUDESTE;;;2026-02-07;1464.763;;1829.65;;80.057;1464.763;1829.65;0.18889943;0.18813406;0.01426143;0.0089419;0.0;0.0;0.00965428;0.00626446
QUEBRA QUEIXO;95.0;Reservatório com Usina;URUGUAI;SUL;S;SUL;;;2026-02-07;2.52;;10.163;;24.7958;2.52;10.163;0.00066035;0.00151005;0.00023506;0.00049674;0.0;0.0;1.661e-05;3.48e-05
QUEIMADO;162.0;Reservatório com Usina;SAO FRANCISCO;SUDESTE;SE;SUDESTE;NE;NORDESTE;2026-02-07;152.976;263.266;283.402;484.803;53.9784;416.242;768.205;0.01377643;0.01456942;0.00148943;0.00138505;0.0089491;0.00937883;0.00274346;0.00263022
RETIRO BAIXO;155.0;Reservatório com Usina;SAO FRANCISCO;SUDESTE;SE;SUDESTE;NE;NORDESTE;2026-02-07;5.554;21.33;11.43;42.91;48.5914;26.884;54.34;0.00088978;0.00103059;5.408e-05;5.586e-05;0.00072506;0.00083012;0.00017719;0.00018605
RONDON II;276.0;Reservatório com Usina;AMAZONAS;MADEIRA;SE;SUDESTE;;;2026-02-07;37.521;;56.442;;66.4771;37.521;56.442;0.04595582;0.02782819;0.00036532;0.00027584;0.0;0.0;0.0002473;0.00019325
S.DO FACÃO;21.0;Reservatório com Usina;PARANAIBA;PARANA;SE;SUDESTE;;;2026-02-07;3162.399;;6581.918;;48.0468;3162.399;6581.918;0.09051067;0.08384508;0.03079018;0.03216728;0.0;0.0;0.02084344;0.02253555
SALTO RS;;Reservatório sem usina;JACUI;SUL;S;SUL;;;2026-02-07;;;;;;0.0;0.0;0.0;0.0;0.0;0.0;0.0;0.0;0.0;0.0
SALTO SANTIAGO;77.0;Reservatório com Usina;IGUACU;IGUACU;S;SUL;;;2026-02-07;2057.214;;3340.803;;61.5784;2057.214;3340.803;0.47169559;0.33199092;0.19189471;0.16329065;0.0;0.0;0.01355914;0.01143843
SAMUEL;279.0;Reservatório com Usina;AMAZONAS;MADEIRA;SE;SUDESTE;;;2026-02-07;194.284;;257.288;;75.5123;194.284;257.288;0.23795958;0.1268534;0.00189161;0.00125742;0.0;0.0;0.00128053;0.00088092
SANTA BRANCA;122.0;Reservatório com Usina;PARAIBA DO SUL;SUDESTE;SE;SUDESTE;;;2026-02-07;200.08;;454.095;;44.0613;200.08;454.095;0.05961264;0.06010605;0.00194805;0.00221926;0.0;0.0;0.00131873;0.00155476
SANTA CLARA-PR;71.0;Reservatório com Usina;IGUACU;IGUACU;S;SUL;;;2026-02-07;150.249;;373.966;;40.1772;150.249;373.966;0.03445037;0.03716272;0.01401507;0.01827859;0.0;0.0;0.00099029;0.00128041
SANTANA;181.0;Reservatório sem usina;PARAIBA DO SUL;SUDESTE;SE;SUDESTE;;;2026-02-07;;;;;;0.0;0.0;0.0;0.0;0.0;0.0;0.0;0.0;0.0;0.0
SANTONIO CM;193.0;Reservatório sem usina;DOCE;SUDESTE;SE;SUDESTE;;;2026-02-07;;;;;;0.0;0.0;0.0;0.0;0.0;0.0;0.0;0.0;0.0;0.0
SAO ROQUE;88.0;Reservatório com Usina;URUGUAI;SUL;S;SUL;;;2026-02-07;315.66;;801.912;;39.3634;315.66;801.912;0.08271716;0.11915021;0.02944443;0.03919559;0.0;0.0;0.00208052;0.00274563
SÃO SIMÃO;33.0;Reservatório com Usina;PARANAIBA;PARANA;SE;SUDESTE;;;2026-02-07;2799.655;;5014.801;;55.8278;2799.655;5014.801;0.08012862;0.06388205;0.02725838;0.02450843;0.0;0.0;0.01845258;0.01716997
SEGREDO;76.0;Reservatório com Usina;IGUACU;IGUACU;S;SUL;;;2026-02-07;168.355;;447.497;;37.6215;168.355;447.497;0.03860187;0.04446983;0.01570397;0.02187261;0.0;0.0;0.00110963;0.00153217
SERRA DA MESA;251.0;Reservatório com Usina;TOCANTINS;SUDESTE;SE;SUDESTE;N;NORTE;2026-02-07;19127.494;6036.84;35277.664;6620.419;54.2198;25164.334;41898.083;0.90713971;0.8399674;0.18623172;0.17240968;0.68021752;0.43263937;0.16585864;0.14345308
SINOP;227.0;Reservatório com Usina;AMAZONAS;TELES PIRES;SE;SUDESTE;;;2026-02-07;225.572;;900.655;;25.0453;225.572;900.655;0.2762812;0.44405938;0.00219624;0.0044017;0.0;0.0;0.00148675;0.00308371
SOBRADINHO;169.0;Reservatório com Usina;SAO FRANCISCO;NORDESTE;NE;NORDESTE;;;2026-02-07;14703.872;;30100.282;;48.8496;14703.872;30100.282;0.48665653;0.5708681;0.49982332;0.58230931;0.0;0.0;0.09691352;0.10305909
TOCOS;180.0;Reservatório sem usina;PARAIBA DO SUL;SUDESTE;SE;SUDESTE;;;2026-02-07;;;;;;0.0;0.0;0.0;0.0;0.0;0.0;0.0;0.0;0.0;0.0
TRÊS IRMÃOS;43.0;Reservatório com Usina;TIETE;PARANA;SE;SUDESTE;;;2026-02-07;1921.445;;2328.579;;82.5158;1921.445;2328.579;0.24779426;0.23943651;0.01870784;0.01138028;0.0;0.0;0.01266428;0.00797272
TRÊS MARIAS;156.0;Reservatório com Usina;SAO FRANCISCO;SUDESTE;SE;SUDESTE;NE;NORDESTE;2026-02-07;1683.727;12007.681;2345.606;16040.745;71.7822;13691.408;18386.351;0.45314684;0.34870707;0.01639333;0.01146349;0.40817269;0.31031852;0.09024035;0.06295225
TUCURUI;275.0;Reservatório com Usina;TOCANTINS;NORTE;N;NORTE;;;2026-02-07;2364.957;;7721.097;;30.6298;2364.957;7721.097;0.08525345;0.15479156;0.26647802;0.50456785;0.0;0.0;0.01558748;0.02643594
A. VERMELHA;18.0;Reservatório com Usina;GRANDE;PARANA;SE;SUDESTE;;;2026-02-08;1902.838;;4340.282;;43.8413;1902.838;4340.282;0.07981826;0.0842259;0.01831995;0.02121191;0.0;0.0;0.01241917;0.01486051
ANTA;128.0;Reservatório sem usina;PARAIBA DO SUL;SUDESTE;SE;SUDESTE;;;2026-02-08;;;;;;0.0;0.0;0.0;0.0;0.0;0.0;0.0;0.0;0.0;0.0
B. BONITA;37.0;Reservatório com Usina;TIETE;PARANA;SE;SUDESTE;;;2026-02-08;2233.723;;2713.786;;82.3102;2233.723;2713.786;0.28590077;0.27904549;0.02150561;0.01326287;0.0;0.0;0.01457874;0.00929162
BALBINA;277.0;Reservatório com Usina;AMAZONAS;MANAUS-AMAPA;N;NORTE;;;2026-02-08;352.954;;785.737;;44.9201;352.954;785.737;0.42773334;0.38740015;0.03963073;0.05134732;0.0;0.0;0.00230361;0.00269025
BARRA GRANDE;86.0;Reservatório com Usina;URUGUAI;SUL;S;SUL;;;2026-02-08;1517.755;;2991.427;;50.7368;1517.755;2991.427;0.40420478;0.44447414;0.14327892;0.14621397;0.0;0.0;0.00990586;0.01024222
BATALHA;20.0;Reservatório com Usina;PARANAIBA;PARANA;SE;SUDESTE;;;2026-02-08;1730.923;;2751.514;;62.908;1730.923;2751.514;0.04885427;0.03505071;0.0166648;0.01344725;0.0;0.0;0.01129714;0.00942079
BILLINGS;118.0;Reservatório sem usina;TIETE;SUDESTE;SE;SUDESTE;;;2026-02-08;1834.15;;2444.556;;75.03;1834.15;2444.556;0.23475825;0.25136187;0.01765864;0.01194708;0.0;0.0;0.01197086;0.00836981
BLANG;;Reservatório sem usina;JACUI;SUL;S;SUL;;;2026-02-08;;;;;;0.0;0.0;0.0;0.0;0.0;0.0;0.0;0.0;0.0;0.0
BOA ESPERANÇA;190.0;Reservatório com Usina;PARNAIBA;NORDESTE;NE;NORDESTE;;;2026-02-08;100.118;;264.178;;37.8979;100.118;264.178;1.0;1.0;0.00335384;0.00511069;0.0;0.0;0.00065344;0.00090451
C.BRANCO-1;27.0;Reservatório com Usina;PARANAIBA;PARANA;SE;SUDESTE;;;2026-02-08;10.644;;20.753;;51.289;10.644;20.753;0.00030042;0.00026437;0.00010248;0.00010142;0.0;0.0;6.947e-05;7.106e-05
CACONDE;14.0;Reservatório com Usina;GRANDE;PARANA;SE;SUDESTE;;;2026-02-08;553.166;;853.4;;64.8191;553.166;853.4;0.02320363;0.01656076;0.00532571;0.00417075;0.0;0.0;0.00361032;0.00292192
CACU;311.0;Reservatório com Usina;PARANAIBA;PARANA;SE;SUDESTE;;;2026-02-08;26.316;;30.877;;85.2285;26.316;30.877;0.00074275;0.00039333;0.00025336;0.0001509;0.0;0.0;0.00017176;0.00010572
CAMARGOS;1.0;Reservatório com Usina;GRANDE;PARANA;SE;SUDESTE;;;2026-02-08;1280.726;;1568.489;;81.6535;1280.726;1568.489;0.05372256;0.03043752;0.01233044;0.00766555;0.0;0.0;0.00835886;0.00537028
CAMPOS NOVOS;90.0;Reservatório com Usina;URUGUAI;SUL;S;SUL;;;2026-02-08;117.137;;227.826;;51.4151;117.137;227.826;0.03119564;0.03385099;0.01105795;0.0111356;0.0;0.0;0.00076451;0.00078004
CAPIVARA;61.0;Reservatório com Usina;PARANAPANEMA;PARANAPANEMA;SE;SUDESTE;;;2026-02-08;3046.523;;3889.672;;78.3234;3046.523;3889.672;0.43079753;0.32160692;0.029331;0.01900968;0.0;0.0;0.0198836;0.01331768
CHAVANTES;49.0;Reservatório com Usina;PARANAPANEMA;PARANAPANEMA;SE;SUDESTE;;;2026-02-08;1477.804;;3370.499;;43.8453;1477.804;3370.499;0.20897079;0.27868052;0.01422785;0.01647237;0.0;0.0;0.00964512;0.01154011
CORUMBA;30.0;Reservatório com Usina;PARANAIBA;PARANA;SE;SUDESTE;;;2026-02-08;1192.67;;1531.054;;77.8986;1192.67;1531.054;0.0336624;0.01950364;0.01148266;0.0074826;0.0;0.0;0.00778415;0.00524211
CORUMBA-3;203.0;Reservatório com Usina;PARANAIBA;PARANA;SE;SUDESTE;;;2026-02-08;230.155;;425.126;;54.1381;230.155;425.126;0.00649599;0.00541555;0.00221586;0.00207768;0.0;0.0;0.00150214;0.00145557
CORUMBA-4;29.0;Reservatório com Usina;PARANAIBA;PARANA;SE;SUDESTE;;;2026-02-08;714.221;;1415.959;;50.4408;714.221;1415.959;0.02015846;0.01803748;0.0068763;0.0069201;0.0;0.0;0.00466147;0.00484804
CURUA-UNA;272.0;Reservatório com Usina;AMAZONAS;BELO MONTE;N;NORTE;;;2026-02-08;4.694;;28.109;;16.6993;4.694;28.109;0.0056885;0.01385888;0.00052706;0.0018369;0.0;0.0;3.064e-05;9.624e-05
DIVISA;;Reservatório sem usina;JACUI;SUL;S;SUL;;;2026-02-08;;;;;;0.0;0.0;0.0;0.0;0.0;0.0;0.0;0.0;0.0;0.0
EDGARD SOUZA;107.0;Reservatório sem usina;TIETE;PARANA;SE;SUDESTE;;;2026-02-08;;;;;;0.0;0.0;0.0;0.0;0.0;0.0;0.0;0.0;0.0;0.0
EMBORCAÇÃO;24.0;Reservatório com Usina;PARANAIBA;PARANA;SE;SUDESTE;;;2026-02-08;10989.565;;21873.496;;50.2415;10989.565;21873.496;0.31017391;0.2786399;0.10580419;0.10690057;0.0;0.0;0.0717251;0.07489174
ERNESTINA;110.0;Reservatório sem usina;JACUI;SUL;S;SUL;;;2026-02-08;195.318;;200.552;;97.3902;195.318;200.552;0.08596913;0.06620289;0.01843839;0.00980251;0.0;0.0;0.00127477;0.00068666
ESPORA;290.0;Reservatório com Usina;PARANAIBA;PARANA;SE;SUDESTE;;;2026-02-08;41.387;;112.927;;36.6493;41.387;112.927;0.00116812;0.00143854;0.00039846;0.0005519;0.0;0.0;0.00027012;0.00038665
FUNIL;123.0;Reservatório com Usina;PARAIBA DO SUL;SUDESTE;SE;SUDESTE;;;2026-02-08;450.334;;813.622;;55.3493;450.334;813.622;0.13146047;0.10769465;0.00433568;0.00397635;0.0;0.0;0.00293917;0.00278573
FURNAS;6.0;Reservatório com Usina;GRANDE;PARANA;SE;SUDESTE;;;2026-02-08;13989.491;;35035.949;;39.929;13989.491;35035.949;0.58681657;0.67989462;0.13468657;0.17122837;0.0;0.0;0.09130458;0.11995811
G. B. MUNHOZ;74.0;Reservatório com Usina;IGUACU;IGUACU;S;SUL;;;2026-02-08;1950.419;;5880.363;;33.1683;1950.419;5880.363;0.4518282;0.58435864;0.18412321;0.28741842;0.0;0.0;0.01272971;0.02013353
G. P. SOUZA;115.0;Reservatório com Usina;CAPIVARI;SUL;S;SUL;;;2026-02-08;189.754;;374.956;;50.607;189.754;374.956;1.0;1.0;0.01791313;0.01832697;0.0;0.0;0.00123846;0.0012838
GARIBALDI;89.0;Reservatório com Usina;URUGUAI;SUL;S;SUL;;;2026-02-08;33.373;;101.775;;32.791;33.373;101.775;0.00888782;0.015122;0.00315047;0.00497452;0.0;0.0;0.00021781;0.00034846
GOV JAYME CANET JR;57.0;Reservatório com Usina;PARANAPANEMA;IGUACU;S;SUL;SE;SUDESTE;2026-02-08;59.657;105.425;261.737;451.213;22.7927;165.082;712.95;0.02334363;0.05894833;0.00563173;0.01279309;0.001015;0.00220518;0.00107743;0.00244104
GUARAPIRANGA;117.0;Reservatório sem usina;TIETE;SUDESTE;SE;SUDESTE;;;2026-02-08;320.728;;408.675;;78.48;320.728;408.675;0.04105092;0.04202207;0.00308787;0.00199728;0.0;0.0;0.00209328;0.00139925
I. SOLTEIRA;34.0;Reservatório com Usina;PARANA;PARANA;SE;SUDESTE;;;2026-02-08;3021.219;;3691.575;;81.8409;3021.219;3691.575;1.0;1.0;0.02908738;0.01804154;0.0;0.0;0.01971845;0.01263943
IRAPE;148.0;Reservatório com Usina;JEQUITINHONHA;SUDESTE;SE;SUDESTE;NE;NORDESTE;2026-02-08;1340.373;709.655;1962.895;1004.893;68.2855;2050.028;2967.788;0.99999951;1.0;0.0129047;0.0095931;0.02377263;0.0194403;0.01337982;0.01016128
ITUMBIARA;31.0;Reservatório com Usina;PARANAIBA;PARANA;SE;SUDESTE;;;2026-02-08;6822.133;;15706.409;;43.4353;6822.133;15706.409;0.19255063;0.20007923;0.06568142;0.07676067;0.0;0.0;0.04452571;0.05377651
JAGUARI;120.0;Reservatório com Usina;PARAIBA DO SUL;SUDESTE;SE;SUDESTE;;;2026-02-08;481.901;;1213.775;;39.7027;481.901;1213.775;0.14067543;0.16066069;0.0046396;0.00593198;0.0;0.0;0.0031452;0.00415579
JORDÃO;73.0;Reservatório sem usina;IGUACU;IGUACU;S;SUL;;;2026-02-08;9.4;;20.306;;46.2917;9.4;20.306;0.00217758;0.0020179;0.00088738;0.00099251;0.0;0.0;6.135e-05;6.952e-05
JURUMIRIM;47.0;Reservatório com Usina;PARANAPANEMA;PARANAPANEMA;SE;SUDESTE;;;2026-02-08;2382.412;;4121.37;;57.8063;2382.412;4121.37;0.33688805;0.34076424;0.02293714;0.02014204;0.0;0.0;0.01554918;0.01411099
LAJES;124.0;Reservatório sem usina;PARAIBA DO SUL;SUDESTE;SE;SUDESTE;;;2026-02-08;473.514;;512.183;;92.4502;473.514;512.183;0.13822712;0.06779484;0.00455885;0.00250315;0.0;0.0;0.00309046;0.00175364
LUIZ GONZAGA;172.0;Reservatório com Usina;SAO FRANCISCO;NORDESTE;NE;NORDESTE;;;2026-02-08;1362.349;;3418.033;;39.8577;1362.349;3418.033;0.04441418;0.06482484;0.04563714;0.06612405;0.0;0.0;0.00889158;0.01170286
M. MORAES;7.0;Reservatório com Usina;GRANDE;PARANA;SE;SUDESTE;;;2026-02-08;3489.181;;4339.622;;80.4029;3489.181;4339.622;0.14636052;0.08421309;0.03359277;0.02120868;0.0;0.0;0.02277268;0.01485825
MACHADINHO;91.0;Reservatório com Usina;URUGUAI;SUL;S;SUL;;;2026-02-08;462.42;;890.994;;51.8993;462.42;890.994;0.12315056;0.13238625;0.04365331;0.04354971;0.0;0.0;0.00301806;0.00305064
MANSO;278.0;Reservatório com Usina;PARAGUAI;SUDESTE;SE;SUDESTE;;;2026-02-08;410.861;;555.798;;73.9227;410.861;555.798;1.0;1.0;0.00395564;0.00271631;0.0;0.0;0.00268155;0.00190297
MARIMBONDO;17.0;Reservatório com Usina;GRANDE;PARANA;SE;SUDESTE;;;2026-02-08;2624.231;;5393.697;;48.6537;2624.231;5393.697;0.1100785;0.10466808;0.0252653;0.02636018;0.0;0.0;0.01712745;0.01846725
MIRANDA;26.0;Reservatório com Usina;PARANAIBA;PARANA;SE;SUDESTE;;;2026-02-08;204.753;;269.778;;75.8968;204.753;269.778;0.00577903;0.00343662;0.0019713;0.00131846;0.0;0.0;0.00133635;0.00092368
NOVA PONTE;25.0;Reservatório com Usina;PARANAIBA;PARANA;SE;SUDESTE;;;2026-02-08;7341.888;;22766.333;;32.2489;7341.888;22766.333;0.20722041;0.29001349;0.07068547;0.11126406;0.0;0.0;0.04791797;0.07794869
PARAIBUNA;121.0;Reservatório com Usina;PARAIBA DO SUL;SUDESTE;SE;SUDESTE;;;2026-02-08;1815.656;;4561.222;;39.8064;1815.656;4561.222;0.53002213;0.60374377;0.01748058;0.02229169;0.0;0.0;0.01185016;0.01561698
PASSO FUNDO;93.0;Reservatório com Usina;URUGUAI;SUL;S;SUL;;;2026-02-08;1310.182;;1706.162;;76.7912;1310.182;1706.162;0.34892445;0.25350607;0.12368364;0.08339322;0.0;0.0;0.00855111;0.00584166
PASSO REAL;111.0;Reservatório com Usina;JACUI;SUL;S;SUL;;;2026-02-08;2076.637;;2828.801;;73.4105;2076.637;2828.801;0.91403087;0.93379678;0.19603843;0.13826519;0.0;0.0;0.01355349;0.00968541
PEDRA DO CAVALO;189.0;Reservatório com Usina;PARAGUACU;NORDESTE;NE;NORDESTE;;;2026-02-08;239.667;;335.383;;71.4607;239.667;335.383;1.0;1.0;0.00802857;0.0064882;0.0;0.0;0.00156422;0.0011483
PEIXE ANGICAL;257.0;Reservatório com Usina;TOCANTINS;SUDESTE;SE;SUDESTE;N;NORTE;2026-02-08;98.253;115.492;114.392;147.034;85.8915;213.745;261.426;0.00769557;0.00524104;0.00094595;0.00055906;0.01296779;0.00960856;0.00139504;0.00089509
PONTE NOVA;105.0;Reservatório sem usina;TIETE;PARANA;SE;SUDESTE;;;2026-02-08;;;;;;0.0;0.0;0.0;0.0;0.0;0.0;0.0;0.0;0.0;0.0
PORTO ESTRELA;135.0;Reservatório com Usina;DOCE;SUDESTE;SE;SUDESTE;;;2026-02-08;8.298;;12.899;;64.3306;8.298;12.899;1.0;1.0;7.989e-05;6.304e-05;0.0;0.0;5.416e-05;4.416e-05
PROMISSÃO;40.0;Reservatório com Usina;TIETE;PARANA;SE;SUDESTE;;;2026-02-08;1482.695;;1829.65;;81.0371;1482.695;1829.65;0.18977449;0.18813406;0.01427494;0.0089419;0.0;0.0;0.00967704;0.00626446
QUEBRA QUEIXO;95.0;Reservatório com Usina;URUGUAI;SUL;S;SUL;;;2026-02-08;2.48;;10.163;;24.4022;2.48;10.163;0.00066047;0.00151005;0.00023412;0.00049674;0.0;0.0;1.619e-05;3.48e-05
QUEIMADO;162.0;Reservatório com Usina;SAO FRANCISCO;SUDESTE;SE;SUDESTE;NE;NORDESTE;2026-02-08;156.812;269.719;283.402;484.803;55.332;426.531;768.205;0.01390541;0.01456942;0.00150974;0.00138505;0.00903528;0.00937883;0.00278382;0.00263022
RETIRO BAIXO;155.0;Reservatório com Usina;SAO FRANCISCO;SUDESTE;SE;SUDESTE;NE;NORDESTE;2026-02-08;7.364;28.191;11.43;42.91;64.4269;35.555;54.34;0.00115913;0.00103059;7.09e-05;5.586e-05;0.00094437;0.00083012;0.00023206;0.00018605
RONDON II;276.0;Reservatório com Usina;AMAZONAS;MADEIRA;SE;SUDESTE;;;2026-02-08;38.544;;56.442;;68.2896;38.544;56.442;0.04671021;0.02782819;0.00037109;0.00027584;0.0;0.0;0.00025156;0.00019325
S.DO FACÃO;21.0;Reservatório com Usina;PARANAIBA;PARANA;SE;SUDESTE;;;2026-02-08;3173.559;;6581.918;;48.2163;3173.559;6581.918;0.08957181;0.08384508;0.03055406;0.03216728;0.0;0.0;0.02071272;0.02253555
SALTO RS;;Reservatório sem usina;JACUI;SUL;S;SUL;;;2026-02-08;;;;;;0.0;0.0;0.0;0.0;0.0;0.0;0.0;0.0;0.0;0.0
SALTO SANTIAGO;77.0;Reservatório com Usina;IGUACU;IGUACU;S;SUL;;;2026-02-08;2037.895;;3340.803;;61.0002;2037.895;3340.803;0.47209263;0.33199092;0.19238111;0.16329065;0.0;0.0;0.01330064;0.01143843
SAMUEL;279.0;Reservatório com Usina;AMAZONAS;MADEIRA;SE;SUDESTE;;;2026-02-08;194.284;;257.288;;75.5123;194.284;257.288;0.23544639;0.1268534;0.00187051;0.00125742;0.0;0.0;0.00126802;0.00088092
SANTA BRANCA;122.0;Reservatório com Usina;PARAIBA DO SUL;SUDESTE;SE;SUDESTE;;;2026-02-08;204.219;;454.095;;44.9727;204.219;454.095;0.05961514;0.06010605;0.00196616;0.00221926;0.0;0.0;0.00133287;0.00155476
SANTA CLARA-PR;71.0;Reservatório com Usina;IGUACU;IGUACU;S;SUL;;;2026-02-08;143.732;;373.966;;38.4345;143.732;373.966;0.03329652;0.03716272;0.01356857;0.01827859;0.0;0.0;0.00093809;0.00128041
SANTANA;181.0;Reservatório sem usina;PARAIBA DO SUL;SUDESTE;SE;SUDESTE;;;2026-02-08;;;;;;0.0;0.0;0.0;0.0;0.0;0.0;0.0;0.0;0.0;0.0
SANTONIO CM;193.0;Reservatório sem usina;DOCE;SUDESTE;SE;SUDESTE;;;2026-02-08;;;;;;0.0;0.0;0.0;0.0;0.0;0.0;0.0;0.0;0.0;0.0
SAO ROQUE;88.0;Reservatório com Usina;URUGUAI;SUL;S;SUL;;;2026-02-08;311.568;;801.912;;38.8531;311.568;801.912;0.08297602;0.11915021;0.0294126;0.03919559;0.0;0.0;0.0020335;0.00274563
SÃO SIMÃO;33.0;Reservatório com Usina;PARANAIBA;PARANA;SE;SUDESTE;;;2026-02-08;2952.118;;5014.801;;58.8681;2952.118;5014.801;0.08332177;0.06388205;0.0284221;0.02450843;0.0;0.0;0.01926745;0.01716997
SEGREDO;76.0;Reservatório com Usina;IGUACU;IGUACU;S;SUL;;;2026-02-08;175.281;;447.497;;39.1692;175.281;447.497;0.04060507;0.04446983;0.01654686;0.02187261;0.0;0.0;0.001144;0.00153217
SERRA DA MESA;251.0;Reservatório com Usina;TOCANTINS;SUDESTE;SE;SUDESTE;N;NORTE;2026-02-08;19128.379;6041.134;35277.664;6620.419;54.2224;25169.513;41898.083;0.90619136;0.8399674;0.18416222;0.17240968;0.67831655;0.43263937;0.16427272;0.14345308
SINOP;227.0;Reservatório com Usina;AMAZONAS;TELES PIRES;SE;SUDESTE;;;2026-02-08;234.697;;900.655;;26.0585;234.697;900.655;0.28442157;0.44405938;0.00225959;0.0044017;0.0;0.0;0.00153179;0.00308371
SOBRADINHO;169.0;Reservatório com Usina;SAO FRANCISCO;NORDESTE;NE;NORDESTE;;;2026-02-08;14991.47;;30100.282;;49.8051;14991.47;30100.282;0.48873957;0.5708681;0.50219716;0.58230931;0.0;0.0;0.09784415;0.10305909
TOCOS;180.0;Reservatório sem usina;PARAIBA DO SUL;SUDESTE;SE;SUDESTE;;;2026-02-08;;;;;;0.0;0.0;0.0;0.0;0.0;0.0;0.0;0.0;0.0;0.0
TRÊS IRMÃOS;43.0;Reservatório com Usina;TIETE;PARANA;SE;SUDESTE;;;2026-02-08;1941.635;;2328.579;;83.3828;1941.635;2328.579;0.24851557;0.23943651;0.01869347;0.01138028;0.0;0.0;0.01267238;0.00797272
TRÊS MARIAS;156.0;Reservatório com Usina;SAO FRANCISCO;SUDESTE;SE;SUDESTE;NE;NORDESTE;2026-02-08;1707.242;12150.593;2345.606;16040.745;72.7847;13857.835;18386.351;0.45178173;0.34870707;0.01643681;0.01146349;0.40703102;0.31031852;0.0904453;0.06295225
TUCURUI;275.0;Reservatório com Usina;TOCANTINS;NORTE;N;NORTE;;;2026-02-08;2391.795;;7721.097;;30.9774;2391.795;7721.097;0.08611307;0.15479156;0.26855788;0.50456785;0.0;0.0;0.01561042;0.02643594
